{
	"format_version": "1.12.0",
	"minecraft:geometry": [
		{
			"description": {
				"identifier": "geometry.armarouge",
				"texture_width": 128,
				"texture_height": 128,
				"visible_bounds_width": 4,
				"visible_bounds_height": 4.5,
				"visible_bounds_offset": [0, 1.75, 0]
			},
			"bones": [
				{
					"name": "armarouge",
					"pivot": [0, 0, 0]
				},
				{
					"name": "body",
					"parent": "armarouge",
					"pivot": [0, 30, 0]
				},
				{
                    "name": "locator_seat_1",
                    "parent": "body",
                    "pivot": [0, 35, 10],
                    "locators": {
                        "seat_1": [0, 35, 10]
                    }
                },
				{
					"name": "torso",
					"parent": "body",
					"pivot": [0, 22.75, -0.9],
					"cubes": [
						{"origin": [-3.5, 22.25, -4.05], "size": [7, 4, 5], "inflate": 0.01, "uv": [25, 55]}
					]
				},
				{
					"name": "back_hips_armor",
					"parent": "torso",
					"pivot": [0, 26.5, -0.875],
					"rotation": [5, 0, 0],
					"cubes": [
						{"origin": [-5, 26.5, -2.9], "size": [10, 0, 7], "uv": [51, 0]}
					]
				},
				{
					"name": "back_hips_armor_left",
					"parent": "back_hips_armor",
					"pivot": [5, 26.5, 1.6],
					"cubes": [
						{"origin": [5, 21.5, -2.9], "size": [0, 5, 7], "uv": [58, 0]}
					]
				},
				{
					"name": "back_hips_armor_right",
					"parent": "back_hips_armor",
					"pivot": [-5, 26.5, 1.6],
					"cubes": [
						{"origin": [-5, 21.5, -2.9], "size": [0, 5, 7], "uv": [40, 11], "mirror": true}
					]
				},
				{
					"name": "back_hips_armor_back",
					"parent": "back_hips_armor",
					"pivot": [0, 26.5, 4.1],
					"cubes": [
						{"origin": [-5, 20.5, 4.1], "size": [10, 6, 0], "uv": [42, 12]}
					]
				},
				{
					"name": "waist",
					"parent": "torso",
					"pivot": [0, 26.2, 0.95],
					"cubes": [
						{"origin": [-3, 26.25, -4.05], "size": [6, 3, 5], "uv": [0, 52]}
					]
				},
				{
					"name": "hips_armor_front",
					"parent": "waist",
					"pivot": [0, 28.2, -4.05],
					"rotation": [-27.5, 0, 0],
					"cubes": [
						{"origin": [0, 20.2, -4.05], "size": [4, 8, 0], "pivot": [0, 24.2, -4.05], "rotation": [0, -25, 0], "uv": [22, 52]},
						{"origin": [-4, 20.2, -4.05], "size": [4, 8, 0], "pivot": [0, 24.2, -4.05], "rotation": [0, 25, 0], "uv": [29, 43], "mirror": true}
					]
				},
				{
					"name": "chest",
					"parent": "waist",
					"pivot": [0, 28.75, 0.2],
					"rotation": [10, 0, 0],
					"cubes": [
						{"origin": [-4, 28.75, -4.05], "size": [8, 5, 8], "inflate": 0.01, "uv": [4, 22]}
					]
				},
				{
					"name": "chest_armor",
					"parent": "chest",
					"pivot": [0, 31.75, -2.85]
				},
				{
					"name": "chest_armor_front",
					"parent": "chest_armor",
					"pivot": [0, 30, -2.875],
					"rotation": [15, 0, 0],
					"cubes": [
						{"origin": [-1.51, 29.95, -3.62497], "size": [4, 5, 4], "inflate": 0.01, "pivot": [0, 31.9, -1.125], "rotation": [0, 45, 0], "uv": [28, 20]},
						{"origin": [1.49, 32.95, -3.62497], "size": [0, 2, 4], "pivot": [0, 31.9, -1.125], "rotation": [0, 45, 0], "uv": [94, 2]},
						{"origin": [-1.49, 32.95, -3.62497], "size": [0, 2, 4], "pivot": [0, 31.9, -1.125], "rotation": [0, -45, 0], "uv": [94, 4], "mirror": true}
					]
				},
				{
					"name": "neck_armor",
					"parent": "chest_armor",
					"pivot": [0, 33.45, 5.785]
				},
				{
					"name": "neck_armor_left",
					"parent": "neck_armor",
					"pivot": [4, 30.75, 3.95],
					"rotation": [5, 2.5, 20],
					"cubes": [
						{"origin": [2, 30.75, -2.55], "size": [2, 5, 7], "inflate": 0.01, "uv": [0, 35]}
					]
				},
				{
					"name": "neck_armor_right",
					"parent": "neck_armor",
					"pivot": [-4, 30.5, 3.95],
					"rotation": [5, -2.5, -20],
					"cubes": [
						{"origin": [-4, 30.5, -2.55], "size": [2, 5, 7], "inflate": 0.01, "uv": [11, 40], "mirror": true}
					]
				},
				{
					"name": "neck_armor_back",
					"parent": "neck_armor",
					"pivot": [0, 30.25, 3.95],
					"rotation": [-20, 0, 0],
					"cubes": [
						{"origin": [-4, 30.25, 2.7], "size": [8, 6, 2], "uv": [22, 35]},
						{"origin": [-0.5, 30.25, 4.71], "size": [1, 2, 0], "uv": [40, 35]}
					]
				},
				{
					"name": "arms",
					"parent": "chest",
					"pivot": [0, 33.75, 1.3],
					"rotation": [-10, 0, 0]
				},
				{
					"name": "arm_left",
					"parent": "arms",
					"pivot": [4, 33.95, 1.3],
					"cubes": [
						{"origin": [4, 31.95, 0.3], "size": [7, 2, 2], "uv": [7, 60]}
					]
				},
				{
					"name": "shoulder_left",
					"parent": "arm_left",
					"pivot": [5.4, 32.95, 1.3]
				},
				{
					"name": "shoulder_left_rotation",
					"parent": "shoulder_left",
					"pivot": [29.8, 34.5, 0.9],
					"rotation": [0, 0, -5],
					"cubes": [
						{"origin": [27.7, 38.75, -2.6], "size": [4, 3, 1], "pivot": [32.7, 38.75, -1.6], "rotation": [0, 0, 5], "uv": [52, 88]},
						{"origin": [27.7, 38.75, 3.4], "size": [4, 3, 1], "pivot": [32.7, 38.75, -2.6], "rotation": [0, 0, 5], "uv": [62, 88]},
						{"origin": [31.7, 38.75, -2.6], "size": [1, 3, 7], "inflate": 0.01, "pivot": [32.7, 38.75, -1.6], "rotation": [0, 0, 5], "uv": [25, 94]},
						{"origin": [27.8, 26.51, -2.6], "size": [4, 3, 1], "uv": [41, 101]},
						{"origin": [27.8, 26.51, 3.4], "size": [4, 3, 1], "uv": [51, 101]},
						{"origin": [31.8, 26.51, -2.6], "size": [1, 3, 7], "inflate": 0.01, "uv": [34, 88]},
						{"origin": [24.8, 29.5, -5.1], "size": [10, 10, 0], "uv": [0, 64]},
						{"origin": [24.8, 29.5, 6.9], "size": [10, 10, 0], "uv": [20, 64]},
						{"origin": [24.8, 39.5, -5.1], "size": [10, 0, 12], "uv": [28, 64]},
						{"origin": [24.8, 29.5, -5.1], "size": [10, 0, 12], "uv": [28, 76]},
						{"origin": [34.8, 29.5, -5.1], "size": [0, 10, 12], "uv": [0, 72]}
					]
				},
				{
					"name": "arm_left2",
					"parent": "arm_left",
					"pivot": [10.9, 32.95, 2.3],
					"cubes": [
						{"origin": [10.9, 31.45, -1.2], "size": [5, 4, 5], "uv": [61, 36]}
					]
				},
				{
					"name": "hand_left",
					"parent": "arm_left2",
					"pivot": [15.9, 35.2, 0.8],
					"cubes": [
						{"origin": [15.9, 32.2, -1.2], "size": [2, 3, 5], "inflate": 0.01, "uv": [82, 15]}
					]
				},
				{
					"name": "fingers_left",
					"parent": "hand_left",
					"pivot": [17.9, 35.2, 1.3],
					"cubes": [
						{"origin": [17.9, 32.2, -1.2], "size": [2, 3, 5], "uv": [76, 31]}
					]
				},
				{
					"name": "thumb_left",
					"parent": "hand_left",
					"pivot": [15.9, 32.25, -0.7],
					"cubes": [
						{"origin": [15.9, 31.25, -1.7], "size": [3, 2, 2], "inflate": -0.1, "uv": [46, 56]}
					]
				},
				{
					"name": "arm_right",
					"parent": "arms",
					"pivot": [-4, 33.95, 1.3],
					"cubes": [
						{"origin": [-11, 31.95, 0.3], "size": [7, 2, 2], "uv": [49, 60], "mirror": true}
					]
				},
				{
					"name": "shoulder_right",
					"parent": "arm_right",
					"pivot": [-5.4, 32.95, 1.3]
				},
				{
					"name": "shoulder_right_rotation",
					"parent": "shoulder_right",
					"pivot": [-29.8, 34.5, 0.9],
					"rotation": [0, 0, 5],
					"cubes": [
						{"origin": [-31.7, 38.75, -2.6], "size": [4, 3, 1], "pivot": [-32.7, 38.75, -1.6], "rotation": [0, 0, -5], "uv": [52, 92], "mirror": true},
						{"origin": [-31.7, 38.75, 3.4], "size": [4, 3, 1], "pivot": [-32.7, 38.75, -2.6], "rotation": [0, 0, -5], "uv": [62, 92], "mirror": true},
						{"origin": [-32.7, 38.75, -2.6], "size": [1, 3, 7], "inflate": 0.01, "pivot": [-32.7, 38.75, -1.6], "rotation": [0, 0, -5], "uv": [25, 84], "mirror": true},
						{"origin": [-31.8, 26.51, -2.6], "size": [4, 3, 1], "uv": [41, 105], "mirror": true},
						{"origin": [-31.8, 26.51, 3.4], "size": [4, 3, 1], "uv": [51, 105], "mirror": true},
						{"origin": [-32.8, 26.51, -2.6], "size": [1, 3, 7], "inflate": 0.01, "uv": [43, 91], "mirror": true},
						{"origin": [-34.8, 29.5, -5.1], "size": [10, 10, 0], "uv": [0, 74], "mirror": true},
						{"origin": [-34.8, 29.5, 6.9], "size": [10, 10, 0], "uv": [20, 74], "mirror": true},
						{"origin": [-34.8, 39.5, -5.1], "size": [10, 0, 12], "uv": [48, 64], "mirror": true},
						{"origin": [-34.8, 29.5, -5.1], "size": [10, 0, 12], "uv": [48, 76], "mirror": true},
						{"origin": [-34.8, 29.5, -5.1], "size": [0, 10, 12], "uv": [0, 82], "mirror": true}
					]
				},
				{
					"name": "arm_right2",
					"parent": "arm_right",
					"pivot": [-10.9, 32.95, 2.3],
					"cubes": [
						{"origin": [-15.9, 31.45, -1.2], "size": [5, 4, 5], "uv": [76, 42], "mirror": true}
					]
				},
				{
					"name": "hand_right",
					"parent": "arm_right2",
					"pivot": [-15.9, 35.2, 0.8],
					"cubes": [
						{"origin": [-17.9, 32.2, -1.2], "size": [2, 3, 5], "inflate": 0.01, "uv": [77, 23], "mirror": true}
					]
				},
				{
					"name": "fingers_right",
					"parent": "hand_right",
					"pivot": [-17.9, 35.2, 1.3],
					"cubes": [
						{"origin": [-19.9, 32.2, -1.2], "size": [2, 3, 5], "uv": [85, 34], "mirror": true}
					]
				},
				{
					"name": "thumb_right",
					"parent": "hand_right",
					"pivot": [-15.9, 32.25, -0.7],
					"cubes": [
						{"origin": [-18.9, 31.25, -1.7], "size": [3, 2, 2], "inflate": -0.1, "uv": [65, 58], "mirror": true}
					]
				},
				{
					"name": "neck",
					"parent": "chest",
					"pivot": [0, 33.75, 0.5],
					"rotation": [-10, 0, 0],
					"cubes": [
						{"origin": [-1, 32.75, -0.5], "size": [2, 4, 2], "uv": [34, 12]}
					]
				},
				{
					"name": "head",
					"parent": "neck",
					"pivot": [0, 38.55, 0.75],
					"cubes": [
						{"origin": [-3.5, 36.3, -3.15], "size": [7, 8, 8], "uv": [0, 0]}
					]
				},
				{
					"name": "eyes",
					"parent": "head",
					"pivot": [0, 39.2, -2.45]
				},
				{
					"name": "eye_left",
					"parent": "eyes",
					"pivot": [2.51, 38.85, -2.66],
					"cubes": [
						{"origin": [1.51, 37.85, -3.16], "size": [2, 2, 1], "uv": [2, 2]}
					]
				},
				{
					"name": "eye_angry_left",
					"parent": "eye_left",
					"pivot": [2.41, 39.35, -3.08],
					"cubes": [
						{"origin": [1.41, 38.85, -3.08], "size": [1, 1, 0], "inflate": 0.01, "uv": [22, 4]},
						{"origin": [2.41, 39.35, -3.08], "size": [1, 1, 0], "inflate": 0.01, "uv": [24, 4]}
					]
				},
				{
					"name": "eye_sad_left",
					"parent": "eye_left",
					"pivot": [2.41, 39.35, -3.08],
					"cubes": [
						{"origin": [2.41, 39.35, -3.07], "size": [1, 1, 1], "inflate": 0.02, "uv": [26, 4]}
					]
				},
				{
					"name": "eye_unamused_left",
					"parent": "eye_left",
					"pivot": [2.41, 39.35, -2.58],
					"cubes": [
						{"origin": [1.41, 38.85, -3.07], "size": [2, 1, 1], "inflate": 0.02, "uv": [30, 4]}
					]
				},
				{
					"name": "pupil_left",
					"parent": "eye_left",
					"pivot": [2.26, 38.85, -3.17],
					"cubes": [
						{"origin": [1.76, 37.85, -3.17], "size": [1, 2, 0], "uv": [0, 4]}
					]
				},
				{
					"name": "eye_flame_left",
					"parent": "eye_left",
					"pivot": [2.76, 39.35, -3.16],
					"cubes": [
						{"origin": [2.26, 39.35, -4.41], "size": [1, 0, 1], "pivot": [2.76, 39.35, -3.91], "rotation": [0, -45, 0], "uv": [-1, 0]}
					]
				},
				{
					"name": "eye_flame_left2",
					"parent": "eye_flame_left",
					"pivot": [2.76, 39.35, -4.61],
					"cubes": [
						{"origin": [2.26, 39.35, -5.81], "size": [1, 0, 1], "pivot": [2.76, 39.35, -5.31], "rotation": [0, -45, 0], "uv": [1, 0]}
					]
				},
				{
					"name": "eye_flame_left3",
					"parent": "eye_flame_left2",
					"pivot": [2.76, 39.35, -5.11],
					"cubes": [
						{"origin": [2.26, 39.35, -6.31], "size": [1, 0, 1], "pivot": [2.76, 39.35, -5.81], "rotation": [0, -45, 0], "uv": [3, 0]}
					]
				},
				{
					"name": "eyelid_left",
					"parent": "eye_left",
					"pivot": [2.41, 38.85, -2.58],
					"cubes": [
						{"origin": [1.41, 37.85, -3.08], "size": [2, 2, 1], "inflate": 0.01, "uv": [0, 24]}
					]
				},
				{
					"name": "eyelid_happy_left",
					"parent": "eye_left",
					"pivot": [2.41, 38.85, -2.08],
					"cubes": [
						{"origin": [1.41, 37.85, -3.08], "size": [2, 2, 2], "inflate": 0.01, "uv": [36, 29]}
					]
				},
				{
					"name": "eyelid_recoil_left",
					"parent": "eye_left",
					"pivot": [2.41, 38.85, -2.58],
					"cubes": [
						{"origin": [1.41, 37.85, -3.08], "size": [2, 2, 1], "inflate": 0.01, "uv": [6, 24]}
					]
				},
				{
					"name": "eye_right",
					"parent": "eyes",
					"pivot": [-2.51, 38.85, -2.66],
					"cubes": [
						{"origin": [-3.51, 37.85, -3.16], "size": [2, 2, 1], "uv": [2, 5], "mirror": true}
					]
				},
				{
					"name": "eye_angry_right",
					"parent": "eye_right",
					"pivot": [-2.41, 39.35, -3.08],
					"cubes": [
						{"origin": [-2.41, 38.85, -3.08], "size": [1, 1, 0], "inflate": 0.01, "uv": [22, 5], "mirror": true},
						{"origin": [-3.41, 39.35, -3.08], "size": [1, 1, 0], "inflate": 0.01, "uv": [24, 5], "mirror": true}
					]
				},
				{
					"name": "eye_sad_right",
					"parent": "eye_right",
					"pivot": [-2.41, 39.35, -3.08],
					"cubes": [
						{"origin": [-3.41, 39.35, -3.07], "size": [1, 1, 1], "inflate": 0.02, "uv": [26, 6], "mirror": true}
					]
				},
				{
					"name": "eye_unamused_right",
					"parent": "eye_right",
					"pivot": [-2.41, 39.35, -2.58],
					"cubes": [
						{"origin": [-3.41, 38.85, -3.07], "size": [2, 1, 1], "inflate": 0.02, "uv": [30, 12], "mirror": true}
					]
				},
				{
					"name": "pupil_right",
					"parent": "eye_right",
					"pivot": [-2.26, 38.85, -3.17],
					"cubes": [
						{"origin": [-2.76, 37.85, -3.17], "size": [1, 2, 0], "uv": [0, 6], "mirror": true}
					]
				},
				{
					"name": "eye_flame_right",
					"parent": "eye_right",
					"pivot": [-2.76, 39.35, -3.16],
					"cubes": [
						{"origin": [-3.26, 39.35, -4.41], "size": [1, 0, 1], "pivot": [-2.76, 39.35, -3.91], "rotation": [0, 45, 0], "uv": [-1, 1], "mirror": true}
					]
				},
				{
					"name": "eye_flame_right2",
					"parent": "eye_flame_right",
					"pivot": [-2.76, 39.35, -4.61],
					"cubes": [
						{"origin": [-3.26, 39.35, -5.81], "size": [1, 0, 1], "pivot": [-2.76, 39.35, -5.31], "rotation": [0, 45, 0], "uv": [1, 1], "mirror": true}
					]
				},
				{
					"name": "eye_flame_right3",
					"parent": "eye_flame_right2",
					"pivot": [-2.76, 39.35, -5.11],
					"cubes": [
						{"origin": [-3.26, 39.35, -6.31], "size": [1, 0, 1], "pivot": [-2.76, 39.35, -5.81], "rotation": [0, 45, 0], "uv": [3, 1], "mirror": true}
					]
				},
				{
					"name": "eyelid_right",
					"parent": "eye_right",
					"pivot": [-2.41, 38.85, -2.58],
					"cubes": [
						{"origin": [-3.41, 37.85, -3.08], "size": [2, 2, 1], "inflate": 0.01, "uv": [0, 27], "mirror": true}
					]
				},
				{
					"name": "eyelid_happy_right",
					"parent": "eye_right",
					"pivot": [-2.41, 38.85, -2.08],
					"cubes": [
						{"origin": [-3.41, 37.85, -3.08], "size": [2, 2, 2], "inflate": 0.01, "uv": [58, 37], "mirror": true}
					]
				},
				{
					"name": "eyelid_recoil_right",
					"parent": "eye_right",
					"pivot": [-2.41, 38.85, -2.58],
					"cubes": [
						{"origin": [-3.41, 37.85, -3.08], "size": [2, 2, 1], "inflate": 0.01, "uv": [6, 27], "mirror": true}
					]
				},
				{
					"name": "helmet",
					"parent": "head",
					"pivot": [0, 45.3, 1.5],
					"rotation": [3.5, 0, 0],
					"cubes": [
						{"origin": [-4, 39.05, -4.5], "size": [8, 6, 6], "inflate": 0.01, "uv": [30, 0]},
						{"origin": [-4, 40.05, -4.5], "size": [8, 0, 6], "uv": [88, 0]},
						{"origin": [-0.5, 41.05, -4.51], "size": [1, 1, 0], "inflate": 0.005, "uv": [34, 3]}
					]
				},
				{
					"name": "head_flame",
					"parent": "head",
					"pivot": [0, 44.3, 4.35],
					"rotation": [-30, 0, 0],
					"cubes": [
						{"origin": [0, 43.3, 0.85], "size": [0, 2, 6], "uv": [0, 16]},
						{"origin": [-2.5, 45.3, 0.85], "size": [5, 6, 6], "uv": [106, 0]}
					]
				},
				{
					"name": "head_flame2",
					"parent": "head_flame",
					"pivot": [0, 47.8, 6.85],
					"rotation": [-20, 0, 0],
					"cubes": [
						{"origin": [-1, 45.8, 5.85], "size": [2, 4, 6], "uv": [96, 6]}
					]
				},
				{
					"name": "head_flame3",
					"parent": "head_flame2",
					"pivot": [0, 48.8, 11.85],
					"rotation": [32.5, 0, 0],
					"cubes": [
						{"origin": [0, 47.8, 10.85], "size": [0, 4, 6], "uv": [22, 10]}
					]
				},
				{
					"name": "cheek_spikes",
					"parent": "head",
					"pivot": [0.1, 36.55, -0.05],
					"rotation": [5, 0, 0],
					"cubes": [
						{"origin": [3.1, 36.55, -0.05], "size": [6, 2, 0], "pivot": [3.1, 36.55, -0.05], "rotation": [0, -30, -15], "uv": [22, 0]},
						{"origin": [-9.1, 36.55, -0.05], "size": [6, 2, 0], "pivot": [-3.1, 36.55, -0.05], "rotation": [0, 30, 15], "uv": [22, 2], "mirror": true}
					]
				},
				{
					"name": "legs",
					"parent": "body",
					"pivot": [0, 24.25, -1.6]
				},
				{
					"name": "leg_left",
					"parent": "legs",
					"pivot": [2.7, 25, -1.4],
					"cubes": [
						{"origin": [0.7, 14, -3.4], "size": [4, 11, 4], "inflate": -0.1, "uv": [78, 0]}
					]
				},
				{
					"name": "leg_left2",
					"parent": "leg_left",
					"pivot": [2.7, 14.1, -3.4],
					"cubes": [
						{"origin": [0, 5.1, -3.65], "size": [6, 9, 6], "inflate": 0.01, "uv": [48, 21]}
					]
				},
				{
					"name": "foot_left",
					"parent": "leg_left2",
					"pivot": [3, 5.6, -0.4],
					"cubes": [
						{"origin": [-0.5, -0.4, -3.9], "size": [7, 6, 7], "inflate": 0.02, "uv": [54, 45]}
					]
				},
				{
					"name": "leg_right",
					"parent": "legs",
					"pivot": [-2.7, 25, -1.4],
					"cubes": [
						{"origin": [-4.7, 14, -3.4], "size": [4, 11, 4], "inflate": -0.1, "uv": [66, 12], "mirror": true}
					]
				},
				{
					"name": "leg_right2",
					"parent": "leg_right",
					"pivot": [-2.7, 14.1, -3.4],
					"cubes": [
						{"origin": [-6, 5.1, -3.65], "size": [6, 9, 6], "inflate": 0.01, "uv": [37, 37], "mirror": true}
					]
				},
				{
					"name": "foot_right",
					"parent": "leg_right2",
					"pivot": [-3, 5.6, -0.4],
					"cubes": [
						{"origin": [-6.5, -0.4, -3.9], "size": [7, 6, 7], "inflate": 0.02, "uv": [75, 51], "mirror": true}
					]
				}
			]
		}
	]
}