{
	"format_version": "1.21.6",
	"credit": "Made with Blockbench",
	"textures": {
		"0": "mega_showdown:block/dormant_crystal",
		"particle": "mega_showdown:block/dormant_crystal"
	},
	"elements": [
		{
			"from": [6.59375, 0, 4.60134],
			"to": [9.40625, 2, 7.41384],
			"rotation": {"angle": 45, "axis": "y", "origin": [8, 1, 6.00759]},
			"faces": {
				"north": {"uv": [9, 2, 12, 0], "texture": "#0"},
				"east": {"uv": [12, 0, 9, 2], "texture": "#0"},
				"up": {"uv": [4, 4, 7, 7], "rotation": 90, "texture": "#0"},
				"down": {"uv": [4, 4, 7, 7], "rotation": 180, "texture": "#0"}
			}
		},
		{
			"from": [6.52, 0, 7.63],
			"to": [9.3325, 2, 10.4425],
			"rotation": {"angle": 45, "axis": "y", "origin": [7.9375, 1, 8.92991]},
			"faces": {
				"south": {"uv": [5, 0, 8, 2], "texture": "#0"},
				"west": {"uv": [5, 0, 8, 2], "rotation": 180, "texture": "#0"},
				"up": {"uv": [0, 4, 3, 7], "rotation": 90, "texture": "#0"},
				"down": {"uv": [0, 4, 3, 7], "rotation": 180, "texture": "#0"}
			}
		},
		{
			"from": [6.01, -0.001, 6],
			"to": [9.99, 2.001, 9.02],
			"rotation": {"angle": 0, "axis": "y", "origin": [8.0625, 1, 8]},
			"faces": {
				"east": {"uv": [9, 3, 12, 5], "texture": "#0"},
				"west": {"uv": [9, 6, 12, 8], "texture": "#0"},
				"up": {"uv": [0, 0, 4, 3], "texture": "#0"},
				"down": {"uv": [0, 0, 4, 3], "rotation": 180, "texture": "#0"}
			}
		}
	],
	"gui_light": "front",
	"display": {
		"thirdperson_righthand": {
			"rotation": [98, 0, 0],
			"translation": [0, 1, 5],
			"scale": [0.6, 0.6, 0.6]
		},
		"thirdperson_lefthand": {
			"rotation": [102, 0, 0],
			"translation": [0, 0.75, 4.75],
			"scale": [0.6, 0.6, 0.6]
		},
		"firstperson_righthand": {
			"rotation": [86, 0, 0],
			"translation": [0.25, 3.5, 6.75],
			"scale": [0.6, 0.6, 0.6]
		},
		"firstperson_lefthand": {
			"rotation": [86, 0, 0],
			"translation": [-0.25, 4.25, 7.5],
			"scale": [0.6, 0.6, 0.6]
		},
		"ground": {
			"translation": [0, 18, 0],
			"scale": [0.8, 0.8, 0.8]
		},
		"gui": {
			"rotation": [90, 0, 0]
		},
		"head": {
			"translation": [0, 14, 0.25]
		},
		"fixed": {
			"rotation": [90, 0, 0],
			"translation": [0, -0.25, 6.5]
		}
	}
}