{
	"format_version": "1.21.6",
	"credit": "Made with Blockbench",
	"textures": {
		"0": "mega_showdown:block/max_mushroom_3d",
		"particle": "mega_showdown:block/max_mushroom_3d"
	},
	"elements": [
		{
			"from": [7, 0, 7],
			"to": [9, 7, 9],
			"rotation": {"angle": 0, "axis": "y", "origin": [7, 0, 7]},
			"faces": {
				"north": {"uv": [0, 7, 2, 14], "texture": "#0"},
				"east": {"uv": [0, 7, 2, 14], "texture": "#0"},
				"south": {"uv": [0, 7, 2, 14], "texture": "#0"},
				"west": {"uv": [0, 7, 2, 14], "texture": "#0"},
				"down": {"uv": [4, 10.5, 3, 11.5], "texture": "#0"}
			}
		},
		{
			"from": [5.7, 0.7375, 8],
			"to": [7.7, 3.7375, 8],
			"rotation": {"angle": 45, "axis": "z", "origin": [6.7, 2.2375, 8]},
			"faces": {
				"north": {"uv": [15, 1, 13, 4], "texture": "#0"},
				"south": {"uv": [13, 1, 15, 4], "texture": "#0"}
			}
		},
		{
			"from": [5.7, 3.7375, 8],
			"to": [6.7, 4.7375, 8],
			"rotation": {"angle": 45, "axis": "z", "origin": [6.7, 2.2375, 8]},
			"faces": {
				"north": {"uv": [14, 0, 13, 1], "texture": "#0"},
				"south": {"uv": [13, 0, 14, 1], "texture": "#0"}
			}
		},
		{
			"from": [3, 3, 6],
			"to": [7, 4, 10],
			"rotation": {"angle": 0, "axis": "z", "origin": [5, 3.5, 8]},
			"faces": {
				"north": {"uv": [7, 0, 11, 1], "texture": "#0"},
				"east": {"uv": [7, 0, 11, 1], "texture": "#0"},
				"south": {"uv": [7, 0, 11, 1], "texture": "#0"},
				"west": {"uv": [7, 0, 11, 1], "texture": "#0"},
				"up": {"uv": [7, 0, 11, 4], "rotation": 180, "texture": "#0"},
				"down": {"uv": [8, 6, 12, 10], "texture": "#0"}
			}
		},
		{
			"from": [10.725, 4.7, 8],
			"to": [11.725, 5.7, 8],
			"rotation": {"angle": -45, "axis": "z", "origin": [10.725, 3.2, 8]},
			"faces": {
				"north": {"uv": [13, 0, 14, 1], "texture": "#0"},
				"south": {"uv": [14, 0, 13, 1], "texture": "#0"}
			}
		},
		{
			"from": [9.725, -0.3, 8],
			"to": [11.725, 4.7, 8],
			"rotation": {"angle": -45, "axis": "z", "origin": [10.725, 3.2, 8]},
			"faces": {
				"north": {"uv": [13, 1, 15, 5], "texture": "#0"},
				"south": {"uv": [15, 1, 13, 5], "texture": "#0"}
			}
		},
		{
			"from": [10, 4, 6],
			"to": [14, 5, 10],
			"rotation": {"angle": 0, "axis": "z", "origin": [12.23921, 4.61421, 8]},
			"faces": {
				"north": {"uv": [7, 0, 11, 1], "texture": "#0"},
				"east": {"uv": [7, 0, 11, 1], "texture": "#0"},
				"south": {"uv": [7, 0, 11, 1], "texture": "#0"},
				"west": {"uv": [7, 0, 11, 1], "texture": "#0"},
				"up": {"uv": [7, 0, 11, 4], "rotation": 270, "texture": "#0"},
				"down": {"uv": [8, 6, 12, 10], "texture": "#0"}
			}
		},
		{
			"from": [5, 7, 5],
			"to": [11, 8, 11],
			"rotation": {"angle": 0, "axis": "y", "origin": [7, 7, 7]},
			"faces": {
				"north": {"uv": [0, 0, 6, 1], "texture": "#0"},
				"east": {"uv": [0, 0, 6, 1], "texture": "#0"},
				"south": {"uv": [0, 0, 6, 1], "texture": "#0"},
				"west": {"uv": [0, 0, 6, 1], "texture": "#0"},
				"up": {"uv": [0, 0, 6, 6], "texture": "#0"},
				"down": {"uv": [7, 5, 13, 11], "texture": "#0"}
			}
		}
	],
	"gui_light": "front"
}