{
	"format_version": "1.21.6",
	"credit": "Made with Blockbench",
	"textures": {
		"0": "mega_showdown:block/max_mushroom_3d",
		"particle": "mega_showdown:block/max_mushroom_3d"
	},
	"elements": [
		{
			"from": [8, 0, 7],
			"to": [8, 2, 9],
			"rotation": {"angle": 45, "axis": "y", "origin": [8, 1, 8]},
			"faces": {
				"north": {"uv": [3, 7, 5, 9], "texture": "#0"},
				"east": {"uv": [3, 7, 5, 9], "texture": "#0"},
				"south": {"uv": [3, 7, 5, 9], "texture": "#0"},
				"west": {"uv": [3, 7, 5, 9], "texture": "#0"},
				"down": {"uv": [9, 7, 11, 9], "rotation": 270, "texture": "#0"}
			}
		},
		{
			"from": [7, 0, 8],
			"to": [9, 2, 8],
			"rotation": {"angle": 45, "axis": "y", "origin": [8, 1, 8]},
			"faces": {
				"north": {"uv": [3, 7, 5, 9], "texture": "#0"},
				"east": {"uv": [3, 7, 5, 9], "texture": "#0"},
				"south": {"uv": [3, 7, 5, 9], "texture": "#0"},
				"west": {"uv": [3, 7, 5, 9], "texture": "#0"},
				"down": {"uv": [9, 7, 11, 9], "texture": "#0"}
			}
		},
		{
			"from": [6, 2, 6],
			"to": [10, 3, 10],
			"rotation": {"angle": 0, "axis": "y", "origin": [7, 2, 7]},
			"faces": {
				"north": {"uv": [7, 0, 11, 1], "texture": "#0"},
				"east": {"uv": [7, 0, 11, 1], "texture": "#0"},
				"south": {"uv": [7, 0, 11, 1], "texture": "#0"},
				"west": {"uv": [7, 0, 11, 1], "texture": "#0"},
				"up": {"uv": [7, 0, 11, 4], "texture": "#0"},
				"down": {"uv": [8, 6, 12, 10], "texture": "#0"}
			}
		}
	],
	"gui_light": "front"
}