{
	"format_version": "1.21.6",
	"credit": "Made with Blockbench",
	"textures": {
		"0": "mega_showdown:block/max_mushroom_3d",
		"particle": "mega_showdown:block/max_mushroom_3d"
	},
	"elements": [
		{
			"from": [7, 0, 7],
			"to": [9, 7, 9],
			"rotation": {"angle": 0, "axis": "y", "origin": [7, 0, 7]},
			"faces": {
				"north": {"uv": [0, 7, 2, 14], "texture": "#0"},
				"east": {"uv": [0, 7, 2, 14], "texture": "#0"},
				"south": {"uv": [0, 7, 2, 14], "texture": "#0"},
				"west": {"uv": [0, 7, 2, 14], "texture": "#0"},
				"down": {"uv": [9, 7, 11, 9], "texture": "#0"}
			}
		},
		{
			"from": [5, 7, 5],
			"to": [11, 8, 11],
			"rotation": {"angle": 0, "axis": "y", "origin": [7, 7, 7]},
			"faces": {
				"north": {"uv": [0, 0, 6, 1], "texture": "#0"},
				"east": {"uv": [0, 0, 6, 1], "texture": "#0"},
				"south": {"uv": [0, 0, 6, 1], "texture": "#0"},
				"west": {"uv": [0, 0, 6, 1], "texture": "#0"},
				"up": {"uv": [0, 0, 6, 6], "texture": "#0"},
				"down": {"uv": [7, 5, 13, 11], "texture": "#0"}
			}
		}
	],
	"gui_light": "front"
}