{
	"format_version": "1.21.6",
	"credit": "Made with Blockbench",
	"texture_size": [64, 64],
	"textures": {
		"0": "mega_showdown:block/mega_crystal",
		"particle": "mega_showdown:block/mega_crystal"
	},
	"elements": [
		{
			"from": [5, 3, 5],
			"to": [11, 12, 11],
			"rotation": {"angle": 0, "axis": "y", "origin": [7, 0, 7]},
			"faces": {
				"north": {"uv": [0, 3, 3, 7.5], "texture": "#0"},
				"east": {"uv": [3, 3, 0, 7.5], "texture": "#0"},
				"south": {"uv": [0, 3, 3, 7.5], "texture": "#0"},
				"west": {"uv": [3, 3, 0, 7.5], "texture": "#0"},
				"up": {"uv": [3, 3, 0, 0], "texture": "#0"}
			}
		},
		{
			"from": [7, 0, 11],
			"to": [10, 3, 16],
			"rotation": {"angle": -45, "axis": "x", "origin": [8, 0, 11]},
			"faces": {
				"east": {"uv": [8.5, 4, 7, 1.5], "rotation": 90, "texture": "#0"},
				"south": {"uv": [8.5, 0, 7, 1.5], "texture": "#0"},
				"west": {"uv": [7, 1.5, 8.5, 4], "rotation": 90, "texture": "#0"},
				"up": {"uv": [7, 4, 8.5, 1.5], "texture": "#0"},
				"down": {"uv": [8.5, 1.5, 7, 4], "texture": "#0"}
			}
		},
		{
			"from": [6, 0.5625, 8],
			"to": [9, 8.5625, 11],
			"rotation": {"angle": 22.5, "axis": "x", "origin": [7, -0.4375, 11]},
			"faces": {
				"north": {"uv": [8.5, 1.5, 7, 5.5], "texture": "#0"},
				"east": {"uv": [7, 1.5, 8.5, 5.5], "texture": "#0"},
				"south": {"uv": [8.5, 1.5, 7, 5.5], "texture": "#0"},
				"west": {"uv": [7, 1.5, 8.5, 5.5], "texture": "#0"},
				"up": {"uv": [7, 1.5, 8.5, 0], "texture": "#0"}
			}
		},
		{
			"from": [7.8125, 1.125, 7],
			"to": [10.8125, 9.125, 10],
			"rotation": {"angle": -22.5, "axis": "z", "origin": [10.8125, -0.875, 6]},
			"faces": {
				"north": {"uv": [8.5, 1.5, 7, 5.5], "texture": "#0"},
				"east": {"uv": [7, 1.5, 8.5, 5.5], "texture": "#0"},
				"south": {"uv": [8.5, 1.5, 7, 5.5], "texture": "#0"},
				"west": {"uv": [7, 1.5, 8.5, 5.5], "texture": "#0"},
				"up": {"uv": [7, 1.5, 8.5, 0], "texture": "#0"}
			}
		},
		{
			"from": [9, 0, 6],
			"to": [11, 6, 8],
			"rotation": {"angle": -45, "axis": "z", "origin": [11, 0, 4]},
			"faces": {
				"north": {"uv": [12.5, 1, 11.5, 4], "texture": "#0"},
				"east": {"uv": [13.5, 1, 12.5, 4], "texture": "#0"},
				"south": {"uv": [14.5, 1, 13.5, 4], "texture": "#0"},
				"west": {"uv": [11.5, 1, 10.5, 4], "texture": "#0"},
				"up": {"uv": [12.5, 0, 11.5, 1], "rotation": 180, "texture": "#0"}
			}
		},
		{
			"from": [4, 0, 4],
			"to": [12, 3, 12],
			"rotation": {"angle": 0, "axis": "y", "origin": [7, 0, 7]},
			"faces": {
				"north": {"uv": [3, 4, 7, 5.5], "texture": "#0"},
				"east": {"uv": [3, 4, 7, 5.5], "texture": "#0"},
				"south": {"uv": [3, 4, 7, 5.5], "texture": "#0"},
				"west": {"uv": [3, 4, 7, 5.5], "texture": "#0"},
				"up": {"uv": [7, 4, 3, 0], "texture": "#0"},
				"down": {"uv": [3, 5.5, 7, 9.5], "texture": "#0"}
			}
		},
		{
			"from": [6, 0.375, 5.125],
			"to": [10, 7.375, 9.125],
			"rotation": {"angle": -35, "axis": "x", "origin": [7, 0.375, 5.125]},
			"faces": {
				"north": {"uv": [8.5, 2, 10.5, 5.5], "texture": "#0"},
				"east": {"uv": [10.5, 2, 8.5, 5.5], "texture": "#0"},
				"south": {"uv": [8.5, 2, 10.5, 5.5], "texture": "#0"},
				"west": {"uv": [10.5, 2, 8.5, 5.5], "texture": "#0"},
				"up": {"uv": [10.5, 2, 8.5, 0], "texture": "#0"}
			}
		},
		{
			"from": [5, 0, 6],
			"to": [8, 6, 9],
			"rotation": {"angle": 45, "axis": "z", "origin": [5, 0, 7]},
			"faces": {
				"north": {"uv": [8.5, 1.5, 7, 4.5], "texture": "#0"},
				"east": {"uv": [7, 1.5, 8.5, 4.5], "texture": "#0"},
				"south": {"uv": [8.5, 1.5, 7, 4.5], "texture": "#0"},
				"west": {"uv": [7, 1.5, 8.5, 4.5], "texture": "#0"},
				"up": {"uv": [7, 1.5, 8.5, 0], "texture": "#0"}
			}
		},
		{
			"from": [5.1875, 1.125, 7],
			"to": [8.1875, 5.125, 10],
			"rotation": {"angle": 22.5, "axis": "z", "origin": [5.1875, -0.875, 10]},
			"faces": {
				"north": {"uv": [8.5, 1.5, 7, 3.5], "texture": "#0"},
				"east": {"uv": [7, 1.5, 8.5, 3.5], "texture": "#0"},
				"south": {"uv": [8.5, 1.5, 7, 3.5], "texture": "#0"},
				"west": {"uv": [7, 1.5, 8.5, 3.5], "texture": "#0"},
				"up": {"uv": [7, 1.5, 8.5, 0], "texture": "#0"}
			}
		}
	],
	"gui_light": "front",
	"display": {
		"thirdperson_righthand": {
			"translation": [0, 4, 0.5],
			"scale": [0.5, 0.5, 0.5]
		},
		"thirdperson_lefthand": {
			"translation": [0, 4, 0.5],
			"scale": [0.5, 0.5, 0.5]
		},
		"firstperson_righthand": {
			"translation": [0.75, 4.25, 0.75],
			"scale": [0.5, 0.5, 0.5]
		},
		"firstperson_lefthand": {
			"translation": [0.75, 4.25, 0.75],
			"scale": [0.5, 0.5, 0.5]
		},
		"ground": {
			"translation": [0, 3.25, 0],
			"scale": [0.8, 0.8, 0.8]
		},
		"gui": {
			"rotation": [20, 45, 0],
			"translation": [0, 1.25, 0],
			"scale": [0.75, 0.75, 0.75]
		},
		"head": {
			"translation": [0, 14.5, 0]
		},
		"fixed": {
			"translation": [0, 2.25, -1.75]
		}
	}
}