{
	"format_version": "1.21.6",
	"credit": "Made with Blockbench",
	"texture_size": [32, 32],
	"textures": {
		"0": "mega_showdown:block/pedestal",
		"particle": "mega_showdown:block/pedestal"
	},
	"elements": [
		{
			"from": [2, 0, 2],
			"to": [14, 11, 14],
			"rotation": {"angle": 0, "axis": "y", "origin": [2, 2, 2]},
			"faces": {
				"north": {"uv": [0, 0, 6, 5.5], "texture": "#0"},
				"east": {"uv": [0, 0, 6, 5.5], "texture": "#0"},
				"south": {"uv": [0, 0, 6, 5.5], "texture": "#0"},
				"west": {"uv": [0, 0, 6, 5.5], "texture": "#0"},
				"up": {"uv": [6.5, 0, 12.5, 6], "texture": "#0"},
				"down": {"uv": [6.5, 0, 12.5, 6], "texture": "#0"}
			}
		},
		{
			"from": [4, 11, 4],
			"to": [12, 12, 12],
			"rotation": {"angle": 0, "axis": "y", "origin": [7, 11, 7]},
			"faces": {
				"north": {"uv": [0, 9, 2, 9.25], "texture": "#0"},
				"east": {"uv": [2, 9, 4, 9.25], "texture": "#0"},
				"south": {"uv": [4, 9, 6, 9.25], "texture": "#0"},
				"west": {"uv": [6, 9, 8, 9.25], "texture": "#0"},
				"up": {"uv": [0.5, 6.5, 4.5, 10.5], "texture": "#0"},
				"down": {"uv": [7.5, 6, 5.5, 8], "texture": "#0"}
			}
		},
		{
			"from": [3, 11, 3],
			"to": [13, 13, 4],
			"rotation": {"angle": 0, "axis": "y", "origin": [6, 11, 3]},
			"faces": {
				"north": {"uv": [5.5, 6.5, 10.5, 7.5], "texture": "#0"},
				"east": {"uv": [10, 6.5, 10.5, 7.5], "texture": "#0"},
				"south": {"uv": [5.5, 6.5, 10.5, 7.5], "texture": "#0"},
				"west": {"uv": [5.5, 6.5, 6, 7.5], "texture": "#0"},
				"up": {"uv": [0, 6, 5, 6.5], "texture": "#0"}
			}
		},
		{
			"from": [3, 11, 12],
			"to": [13, 13, 13],
			"rotation": {"angle": 0, "axis": "y", "origin": [4, 11, 11]},
			"faces": {
				"north": {"uv": [5.5, 6.5, 10.5, 7.5], "texture": "#0"},
				"east": {"uv": [5.5, 6.5, 6, 7.5], "texture": "#0"},
				"south": {"uv": [5.5, 6.5, 10.5, 7.5], "texture": "#0"},
				"west": {"uv": [10, 6.5, 10.5, 7.5], "texture": "#0"},
				"up": {"uv": [0, 10.5, 5, 11], "texture": "#0"}
			}
		},
		{
			"from": [3, 11, 4],
			"to": [4, 13, 12],
			"rotation": {"angle": 0, "axis": "y", "origin": [2, 11, 6]},
			"faces": {
				"east": {"uv": [6, 6.5, 10, 7.5], "texture": "#0"},
				"west": {"uv": [6, 6.5, 10, 7.5], "texture": "#0"},
				"up": {"uv": [0, 6.5, 0.5, 10.5], "texture": "#0"}
			}
		},
		{
			"from": [12, 11, 4],
			"to": [13, 13, 12],
			"rotation": {"angle": 0, "axis": "y", "origin": [12, 11, 4]},
			"faces": {
				"east": {"uv": [6, 6.5, 10, 7.5], "texture": "#0"},
				"west": {"uv": [6, 6.5, 10, 7.5], "texture": "#0"},
				"up": {"uv": [4.5, 6.5, 5, 10.5], "texture": "#0"}
			}
		}
	],
	"display": {
		"thirdperson_righthand": {
			"scale": [0.3, 0.3, 0.3]
		},
		"thirdperson_lefthand": {
			"scale": [0.3, 0.3, 0.3]
		},
		"firstperson_righthand": {
			"scale": [0.85, 0.85, 0.85]
		},
		"firstperson_lefthand": {
			"scale": [0.85, 0.85, 0.85]
		},
		"ground": {
			"translation": [0, 2.75, 0],
			"scale": [0.65, 0.65, 0.65]
		},
		"gui": {
			"rotation": [30, 45, 0],
			"scale": [0.65, 0.65, 0.65]
		},
		"head": {
			"translation": [0, 14.25, 0]
		},
		"fixed": {
			"translation": [0, 1.25, 0],
			"scale": [0.85, 0.85, 0.85]
		}
	}
}