{
	"format_version": "1.21.6",
	"credit": "Made with Blockbench",
	"textures": {
		"0": "mega_showdown:block/power_spot",
		"1": "block/stone",
		"particle": "mega_showdown:block/power_spot"
	},
	"elements": [
		{
			"from": [3, -0.01, 3],
			"to": [13, 0.99, 13],
			"rotation": {"angle": 0, "axis": "y", "origin": [8, 0.49, 8]},
			"faces": {
				"up": {"uv": [3, 3, 13, 13], "texture": "#0"},
				"down": {"uv": [3, 3, 13, 13], "texture": "#1"}
			}
		},
		{
			"from": [6, 0.01, 0],
			"to": [13, 2.01, 5],
			"rotation": {"angle": -20, "axis": "y", "origin": [9.5, 1.01, 2.5]},
			"faces": {
				"north": {"uv": [4, 4, 11, 6], "texture": "#1"},
				"east": {"uv": [2, 6, 4, 11], "rotation": 90, "texture": "#1"},
				"south": {"uv": [4, 12, 11, 14], "texture": "#1"},
				"west": {"uv": [12, 6, 14, 11], "rotation": 90, "texture": "#1"},
				"up": {"uv": [4, 6, 11, 11], "texture": "#1"},
				"down": {"uv": [4, 6, 11, 11], "texture": "#1"}
			}
		},
		{
			"from": [1.28316, 0.01, 1.3415],
			"to": [6.28316, 3.01, 9.3415],
			"rotation": {"angle": -37.5, "axis": "y", "origin": [3.78316, 1.51, 5.3415]},
			"faces": {
				"north": {"uv": [12, 6, 15, 11], "rotation": 90, "texture": "#1"},
				"east": {"uv": [4, 11, 12, 14], "texture": "#1"},
				"south": {"uv": [1, 6, 4, 11], "rotation": 90, "texture": "#1"},
				"west": {"uv": [4, 3, 12, 6], "texture": "#1"},
				"up": {"uv": [4, 6, 12, 11], "rotation": 90, "texture": "#1"},
				"down": {"uv": [4, 6, 12, 11], "rotation": 90, "texture": "#1"}
			}
		},
		{
			"from": [5, 0, 8],
			"to": [10, 2, 14],
			"rotation": {"angle": 45, "axis": "y", "origin": [7, 0, 16]},
			"faces": {
				"north": {"uv": [6, 3, 11, 5], "texture": "#1"},
				"east": {"uv": [11, 5, 13, 11], "rotation": 90, "texture": "#1"},
				"south": {"uv": [6, 11, 11, 13], "texture": "#1"},
				"west": {"uv": [4, 5, 6, 11], "rotation": 90, "texture": "#1"},
				"up": {"uv": [6, 5, 11, 11], "texture": "#1"},
				"down": {"uv": [6, 5, 11, 11], "texture": "#1"}
			}
		},
		{
			"from": [5.96447, 0.01, 11.67157],
			"to": [10.96447, 3.01, 16.67157],
			"rotation": {"angle": 10, "axis": "y", "origin": [8.46447, 1.51, 14.17157]},
			"faces": {
				"north": {"uv": [5, 10, 10, 13], "texture": "#1"},
				"east": {"uv": [2, 5, 5, 10], "rotation": 90, "texture": "#1"},
				"south": {"uv": [10, 5, 13, 10], "rotation": 90, "texture": "#1"},
				"west": {"uv": [5, 2, 10, 5], "texture": "#1"},
				"up": {"uv": [5, 5, 10, 10], "texture": "#1"},
				"down": {"uv": [5, 5, 10, 10], "texture": "#1"}
			}
		},
		{
			"from": [10.05655, 0, 8.55479],
			"to": [15.05655, 4, 14.55479],
			"rotation": {"angle": -35, "axis": "y", "origin": [12.55655, 2, 11.55479]},
			"faces": {
				"north": {"uv": [11, 5, 15, 10], "rotation": 90, "texture": "#1"},
				"east": {"uv": [5, 10, 11, 14], "texture": "#1"},
				"south": {"uv": [1, 5, 5, 10], "rotation": 90, "texture": "#1"},
				"west": {"uv": [5, 1, 11, 5], "texture": "#1"},
				"up": {"uv": [5, 5, 11, 10], "rotation": 270, "texture": "#1"},
				"down": {"uv": [5, 5, 11, 10], "rotation": 90, "texture": "#1"}
			}
		},
		{
			"from": [11.05479, 0.01, 2.19345],
			"to": [16.05479, 3.01, 8.19345],
			"rotation": {"angle": 15, "axis": "y", "origin": [13.55479, 1.51, 5.19345]},
			"faces": {
				"north": {"uv": [2, 4, 5, 9], "rotation": 90, "texture": "#1"},
				"east": {"uv": [5, 9, 11, 12], "texture": "#1"},
				"south": {"uv": [11, 4, 14, 9], "rotation": 90, "texture": "#1"},
				"west": {"uv": [5, 1, 11, 4], "texture": "#1"},
				"up": {"uv": [5, 4, 11, 9], "rotation": 90, "texture": "#1"},
				"down": {"uv": [5, 4, 11, 9], "rotation": 90, "texture": "#1"}
			}
		}
	],
	"gui_light": "front",
	"display": {
		"thirdperson_righthand": {
			"rotation": [64, 0, 0],
			"translation": [0, 3.25, 1.5],
			"scale": [0.5, 0.5, 0.5]
		},
		"thirdperson_lefthand": {
			"rotation": [65, 0, 0],
			"translation": [0, 4.75, 2],
			"scale": [0.6, 0.6, 0.6]
		},
		"firstperson_righthand": {
			"rotation": [-11, 0, 0],
			"translation": [0.75, 5.75, -1.75]
		},
		"ground": {
			"translation": [0, 7.5, 0],
			"scale": [0.6, 0.6, 0.6]
		},
		"gui": {
			"rotation": [30, 45, 0],
			"translation": [-0.25, 3, 0],
			"scale": [0.8, 0.8, 0.8]
		},
		"head": {
			"translation": [0, 14.75, 0]
		},
		"fixed": {
			"rotation": [-90, 0, 0],
			"translation": [0.5, 0, -5.75],
			"scale": [0.8, 0.8, 0.8]
		}
	},
	"groups": [
		0,
		{
			"name": "stone",
			"origin": [9.5, 1.01, 2.5],
			"color": 0,
			"children": [
				1,
				2,
				3,
				4,
				5,
				6,
				{
					"name": "group",
					"origin": [9.5, 1.01, 2.5],
					"color": 0,
					"children": []
				}
			]
		}
	]
}