{
  "credit": "Made with Blockbench",
  "texture_size": [
    128,
    128
  ],
  "textures": {
    "0": "mega_showdown:block/rotom_mow",
    "particle": "mega_showdown:block/rotom_particle"
  },
  "elements": [
    {
      "name": "body",
      "from": [
        2,
        0.7,
        -0.5
      ],
      "to": [
        14,
        7.7,
        8.5
      ],
      "rotation": {
        "angle": 0,
        "axis": "y",
        "origin": [
          5.5,
          0.7,
          1.5
        ]
      },
      "faces": {
        "north": {
          "uv": [
            1.125,
            1.125,
            2.625,
            2
          ],
          "texture": "#0"
        },
        "east": {
          "uv": [
            0,
            1.125,
            1.125,
            2
          ],
          "texture": "#0"
        },
        "south": {
          "uv": [
            3.75,
            1.125,
            5.25,
            2
          ],
          "texture": "#0"
        },
        "west": {
          "uv": [
            2.625,
            1.125,
            3.75,
            2
          ],
          "texture": "#0"
        },
        "up": {
          "uv": [
            2.625,
            1.125,
            1.125,
            0
          ],
          "texture": "#0"
        },
        "down": {
          "uv": [
            4.125,
            0,
            2.625,
            1.125
          ],
          "texture": "#0"
        }
      }
    },
    {
      "name": "wheel_left",
      "from": [
        -1.1,
        0.2,
        0
      ],
      "to": [
        1.9,
        8.2,
        8
      ],
      "rotation": {
        "angle": 0,
        "axis": "y",
        "origin": [
          6.4,
          0.7,
          1.5
        ]
      },
      "faces": {
        "north": {
          "uv": [
            1,
            3.875,
            1.375,
            4.875
          ],
          "texture": "#0"
        },
        "east": {
          "uv": [
            0,
            3.875,
            1,
            4.875
          ],
          "texture": "#0"
        },
        "south": {
          "uv": [
            2.375,
            3.875,
            2.75,
            4.875
          ],
          "texture": "#0"
        },
        "west": {
          "uv": [
            1.375,
            3.875,
            2.375,
            4.875
          ],
          "texture": "#0"
        },
        "up": {
          "uv": [
            1.375,
            3.875,
            1,
            2.875
          ],
          "texture": "#0"
        },
        "down": {
          "uv": [
            1.75,
            2.875,
            1.375,
            3.875
          ],
          "texture": "#0"
        }
      }
    },
    {
      "name": "wheel_right",
      "from": [
        14,
        0.2,
        0
      ],
      "to": [
        17,
        8.2,
        8
      ],
      "rotation": {
        "angle": 0,
        "axis": "y",
        "origin": [
          9.5,
          0.7,
          1.5
        ]
      },
      "faces": {
        "north": {
          "uv": [
            4.125,
            3.875,
            3.75,
            4.875
          ],
          "texture": "#0"
        },
        "east": {
          "uv": [
            5.125,
            3.875,
            4.125,
            4.875
          ],
          "texture": "#0"
        },
        "south": {
          "uv": [
            5.5,
            3.875,
            5.125,
            4.875
          ],
          "texture": "#0"
        },
        "west": {
          "uv": [
            3.75,
            3.875,
            2.75,
            4.875
          ],
          "texture": "#0"
        },
        "up": {
          "uv": [
            3.75,
            3.875,
            4.125,
            2.875
          ],
          "texture": "#0"
        },
        "down": {
          "uv": [
            4.125,
            2.875,
            4.5,
            3.875
          ],
          "texture": "#0"
        }
      }
    },
    {
      "name": "body_top1",
      "from": [
        6,
        7.2,
        -0.5
      ],
      "to": [
        10,
        10.2,
        3.5
      ],
      "rotation": {
        "angle": 22.5,
        "axis": "x",
        "origin": [
          5.5,
          0.7,
          -1
        ]
      },
      "faces": {
        "north": {
          "uv": [
            4,
            2.5,
            4.5,
            2.875
          ],
          "texture": "#0"
        },
        "east": {
          "uv": [
            3.5,
            2.5,
            4,
            2.875
          ],
          "texture": "#0"
        },
        "south": {
          "uv": [
            5,
            2.5,
            5.5,
            2.875
          ],
          "texture": "#0"
        },
        "west": {
          "uv": [
            4.5,
            2.5,
            5,
            2.875
          ],
          "texture": "#0"
        },
        "up": {
          "uv": [
            4.5,
            2.5,
            4,
            2
          ],
          "texture": "#0"
        },
        "down": {
          "uv": [
            5,
            2,
            4.5,
            2.5
          ],
          "texture": "#0"
        }
      }
    },
    {
      "name": "body_top2",
      "from": [
        7,
        9.7,
        0.5
      ],
      "to": [
        9,
        12.7,
        2.5
      ],
      "rotation": {
        "angle": 22.5,
        "axis": "x",
        "origin": [
          5.5,
          0.7,
          -1
        ]
      },
      "faces": {
        "north": {
          "uv": [
            4.375,
            0.75,
            4.625,
            1.125
          ],
          "texture": "#0"
        },
        "east": {
          "uv": [
            4.125,
            0.75,
            4.375,
            1.125
          ],
          "texture": "#0"
        },
        "south": {
          "uv": [
            4.875,
            0.75,
            5.125,
            1.125
          ],
          "texture": "#0"
        },
        "west": {
          "uv": [
            4.625,
            0.75,
            4.875,
            1.125
          ],
          "texture": "#0"
        },
        "up": {
          "uv": [
            4.625,
            0.75,
            4.375,
            0.5
          ],
          "texture": "#0"
        },
        "down": {
          "uv": [
            4.875,
            0.5,
            4.625,
            0.75
          ],
          "texture": "#0"
        }
      }
    },
    {
      "name": "body_top3",
      "from": [
        7.5,
        12.7,
        1
      ],
      "to": [
        8.5,
        18.7,
        2
      ],
      "rotation": {
        "angle": 22.5,
        "axis": "x",
        "origin": [
          5.5,
          0.7,
          -1
        ]
      },
      "faces": {
        "north": {
          "uv": [
            5.25,
            0.125,
            5.375,
            0.875
          ],
          "texture": "#0"
        },
        "east": {
          "uv": [
            5.125,
            0.125,
            5.25,
            0.875
          ],
          "texture": "#0"
        },
        "south": {
          "uv": [
            5.5,
            0.125,
            5.625,
            0.875
          ],
          "texture": "#0"
        },
        "west": {
          "uv": [
            5.375,
            0.125,
            5.5,
            0.875
          ],
          "texture": "#0"
        },
        "up": {
          "uv": [
            5.375,
            0.125,
            5.25,
            0
          ],
          "texture": "#0"
        },
        "down": {
          "uv": [
            5.5,
            0,
            5.375,
            0.125
          ],
          "texture": "#0"
        }
      }
    },
    {
      "name": "handle",
      "from": [
        3.5,
        17.9,
        1
      ],
      "to": [
        12.5,
        19.9,
        6
      ],
      "rotation": {
        "angle": 22.5,
        "axis": "x",
        "origin": [
          5.5,
          5.4,
          2
        ]
      },
      "faces": {
        "north": {
          "uv": [
            0.625,
            2.625,
            1.75,
            2.875
          ],
          "texture": "#0"
        },
        "east": {
          "uv": [
            0,
            2.625,
            0.625,
            2.875
          ],
          "texture": "#0"
        },
        "south": {
          "uv": [
            2.375,
            2.625,
            3.5,
            2.875
          ],
          "texture": "#0"
        },
        "west": {
          "uv": [
            1.75,
            2.625,
            2.375,
            2.875
          ],
          "texture": "#0"
        },
        "up": {
          "uv": [
            1.75,
            2.625,
            0.625,
            2
          ],
          "texture": "#0"
        },
        "down": {
          "uv": [
            2.875,
            2,
            1.75,
            2.625
          ],
          "texture": "#0"
        }
      }
    },
    {
      "name": "bagger_bottom",
      "from": [
        4,
        1.2,
        8.5
      ],
      "to": [
        12,
        3.2,
        18.5
      ],
      "rotation": {
        "angle": 0,
        "axis": "y",
        "origin": [
          5.5,
          0.7,
          0
        ]
      },
      "faces": {
        "north": {
          "uv": [
            5.75,
            3.625,
            6.75,
            3.875
          ],
          "texture": "#0"
        },
        "east": {
          "uv": [
            4.5,
            3.625,
            5.75,
            3.875
          ],
          "texture": "#0"
        },
        "south": {
          "uv": [
            8,
            3.625,
            9,
            3.875
          ],
          "texture": "#0"
        },
        "west": {
          "uv": [
            6.75,
            3.625,
            8,
            3.875
          ],
          "texture": "#0"
        },
        "up": {
          "uv": [
            6.75,
            3.625,
            5.75,
            2.375
          ],
          "texture": "#0"
        },
        "down": {
          "uv": [
            7.75,
            2.375,
            6.75,
            3.625
          ],
          "texture": "#0"
        }
      }
    },
    {
      "name": "bagger_back",
      "from": [
        4,
        3.2,
        16.5
      ],
      "to": [
        12,
        10.2,
        18.5
      ],
      "rotation": {
        "angle": 0,
        "axis": "y",
        "origin": [
          5.5,
          0.7,
          0
        ]
      },
      "faces": {
        "north": {
          "uv": [
            7.25,
            0.25,
            8.25,
            1.125
          ],
          "texture": "#0"
        },
        "east": {
          "uv": [
            7,
            0.25,
            7.25,
            1.125
          ],
          "texture": "#0"
        },
        "south": {
          "uv": [
            8.5,
            0.25,
            9.5,
            1.125
          ],
          "texture": "#0"
        },
        "west": {
          "uv": [
            8.25,
            0.25,
            8.5,
            1.125
          ],
          "texture": "#0"
        },
        "up": {
          "uv": [
            8.25,
            0.25,
            7.25,
            0
          ],
          "texture": "#0"
        },
        "down": {
          "uv": [
            9.25,
            0,
            8.25,
            0.25
          ],
          "texture": "#0"
        }
      }
    },
    {
      "name": "bagger_left",
      "from": [
        2,
        1.2,
        8.5
      ],
      "to": [
        4,
        10.2,
        18.5
      ],
      "rotation": {
        "angle": 0,
        "axis": "y",
        "origin": [
          5.5,
          0.7,
          0
        ]
      },
      "faces": {
        "north": {
          "uv": [
            6.5,
            1.25,
            6.75,
            2.375
          ],
          "texture": "#0"
        },
        "east": {
          "uv": [
            5.25,
            1.25,
            6.5,
            2.375
          ],
          "texture": "#0"
        },
        "south": {
          "uv": [
            8,
            1.25,
            8.25,
            2.375
          ],
          "texture": "#0"
        },
        "west": {
          "uv": [
            6.75,
            1.25,
            8,
            2.375
          ],
          "texture": "#0"
        },
        "up": {
          "uv": [
            6.75,
            1.25,
            6.5,
            0
          ],
          "texture": "#0"
        },
        "down": {
          "uv": [
            7,
            0,
            6.75,
            1.25
          ],
          "texture": "#0"
        }
      }
    },
    {
      "name": "bagger_right",
      "from": [
        12,
        1.2,
        8.5
      ],
      "to": [
        14,
        10.2,
        18.5
      ],
      "rotation": {
        "angle": 0,
        "axis": "y",
        "origin": [
          10.5,
          0.7,
          0
        ]
      },
      "faces": {
        "north": {
          "uv": [
            9.75,
            1.25,
            9.5,
            2.375
          ],
          "texture": "#0"
        },
        "east": {
          "uv": [
            11,
            1.25,
            9.75,
            2.375
          ],
          "texture": "#0"
        },
        "south": {
          "uv": [
            11.25,
            1.25,
            11,
            2.375
          ],
          "texture": "#0"
        },
        "west": {
          "uv": [
            9.5,
            1.25,
            8.25,
            2.375
          ],
          "texture": "#0"
        },
        "up": {
          "uv": [
            9.5,
            1.25,
            9.75,
            0
          ],
          "texture": "#0"
        },
        "down": {
          "uv": [
            9.75,
            0,
            10,
            1.25
          ],
          "texture": "#0"
        }
      }
    }
  ],
  "groups": [
    {
      "name": "rotom_mow",
      "origin": [
        8,
        0,
        8
      ],
      "color": 0,
      "children": [
        {
          "name": "body",
          "origin": [
            8,
            5.5,
            8
          ],
          "color": 0,
          "children": [
            0,
            {
              "name": "arm_bottom",
              "origin": [
                9,
                1,
                5.5
              ],
              "color": 0,
              "children": [
                {
                  "name": "arm_bottom_rotation",
                  "origin": [
                    9,
                    1,
                    5.5
                  ],
                  "color": 0,
                  "children": [
                    {
                      "name": "arm_bottom2",
                      "origin": [
                        8,
                        1,
                        -0.5
                      ],
                      "color": 0,
                      "children": []
                    }
                  ]
                }
              ]
            },
            {
              "name": "wheels",
              "origin": [
                8,
                6,
                8
              ],
              "color": 0,
              "children": [
                {
                  "name": "wheel_left",
                  "origin": [
                    -1,
                    5.5,
                    8
                  ],
                  "color": 0,
                  "children": [
                    {
                      "name": "wheel_left_rotation",
                      "origin": [
                        -1,
                        5.5,
                        8
                      ],
                      "color": 0,
                      "children": [
                        1
                      ]
                    }
                  ]
                },
                {
                  "name": "wheel_right",
                  "origin": [
                    17,
                    5.5,
                    8
                  ],
                  "color": 0,
                  "children": [
                    {
                      "name": "wheel_right_rotation",
                      "origin": [
                        17,
                        5.5,
                        8
                      ],
                      "color": 0,
                      "children": [
                        2
                      ]
                    }
                  ]
                }
              ]
            },
            {
              "name": "body_top",
              "origin": [
                8,
                9,
                6.5
              ],
              "color": 0,
              "children": [
                3,
                4,
                5,
                {
                  "name": "handle",
                  "origin": [
                    8,
                    21.4,
                    9.5
                  ],
                  "color": 0,
                  "children": [
                    6
                  ]
                }
              ]
            },
            {
              "name": "bagger",
              "origin": [
                8,
                4,
                14
              ],
              "color": 0,
              "children": [
                7,
                8,
                9,
                10
              ]
            }
          ]
        }
      ]
    }
  ]
}