{
  "credit": "Made with Blockbench",
  "texture_size": [
    128,
    64
  ],
  "textures": {
    "0": "mega_showdown:block/rotom_fridge",
    "particle": "mega_showdown:block/rotom_particle"
  },
  "elements": [
    {
      "name": "main_body_top",
      "from": [
        2.5,
        11,
        3
      ],
      "to": [
        13.5,
        16,
        13
      ],
      "rotation": {
        "angle": 0,
        "axis": "y",
        "origin": [
          5.5,
          9,
          6
        ]
      },
      "faces": {
        "north": {
          "uv": [
            1.25,
            2.5,
            2.625,
            3.75
          ],
          "texture": "#0"
        },
        "east": {
          "uv": [
            0,
            2.5,
            1.25,
            3.75
          ],
          "texture": "#0"
        },
        "south": {
          "uv": [
            3.875,
            2.5,
            5.25,
            3.75
          ],
          "texture": "#0"
        },
        "west": {
          "uv": [
            2.625,
            2.5,
            3.875,
            3.75
          ],
          "texture": "#0"
        },
        "up": {
          "uv": [
            2.625,
            2.5,
            1.25,
            0
          ],
          "texture": "#0"
        },
        "down": {
          "uv": [
            4,
            0,
            2.625,
            2.5
          ],
          "texture": "#0"
        }
      }
    },
    {
      "name": "main_body_bottom",
      "from": [
        2.5,
        0,
        3
      ],
      "to": [
        13.5,
        5,
        13
      ],
      "rotation": {
        "angle": 0,
        "axis": "y",
        "origin": [
          5.5,
          9,
          6
        ]
      },
      "faces": {
        "north": {
          "uv": [
            1.25,
            6.25,
            2.625,
            7.5
          ],
          "texture": "#0"
        },
        "east": {
          "uv": [
            0,
            6.25,
            1.25,
            7.5
          ],
          "texture": "#0"
        },
        "south": {
          "uv": [
            3.875,
            6.25,
            5.25,
            7.5
          ],
          "texture": "#0"
        },
        "west": {
          "uv": [
            2.625,
            6.25,
            3.875,
            7.5
          ],
          "texture": "#0"
        },
        "up": {
          "uv": [
            2.625,
            6.25,
            1.25,
            3.75
          ],
          "texture": "#0"
        },
        "down": {
          "uv": [
            4,
            3.75,
            2.625,
            6.25
          ],
          "texture": "#0"
        }
      }
    },
    {
      "name": "main_body_front",
      "from": [
        7.5,
        5,
        3
      ],
      "to": [
        8.5,
        11,
        5
      ],
      "rotation": {
        "angle": 0,
        "axis": "y",
        "origin": [
          5.5,
          9,
          6
        ]
      },
      "faces": {
        "north": {
          "uv": [
            0.75,
            4.25,
            0.875,
            5.75
          ],
          "texture": "#0"
        },
        "east": {
          "uv": [
            0.5,
            4.25,
            0.75,
            5.75
          ],
          "texture": "#0"
        },
        "south": {
          "uv": [
            1.125,
            4.25,
            1.25,
            5.75
          ],
          "texture": "#0"
        },
        "west": {
          "uv": [
            0.875,
            4.25,
            1.125,
            5.75
          ],
          "texture": "#0"
        },
        "up": {
          "uv": [
            0.875,
            4.25,
            0.75,
            3.75
          ],
          "texture": "#0"
        },
        "down": {
          "uv": [
            1,
            3.75,
            0.875,
            4.25
          ],
          "texture": "#0"
        }
      }
    },
    {
      "name": "main_body_back",
      "from": [
        2.5,
        5,
        10
      ],
      "to": [
        13.5,
        11,
        13
      ],
      "rotation": {
        "angle": 0,
        "axis": "y",
        "origin": [
          5.5,
          9,
          6
        ]
      },
      "faces": {
        "north": {
          "uv": [
            0.375,
            8.25,
            1.75,
            9.75
          ],
          "texture": "#0"
        },
        "east": {
          "uv": [
            0,
            8.25,
            0.375,
            9.75
          ],
          "texture": "#0"
        },
        "south": {
          "uv": [
            2.125,
            8.25,
            3.5,
            9.75
          ],
          "texture": "#0"
        },
        "west": {
          "uv": [
            1.75,
            8.25,
            2.125,
            9.75
          ],
          "texture": "#0"
        },
        "up": {
          "uv": [
            1.75,
            8.25,
            0.375,
            7.5
          ],
          "texture": "#0"
        },
        "down": {
          "uv": [
            3.125,
            7.5,
            1.75,
            8.25
          ],
          "texture": "#0"
        }
      }
    },
    {
      "name": "main_body_left",
      "from": [
        2.5,
        5,
        5
      ],
      "to": [
        4.5,
        11,
        10
      ],
      "rotation": {
        "angle": 0,
        "axis": "y",
        "origin": [
          5.5,
          9,
          6
        ]
      },
      "faces": {
        "north": {
          "uv": [
            5.25,
            3.75,
            5.5,
            5.25
          ],
          "texture": "#0"
        },
        "east": {
          "uv": [
            4.625,
            3.75,
            5.25,
            5.25
          ],
          "texture": "#0"
        },
        "south": {
          "uv": [
            6.125,
            3.75,
            6.375,
            5.25
          ],
          "texture": "#0"
        },
        "west": {
          "uv": [
            5.5,
            3.75,
            6.125,
            5.25
          ],
          "texture": "#0"
        },
        "up": {
          "uv": [
            5.5,
            3.75,
            5.25,
            2.5
          ],
          "texture": "#0"
        },
        "down": {
          "uv": [
            5.75,
            2.5,
            5.5,
            3.75
          ],
          "texture": "#0"
        }
      }
    },
    {
      "name": "main_body_right",
      "from": [
        11.5,
        5,
        5
      ],
      "to": [
        13.5,
        11,
        10
      ],
      "rotation": {
        "angle": 0,
        "axis": "y",
        "origin": [
          10.5,
          9,
          6
        ]
      },
      "faces": {
        "north": {
          "uv": [
            6.625,
            2.25,
            6.375,
            3.75
          ],
          "texture": "#0"
        },
        "east": {
          "uv": [
            7.25,
            2.25,
            6.625,
            3.75
          ],
          "texture": "#0"
        },
        "south": {
          "uv": [
            7.5,
            2.25,
            7.25,
            3.75
          ],
          "texture": "#0"
        },
        "west": {
          "uv": [
            6.375,
            2.25,
            5.75,
            3.75
          ],
          "texture": "#0"
        },
        "up": {
          "uv": [
            6.375,
            2.25,
            6.625,
            1
          ],
          "texture": "#0"
        },
        "down": {
          "uv": [
            6.625,
            1,
            6.875,
            2.25
          ],
          "texture": "#0"
        }
      }
    },
    {
      "name": "main_body_interior",
      "from": [
        4.5,
        8,
        5
      ],
      "to": [
        11.5,
        8,
        10
      ],
      "rotation": {
        "angle": 0,
        "axis": "y",
        "origin": [
          10.5,
          9,
          6
        ]
      },
      "faces": {
        "north": {
          "uv": [
            4.875,
            2.5,
            4,
            2.5
          ],
          "texture": "#0"
        },
        "east": {
          "uv": [
            5.5,
            2.5,
            4.875,
            2.5
          ],
          "texture": "#0"
        },
        "south": {
          "uv": [
            6.375,
            2.5,
            5.5,
            2.5
          ],
          "texture": "#0"
        },
        "west": {
          "uv": [
            4,
            2.5,
            3.375,
            2.5
          ],
          "texture": "#0"
        },
        "up": {
          "uv": [
            4,
            2.5,
            4.875,
            1.25
          ],
          "texture": "#0"
        },
        "down": {
          "uv": [
            4.875,
            1.25,
            5.75,
            2.5
          ],
          "texture": "#0"
        }
      }
    },
    {
      "name": "door_left",
      "from": [
        2.49,
        4.99,
        2.99
      ],
      "to": [
        7.51,
        11.01,
        5.01
      ],
      "rotation": {
        "angle": 0,
        "axis": "y",
        "origin": [
          8,
          13,
          8.5
        ]
      },
      "faces": {
        "north": {
          "uv": [
            3.75,
            8,
            4.375,
            9.5
          ],
          "texture": "#0"
        },
        "east": {
          "uv": [
            3.5,
            8,
            3.75,
            9.5
          ],
          "texture": "#0"
        },
        "south": {
          "uv": [
            4.625,
            8,
            5.25,
            9.5
          ],
          "texture": "#0"
        },
        "west": {
          "uv": [
            4.375,
            8,
            4.625,
            9.5
          ],
          "texture": "#0"
        },
        "up": {
          "uv": [
            4.375,
            8,
            3.75,
            7.5
          ],
          "texture": "#0"
        },
        "down": {
          "uv": [
            5,
            7.5,
            4.375,
            8
          ],
          "texture": "#0"
        }
      }
    },
    {
      "name": "door_handle_left",
      "from": [
        5.25,
        6.5,
        2.5
      ],
      "to": [
        7.25,
        10.5,
        3.5
      ],
      "rotation": {
        "angle": 0,
        "axis": "y",
        "origin": [
          8,
          13,
          8.5
        ]
      },
      "faces": {
        "north": {
          "uv": [
            5.75,
            0.25,
            6,
            1.25
          ],
          "texture": "#0"
        },
        "east": {
          "uv": [
            5.625,
            0.25,
            5.75,
            1.25
          ],
          "texture": "#0"
        },
        "south": {
          "uv": [
            6.125,
            0.25,
            6.375,
            1.25
          ],
          "texture": "#0"
        },
        "west": {
          "uv": [
            6,
            0.25,
            6.125,
            1.25
          ],
          "texture": "#0"
        },
        "up": {
          "uv": [
            6,
            0.25,
            5.75,
            0
          ],
          "texture": "#0"
        },
        "down": {
          "uv": [
            6.25,
            0,
            6,
            0.25
          ],
          "texture": "#0"
        }
      }
    },
    {
      "name": "door_interior_left1",
      "from": [
        3.5,
        8.5,
        4.5
      ],
      "to": [
        6.5,
        10.5,
        5.5
      ],
      "rotation": {
        "angle": 0,
        "axis": "y",
        "origin": [
          8,
          13,
          8.5
        ]
      },
      "faces": {
        "north": {
          "uv": [
            6.5,
            0.25,
            6.875,
            0.75
          ],
          "texture": "#0"
        },
        "east": {
          "uv": [
            6.375,
            0.25,
            6.5,
            0.75
          ],
          "texture": "#0"
        },
        "south": {
          "uv": [
            7,
            0.25,
            7.375,
            0.75
          ],
          "texture": "#0"
        },
        "west": {
          "uv": [
            6.875,
            0.25,
            7,
            0.75
          ],
          "texture": "#0"
        },
        "up": {
          "uv": [
            6.875,
            0.25,
            6.5,
            0
          ],
          "texture": "#0"
        },
        "down": {
          "uv": [
            7.25,
            0,
            6.875,
            0.25
          ],
          "texture": "#0"
        }
      }
    },
    {
      "name": "door_interior_left2",
      "from": [
        3.5,
        5.5,
        4.5
      ],
      "to": [
        6.5,
        7.5,
        5.5
      ],
      "rotation": {
        "angle": 0,
        "axis": "y",
        "origin": [
          8,
          13,
          8.5
        ]
      },
      "faces": {
        "north": {
          "uv": [
            7.75,
            1,
            8.125,
            1.5
          ],
          "texture": "#0"
        },
        "east": {
          "uv": [
            7.625,
            1,
            7.75,
            1.5
          ],
          "texture": "#0"
        },
        "south": {
          "uv": [
            8.25,
            1,
            8.625,
            1.5
          ],
          "texture": "#0"
        },
        "west": {
          "uv": [
            8.125,
            1,
            8.25,
            1.5
          ],
          "texture": "#0"
        },
        "up": {
          "uv": [
            8.125,
            1,
            7.75,
            0.75
          ],
          "texture": "#0"
        },
        "down": {
          "uv": [
            8.5,
            0.75,
            8.125,
            1
          ],
          "texture": "#0"
        }
      }
    },
    {
      "name": "door_right",
      "from": [
        8.49,
        4.99,
        2.99
      ],
      "to": [
        13.51,
        11.01,
        5.01
      ],
      "rotation": {
        "angle": 0,
        "axis": "y",
        "origin": [
          8,
          13,
          8.5
        ]
      },
      "faces": {
        "north": {
          "uv": [
            6.125,
            6.75,
            5.5,
            8.25
          ],
          "texture": "#0"
        },
        "east": {
          "uv": [
            6.375,
            6.75,
            6.125,
            8.25
          ],
          "texture": "#0"
        },
        "south": {
          "uv": [
            7,
            6.75,
            6.375,
            8.25
          ],
          "texture": "#0"
        },
        "west": {
          "uv": [
            5.5,
            6.75,
            5.25,
            8.25
          ],
          "texture": "#0"
        },
        "up": {
          "uv": [
            5.5,
            6.75,
            6.125,
            6.25
          ],
          "texture": "#0"
        },
        "down": {
          "uv": [
            6.125,
            6.25,
            6.75,
            6.75
          ],
          "texture": "#0"
        }
      }
    },
    {
      "name": "door_handle_right",
      "from": [
        8.75,
        6.5,
        2.5
      ],
      "to": [
        10.75,
        10.5,
        3.5
      ],
      "rotation": {
        "angle": 0,
        "axis": "y",
        "origin": [
          8,
          13,
          8.5
        ]
      },
      "faces": {
        "north": {
          "uv": [
            7.25,
            1,
            7,
            2
          ],
          "texture": "#0"
        },
        "east": {
          "uv": [
            7.375,
            1,
            7.25,
            2
          ],
          "texture": "#0"
        },
        "south": {
          "uv": [
            7.625,
            1,
            7.375,
            2
          ],
          "texture": "#0"
        },
        "west": {
          "uv": [
            7,
            1,
            6.875,
            2
          ],
          "texture": "#0"
        },
        "up": {
          "uv": [
            7,
            1,
            7.25,
            0.75
          ],
          "texture": "#0"
        },
        "down": {
          "uv": [
            7.25,
            0.75,
            7.5,
            1
          ],
          "texture": "#0"
        }
      }
    },
    {
      "name": "door_interior_right1",
      "from": [
        9.5,
        8.5,
        4.5
      ],
      "to": [
        12.5,
        10.5,
        5.5
      ],
      "rotation": {
        "angle": 0,
        "axis": "y",
        "origin": [
          8,
          13,
          8.5
        ]
      },
      "faces": {
        "north": {
          "uv": [
            7.875,
            0.25,
            7.5,
            0.75
          ],
          "texture": "#0"
        },
        "east": {
          "uv": [
            8,
            0.25,
            7.875,
            0.75
          ],
          "texture": "#0"
        },
        "south": {
          "uv": [
            8.375,
            0.25,
            8,
            0.75
          ],
          "texture": "#0"
        },
        "west": {
          "uv": [
            7.5,
            0.25,
            7.375,
            0.75
          ],
          "texture": "#0"
        },
        "up": {
          "uv": [
            7.5,
            0.25,
            7.875,
            0
          ],
          "texture": "#0"
        },
        "down": {
          "uv": [
            7.875,
            0,
            8.25,
            0.25
          ],
          "texture": "#0"
        }
      }
    },
    {
      "name": "door_interior_right2",
      "from": [
        9.5,
        5.5,
        4.5
      ],
      "to": [
        12.5,
        7.5,
        5.5
      ],
      "rotation": {
        "angle": 0,
        "axis": "y",
        "origin": [
          8,
          13,
          8.5
        ]
      },
      "faces": {
        "north": {
          "uv": [
            8.875,
            0.25,
            8.5,
            0.75
          ],
          "texture": "#0"
        },
        "east": {
          "uv": [
            9,
            0.25,
            8.875,
            0.75
          ],
          "texture": "#0"
        },
        "south": {
          "uv": [
            9.375,
            0.25,
            9,
            0.75
          ],
          "texture": "#0"
        },
        "west": {
          "uv": [
            8.5,
            0.25,
            8.375,
            0.75
          ],
          "texture": "#0"
        },
        "up": {
          "uv": [
            8.5,
            0.25,
            8.875,
            0
          ],
          "texture": "#0"
        },
        "down": {
          "uv": [
            8.875,
            0,
            9.25,
            0.25
          ],
          "texture": "#0"
        }
      }
    },
    {
      "name": "body_bottom",
      "from": [
        3.5,
        0.25,
        13
      ],
      "to": [
        12.5,
        4.25,
        15
      ],
      "rotation": {
        "angle": 0,
        "axis": "y",
        "origin": [
          5.5,
          -6,
          10.5
        ]
      },
      "faces": {
        "north": {
          "uv": [
            0.25,
            10.25,
            1.375,
            11.25
          ],
          "texture": "#0"
        },
        "east": {
          "uv": [
            0,
            10.25,
            0.25,
            11.25
          ],
          "texture": "#0"
        },
        "south": {
          "uv": [
            1.625,
            10.25,
            2.75,
            11.25
          ],
          "texture": "#0"
        },
        "west": {
          "uv": [
            1.375,
            10.25,
            1.625,
            11.25
          ],
          "texture": "#0"
        },
        "up": {
          "uv": [
            1.375,
            10.25,
            0.25,
            9.75
          ],
          "texture": "#0"
        },
        "down": {
          "uv": [
            2.5,
            9.75,
            1.375,
            10.25
          ],
          "texture": "#0"
        }
      }
    }
  ],
  "groups": [
    {
      "name": "rotom_frost",
      "origin": [
        8,
        -2,
        8
      ],
      "color": 0,
      "children": [
        {
          "name": "body",
          "origin": [
            8,
            8,
            8.5
          ],
          "color": 0,
          "children": [
            0,
            1,
            2,
            3,
            4,
            5,
            6,
            {
              "name": "doors",
              "origin": [
                8,
                8,
                5
              ],
              "color": 0,
              "children": [
                {
                  "name": "door_left",
                  "origin": [
                    2,
                    8,
                    5
                  ],
                  "color": 0,
                  "children": [
                    7,
                    8,
                    9,
                    10
                  ]
                },
                {
                  "name": "door_right",
                  "origin": [
                    14,
                    8,
                    5
                  ],
                  "color": 0,
                  "children": [
                    11,
                    12,
                    13,
                    14
                  ]
                }
              ]
            },
            {
              "name": "body_bottom",
              "origin": [
                8,
                4.25,
                13
              ],
              "color": 0,
              "children": [
                15
              ]
            }
          ]
        }
      ]
    }
  ]
}