{
  "credit": "Made with Blockbench",
  "texture_size": [
    128,
    64
  ],
  "textures": {
    "0": "mega_showdown:block/rotom_fan",
    "particle": "mega_showdown:block/rotom_particle"
  },
  "elements": [
    {
      "name": "body",
      "from": [
        4,
        0,
        4.5
      ],
      "to": [
        12,
        1,
        11.5
      ],
      "rotation": {
        "angle": 0,
        "axis": "y",
        "origin": [
          5.5,
          -1,
          5.5
        ]
      },
      "faces": {
        "north": {
          "uv": [
            0.875,
            1.75,
            1.875,
            2
          ],
          "texture": "#0"
        },
        "east": {
          "uv": [
            0,
            1.75,
            0.875,
            2
          ],
          "texture": "#0"
        },
        "south": {
          "uv": [
            2.75,
            1.75,
            3.75,
            2
          ],
          "texture": "#0"
        },
        "west": {
          "uv": [
            1.875,
            1.75,
            2.75,
            2
          ],
          "texture": "#0"
        },
        "up": {
          "uv": [
            1.875,
            1.75,
            0.875,
            0
          ],
          "texture": "#0"
        },
        "down": {
          "uv": [
            2.875,
            0,
            1.875,
            1.75
          ],
          "texture": "#0"
        }
      }
    },
    {
      "name": "body_top",
      "from": [
        7,
        0.8,
        7
      ],
      "to": [
        9,
        3.8,
        9
      ],
      "rotation": {
        "angle": 0,
        "axis": "y",
        "origin": [
          5.5,
          -5.5,
          5.5
        ]
      },
      "faces": {
        "north": {
          "uv": [
            3.25,
            3.75,
            3.5,
            4.5
          ],
          "texture": "#0"
        },
        "east": {
          "uv": [
            3,
            3.75,
            3.25,
            4.5
          ],
          "texture": "#0"
        },
        "south": {
          "uv": [
            3.75,
            3.75,
            4,
            4.5
          ],
          "texture": "#0"
        },
        "west": {
          "uv": [
            3.5,
            3.75,
            3.75,
            4.5
          ],
          "texture": "#0"
        },
        "up": {
          "uv": [
            3.5,
            3.75,
            3.25,
            3.25
          ],
          "texture": "#0"
        },
        "down": {
          "uv": [
            3.75,
            3.25,
            3.5,
            3.75
          ],
          "texture": "#0"
        }
      }
    },
    {
      "name": "body_top",
      "from": [
        7,
        8.09878,
        3.44903
      ],
      "to": [
        9,
        10.89878,
        5.44903
      ],
      "rotation": {
        "angle": 45,
        "axis": "x",
        "origin": [
          5.5,
          1.59878,
          1.94903
        ]
      },
      "faces": {
        "north": {
          "uv": [
            3.25,
            3.75,
            3.5,
            4.25
          ],
          "texture": "#0"
        },
        "east": {
          "uv": [
            3,
            3.75,
            3.25,
            4.25
          ],
          "texture": "#0"
        },
        "south": {
          "uv": [
            3.75,
            3.75,
            4,
            4.25
          ],
          "texture": "#0"
        },
        "west": {
          "uv": [
            3.5,
            3.75,
            3.75,
            4.25
          ],
          "texture": "#0"
        },
        "up": {
          "uv": [
            3.5,
            3.75,
            3.25,
            3.25
          ],
          "texture": "#0"
        },
        "down": {
          "uv": [
            3.75,
            3.25,
            3.5,
            3.75
          ],
          "texture": "#0"
        }
      }
    },
    {
      "name": "body_top",
      "from": [
        7,
        10.22893,
        14.62132
      ],
      "to": [
        9,
        12.32893,
        16.62132
      ],
      "rotation": {
        "angle": -45,
        "axis": "x",
        "origin": [
          5.5,
          3.72893,
          13.12132
        ]
      },
      "faces": {
        "north": {
          "uv": [
            3.25,
            3.75,
            3.5,
            4.25
          ],
          "texture": "#0"
        },
        "east": {
          "uv": [
            3,
            3.75,
            3.25,
            4.25
          ],
          "texture": "#0"
        },
        "south": {
          "uv": [
            3.75,
            3.75,
            4,
            4.25
          ],
          "texture": "#0"
        },
        "west": {
          "uv": [
            3.5,
            3.75,
            3.75,
            4.25
          ],
          "texture": "#0"
        },
        "up": {
          "uv": [
            3.5,
            3.75,
            3.25,
            3.25
          ],
          "texture": "#0"
        },
        "down": {
          "uv": [
            3.75,
            3.25,
            3.5,
            3.75
          ],
          "texture": "#0"
        }
      }
    },
    {
      "name": "body_top",
      "from": [
        7,
        5.7,
        9
      ],
      "to": [
        9,
        10.8,
        11
      ],
      "rotation": {
        "angle": 0,
        "axis": "y",
        "origin": [
          5.5,
          1.5,
          7.5
        ]
      },
      "faces": {
        "north": {
          "uv": [
            3.25,
            3.75,
            3.5,
            4.5
          ],
          "texture": "#0"
        },
        "east": {
          "uv": [
            3,
            3.75,
            3.25,
            4.5
          ],
          "texture": "#0"
        },
        "south": {
          "uv": [
            3.75,
            3.75,
            4,
            4.5
          ],
          "texture": "#0"
        },
        "west": {
          "uv": [
            3.5,
            3.75,
            3.75,
            4.5
          ],
          "texture": "#0"
        },
        "up": {
          "uv": [
            3.5,
            3.75,
            3.25,
            3.25
          ],
          "texture": "#0"
        },
        "down": {
          "uv": [
            3.75,
            3.25,
            3.5,
            3.75
          ],
          "texture": "#0"
        }
      }
    },
    {
      "name": "fan_top",
      "from": [
        1,
        15.8,
        7
      ],
      "to": [
        15,
        17.8,
        9
      ],
      "rotation": {
        "angle": 0,
        "axis": "y",
        "origin": [
          5.5,
          -2.7,
          4.5
        ]
      },
      "faces": {
        "north": {
          "uv": [
            4,
            2.25,
            5.75,
            2.75
          ],
          "texture": "#0"
        },
        "east": {
          "uv": [
            3.75,
            2.25,
            4,
            2.75
          ],
          "texture": "#0"
        },
        "south": {
          "uv": [
            6,
            2.25,
            7.75,
            2.75
          ],
          "texture": "#0"
        },
        "west": {
          "uv": [
            5.75,
            2.25,
            6,
            2.75
          ],
          "texture": "#0"
        },
        "up": {
          "uv": [
            5.75,
            2.25,
            4,
            1.75
          ],
          "texture": "#0"
        },
        "down": {
          "uv": [
            7.5,
            1.75,
            5.75,
            2.25
          ],
          "texture": "#0"
        }
      }
    },
    {
      "name": "fan_bottom",
      "from": [
        1,
        3.8,
        7
      ],
      "to": [
        15,
        5.8,
        9
      ],
      "rotation": {
        "angle": 0,
        "axis": "y",
        "origin": [
          5.5,
          -2.7,
          4.5
        ]
      },
      "faces": {
        "north": {
          "uv": [
            4.25,
            0.5,
            6,
            1
          ],
          "texture": "#0"
        },
        "east": {
          "uv": [
            4,
            0.5,
            4.25,
            1
          ],
          "texture": "#0"
        },
        "south": {
          "uv": [
            6.25,
            0.5,
            8,
            1
          ],
          "texture": "#0"
        },
        "west": {
          "uv": [
            6,
            0.5,
            6.25,
            1
          ],
          "texture": "#0"
        },
        "up": {
          "uv": [
            6,
            0.5,
            4.25,
            0
          ],
          "texture": "#0"
        },
        "down": {
          "uv": [
            7.75,
            0,
            6,
            0.5
          ],
          "texture": "#0"
        }
      }
    },
    {
      "name": "fan_left",
      "from": [
        1,
        5.8,
        7
      ],
      "to": [
        3,
        15.8,
        9
      ],
      "rotation": {
        "angle": 0,
        "axis": "y",
        "origin": [
          5.5,
          -2.7,
          4.5
        ]
      },
      "faces": {
        "north": {
          "uv": [
            8,
            1,
            8.25,
            3.5
          ],
          "texture": "#0"
        },
        "east": {
          "uv": [
            7.75,
            1,
            8,
            3.5
          ],
          "texture": "#0"
        },
        "south": {
          "uv": [
            8.5,
            1,
            8.75,
            3.5
          ],
          "texture": "#0"
        },
        "west": {
          "uv": [
            8.25,
            1,
            8.5,
            3.5
          ],
          "texture": "#0"
        },
        "up": {
          "uv": [
            8.25,
            1,
            8,
            0.5
          ],
          "texture": "#0"
        },
        "down": {
          "uv": [
            8.5,
            0.5,
            8.25,
            1
          ],
          "texture": "#0"
        }
      }
    },
    {
      "name": "fan_right",
      "from": [
        13,
        5.8,
        7
      ],
      "to": [
        15,
        15.8,
        9
      ],
      "rotation": {
        "angle": 0,
        "axis": "y",
        "origin": [
          10.5,
          -2.7,
          4.5
        ]
      },
      "faces": {
        "north": {
          "uv": [
            9.25,
            0.5,
            9,
            3
          ],
          "texture": "#0"
        },
        "east": {
          "uv": [
            9.5,
            0.5,
            9.25,
            3
          ],
          "texture": "#0"
        },
        "south": {
          "uv": [
            9.75,
            0.5,
            9.5,
            3
          ],
          "texture": "#0"
        },
        "west": {
          "uv": [
            9,
            0.5,
            8.75,
            3
          ],
          "texture": "#0"
        },
        "up": {
          "uv": [
            9,
            0.5,
            9.25,
            0
          ],
          "texture": "#0"
        },
        "down": {
          "uv": [
            9.25,
            0,
            9.5,
            0.5
          ],
          "texture": "#0"
        }
      }
    },
    {
      "name": "fan_center1",
      "from": [
        6.5,
        9.3,
        6.5
      ],
      "to": [
        9.5,
        12.3,
        9.5
      ],
      "rotation": {
        "angle": 0,
        "axis": "y",
        "origin": [
          10.5,
          -1.7,
          4.5
        ]
      },
      "faces": {
        "north": {
          "uv": [
            3.25,
            1,
            3.625,
            1.75
          ],
          "texture": "#0"
        },
        "east": {
          "uv": [
            2.875,
            1,
            3.25,
            1.75
          ],
          "texture": "#0"
        },
        "south": {
          "uv": [
            4,
            1,
            4.375,
            1.75
          ],
          "texture": "#0"
        },
        "west": {
          "uv": [
            3.625,
            1,
            4,
            1.75
          ],
          "texture": "#0"
        },
        "up": {
          "uv": [
            3.625,
            1,
            3.25,
            0.25
          ],
          "texture": "#0"
        },
        "down": {
          "uv": [
            4,
            0.25,
            3.625,
            1
          ],
          "texture": "#0"
        }
      }
    },
    {
      "name": "fan_wing_top",
      "from": [
        9.1,
        8.2,
        7.5
      ],
      "to": [
        13.1,
        13.2,
        7.5
      ],
      "rotation": {
        "angle": -22.5,
        "axis": "z",
        "origin": [
          8,
          10.7,
          5.5
        ]
      },
      "faces": {
        "north": {
          "uv": [
            4.625,
            3.75,
            5.25,
            4.75
          ],
          "rotation": 270,
          "texture": "#0"
        },
        "east": {
          "uv": [
            4.875,
            2.75,
            4.875,
            4
          ],
          "texture": "#0"
        },
        "south": {
          "uv": [
            4,
            3.75,
            4.625,
            4.75
          ],
          "rotation": 90,
          "texture": "#0"
        },
        "west": {
          "uv": [
            5.375,
            2.75,
            5.375,
            4
          ],
          "texture": "#0"
        },
        "up": {
          "uv": [
            5.375,
            2.75,
            4.875,
            2.75
          ],
          "texture": "#0"
        },
        "down": {
          "uv": [
            5.875,
            2.75,
            5.375,
            2.75
          ],
          "texture": "#0"
        }
      }
    },
    {
      "name": "fan_wing_left",
      "from": [
        3.1,
        8.2,
        7.5
      ],
      "to": [
        7.1,
        13.2,
        7.5
      ],
      "rotation": {
        "angle": 22.5,
        "axis": "z",
        "origin": [
          8.1,
          10.8,
          5.5
        ]
      },
      "faces": {
        "north": {
          "uv": [
            6,
            2.75,
            6.625,
            3.75
          ],
          "rotation": 90,
          "texture": "#0"
        },
        "east": {
          "uv": [
            6,
            2.75,
            6,
            4
          ],
          "texture": "#0"
        },
        "south": {
          "uv": [
            6,
            2.75,
            6.625,
            3.75
          ],
          "rotation": 270,
          "texture": "#0"
        },
        "west": {
          "uv": [
            6.5,
            2.75,
            6.5,
            4
          ],
          "texture": "#0"
        },
        "up": {
          "uv": [
            6.5,
            2.75,
            6,
            2.75
          ],
          "texture": "#0"
        },
        "down": {
          "uv": [
            7,
            2.75,
            6.5,
            2.75
          ],
          "texture": "#0"
        }
      }
    },
    {
      "name": "fan_wing_left",
      "from": [
        5.5,
        11.8,
        7.5
      ],
      "to": [
        10.5,
        15.8,
        7.5
      ],
      "rotation": {
        "angle": 0,
        "axis": "y",
        "origin": [
          10.5,
          1.3,
          5.5
        ]
      },
      "faces": {
        "north": {
          "uv": [
            4,
            3.75,
            4.625,
            4.75
          ],
          "texture": "#0"
        },
        "east": {
          "uv": [
            4,
            3.75,
            4,
            4.75
          ],
          "texture": "#0"
        },
        "south": {
          "uv": [
            4.625,
            3.75,
            5.25,
            4.75
          ],
          "texture": "#0"
        },
        "west": {
          "uv": [
            4.625,
            3.75,
            4.625,
            4.75
          ],
          "texture": "#0"
        },
        "up": {
          "uv": [
            4.625,
            3.75,
            4,
            3.75
          ],
          "texture": "#0"
        },
        "down": {
          "uv": [
            5.25,
            3.75,
            4.625,
            3.75
          ],
          "texture": "#0"
        }
      }
    }
  ],
  "display": {},
  "groups": [
    {
      "name": "rotom_fan",
      "origin": [
        8,
        0,
        8
      ],
      "color": 0,
      "children": [
        {
          "name": "body",
          "origin": [
            8,
            7,
            8
          ],
          "color": 0,
          "children": [
            0,
            {
              "name": "body_top",
              "origin": [
                8,
                10,
                8.5
              ],
              "color": 0,
              "children": [
                1,
                2,
                3,
                4,
                {
                  "name": "fan",
                  "origin": [
                    8,
                    12.8,
                    6.5
                  ],
                  "color": 0,
                  "children": [
                    5,
                    6,
                    7,
                    8,
                    {
                      "name": "arms",
                      "origin": [
                        8,
                        18.8,
                        6
                      ],
                      "color": 0,
                      "children": [
                        {
                          "name": "arm_left",
                          "origin": [
                            0,
                            18.8,
                            7.5
                          ],
                          "color": 0,
                          "children": []
                        },
                        {
                          "name": "arm_right",
                          "origin": [
                            16,
                            18.8,
                            7.5
                          ],
                          "color": 0,
                          "children": []
                        }
                      ]
                    },
                    {
                      "name": "fan_center",
                      "origin": [
                        8,
                        19.8,
                        7.5
                      ],
                      "color": 0,
                      "children": [
                        9,
                        {
                          "name": "fan_pivot",
                          "origin": [
                            8,
                            19.8,
                            6.5
                          ],
                          "color": 0,
                          "children": [
                            {
                              "name": "fan_wing_top",
                              "origin": [
                                8,
                                19.8,
                                7.5
                              ],
                              "color": 0,
                              "children": [
                                {
                                  "name": "fan_wing_top_rotation",
                                  "origin": [
                                    8,
                                    19.8,
                                    7.5
                                  ],
                                  "color": 0,
                                  "children": [
                                    10
                                  ]
                                }
                              ]
                            },
                            {
                              "name": "fan_wing_left",
                              "origin": [
                                8,
                                19.8,
                                7.5
                              ],
                              "color": 0,
                              "children": [
                                {
                                  "name": "fan_wing_left_rotation2",
                                  "origin": [
                                    8,
                                    19.8,
                                    7.5
                                  ],
                                  "color": 0,
                                  "children": [
                                    11
                                  ]
                                }
                              ]
                            },
                            {
                              "name": "fan_wing_left2",
                              "origin": [
                                8,
                                19.8,
                                7.5
                              ],
                              "color": 0,
                              "children": [
                                {
                                  "name": "fan_wing_left_rotation3",
                                  "origin": [
                                    8,
                                    19.8,
                                    7.5
                                  ],
                                  "color": 0,
                                  "children": [
                                    12
                                  ]
                                }
                              ]
                            }
                          ]
                        }
                      ]
                    }
                  ]
                }
              ]
            },
            {
              "name": "body_bottom",
              "origin": [
                8,
                4,
                8
              ],
              "color": 0,
              "children": []
            }
          ]
        }
      ]
    }
  ]
}