{
  "enabled": "true",
  "neededInstalledMods": [],
  "neededUninstalledMods": [],
  "spawns": [
    {
      "id": "togepi-1",
      "pokemon": "togepi",
      "presets": [
        "natural",
        "flowers"
      ],
      "type": "pokemon",
      "context": "grounded",
      "bucket": "common",
      "level": "10-22",
      "weight": 10.0,
      "condition": {
        "timeRange": "morning",
        "biomes": [
          "#cobblemon:is_magical",
          "#cobblemon:is_floral"
        ]
      }
    }
  ]
}