{
  "enabled": true,
  "neededInstalledMods": [],
  "neededUninstalledMods": [],
  "spawns": [
    {
      "id": "azumarill-1",
      "pokemon": "azumarill",
      "presets": [
        "river",
        "natural"
      ],
      "type": "pokemon",
      "context": "grounded",
      "bucket": "uncommon",
      "level": "18-36",
      "weight": 2,
      "condition": {
        "canSeeSky": true,
        "biomes": [
          "#cobblemon:is_swamp",
          "#cobblemon:is_plains"
        ]
      }
    }
  ]
}