{
  "enabled": true,
  "neededInstalledMods": [],
  "neededUninstalledMods": [],
  "spawns": [
    {
      "id": "unown-1",
      "pokemon": "unown",
      "presets": [
        "stronghold"
      ],
      "type": "pokemon",
      "context": "grounded",
      "bucket": "uncommon",
      "level": "14-63",
      "weight": 9.0,
      "condition": {
        "canSeeSky": false,
        "biomes": [
          "#cobblemon:is_overworld"
        ]
      }
    },
    {
      "id": "unown-2",
      "pokemon": "unown",
      "type": "pokemon",
      "context": "grounded",
      "bucket": "common",
      "level": "35-68",
      "weight": 30.0,
      "condition": {
        "biomes": [
          "#minecraft:is_end"
        ]
      }
    },
    {
      "id": "unown-3-ender",
      "pokemon": "unown ender=true",
      "type": "pokemon",
      "context": "grounded",
      "bucket": "common",
      "level": "35-68",
      "weight": 0.05,
      "condition": {
        "biomes": [
          "#minecraft:is_end"
        ]
      }
    }
  ]
}