{
  "enabled": true,
  "neededInstalledMods": [],
  "neededUninstalledMods": [],
  "spawns": [
    {
      "id": "cascoon-1",
      "pokemon": "cascoon",
      "presets": [
        "natural",
        "treetop"
      ],
      "type": "pokemon",
      "context": "grounded",
      "bucket": "common",
      "level": "7-21",
      "weight": 1.5,
      "condition": {
        "canSeeSky": true,
        "minSkyLight": 8,
        "maxSkyLight": 15,
        "biomes": [
          "#cobblemon:is_forest",
          "#cobblemon:is_jungle"
        ]
      },
      "anticondition": {
        "biomes": [
          "#cobblemon:is_freezing"
        ]
      }
    }
  ]
}

