{
  "enabled": true,
  "neededInstalledMods": [],
  "neededUninstalledMods": [],
  "spawns": [
    {
      "id": "azurill-1",
      "pokemon": "azurill",
      "presets": [
        "river",
        "natural"
      ],
      "type": "pokemon",
      "context": "grounded",
      "bucket": "common",
      "level": "3-10",
      "weight": 1,
      "condition": {
        "canSeeSky": true,
        "biomes": [
          "#cobblemon:is_swamp",
          "#cobblemon:is_plains"
        ]
      }
    }
  ]
}