{
  "enabled": "true",
  "neededInstalledMods": [],
  "neededUninstalledMods": [],
  "spawns": [
    {
      "id": "electrike-1",
      "pokemon": "electrike",
      "presets": [
        "natural"
      ],
      "type": "pokemon",
      "context": "grounded",
      "bucket": "common",
      "level": "5-12",
      "weight": 3.5,
      "condition": {
        "biomes": [
          "#cobblemon:is_savannah"
        ]
      }
    },
    {
      "id": "electrike-1",
      "pokemon": "electrike",
      "presets": [
        "natural"
      ],
      "type": "pokemon",
      "context": "grounded",
      "bucket": "common",
      "level": "5-12",
      "weight": 15.0,
      "condition": {
        "biomes": [
          "#cobblemon:is_savannah"
        ]
      }
    }
  ]
}