{
  "enabled": true,
  "neededInstalledMods": [],
  "neededUninstalledMods": [],
  "spawns": [
    {
      "id": "burmy-1",
      "pokemon": "burmy bagworm_cloak=plant",
      "presets": [
        "natural",
        "foliage",
        "treetop"
      ],
      "type": "pokemon",
      "context": "grounded",
      "bucket": "common",
      "level": "7-21",
      "weight": 2.0,
      "condition": {
        "minSkyLight": 8,
        "maxSkyLight": 15,
        "biomes": [
          "#cobblemon:is_forest",
          "#cobblemon:is_jungle",
          "aether:skyroot_forest",
          "#cobblemon:is_taiga",
          "aether:skyroot_woodland"
        ]
      },
      "anticondition": {
        "biomes": [
          "#cobblemon:is_freezing"
        ]
      }
    },
    {
      "id": "burmy-2",
      "pokemon": "burmy bagworm_cloak=sandy",
      "presets": [
        "natural",
        "foliage",
        "treetop"
      ],
      "type": "pokemon",
      "context": "grounded",
      "bucket": "common",
      "level": "7-21",
      "weight": 2.0,
      "condition": {
        "minSkyLight": 8,
        "maxSkyLight": 15,
        "biomes": [
          "#cobblemon:is_desert",
          "#cobblemon:is_dripstone"
        ]
      },
      "anticondition": {
        "biomes": [
          "#cobblemon:is_freezing"
        ]
      }
    },
    {
      "id": "burmy-3",
      "pokemon": "burmy bagworm_cloak=trash",
      "presets": [
        "natural",
        "urban"
      ],
      "type": "pokemon",
      "context": "grounded",
      "bucket": "common",
      "level": "7-21",
      "weight": 2.0,
      "condition": {
        "minSkyLight": 8,
        "maxSkyLight": 15,
        "biomes": [
          "#cobblemon:is_overworld"
        ],
        "structures": [
          "minecraft:village"
        ]
      },
      "anticondition": {
        "biomes": [
          "#cobblemon:is_freezing"
        ]
      }
    }
  ]
}