{
  "enabled": "true",
  "neededInstalledMods": [],
  "neededUninstalledMods": [],
  "spawns": [
    {
      "id": "audino-1",
      "pokemon": "audino",
      "presets": [
        "natural"
      ],
      "type": "pokemon",
      "context": "grounded",
      "bucket": "rare",
      "level": "19-47",
      "weight": 5.0,
      "condition": {
        "canSeeSky": true,
        "biomes": [
          "#cobblemon:is_plains",
          "#cobblemon:is_highlands",
          "#cobblemon:is_forest"
        ]
      }
    }
  ]
}