{
  "enabled": true,
  "neededInstalledMods": [],
  "neededUninstalledMods": [],
  "spawns": [
    {
      "id": "darmanitan-galarian-1",
      "pokemon": "darmanitan galarian",
      "presets": [
        "natural"
      ],
      "type": "pokemon",
      "context": "grounded",
      "bucket": "uncommon",
      "level": "55-60",
      "weight": 2,
      "condition": {
        "canSeeSky": true,
        "biomes": [
          "minecraft:frozen_peaks",
          "minecraft:ice_spikes",
          "#cobblemon:is_freezing",
          "#cobblemon:is_cold"
        ]
      }
    },
    {
      "id": "darmanitan-galarian-2",
      "pokemon": "darmanitan galarian",
      "presets": [
        "natural"
      ],
      "type": "pokemon",
      "context": "grounded",
      "bucket": "rare",
      "level": "7-32",
      "weight": 5.4,
      "condition": {
        "biomes": [
          "#cobblemon:nether/is_frozen"
        ]
      },
      "anticondition": {
        "biomes": [
          "#cobblemon:nether/is_quartz",
          "#cobblemon:nether/is_toxic"
        ]
      }
    }
  ]
}