{
  "enabled": "true",
  "neededInstalledMods": [],
  "neededUninstalledMods": [],
  "spawns": [
    {
      "id": "gothita-1",
      "pokemon": "gothita",
      "presets": [
        "natural"
      ],
      "type": "pokemon",
      "context": "grounded",
      "bucket": "uncommon",
      "level": "5-35",
      "weight": 5.0,
      "condition": {
        "canSeeSky": true,
        "biomes": [
          "#cobblemon:is_spooky"
        ]
      }
    },
    {
      "id": "gothita-2",
      "pokemon": "gothita",
      "presets": [
        "mansion"
      ],
      "type": "pokemon",
      "context": "grounded",
      "bucket": "uncommon",
      "level": "5-35",
      "weight": 8,
      "condition": {
        "canSeeSky": false,
        "biomes": [
          "minecraft:dark_forest"
        ]
      }
    }
  ]
}