{
  "enabled": "true",
  "neededInstalledMods": [],
  "neededUninstalledMods": [],
  "spawns": [
    {
      "id": "solosis-1",
      "pokemon": "solosis",
      "presets": [
        "natural"
      ],
      "type": "pokemon",
      "context": "grounded",
      "bucket": "rare",
      "level": "5-35",
      "weight": 9.0,
      "condition": {
        "canSeeSky": true,
        "biomes": [
          "#cobblemon:is_magical"
        ],
        "timeRange": "day"
      }
    }
  ]
}