{
  "enabled": true,
  "neededInstalledMods": [],
  "neededUninstalledMods": [],
  "spawns": [
    {
      "id": "bisharp-1",
      "pokemon": "bisharp",
      "presets": [
        "natural",
        "wild"
      ],
      "type": "pokemon",
      "context": "grounded",
      "bucket": "ultra-rare",
      "level": "40-50",
      "weight": 8,
      "condition": {
        "biomes": [
          "#cobblemon:is_overworld"
        ],
        "neededNearbyBlocks": [
          "minecraft:water"
        ],
        "timeRange": "night"
      }
    },
    {
      "id": "bisharp-2",
      "pokemon": "bisharp",
      "presets": [
        "natural"
      ],
      "type": "pokemon",
      "context": "grounded",
      "bucket": "ultra-rare",
      "level": "40-50",
      "weight": 8,
      "condition": {
        "biomes": [
          "#cobblemon:is_basalt"
        ]
      }
    },
    {
      "id": "bisharp-3",
      "pokemon": "bisharp",
      "presets": [
        "natural",
        "nether_structures"
      ],
      "type": "pokemon",
      "context": "grounded",
      "bucket": "rare",
      "level": "40-50",
      "weight": 8,
      "condition": {
        "biomes": [
          "#minecraft:is_nether"
        ]
      }
    },
    {
      "id": "bisharp-4",
      "pokemon": "bisharp",
      "presets": [
        "natural",
        "pillager_outpost"
      ],
      "type": "pokemon",
      "context": "grounded",
      "bucket": "rare",
      "level": "44-60",
      "weight": 20,
      "condition": {
        "biomes": [
          "#cobblemon:is_overworld"
        ],
        "timeRange": "night"
      }
    }
  ]
}