{
  "enabled": true,
  "neededInstalledMods": [],
  "neededUninstalledMods": [],
  "spawns": [
    {
      "id": "braviary-1",
      "pokemon": "braviary",
      "presets": [
        "natural",
        "treetop",
        "wild"
      ],
      "type": "pokemon",
      "context": "grounded",
      "bucket": "common",
      "level": "54-59",
      "weight": 0.2,
      "condition": {
        "minSkyLight": 8,
        "maxSkyLight": 15,
        "biomes": [
          "#cobblemon:is_badlands",
          "#cobblemon:is_hills"
        ],
        "timeRange": "day"
      }
    },
    {
      "id": "braviary-2",
      "pokemon": "braviary",
      "presets": [
        "natural",
        "treetop",
        "wild"
      ],
      "type": "pokemon",
      "context": "grounded",
      "bucket": "common",
      "level": "54-59",
      "weight": 1.0,
      "condition": {
        "minSkyLight": 8,
        "maxSkyLight": 15,
        "biomes": [
          "#cobblemon:is_sky"
        ],
        "timeRange": "day"
      }
    },
    {
      "id": "braviary-hisui-1",
      "pokemon": "braviary_hisui",
      "presets": [
        "natural",
        "treetop",
        "wild"
      ],
      "type": "pokemon",
      "context": "grounded",
      "bucket": "uncommon",
      "level": "54-59",
      "weight": 0.6,
      "condition": {
        "minSkyLight": 8,
        "maxSkyLight": 15,
        "biomes": [
          "#cobblemon:is_snowy",
          "#cobblemon:is_mountain"
        ],
        "timeRange": "day"
      }
    }
  ]
}
