{
  "enabled": true,
  "neededInstalledMods": [],
  "neededUninstalledMods": [],
  "spawns": [
    {
      "id": "floette-red-1",
      "pokemon": "floette flower=red",
      "presets": [
        "natural"
      ],
      "type": "pokemon",
      "context": "grounded",
      "bucket": "common",
      "level": "19-37",
      "weight": 0.95,
      "weightMultiplier": {
        "multiplier": 0.25,
        "condition": {
          "timeRange": "night"
        }
      },
      "condition": {
        "minSkyLight": 8,
        "maxSkyLight": 15,
        "biomes": [
          "#cobblemon:is_overworld"
        ],
        "neededNearbyBlocks": [
          "#cobblemon:red_flowers"
        ]
      }
    },
    {
      "id": "floette-yellow-2",
      "pokemon": "floette flower=yellow",
      "presets": [
        "natural"
      ],
      "type": "pokemon",
      "context": "grounded",
      "bucket": "common",
      "level": "19-37",
      "weight": 0.95,
      "weightMultiplier": {
        "multiplier": 0.25,
        "condition": {
          "timeRange": "night"
        }
      },
      "condition": {
        "minSkyLight": 8,
        "maxSkyLight": 15,
        "biomes": [
          "#cobblemon:is_overworld"
        ],
        "neededNearbyBlocks": [
          "#cobblemon:yellow_flowers"
        ]
      }
    },
    {
      "id": "floette-orange-3",
      "pokemon": "floette flower=orange",
      "presets": [
        "natural"
      ],
      "type": "pokemon",
      "context": "grounded",
      "bucket": "common",
      "level": "19-37",
      "weight": 0.95,
      "weightMultiplier": {
        "multiplier": 0.25,
        "condition": {
          "timeRange": "night"
        }
      },
      "condition": {
        "minSkyLight": 8,
        "maxSkyLight": 15,
        "biomes": [
          "#cobblemon:is_overworld"
        ],
        "neededNearbyBlocks": [
          "#cobblemon:orange_flowers"
        ]
      }
    },
    {
      "id": "floette-blue-4",
      "pokemon": "floette flower=blue",
      "presets": [
        "natural"
      ],
      "type": "pokemon",
      "context": "grounded",
      "bucket": "common",
      "level": "19-37",
      "weight": 0.95,
      "weightMultiplier": {
        "multiplier": 0.25,
        "condition": {
          "timeRange": "night"
        }
      },
      "condition": {
        "minSkyLight": 8,
        "maxSkyLight": 15,
        "biomes": [
          "#cobblemon:is_overworld"
        ],
        "neededNearbyBlocks": [
          "#cobblemon:blue_flowers"
        ]
      }
    },
    {
      "id": "floette-white-5",
      "pokemon": "floette flower=white",
      "presets": [
        "natural"
      ],
      "type": "pokemon",
      "context": "grounded",
      "bucket": "common",
      "level": "19-37",
      "weight": 0.95,
      "weightMultiplier": {
        "multiplier": 0.25,
        "condition": {
          "timeRange": "night"
        }
      },
      "condition": {
        "minSkyLight": 8,
        "maxSkyLight": 15,
        "biomes": [
          "#cobblemon:is_overworld"
        ],
        "neededNearbyBlocks": [
          "#cobblemon:white_flowers"
        ]
      }
    },
    {
      "id": "floette-pink-6",
      "pokemon": "floette flower=pink",
      "presets": [
        "natural"
      ],
      "type": "pokemon",
      "context": "grounded",
      "bucket": "common",
      "level": "19-37",
      "weight": 0.95,
      "weightMultiplier": {
        "multiplier": 0.25,
        "condition": {
          "timeRange": "night"
        }
      },
      "condition": {
        "minSkyLight": 8,
        "maxSkyLight": 15,
        "biomes": [
          "#cobblemon:is_overworld"
        ],
        "neededNearbyBlocks": [
          "#cobblemon:pink_flowers"
        ]
      }
    },
    {
      "id": "floette-white-7",
      "pokemon": "floette flower=white",
      "presets": [
        "natural"
      ],
      "type": "pokemon",
      "context": "grounded",
      "bucket": "common",
      "level": "19-37",
      "weight": 0.95,
      "condition": {
        "minSkyLight": 8,
        "maxSkyLight": 15,
        "biomes": [
          "#aether:is_aether"
        ],
        "neededNearbyBlocks": [
          "#cobblemon:white_flowers"
        ]
      }
    },
    {
      "id": "floette-red-8",
      "pokemon": "floette flower=red",
      "type": "pokemon",
      "context": "grounded",
      "bucket": "common",
      "level": "19-37",
      "weight": 0.95,
      "weightMultiplier": {
        "multiplier": 0.25,
        "condition": {
          "timeRange": "night"
        }
      },
      "condition": {
        "biomes": [
          "the_bumblezone:floral_meadow"
        ]
      },
      "anticondition": {
        "structures": [
          "#the_bumblezone:sempiternal_sanctums"
        ]
      }
    },
    {
      "id": "floette-yellow-8",
      "pokemon": "floette flower=yellow",
      "type": "pokemon",
      "context": "grounded",
      "bucket": "common",
      "level": "19-37",
      "weight": 0.95,
      "weightMultiplier": {
        "multiplier": 0.25,
        "condition": {
          "timeRange": "night"
        }
      },
      "condition": {
        "biomes": [
          "the_bumblezone:floral_meadow"
        ]
      },
      "anticondition": {
        "structures": [
          "#the_bumblezone:sempiternal_sanctums"
        ]
      }
    },
    {
      "id": "floette-orange-8",
      "pokemon": "floette flower=orange",
      "type": "pokemon",
      "context": "grounded",
      "bucket": "common",
      "level": "19-37",
      "weight": 0.95,
      "weightMultiplier": {
        "multiplier": 0.25,
        "condition": {
          "timeRange": "night"
        }
      },
      "condition": {
        "biomes": [
          "the_bumblezone:floral_meadow"
        ]
      },
      "anticondition": {
        "structures": [
          "#the_bumblezone:sempiternal_sanctums"
        ]
      }
    },
    {
      "id": "floette-blue-8",
      "pokemon": "floette flower=blue",
      "type": "pokemon",
      "context": "grounded",
      "bucket": "common",
      "level": "19-37",
      "weight": 0.95,
      "weightMultiplier": {
        "multiplier": 0.25,
        "condition": {
          "timeRange": "night"
        }
      },
      "condition": {
        "biomes": [
          "the_bumblezone:floral_meadow"
        ]
      },
      "anticondition": {
        "structures": [
          "#the_bumblezone:sempiternal_sanctums"
        ]
      }
    },
    {
      "id": "floette-white-8",
      "pokemon": "floette flower=white",
      "type": "pokemon",
      "context": "grounded",
      "bucket": "common",
      "level": "19-37",
      "weight": 0.95,
      "weightMultiplier": {
        "multiplier": 0.25,
        "condition": {
          "timeRange": "night"
        }
      },
      "condition": {
        "biomes": [
          "the_bumblezone:floral_meadow"
        ]
      },
      "anticondition": {
        "structures": [
          "#the_bumblezone:sempiternal_sanctums"
        ]
      }
    },
    {
      "id": "floette-pink-8",
      "pokemon": "floette flower=pink",
      "type": "pokemon",
      "context": "grounded",
      "bucket": "common",
      "level": "19-37",
      "weight": 0.95,
      "weightMultiplier": {
        "multiplier": 0.25,
        "condition": {
          "timeRange": "night"
        }
      },
      "condition": {
        "biomes": [
          "the_bumblezone:floral_meadow"
        ]
      },
      "anticondition": {
        "structures": [
          "#the_bumblezone:sempiternal_sanctums"
        ]
      }
    },
    {
      "id": "floette-eternal-1",
      "pokemon": "floette flower=eternal",
      "type": "pokemon",
      "context": "grounded",
      "bucket": "rare",
      "level": "35-65",
      "weight": 6.0,
      "weightMultiplier": {
        "multiplier": 0.25,
        "condition": {
          "timeRange": "night"
        }
      },
      "condition": {
        "minSkyLight": 8,
        "maxSkyLight": 15,
        "biomes": [
          "#cobblemon:is_overworld"
        ],
        "neededNearbyBlocks": [
          "#cobblemon:pink_flowers",
          "#cobblemon:red_flowers",
          "#cobblemon:blue_flowers",
          "#cobblemon:yellow_flowers",
          "#cobblemon:orange_flowers",
          "#cobblemon:white_flowers"
        ]
      }
    }
  ]
}