{
  "enabled": true,
  "neededInstalledMods": [],
  "neededUninstalledMods": [],
  "spawns": [
    {
      "pokemon": "spritzee",
      "presets": [
        "natural",
        "wild"
      ],
      "type": "pokemon",
      "context": "grounded",
      "bucket": "common",
      "level": "24",
      "weight": 7.6,
      "condition": {
        "biomes": [
          "#cobblemon:is_flower_forest"
        ]
      },
      "id": "spritzee-1"
    },
    {
      "pokemon": "spritzee",
      "presets": [
        "natural",
        "wild"
      ],
      "type": "pokemon",
      "context": "grounded",
      "bucket": "common",
      "level": "27",
      "weight": 7.6,
      "condition": {
        "biomes": [
          "#cobblemon:is_forest"
        ]
      },
      "id": "spritzee-2"
    }
  ]
}