{
  "enabled": true,
  "neededInstalledMods": [],
  "neededUninstalledMods": [],
  "spawns": [
    {
      "pokemon": "aromatisse",
      "presets": [
        "natural",
        "wild"
      ],
      "type": "pokemon",
      "context": "grounded",
      "bucket": "uncommon",
      "level": "47",
      "weight": 7.6,
      "condition": {
        "biomes": [
          "#cobblemon:is_flower_forest"
        ]
      },
      "id": "aromatisse-1"
    },
    {
      "pokemon": "aromatisse",
      "presets": [
        "natural",
        "wild"
      ],
      "type": "pokemon",
      "context": "grounded",
      "bucket": "uncommon",
      "level": "47",
      "weight": 7.6,
      "condition": {
        "biomes": [
          "#cobblemon:is_forest"
        ]
      },
      "id": "aromatisse-2"
    }
  ]
}