{
  "enabled": true,
  "neededInstalledMods": [],
  "neededUninstalledMods": [],
  "spawns": [
    {
      "id": "malamar-1",
      "pokemon": "malamar",
      "type": "pokemon",
      "context": "fishing",
      "bucket": "rare",
      "level": "30-45",
      "weight": 7,
      "condition": {
        "biomes": [
          "#cobblemon:is_overworld"
        ]
      },
      "anticondition": {
        "biomes": [
          "#cobblemon:is_ocean"
        ]
      }
    },
    {
      "id": "malamar-2",
      "pokemon": "malamar",
      "presets": [
        "natural",
        "water"
      ],
      "type": "pokemon",
      "context": "grounded",
      "bucket": "rare",
      "level": "30-42",
      "weight": 8,
      "condition": {
        "biomes": [
          "#cobblemon:is_overworld"
        ],
        "neededNearbyBlocks": [
          "minecraft:water"
        ]
      }
    },
    {
      "id": "malamar-3",
      "pokemon": "malamar",
      "presets": [
        "water"
      ],
      "type": "pokemon",
      "context": "submerged",
      "bucket": "rare",
      "level": "30-42",
      "weight": 5.4,
      "condition": {
        "canSeeSky": true,
        "biomes": [
          "#cobblemon:is_overworld"
        ]
      },
      "anticondition": {
        "biomes": [
          "#cobblemon:is_freezing"
        ]
      }
    },
    {
      "id": "malamar-4",
      "pokemon": "malamar",
      "type": "pokemon",
      "context": "grounded",
      "bucket": "rare",
      "level": "30-42",
      "weight": 20.0,
      "condition": {
        "biomes": [
          "#minecraft:is_end"
        ]
      }
    }
  ]
}