{
  "enabled": true,
  "neededInstalledMods": [],
  "neededUninstalledMods": [],
  "spawns": [
    {
      "id": "dewpider-1",
      "pokemon": "dewpider",
      "type": "pokemon",
      "context": "fishing",
      "bucket": "uncommon",
      "level": "15-27",
      "weight": 7,
      "condition": {
        "biomes": [
          "#cobblemon:is_overworld"
        ]
      },
      "anticondition": {
        "minLureLevel": 1,
        "biomes": [
          "#cobblemon:is_ocean"
        ]
      }
    },
    {
      "id": "dewpider-2",
      "pokemon": "dewpider",
      "presets": [
        "natural",
        "water"
      ],
      "type": "pokemon",
      "context": "grounded",
      "bucket": "uncommon",
      "level": "8-35",
      "weight": 8,
      "condition": {
        "biomes": [
          "#cobblemon:is_overworld"
        ],
        "neededNearbyBlocks": [
          "minecraft:water"
        ]
      }
    },
    {
      "id": "dewpider-3",
      "pokemon": "dewpider",
      "presets": [
        "water"
      ],
      "type": "pokemon",
      "context": "submerged",
      "bucket": "common",
      "level": "5-30",
      "weight": 5.4,
      "condition": {
        "canSeeSky": true,
        "biomes": [
          "#cobblemon:is_overworld"
        ]
      },
      "anticondition": {
        "biomes": [
          "#cobblemon:is_freezing"
        ]
      }
    }
  ]
}