{
  "enabled": true,
  "neededInstalledMods": [],
  "neededUninstalledMods": [],
  "spawns": [
    {
      "pokemon": "greedent",
      "presets": [
        "natural"
      ],
      "type": "pokemon",
      "context": "grounded",
      "bucket": "uncommon",
      "level": "27-32",
      "weight": 7.6,
      "condition": {
        "biomes": [
          "#cobblemon:is_forest"
        ]
      },
      "id": "greedent-1"
    },
    {
      "pokemon": "greedent",
      "presets": [
        "natural"
      ],
      "type": "pokemon",
      "context": "grounded",
      "bucket": "uncommon",
      "level": "29-35",
      "weight": 7.6,
      "condition": {
        "biomes": [
          "#cobblemon:is_taiga"
        ]
      },
      "id": "greedent-2"
    }
  ]
}