{
  "enabled": true,
  "neededInstalledMods": [],
  "neededUninstalledMods": [],
  "spawns": [
    {
      "id": "drednaw-1",
      "pokemon": "drednaw",
      "presets": [
        "natural"
      ],
      "type": "pokemon",
      "context": "grounded",
      "bucket": "rare",
      "level": "22-40",
      "weight": 6.0,
      "condition": {
        "biomes": [
          "#minecraft:is_beach"
        ]
      }
    },
    {
      "id": "drednaw-2",
      "pokemon": "drednaw",
      "presets": [
        "natural"
      ],
      "type": "pokemon",
      "context": "grounded",
      "bucket": "rare",
      "level": "22-40",
      "weight": 8.0,
      "condition": {
        "biomes": [
          "#cobblemon:is_beach"
        ]
      }
    }
  ]
}
