{
  "enabled": true,
  "neededInstalledMods": [],
  "neededUninstalledMods": [],
  "spawns": [
    {
      "id": "toxel-1",
      "pokemon": "toxel",
      "presets": [
        "natural"
      ],
      "type": "pokemon",
      "context": "grounded",
      "bucket": "uncommon",
      "level": "5-27",
      "weight": 7.6,
      "condition": {
        "biomes": [
          "#cobblemon:is_swamp"
        ]
      }
    },
    {
      "id": "toxel-2",
      "pokemon": "toxel",
      "presets": [
        "natural"
      ],
      "type": "pokemon",
      "context": "grounded",
      "bucket": "uncommon",
      "level": "5-24",
      "weight": 7.6,
      "condition": {
        "biomes": [
          "#cobblemon:is_swamp"
        ]
      }
    }
  ]
}