{
  "enabled": true,
  "neededInstalledMods": [],
  "neededUninstalledMods": [],
  "spawns": [
    {
      "id": "spidops-1",
      "pokemon": "spidops",
      "presets": [
        "natural"
      ],
      "type": "pokemon",
      "context": "grounded",
      "bucket": "uncommon",
      "level": "15-28",
      "weight": 11.0,
      "condition": {
        "canSeeSky": true,
        "biomes": [
          "minecraft:bamboo_jungle"
        ]
      }
    },
    {
      "id": "spidops-2",
      "pokemon": "spidops",
      "presets": [
        "natural"
      ],
      "type": "pokemon",
      "context": "grounded",
      "bucket": "rare",
      "level": "20-35",
      "weight": 9.0,
      "condition": {
        "biomes": [
          "minecraft:bamboo_jungle"
        ]
      }
    }
  ]
}
