{
  "enabled": true,
  "neededInstalledMods": [],
  "neededUninstalledMods": [],
  "spawns": [
    {
      "id": "bergmite-1",
      "pokemon": "bergmite",
      "presets": [
        "natural"
      ],
      "type": "pokemon",
      "context": "grounded",
      "bucket": "common",
      "level": "5-30",
      "weight": 9.0,
      "condition": {
        "canSeeSky": true,
        "biomes": [
          "#cobblemon:is_frozen_ocean"
        ]
      }
    },
    {
      "id": "bergmite-2",
      "pokemon": "bergmite",
      "presets": [
        "water_surface"
      ],
      "type": "pokemon",
      "context": "surface",
      "bucket": "common",
      "level": "5-30",
      "weight": 9.0,
      "condition": {
        "canSeeSky": true,
        "biomes": [
          "#cobblemon:is_frozen_ocean"
        ]
      }
    },
    {
      "id": "bergmite-3",
      "pokemon": "bergmite",
      "presets": [
        "natural"
      ],
      "type": "pokemon",
      "context": "grounded",
      "bucket": "common",
      "level": "5-30",
      "weight": 9.0,
      "condition": {
        "biomes": [
          "#cobblemon:is_nether_frozen"
        ]
      }
    },
    {
      "id": "bergmite-4",
      "pokemon": "bermite",
      "presets": [
        "natural"
      ],
      "type": "pokemon",
      "context": "grounded",
      "bucket": "uncommon",
      "level": "35-0",
      "weight": 8.0,
      "condition": {
        "biomes": [
          "minecraft:frozen_peaks",
          "minecraft:snowy_slopes"
        ]
      }
    },
    {
      "id": "bergmite-5",
      "pokemon": "bergmite",
      "presets": [
        "natural"
      ],
      "type": "pokemon",
      "context": "grounded",
      "bucket": "rare",
      "level": "5-30",
      "weight": 8.0,
      "condition": {
        "biomes": [
          "#cobblemon:is_snowy_forest"
        ]
      }
    }
  ]
}