{
  "enabled": "true",
  "neededInstalledMods": [],
  "neededUninstalledMods": [],
  "spawns": [
    {
      "id": "cursola-1",
      "pokemon": "cursola",
      "presets": [
        "underwater"
      ],
      "type": "pokemon",
      "context": "submerged",
      "bucket": "rare",
      "level": "28-45",
      "weight": 6.0,
      "condition": {
        "biomes": [
          "#minecraft:is_ocean"
        ]
      }
    },
    {
      "id": "cursola-2",
      "pokemon": "cursola",
      "presets": [
        "underwater"
      ],
      "type": "pokemon",
      "context": "submerged",
      "bucket": "uncommon",
      "level": "15-60",
      "weight": 7.2,
      "condition": {
        "biomes": [
          "#cobblemon:is_warm_ocean"
        ]
      }
    }
  ]
}