{
  "enabled": true,
  "neededInstalledMods": [],
  "neededUninstalledMods": [],
  "spawns": [
    {
      "id": "grapploct-1",
      "pokemon": "grapploct",
      "type": "pokemon",
      "context": "grounded",
      "bucket": "common",
      "level": "13-34",
      "weight": 2.5,
      "condition": {
        "canSeeSky": true,
        "biomes": [
          "#cobblemon:is_coast",
          "#cobblemon:is_island"
        ]
      }
    },
    {
      "id": "grapploct-2",
      "pokemon": "grapploct",
      "presets": [
        "water_surface"
      ],
      "type": "pokemon",
      "context": "surface",
      "bucket": "common",
      "level": "13-34",
      "weight": 0.2,
      "condition": {
        "canSeeSky": true,
        "biomes": [
          "#cobblemon:is_river",
          "#cobblemon:is_freshwater"
        ]
      }
    }
  ]
}