{
  "enabled": true,
  "neededInstalledMods": [],
  "neededUninstalledMods": [],
  "spawns": [
    {
      "id": "koffing-1",
      "pokemon": "koffing",
      "presets": [
        "natural",
        "urban"
      ],
      "type": "pokemon",
      "context": "grounded",
      "bucket": "common",
      "level": "9-34",
      "weight": 1.8,
      "weightMultiplier": {
        "multiplier": 5.0,
        "condition": {
          "timeRange": "night"
        }
      },
      "condition": {
        "canSeeSky": true,
        "biomes": [
          "#cobblemon:is_overworld"
        ]
      }
    },
    {
      "id": "koffing-2",
      "pokemon": "koffing",
      "presets": [
        "natural",
        "village"
      ],
      "type": "pokemon",
      "context": "grounded",
      "bucket": "common",
      "level": "9-34",
      "weight": 1.8,
      "weightMultiplier": {
        "multiplier": 5.0,
        "condition": {
          "timeRange": "night"
        }
      },
      "condition": {
        "canSeeSky": true,
        "biomes": [
          "#cobblemon:is_overworld"
        ]
      }
    },
    {
      "id": "koffing-3",
      "pokemon": "koffing",
      "presets": [
        "natural"
      ],
      "type": "pokemon",
      "context": "grounded",
      "bucket": "common",
      "level": "9-34",
      "weight": 9.0,
      "condition": {
        "biomes": [
          "#cobblemon:is_nether_toxic"
        ]
      }
    },
    {
      "id": "koffing-galarian-4",
      "pokemon": "koffing galarian",
      "presets": [
        "illager_structures"
      ],
      "type": "pokemon",
      "context": "grounded",
      "bucket": "common",
      "level": "9-34",
      "weight": 1.0,
      "weightMultiplier": {
        "multiplier": 5.0,
        "condition": {
          "timeRange": "night"
        }
      },
      "condition": {
        "canSeeSky": true,
        "biomes": [
          "#cobblemon:is_overworld"
        ]
      },
      "anticondition": {
        "biomes": [
          "#minecraft:woodland_mansion"
        ]
      }
    }
  ]
}