{
  "enabled": true,
  "neededInstalledMods": [],
  "neededUninstalledMods": [],
  "spawns": [
    {
      "id": "litleo-1",
      "pokemon": "litleo",
      "presets": [
        "natural"
      ],
      "type": "pokemon",
      "context": "grounded",
      "bucket": "common",
      "level": "1-35",
      "weight": 8.0,
      "condition": {
        "canSeeSky": true,
        "biomes": [
          "#cobblemon:is_badlands",
          "#cobblemon:is_savanna",
          "#cobblemon:is_jungle"
        ]
      }
    }
  ]
}