{
  "enabled": true,
  "neededInstalledMods": [],
  "neededUninstalledMods": [],
  "spawns": [
    {
      "id": "marill-1",
      "pokemon": "marill",
      "presets": [
        "river",
        "natural"
      ],
      "type": "pokemon",
      "context": "grounded",
      "bucket": "common",
      "level": "5-20",
      "weight": 4,
      "condition": {
        "canSeeSky": true,
        "biomes": [
          "#cobblemon:is_swamp",
          "#cobblemon:is_plains"
        ]
      }
    }
  ]
}