{
  "enabled": true,
  "neededInstalledMods": [],
  "neededUninstalledMods": [],
  "spawns": [
    {
      "id": "mrrime-1",
      "pokemon": "mrrime",
      "presets": [
        "village"
      ],
      "type": "pokemon",
      "context": "grounded",
      "bucket": "uncommon",
      "level": "42-50",
      "weight": 0.8,
      "condition": {
        "canSeeSky": true,
        "biomes": [
          "#cobblemon:is_freezing"
        ]
      }
    },
    {
      "id": "mrrime-2",
      "pokemon": "mrrime",
      "presets": [
        "natural"
      ],
      "type": "pokemon",
      "context": "grounded",
      "bucket": "rare",
      "level": "42-50",
      "weight": 0.8,
      "condition": {
        "canSeeSky": true,
        "biomes": [
          "#cobblemon:is_freezing"
        ]
      }
    }
  ]
}