{
  "enabled": true,
  "neededInstalledMods": [],
  "neededUninstalledMods": [],
  "spawns": [
    {
      "id": "munna-1",
      "pokemon": "munna",
      "type": "pokemon",
      "context": "grounded",
      "bucket": "uncommon",
      "level": "10-25",
      "weight": 5.8,
      "condition": {
        "canSeeSky": true,
        "biomes": [
          "#minecraft:is_overworld"
        ],
        "neededNearbyBlocks": [
          "minecraft:white_bed"
        ]
      }
    }
  ]
}