{
  "enabled": true,
  "neededInstalledMods": [],
  "neededUninstalledMods": [],
  "spawns": [
    {
      "id": "sandslash-1",
      "pokemon": "sandslash",
      "presets": [
        "natural"
      ],
      "type": "pokemon",
      "context": "grounded",
      "bucket": "common",
      "level": "22-45",
      "weight": 1.0,
      "condition": {
        "biomes": [
          "#cobblemon:is_sandy"
        ]
      }
    },
    {
      "id": "sandslash-alolan-2",
      "pokemon": "sandslash alolan",
      "presets": [
        "natural"
      ],
      "type": "pokemon",
      "context": "grounded",
      "bucket": "uncommon",
      "level": "24-45",
      "weight": 1.0,
      "condition": {
        "biomes": [
          "#cobblemon:is_glacial"
        ]
      }
    }
  ]
}