{
  "enabled": true,
  "neededInstalledMods": [],
  "neededUninstalledMods": [],
  "spawns": [
    {
      "id": "seviper-1",
      "pokemon": "seviper",
      "presets": [
        "natural"
      ],
      "type": "pokemon",
      "context": "grounded",
      "bucket": "common",
      "level": "10-45",
      "weight": 3,
      "condition": {
        "canSeeSky": true,
        "minSkyLight": 3,
        "maxSkyLight": 15,
        "biomes": [
          "#cobblemon:is_grassland"
        ]
      }
    }
  ]
}

