{
  "enabled": true,
  "neededInstalledMods": [],
  "neededUninstalledMods": [],
  "spawns": [
    {
      "id": "snorunt-1",
      "pokemon": "snorunt",
      "presets": [
        "natural"
      ],
      "type": "pokemon",
      "context": "grounded",
      "bucket": "uncommon",
      "level": "8-25",
      "weight": 8.0,
      "condition": {
        "biomes": [
          "#cobblemon:is_cold"
        ]
      }
    },
    {
      "id": "snorunt-2",
      "pokemon": "snorunt",
      "presets": [
        "natural"
      ],
      "type": "pokemon",
      "context": "grounded",
      "bucket": "rare",
      "level": "10-32",
      "weight": 8.0,
      "condition": {
        "biomes": [
          "#cobblemon:is_cold"
        ]
      }
    },
    {
      "id": "snorunt-3",
      "pokemon": "snorunt",
      "presets": [
        "natural"
      ],
      "type": "pokemon",
      "context": "grounded",
      "bucket": "common",
      "level": "4-25",
      "weight": 4.0,
      "condition": {
        "biomes": [
          "#cobblemon:is_freezing"
        ]
      }
    },
    {
      "id": "snorunt-4",
      "pokemon": "snorunt",
      "presets": [
        "natural"
      ],
      "type": "pokemon",
      "context": "grounded",
      "bucket": "rare",
      "level": "15-43",
      "weight": 6.0,
      "condition": {
        "biomes": [
          "#cobblemon:is_freezing"
        ]
      }
    }
  ]
}
