{
  "enabled": true,
  "neededInstalledMods": [],
  "neededUninstalledMods": [],
  "spawns": [
    {
      "id": "spoink-1",
      "pokemon": "spoink",
      "presets": [
        "natural"
      ],
      "type": "pokemon",
      "context": "grounded",
      "bucket": "common",
      "level": "1-35",
      "weight": 6.0,
      "condition": {
        "minSkyLight": 8,
        "maxSkyLight": 15,
        "biomes": [
          "#cobblemon:is_plains"
        ]
      }
    },
    {
      "id": "spoink-2",
      "pokemon": "spoink",
      "presets": [
        "natural"
      ],
      "type": "pokemon",
      "context": "grounded",
      "bucket": "common",
      "level": "1-35",
      "weight": 3.0,
      "condition": {
        "biomes": [
          "#cobblemon:nether/is_fungus"
        ]
      }
    }
  ]
}
