{
  "enabled": true,
  "neededInstalledMods": [],
  "neededUninstalledMods": [],
  "spawns": [
    {
      "id": "tynamo-1",
      "pokemon": "tynamo",
      "presets": [
        "water"
      ],
      "type": "pokemon",
      "context": "submerged",
      "bucket": "rare",
      "level": "8-36",
      "weight": 9.0,
      "condition": {
        "canSeeSky": false,
        "biomes": [
          "#cobblemon:is_cave"
        ]
      },
      "anticondition": {
        "biomes": [
          "#cobblemon:is_lush"
        ]
      }
    },
    {
      "id": "tynamo-2",
      "pokemon": "tynamo",
      "presets": [
        "water"
      ],
      "type": "pokemon",
      "context": "submerged",
      "bucket": "uncommon",
      "level": "8-36",
      "weight": 5.0,
      "condition": {
        "canSeeSky": false,
        "biomes": [
          "#cobblemon:is_lush"
        ]
      }
    },
    {
      "id": "tynamo-3",
      "pokemon": "tynamo",
      "type": "pokemon",
      "context": "fishing",
      "bucket": "uncommon",
      "level": "8-36",
      "weight": 5.2,
      "condition": {
        "canSeeSky": false,
        "biomes": [
          "#cobblemon:is_cave"
        ]
      },
      "anticondition": {
        "biomes": [
          "#cobblemon:is_lush"
        ]
      }
    },
    {
      "id": "tynamo-4",
      "pokemon": "tynamo",
      "type": "pokemon",
      "context": "submerged",
      "bucket": "common",
      "level": "8-36",
      "weight": 7.2,
      "condition": {
        "canSeeSky": false,
        "biomes": [
          "#cobblemon:is_lush"
        ]
      }
    }
  ]
}
       