{
  "enabled": true,
  "neededInstalledMods": [],
  "neededUninstalledMods": [],
  "spawns": [
    {
      "id": "vanilluxe-1",
      "pokemon": "vanilluxe",
      "presets": [
        "natural"
      ],
      "type": "pokemon",
      "context": "grounded",
      "bucket": "ultra-rare",
      "level": "40-50",
      "weight": 4.0,
      "condition": {
        "canSeeSky": true,
        "biomes": [
          "#cobblemon:is_tundra",
          "minecraft:snowy_plains",
          "#cobblemon:is_snowy_forest",
          "minecraft:ice_spikes"
        ]
      }
    }
  ]
}