{
	"format_version": "1.12.0",
	"minecraft:geometry": [
		{
			"description": {
				"identifier": "geometry.primeape",
				"texture_width": 64,
				"texture_height": 64,
				"visible_bounds_width": 4,
				"visible_bounds_height": 2.5,
				"visible_bounds_offset": [0, 0.75, 0]
			},
			"bones": [
				{
					"name": "primeape",
					"pivot": [0, 0, 0]
				},
				{
					"name": "body",
					"parent": "primeape",
					"pivot": [0, 13.25, 0.5]
				},
				{
					"name": "torso",
					"parent": "body",
					"pivot": [0, 13.25, 0],
					"cubes": [
						{"origin": [-5, 8.25, -5], "size": [10, 10, 10], "uv": [0, 0]}
					]
				},
				{
					"name": "nose",
					"parent": "torso",
					"pivot": [0, 12.25, -5.5],
					"cubes": [
						{"origin": [-1.5, 11.25, -6], "size": [3, 2, 1], "uv": [8, 43]}
					]
				},
				{
					"name": "eyes",
					"parent": "torso",
					"pivot": [0, 14.5, -5.05]
				},
				{
					"name": "eye_left",
					"parent": "eyes",
					"pivot": [2, 14, -5.01],
					"rotation": [0, 0, -5]
				},
				{
                    "name": "locator_seat_1",
                    "parent": "body",
                    "pivot": [0, 17.5, 0],
                    "locators": {
                        "seat_1": [0, 17.5, 0]
                    }
                },
				{
					"name": "eye_left_base",
					"parent": "eye_left",
					"pivot": [2, 14, -5.01],
					"cubes": [
						{"origin": [1.25, 13, -5.01], "size": [3, 2, 0], "uv": [0, 2]}
					]
				},
				{
					"name": "pupil_left",
					"parent": "eye_left",
					"pivot": [2.25, 14, -5.02],
					"cubes": [
						{"origin": [1.75, 13, -5.02], "size": [1, 2, 0], "uv": [8, 0]}
					]
				},
				{
					"name": "eyebrow_left",
					"parent": "eye_left",
					"pivot": [0.5, 14.2, -5.01],
					"rotation": [0, 0, -15],
					"cubes": [
						{"origin": [0.5, 13.7, -5.03], "size": [4, 1, 0], "inflate": 0.01, "uv": [0, 0]}
					]
				},
				{
					"name": "eyelid_left",
					"parent": "eye_left",
					"pivot": [-0.5, 11.5, 0.1],
					"cubes": [
						{"origin": [1.25, 13, -4.92], "size": [3, 1, 1], "inflate": 0.01, "uv": [0, 49]}
					]
				},
				{
					"name": "eye_right",
					"parent": "eyes",
					"pivot": [-2, 14, -5.01],
					"rotation": [0, 0, 5]
				},
				{
					"name": "eye_right_base",
					"parent": "eye_right",
					"pivot": [-2, 14, -5.01],
					"cubes": [
						{"origin": [-4.25, 13, -5.01], "size": [3, 2, 0], "uv": [0, 6], "mirror": true}
					]
				},
				{
					"name": "pupil_right",
					"parent": "eye_right",
					"pivot": [-2.25, 14, -5.02],
					"cubes": [
						{"origin": [-2.75, 13, -5.02], "size": [1, 2, 0], "uv": [8, 4], "mirror": true}
					]
				},
				{
					"name": "eyebrow_right",
					"parent": "eye_right",
					"pivot": [-0.5, 14.2, -5.01],
					"rotation": [0, 0, 15],
					"cubes": [
						{"origin": [-4.5, 13.7, -5.03], "size": [4, 1, 0], "inflate": 0.01, "uv": [0, 4], "mirror": true}
					]
				},
				{
					"name": "eyelid_right",
					"parent": "eye_right",
					"pivot": [0.5, 11.5, -5.9],
					"cubes": [
						{"origin": [-4.25, 13, -4.92], "size": [3, 1, 1], "inflate": 0.01, "uv": [0, 51], "mirror": true}
					]
				},
				{
					"name": "ears",
					"parent": "torso",
					"pivot": [0, 17.25, -1.75]
				},
				{
					"name": "ear_left",
					"parent": "ears",
					"pivot": [2.5, 17.25, -1.75],
					"rotation": [5, -15, 15],
					"cubes": [
						{"origin": [0.5, 17.25, -1.75], "size": [4, 5, 0], "inflate": 0.01, "uv": [52, 10]}
					]
				},
				{
					"name": "ear_right",
					"parent": "ears",
					"pivot": [-2.5, 17.25, -1.75],
					"rotation": [5, 15, -15],
					"cubes": [
						{"origin": [-4.5, 17.25, -1.75], "size": [4, 5, 0], "inflate": 0.01, "uv": [52, 15]}
					]
				},
				{
					"name": "hair",
					"parent": "torso",
					"pivot": [0, 13.25, 0.5]
				},
				{
					"name": "hair_top",
					"parent": "hair",
					"pivot": [0, 18.25, -0.5],
					"rotation": [-50, 0, 0],
					"cubes": [
						{"origin": [-5, 18.25, -0.5], "size": [10, 3, 0], "uv": [30, 0]}
					]
				},
				{
					"name": "hair_top2",
					"parent": "hair",
					"pivot": [0, 18.25, 2.5],
					"rotation": [-67.5, 0, 0],
					"cubes": [
						{"origin": [-5, 18.25, 2.5], "size": [10, 3, 0], "uv": [30, 3]}
					]
				},
				{
					"name": "hair_bottom",
					"parent": "hair",
					"pivot": [0, 8.25, 2.5],
					"rotation": [67.5, 0, 0],
					"cubes": [
						{"origin": [-5, 5.25, 2.5], "size": [10, 3, 0], "uv": [30, 6]}
					]
				},
				{
					"name": "hair_back1",
					"parent": "hair",
					"pivot": [0, 16.25, 5],
					"rotation": [17.5, 0, 0],
					"cubes": [
						{"origin": [-5, 16.25, 5], "size": [10, 0, 2], "uv": [-2, 20]}
					]
				},
				{
					"name": "hair_back2",
					"parent": "hair",
					"pivot": [0, 13.5, 5],
					"rotation": [-5, 0, 0],
					"cubes": [
						{"origin": [-5, 13.5, 5], "size": [10, 0, 2], "uv": [-2, 22]}
					]
				},
				{
					"name": "hair_back3",
					"parent": "hair",
					"pivot": [0, 10.5, 5],
					"rotation": [-17.5, 0, 0],
					"cubes": [
						{"origin": [-5, 10.5, 5], "size": [10, 0, 2], "uv": [-2, 24]}
					]
				},
				{
					"name": "hair_left",
					"parent": "hair",
					"pivot": [5, 13.25, -0.5],
					"rotation": [0, -50, 0],
					"cubes": [
						{"origin": [5, 8.25, -0.5], "size": [3, 10, 0], "uv": [40, 9]}
					]
				},
				{
					"name": "hair_left2",
					"parent": "hair",
					"pivot": [5, 13.25, 2.5],
					"rotation": [0, -65, 0],
					"cubes": [
						{"origin": [5, 8.25, 2.5], "size": [3, 10, 0], "uv": [52, 0]}
					]
				},
				{
					"name": "hair_right",
					"parent": "hair",
					"pivot": [-5, 13.25, -0.5],
					"rotation": [0, 50, 0],
					"cubes": [
						{"origin": [-8, 8.25, -0.5], "size": [3, 10, 0], "uv": [46, 9], "mirror": true}
					]
				},
				{
					"name": "hair_right2",
					"parent": "hair",
					"pivot": [-5, 13.25, 2.5],
					"rotation": [0, 65, 0],
					"cubes": [
						{"origin": [-8, 8.25, 2.5], "size": [3, 10, 0], "uv": [58, 0], "mirror": true}
					]
				},
				{
					"name": "arms",
					"parent": "torso",
					"pivot": [0, 14.25, -0.5]
				},
				{
					"name": "arm_left",
					"parent": "arms",
					"pivot": [5, 14.25, -0.5],
					"cubes": [
						{"origin": [4, 12.75, -1.5], "size": [6, 2, 2], "inflate": 0.02, "uv": [0, 26]}
					]
				},
				{
					"name": "forearm_left",
					"parent": "arm_left",
					"pivot": [10, 13.75, 0.5],
					"cubes": [
						{"origin": [10, 12.75, -1.5], "size": [5, 2, 2], "uv": [20, 20]},
						{"origin": [11.75, 12.25, -2], "size": [2, 3, 3], "uv": [0, 30]}
					]
				},
				{
					"name": "hand_left",
					"parent": "forearm_left",
					"pivot": [14, 13.75, -0.5],
					"cubes": [
						{"origin": [14, 11.5, -3], "size": [5, 4, 5], "inflate": 0.02, "uv": [24, 24]}
					]
				},
				{
					"name": "arm_right",
					"parent": "arms",
					"pivot": [-5, 14.25, -0.5],
					"cubes": [
						{"origin": [-10, 12.75, -1.5], "size": [6, 2, 2], "inflate": 0.02, "uv": [18, 33]}
					]
				},
				{
					"name": "forearm_right",
					"parent": "arm_right",
					"pivot": [-10, 13.75, 0.5],
					"cubes": [
						{"origin": [-15, 12.75, -1.5], "size": [5, 2, 2], "uv": [34, 20]},
						{"origin": [-13.75, 12.25, -2], "size": [2, 3, 3], "uv": [16, 37]}
					]
				},
				{
					"name": "hand_right",
					"parent": "forearm_right",
					"pivot": [-14, 13.75, -0.5],
					"cubes": [
						{"origin": [-19, 11.5, -3], "size": [5, 4, 5], "inflate": 0.02, "uv": [40, 28]}
					]
				},
				{
					"name": "legs",
					"parent": "body",
					"pivot": [0, 8.25, 0.25]
				},
				{
					"name": "leg_left",
					"parent": "legs",
					"pivot": [3, 8.25, 0.25],
					"rotation": [-15, -10, -5],
					"cubes": [
						{"origin": [2, 5.25, -0.75], "size": [2, 4, 2], "inflate": 0.02, "uv": [0, 36]}
					]
				},
				{
					"name": "knee_left",
					"parent": "leg_left",
					"pivot": [3, 5.25, -0.75],
					"rotation": [27.5, 0, 0],
					"cubes": [
						{"origin": [2, 0.25, -0.75], "size": [2, 5, 2], "uv": [0, 42]},
						{"origin": [1.5, 1.75, -1.25], "size": [3, 2, 3], "uv": [17, 24]}
					]
				},
				{
					"name": "foot_left",
					"parent": "knee_left",
					"pivot": [3, 1.25, 0.25],
					"rotation": [-10, 0, 5],
					"cubes": [
						{"origin": [1.5, -0.75, -4], "size": [3, 2, 6], "uv": [46, 37]}
					]
				},
				{
					"name": "leg_right",
					"parent": "legs",
					"pivot": [-3, 8.25, 0.25],
					"rotation": [-15, 10, 5],
					"cubes": [
						{"origin": [-4, 5.25, -0.75], "size": [2, 4, 2], "inflate": 0.02, "uv": [10, 30]}
					]
				},
				{
					"name": "knee_right",
					"parent": "leg_right",
					"pivot": [-3, 5.25, -0.75],
					"rotation": [27.5, 0, 0],
					"cubes": [
						{"origin": [-4, 0.25, -0.75], "size": [2, 5, 2], "uv": [8, 36]},
						{"origin": [-4.5, 1.75, -1.25], "size": [3, 2, 3], "uv": [31, 34]}
					]
				},
				{
					"name": "foot_right",
					"parent": "knee_right",
					"pivot": [-3, 1.25, 0.25],
					"rotation": [-10, 0, -5],
					"cubes": [
						{"origin": [-4.5, -0.75, -4], "size": [3, 2, 6], "uv": [42, 20]}
					]
				}
			]
		}
	]
}