{
	"format_version": "1.12.0",
	"minecraft:geometry": [
		{
			"description": {
				"identifier": "geometry.primarina",
				"texture_width": 128,
				"texture_height": 128,
				"visible_bounds_width": 8,
				"visible_bounds_height": 5.5,
				"visible_bounds_offset": [0, 2.25, 0]
			},
			"bones": [
				{
					"name": "primarina",
					"pivot": [0, 0, 0]
				},
				{
					"name": "body",
					"parent": "primarina",
					"pivot": [0, 32, 0]
				},
				{
					"name": "torso_upper",
					"parent": "body",
					"pivot": [0, 32, 0],
					"cubes": [
						{"origin": [-3, 31, -3], "size": [6, 8, 6], "uv": [0, 25]}
					]
				},
				{
					"name": "torso_upper2",
					"parent": "torso_upper",
					"pivot": [0, 39, 0],
					"cubes": [
						{"origin": [-2, 38, -2], "size": [4, 7, 4], "uv": [8, 14]}
					]
				},
				{
					"name": "arms",
					"parent": "torso_upper2",
					"pivot": [0, 44, 0]
				},
				{
					"name": "arm_left",
					"parent": "arms",
					"pivot": [2, 43.5, 0],
					"cubes": [
						{"origin": [1, 42.5, -1], "size": [8, 2, 2], "uv": [48, 35]}
					]
				},
				{
					"name": "arm_left2",
					"parent": "arm_left",
					"pivot": [9, 43.5, 1],
					"cubes": [
						{"origin": [9, 42.5, -1.5], "size": [5, 2, 3], "inflate": 0.01, "uv": [80, 31]}
					]
				},
				{
					"name": "arm_left3",
					"parent": "arm_left2",
					"pivot": [13.5, 43.5, 1.5],
					"cubes": [
						{"origin": [13.5, 42.5, -2.5], "size": [4, 2, 5], "inflate": 0.02, "uv": [35, 41]}
					]
				},
				{
					"name": "hand_left",
					"parent": "arm_left3",
					"pivot": [17.5, 43.5, 0]
				},
				{
					"name": "wrist_left",
					"parent": "hand_left",
					"pivot": [17.5, 42.5, 0],
					"cubes": [
						{"origin": [17.5, 42.5, -3.5], "size": [6, 2, 7], "inflate": 0.03, "uv": [61, 35]}
					]
				},
				{
					"name": "fingers_left",
					"parent": "wrist_left",
					"pivot": [23.5, 44.5, 0]
				},
				{
					"name": "fingers_left_rotation",
					"parent": "fingers_left",
					"pivot": [23.5, 42.5, 0],
					"cubes": [
						{"origin": [23.5, 42.5, -3.5], "size": [4, 2, 7], "inflate": 0.03, "uv": [57, 46]}
					]
				},
				{
					"name": "arm_right",
					"parent": "arms",
					"pivot": [-2, 43.5, 0],
					"cubes": [
						{"origin": [-9, 42.5, -1], "size": [8, 2, 2], "uv": [60, 31], "mirror": true}
					]
				},
				{
					"name": "arm_right2",
					"parent": "arm_right",
					"pivot": [-9, 43.5, 1],
					"cubes": [
						{"origin": [-14, 42.5, -1.5], "size": [5, 2, 3], "inflate": 0.01, "uv": [93, 29], "mirror": true}
					]
				},
				{
					"name": "arm_right3",
					"parent": "arm_right2",
					"pivot": [-13.5, 43.5, 1.5],
					"cubes": [
						{"origin": [-17.5, 42.5, -2.5], "size": [4, 2, 5], "inflate": 0.02, "uv": [48, 39], "mirror": true}
					]
				},
				{
					"name": "hand_right",
					"parent": "arm_right3",
					"pivot": [-17.5, 43.5, 0]
				},
				{
					"name": "wrist_right",
					"parent": "hand_right",
					"pivot": [-17.5, 42.5, 0],
					"cubes": [
						{"origin": [-23.5, 42.5, -3.5], "size": [6, 2, 7], "inflate": 0.03, "uv": [88, 36], "mirror": true}
					]
				},
				{
					"name": "fingers_right",
					"parent": "wrist_right",
					"pivot": [-23.5, 44.5, 0]
				},
				{
					"name": "fingers_right_rotation",
					"parent": "fingers_right",
					"pivot": [-23.5, 42.5, 0],
					"cubes": [
						{"origin": [-27.5, 42.5, -3.5], "size": [4, 2, 7], "inflate": 0.03, "uv": [72, 44], "mirror": true}
					]
				},
				{
					"name": "torso_ruff_left",
					"parent": "torso_upper2",
					"pivot": [2, 45, 0],
					"rotation": [0, 0, -7.3],
					"cubes": [
						{"origin": [1.75, 45, -2], "size": [3, 0, 4], "uv": [44, 31]}
					]
				},
				{
					"name": "torso_ruff_front_left",
					"parent": "torso_ruff_left",
					"pivot": [2, 45, -2],
					"rotation": [-12.5, 0, 0],
					"cubes": [
						{"origin": [-1.25, 36, -2], "size": [6, 9, 0], "uv": [24, 23]}
					]
				},
				{
					"name": "torso_ruff_back_left",
					"parent": "torso_ruff_left",
					"pivot": [2, 45, 2],
					"rotation": [12.5, 0, 0],
					"cubes": [
						{"origin": [-1, 38, 2], "size": [6, 7, 0], "uv": [24, 32]}
					]
				},
				{
					"name": "torso_ruff_right",
					"parent": "torso_upper2",
					"pivot": [-2, 45, 0],
					"rotation": [0, 0, 7.3],
					"cubes": [
						{"origin": [-4.75, 45, -2], "size": [3, 0, 4], "uv": [50, 31], "mirror": true}
					]
				},
				{
					"name": "torso_ruff_front_right",
					"parent": "torso_ruff_right",
					"pivot": [-2, 45, -2],
					"rotation": [-12.5, 0, 0],
					"cubes": [
						{"origin": [-4.75, 36, -2], "size": [6, 9, 0], "uv": [36, 23], "mirror": true}
					]
				},
				{
					"name": "torso_ruff_back_right",
					"parent": "torso_ruff_right",
					"pivot": [-2, 45, 2],
					"rotation": [12.5, 0, 0],
					"cubes": [
						{"origin": [-5, 38, 2], "size": [6, 7, 0], "uv": [36, 32], "mirror": true}
					]
				},
				{
					"name": "neck",
					"parent": "torso_upper2",
					"pivot": [0, 45, 0],
					"cubes": [
						{"origin": [-1, 44, -1], "size": [2, 5, 2], "uv": [0, 14]}
					]
				},
				{
					"name": "head",
					"parent": "neck",
					"pivot": [0.25, 48, 0],
					"cubes": [
						{"origin": [-3, 48, -5], "size": [6, 6, 7], "uv": [1, 1]},
						{"origin": [-1.5, 53.65, -1.75], "size": [3, 3, 3], "pivot": [0, 55.125, -0.125], "rotation": [5, 0, 0], "uv": [35, 6]},
						{"origin": [1.25, 54, -1], "size": [2, 2, 2], "pivot": [2.25, 55, 0], "rotation": [2.5, -10, 0], "uv": [27, 10]},
						{"origin": [-3.25, 54, -1], "size": [2, 2, 2], "pivot": [-2.25, 55, 0], "rotation": [2.5, 10, 0], "uv": [0, 21]}
					]
				},
				{
                    "name": "locator_seat_1",
                    "parent": "head",
                    "pivot": [0, 55, 0],
                    "locators": {
                        "seat_1": [0, 55, 0]
                    }
                },
				{
					"name": "blush_left",
					"parent": "head",
					"pivot": [2.92, 49.5, -1.02],
					"cubes": [
						{"origin": [2.92, 49, -2.02], "size": [0, 1, 2], "uv": [4, -2]}
					]
				},
				{
					"name": "blush_right",
					"parent": "head",
					"pivot": [-2.92, 49.5, -1.02],
					"cubes": [
						{"origin": [-2.92, 49, -2.02], "size": [0, 1, 2], "uv": [4, -1], "mirror": true}
					]
				},
				{
					"name": "eyes",
					"parent": "head",
					"pivot": [0, 51.75, -3.5]
				},
				{
					"name": "eye_left",
					"parent": "eyes",
					"pivot": [3.02, 52, -3.51],
					"cubes": [
						{"origin": [3.02, 50.5, -5.02], "size": [0, 2, 4], "uv": [4, 76]},
						{"origin": [2.02, 51, -5.02], "size": [1, 1, 0], "uv": [0, 82]}
					]
				},
				{
					"name": "eye_angry_left",
					"parent": "eye_left",
					"pivot": [2.43, 52, -4.42],
					"cubes": [
						{"origin": [1.93, 51.5, -4.92], "size": [1, 1, 1], "inflate": 0.01, "uv": [0, 85]},
						{"origin": [2.93, 52, -3.92], "size": [0, 1, 2], "inflate": 0.01, "uv": [0, 82]}
					]
				},
				{
					"name": "eye_sad_left",
					"parent": "eye_left",
					"pivot": [2.43, 52, -4.92],
					"cubes": [
						{"origin": [1.93, 51.5, -4.92], "size": [1, 1, 0], "inflate": 0.01, "uv": [12, 80]},
						{"origin": [2.93, 52, -3.92], "size": [0, 1, 2], "inflate": 0.01, "uv": [16, 89]},
						{"origin": [2.93, 51.5, -1.92], "size": [0, 1, 1], "inflate": 0.01, "uv": [20, 90]}
					]
				},
				{
					"name": "eye_unamused_left",
					"parent": "eye_left",
					"pivot": [2.43, 52, -4.42],
					"cubes": [
						{"origin": [1.93, 51.75, -4.92], "size": [1, 1, 1], "inflate": 0.01, "uv": [0, 95]},
						{"origin": [2.93, 51.75, -3.92], "size": [0, 1, 3], "inflate": 0.01, "uv": [0, 90]}
					]
				},
				{
					"name": "eyelash_left",
					"parent": "eye_left",
					"pivot": [3.02, 52.5, -4.02],
					"rotation": [22.5, 0, 0],
					"cubes": [
						{"origin": [3.01, 49.5, -4.01], "size": [0, 3, 4], "uv": [0, 83]}
					]
				},
				{
					"name": "eyelash_closed_left",
					"parent": "eye_left",
					"pivot": [2.92, 50.5, -4.42],
					"rotation": [5, 0, 178],
					"cubes": [
						{"origin": [2.91, 47.5, -4.41], "size": [0, 3, 4], "pivot": [2.92, 50.5, -4.42], "rotation": [15, 0, 0], "uv": [8, 83]}
					]
				},
				{
					"name": "eye_shine_left1",
					"parent": "eye_left",
					"pivot": [3.03, 51, -2.02],
					"cubes": [
						{"origin": [3.03, 50.5, -3.02], "size": [0, 1, 2], "uv": [0, 78]}
					]
				},
				{
					"name": "eye_shine_left2",
					"parent": "eye_left",
					"pivot": [3.03, 52, -4.02],
					"cubes": [
						{"origin": [3.03, 51.5, -4.52], "size": [0, 1, 1], "uv": [2, 81]}
					]
				},
				{
					"name": "eyelid_left",
					"parent": "eye_left",
					"pivot": [2.93, 51, -1.92],
					"cubes": [
						{"origin": [1.93, 50.5, -4.92], "size": [1, 2, 4], "inflate": 0.01, "uv": [10, 81]}
					]
				},
				{
					"name": "eyelid_happy_left",
					"parent": "eye_left",
					"pivot": [2.93, 51, -1.92],
					"cubes": [
						{"origin": [1.93, 50.5, -4.92], "size": [1, 2, 4], "inflate": 0.01, "uv": [78, 77]}
					]
				},
				{
					"name": "eyelid_recoil_left",
					"parent": "eye_left",
					"pivot": [2.93, 51, -1.92],
					"cubes": [
						{"origin": [1.93, 50.5, -4.92], "size": [1, 2, 4], "inflate": 0.01, "uv": [78, 87]}
					]
				},
				{
					"name": "eye_right",
					"parent": "eyes",
					"pivot": [-3.02, 52, -3.51],
					"cubes": [
						{"origin": [-3.02, 50.5, -5.02], "size": [0, 2, 4], "uv": [4, 78], "mirror": true},
						{"origin": [-3.02, 51, -5.02], "size": [1, 1, 0], "uv": [0, 83], "mirror": true}
					]
				},
				{
					"name": "eye_angry_right",
					"parent": "eye_right",
					"pivot": [-2.43, 52, -4.42],
					"cubes": [
						{"origin": [-2.93, 51.5, -4.92], "size": [1, 1, 1], "inflate": 0.01, "uv": [4, 85], "mirror": true},
						{"origin": [-2.93, 52, -3.92], "size": [0, 1, 2], "inflate": 0.01, "uv": [4, 82], "mirror": true}
					]
				},
				{
					"name": "eye_sad_right",
					"parent": "eye_right",
					"pivot": [-2.43, 52, -4.92],
					"cubes": [
						{"origin": [-2.93, 51.5, -4.92], "size": [1, 1, 0], "inflate": 0.01, "uv": [12, 81], "mirror": true},
						{"origin": [-2.93, 52, -3.92], "size": [0, 1, 2], "inflate": 0.01, "uv": [16, 90], "mirror": true},
						{"origin": [-2.93, 51.5, -1.92], "size": [0, 1, 1], "inflate": 0.01, "uv": [20, 91], "mirror": true}
					]
				},
				{
					"name": "eye_unamused_right",
					"parent": "eye_right",
					"pivot": [-2.43, 52, -4.42],
					"cubes": [
						{"origin": [-2.93, 51.75, -4.92], "size": [1, 1, 1], "inflate": 0.01, "uv": [4, 95], "mirror": true},
						{"origin": [-2.93, 51.75, -3.92], "size": [0, 1, 3], "inflate": 0.01, "uv": [0, 91], "mirror": true}
					]
				},
				{
					"name": "eyelash_right",
					"parent": "eye_right",
					"pivot": [-3.02, 52.5, -4.02],
					"rotation": [22.5, 0, 0],
					"cubes": [
						{"origin": [-3.01, 49.5, -4.01], "size": [0, 3, 4], "uv": [0, 86], "mirror": true}
					]
				},
				{
					"name": "eyelash_closed_right",
					"parent": "eye_right",
					"pivot": [-2.92, 50.5, -4.42],
					"rotation": [5, 0, -178],
					"cubes": [
						{"origin": [-2.91, 47.5, -4.41], "size": [0, 3, 4], "pivot": [-2.92, 50.5, -4.42], "rotation": [15, 0, 0], "uv": [8, 86], "mirror": true}
					]
				},
				{
					"name": "eye_shine_right",
					"parent": "eye_right",
					"pivot": [-3.03, 51, -2.02],
					"cubes": [
						{"origin": [-3.03, 50.5, -3.02], "size": [0, 1, 2], "uv": [0, 79], "mirror": true}
					]
				},
				{
					"name": "eye_shine_right2",
					"parent": "eye_right",
					"pivot": [-3.03, 52, -4.02],
					"cubes": [
						{"origin": [-3.03, 51.5, -4.52], "size": [0, 1, 1], "uv": [2, 82], "mirror": true}
					]
				},
				{
					"name": "eyelid_right",
					"parent": "eye_right",
					"pivot": [-2.93, 51, -1.92],
					"cubes": [
						{"origin": [-2.93, 50.5, -4.92], "size": [1, 2, 4], "inflate": 0.01, "uv": [16, 85], "mirror": true}
					]
				},
				{
					"name": "eyelid_happy_right",
					"parent": "eye_right",
					"pivot": [-2.93, 51, -1.92],
					"cubes": [
						{"origin": [-2.93, 50.5, -4.92], "size": [1, 2, 4], "inflate": 0.01, "uv": [62, 103], "mirror": true}
					]
				},
				{
					"name": "eyelid_recoil_right",
					"parent": "eye_right",
					"pivot": [-2.93, 51, -1.92],
					"cubes": [
						{"origin": [-2.93, 50.5, -4.92], "size": [1, 2, 4], "inflate": 0.01, "uv": [118, 94], "mirror": true}
					]
				},
				{
					"name": "muzzle",
					"parent": "head",
					"pivot": [0, 51, -5],
					"rotation": [7.5, 0, 0],
					"cubes": [
						{"origin": [-1.5, 48, -8], "size": [3, 3, 3], "inflate": 0.01, "uv": [20, 0]}
					]
				},
				{
					"name": "mouth",
					"parent": "muzzle",
					"pivot": [0, 49, -6.75],
					"rotation": [-1.5, 0, 0],
					"cubes": [
						{"origin": [-1.5, 48.98, -6.75], "size": [3, 0, 2], "uv": [0, 2]}
					]
				},
				{
					"name": "teeth_left",
					"parent": "mouth",
					"pivot": [0.8, 48.98, -6.75],
					"rotation": [-11, 0, 0],
					"cubes": [
						{"origin": [0.33, 48.98, -7.27], "size": [1, 0, 1], "pivot": [0.8, 48.98, -6.75], "rotation": [0, 45, 0], "uv": [-1, 2]}
					]
				},
				{
					"name": "teeth_right",
					"parent": "mouth",
					"pivot": [-0.8, 48.98, -6.75],
					"rotation": [-11, 0, 0],
					"cubes": [
						{"origin": [-1.33, 48.98, -7.27], "size": [1, 0, 1], "pivot": [-0.8, 48.98, -6.75], "rotation": [0, -45, 0], "uv": [-1, 3], "mirror": true}
					]
				},
				{
					"name": "muzzle2",
					"parent": "muzzle",
					"pivot": [0, 49, -8],
					"rotation": [-5, 0, 0],
					"cubes": [
						{"origin": [-1, 49, -10], "size": [2, 2, 2], "uv": [27, 6]}
					]
				},
				{
					"name": "nose",
					"parent": "muzzle2",
					"pivot": [0, 51, -10.5],
					"cubes": [
						{"origin": [-1, 50, -11.25], "size": [2, 2, 2], "inflate": 0.01, "uv": [0, 4]}
					]
				},
				{
					"name": "star_left",
					"parent": "head",
					"pivot": [3.55, 52.75, 0],
					"rotation": [2.5, 25, 2.5],
					"cubes": [
						{"origin": [3.75, 49, -1.25], "size": [0, 6, 6], "uv": [32, -6]},
						{"origin": [3.75, 54, 1.25], "size": [0, 1, 1], "uv": [30, -1]},
						{"origin": [3.74, 49, -0.75], "size": [0, 2, 5], "uv": [78, -1]}
					]
				},
				{
					"name": "star_right",
					"parent": "head",
					"pivot": [-3.55, 52.75, 0],
					"rotation": [-2.5, -25, -2.5],
					"cubes": [
						{"origin": [-3.75, 50, -1.25], "size": [0, 5, 6], "uv": [44, -6], "mirror": true},
						{"origin": [-3.75, 54, 1.25], "size": [0, 1, 1], "uv": [30, 0], "mirror": true},
						{"origin": [-3.74, 49, -0.75], "size": [0, 2, 5], "uv": [93, 5], "mirror": true}
					]
				},
				{
					"name": "hair_crown",
					"parent": "head",
					"pivot": [0, 55.5, 0.75],
					"rotation": [-35, 0, 0],
					"cubes": [
						{"origin": [-3.5, 55.5, 0.75], "size": [7, 5, 0], "uv": [24, 14]},
						{"origin": [3.5, 55.5, 0.75], "size": [3, 5, 0], "pivot": [3.5, 59.5, 0.75], "rotation": [0, -35, 0], "uv": [38, 12]},
						{"origin": [-6.5, 55.5, 0.75], "size": [3, 5, 0], "pivot": [-3.5, 59.5, 0.75], "rotation": [0, 35, 0], "uv": [44, 17], "mirror": true}
					]
				},
				{
					"name": "hair_crown2",
					"parent": "hair_crown",
					"pivot": [0, 60.5, 0.75],
					"rotation": [-10, 0, 0],
					"cubes": [
						{"origin": [-3.5, 60.5, 0.75], "size": [7, 4, 0], "uv": [24, 19]},
						{"origin": [3.5, 60.5, 0.75], "size": [3, 3, 0], "pivot": [3.5, 64.5, 0.75], "rotation": [0, -35, 0], "uv": [38, 17]},
						{"origin": [-6.5, 60.5, 0.75], "size": [3, 3, 0], "pivot": [-3.5, 64.5, 0.75], "rotation": [0, 35, 0], "uv": [38, 20], "mirror": true}
					]
				},
				{
					"name": "hair",
					"parent": "head",
					"pivot": [0, 52.75, 2.75],
					"cubes": [
						{"origin": [-4, 47.75, 1.75], "size": [8, 8, 2], "uv": [107, 33]}
					]
				},
				{
					"name": "hair_closed",
					"parent": "hair",
					"pivot": [0, 51.75, 3.75],
					"cubes": [
						{"origin": [-4.5, 47.25, 3.75], "size": [9, 10, 7], "uv": [49, 0]}
					]
				},
				{
					"name": "hair2",
					"parent": "hair_closed",
					"pivot": [0, 51.25, 10.75],
					"cubes": [
						{"origin": [-3.5, 47.75, 9.25], "size": [7, 7, 4], "uv": [48, 20]}
					]
				},
				{
					"name": "hair3",
					"parent": "hair2",
					"pivot": [0, 50.75, 13.25],
					"cubes": [
						{"origin": [-2, 48.75, 12], "size": [4, 4, 6], "uv": [82, 0]},
						{"origin": [-1, 52.25, 14], "size": [2, 2, 2], "inflate": 0.1, "uv": [80, 0]},
						{"origin": [-1, 47.25, 14], "size": [2, 2, 2], "inflate": 0.1, "uv": [102, 0]},
						{"origin": [1.5, 49.75, 14], "size": [2, 2, 2], "inflate": 0.1, "uv": [108, 2]},
						{"origin": [1, 51.75, 14], "size": [2, 2, 2], "uv": [96, 2]},
						{"origin": [1, 47.75, 14], "size": [2, 2, 2], "uv": [113, 10]},
						{"origin": [-3.5, 49.75, 14], "size": [2, 2, 2], "inflate": 0.1, "uv": [119, 8], "mirror": true},
						{"origin": [-3, 51.75, 14], "size": [2, 2, 2], "uv": [102, 4], "mirror": true},
						{"origin": [-3, 47.75, 14], "size": [2, 2, 2], "uv": [119, 12], "mirror": true}
					]
				},
				{
					"name": "hair4",
					"parent": "hair3",
					"pivot": [0, 50.75, 16.75],
					"cubes": [
						{"origin": [-2.5, 46.75, 16.75], "size": [5, 8, 9], "uv": [94, 8]}
					]
				},
				{
					"name": "hair_outer1",
					"parent": "hair4",
					"pivot": [0, 46.75, 20.25],
					"rotation": [-17.5, 0, 0],
					"cubes": [
						{"origin": [0, 42.25, 15.25], "size": [0, 5, 5], "uv": [93, 7]}
					]
				},
				{
					"name": "hair5",
					"parent": "hair4",
					"pivot": [0, 51.75, 23.75],
					"cubes": [
						{"origin": [-1.5, 50.25, 24.75], "size": [3, 3, 6], "uv": [76, 11]},
						{"origin": [-1, 52.5, 26.75], "size": [2, 2, 2], "inflate": 0.1, "uv": [94, 25]},
						{"origin": [-1, 49, 26.75], "size": [2, 2, 2], "inflate": 0.1, "uv": [102, 25]},
						{"origin": [0.5, 51.75, 26.75], "size": [2, 2, 2], "pivot": [1.5, 52.75, 27.75], "rotation": [0, 0, -5], "uv": [110, 25]},
						{"origin": [0.5, 49.75, 26.75], "size": [2, 2, 2], "pivot": [1.5, 50.75, 27.75], "rotation": [0, 0, 5], "uv": [118, 25]},
						{"origin": [-2.5, 51.75, 26.75], "size": [2, 2, 2], "pivot": [-1.5, 52.75, 27.75], "rotation": [0, 0, 5], "uv": [109, 29], "mirror": true},
						{"origin": [-2.5, 49.75, 26.75], "size": [2, 2, 2], "pivot": [-1.5, 50.75, 27.75], "rotation": [0, 0, -5], "uv": [117, 29], "mirror": true}
					]
				},
				{
					"name": "hair6",
					"parent": "hair5",
					"pivot": [0, 51.75, 31.75],
					"cubes": [
						{"origin": [-2, 49.25, 29.75], "size": [4, 5, 6], "uv": [74, 20]}
					]
				},
				{
					"name": "hair_outer2",
					"parent": "hair6",
					"pivot": [0, 54.25, 30],
					"rotation": [25, 0, 0],
					"cubes": [
						{"origin": [0, 52.75, 30], "size": [0, 2, 5], "uv": [50, 12]}
					]
				},
				{
					"name": "hair7",
					"parent": "hair6",
					"pivot": [0, 52.75, 35.75],
					"cubes": [
						{"origin": [-1, 50.75, 34.75], "size": [2, 2, 6], "uv": [110, 0]}
					]
				},
				{
					"name": "hair8",
					"parent": "hair7",
					"pivot": [0, 50.75, 40.75],
					"cubes": [
						{"origin": [-1.5, 50.75, 40.75], "size": [3, 2, 4], "inflate": 0.02, "uv": [66, 17]}
					]
				},
				{
					"name": "hair_end_middle",
					"parent": "hair8",
					"pivot": [0, 50.75, 44.75],
					"cubes": [
						{"origin": [-0.5, 50.75, 44.75], "size": [1, 2, 2], "inflate": 0.01, "uv": [88, 20]}
					]
				},
				{
					"name": "hair_end_middle2",
					"parent": "hair_end_middle",
					"pivot": [0, 50.75, 46.75],
					"cubes": [
						{"origin": [-0.5, 50.75, 46.75], "size": [1, 2, 3], "uv": [80, 36]}
					]
				},
				{
					"name": "hair_end_middle3",
					"parent": "hair_end_middle2",
					"pivot": [0, 50.75, 49.75],
					"cubes": [
						{"origin": [0, 50.75, 49.75], "size": [0, 2, 3], "uv": [87, 42]}
					]
				},
				{
					"name": "hair_end_left",
					"parent": "hair8",
					"pivot": [0.5, 50.75, 44.75],
					"rotation": [0, 5, 0],
					"cubes": [
						{"origin": [0.5, 50.75, 44.75], "size": [1, 2, 2], "inflate": 0.01, "uv": [88, 36]}
					]
				},
				{
					"name": "hair_end_left2",
					"parent": "hair_end_left",
					"pivot": [1, 50.75, 46.75],
					"cubes": [
						{"origin": [0.5, 50.75, 46.75], "size": [1, 2, 2], "uv": [73, 44]}
					]
				},
				{
					"name": "hair_end_left3",
					"parent": "hair_end_left2",
					"pivot": [1, 50.75, 48.75],
					"cubes": [
						{"origin": [1, 50.75, 48.75], "size": [0, 2, 2], "uv": [75, 46]}
					]
				},
				{
					"name": "hair_end_right",
					"parent": "hair8",
					"pivot": [-0.5, 50.75, 44.75],
					"rotation": [0, -5, 0],
					"cubes": [
						{"origin": [-1.5, 50.75, 44.75], "size": [1, 2, 2], "inflate": 0.01, "uv": [87, 47], "mirror": true}
					]
				},
				{
					"name": "hair_end_right2",
					"parent": "hair_end_right",
					"pivot": [-1, 50.75, 46.75],
					"cubes": [
						{"origin": [-1.5, 50.75, 46.75], "size": [1, 2, 2], "uv": [58, 49], "mirror": true}
					]
				},
				{
					"name": "hair_end_right3",
					"parent": "hair_end_right2",
					"pivot": [-1, 50.75, 48.75],
					"cubes": [
						{"origin": [-1, 50.75, 48.75], "size": [0, 2, 2], "uv": [60, 45], "mirror": true}
					]
				},
				{
					"name": "hair_open",
					"parent": "hair",
					"pivot": [0, 52.75, 2.75]
				},
				{
					"name": "hair_open_left",
					"parent": "hair_open",
					"pivot": [1.5, 51.75, 2.75],
					"rotation": [0, 22.5, 0],
					"cubes": [
						{"origin": [-1, 49.25, 2.75], "size": [5, 5, 8], "uv": [0, 93]}
					]
				},
				{
					"name": "hair_open_left2",
					"parent": "hair_open_left",
					"pivot": [1.5, 51.75, 10.75],
					"cubes": [
						{"origin": [0, 49.75, 9.75], "size": [3, 4, 9], "uv": [0, 106]}
					]
				},
				{
					"name": "hair_open_left3",
					"parent": "hair_open_left2",
					"pivot": [1.5, 51.75, 18.75],
					"cubes": [
						{"origin": [-0.5, 48.75, 17.75], "size": [4, 6, 9], "uv": [32, 104]}
					]
				},
				{
					"name": "hair_open_left4",
					"parent": "hair_open_left3",
					"pivot": [1.5, 51.75, 26.75],
					"cubes": [
						{"origin": [0, 49.75, 25.75], "size": [3, 4, 8], "uv": [36, 92]}
					]
				},
				{
					"name": "hair_open_left5",
					"parent": "hair_open_left4",
					"pivot": [1.5, 51.75, 33.75],
					"cubes": [
						{"origin": [0.5, 50.75, 32.75], "size": [2, 2, 8], "inflate": 0.01, "uv": [62, 79]}
					]
				},
				{
					"name": "hair_open_left6",
					"parent": "hair_open_left5",
					"pivot": [1.5, 51.75, 40.75],
					"cubes": [
						{"origin": [0.5, 51.25, 39.75], "size": [2, 1, 7], "uv": [51, 87]}
					]
				},
				{
					"name": "hair_open_left7",
					"parent": "hair_open_left6",
					"pivot": [1.5, 51.75, 46.75],
					"cubes": [
						{"origin": [0.5, 51.75, 45.75], "size": [2, 0, 6], "uv": [34, 85]}
					]
				},
				{
					"name": "hair_open_left_top",
					"parent": "hair_open",
					"pivot": [1.5, 52.75, 2.75],
					"rotation": [25, 12.5, 0],
					"cubes": [
						{"origin": [-0.5, 50.25, 2.75], "size": [4, 5, 7], "uv": [80, 63]}
					]
				},
				{
					"name": "hair_open_left_top2",
					"parent": "hair_open_left_top",
					"pivot": [1.5, 52.75, 9.75],
					"cubes": [
						{"origin": [0.5, 50.75, 8.75], "size": [2, 4, 8], "uv": [80, 75]}
					]
				},
				{
					"name": "hair_open_left_top3",
					"parent": "hair_open_left_top2",
					"pivot": [1.5, 52.75, 16.75],
					"cubes": [
						{"origin": [0, 50.25, 15.75], "size": [3, 5, 8], "inflate": 0.01, "uv": [62, 89]}
					]
				},
				{
					"name": "hair_open_left_top4",
					"parent": "hair_open_left_top3",
					"pivot": [1.5, 52.75, 23.75],
					"cubes": [
						{"origin": [0.5, 51.25, 22.75], "size": [2, 3, 8], "uv": [50, 101]}
					]
				},
				{
					"name": "hair_open_left_top5",
					"parent": "hair_open_left_top4",
					"pivot": [1.5, 52.75, 30.75],
					"cubes": [
						{"origin": [1.5, 51.75, 29.75], "size": [0, 2, 9], "uv": [28, 117]}
					]
				},
				{
					"name": "hair_open_left_bottom",
					"parent": "hair_open",
					"pivot": [1, 49.75, 2.75],
					"rotation": [-25, 20, 0],
					"cubes": [
						{"origin": [-1, 47.75, 2.75], "size": [4, 4, 8], "uv": [92, 79]}
					]
				},
				{
					"name": "hair_open_left_bottom2",
					"parent": "hair_open_left_bottom",
					"pivot": [1, 49.75, 10.75],
					"cubes": [
						{"origin": [-0.5, 48.25, 9.75], "size": [3, 3, 8], "uv": [64, 106]}
					]
				},
				{
					"name": "hair_open_left_bottom3",
					"parent": "hair_open_left_bottom2",
					"pivot": [1, 49.75, 17.75],
					"cubes": [
						{"origin": [-1, 47.75, 16.75], "size": [4, 4, 8], "inflate": 0.01, "uv": [78, 109]}
					]
				},
				{
					"name": "hair_open_left_bottom4",
					"parent": "hair_open_left_bottom3",
					"pivot": [1, 49.75, 24.75],
					"cubes": [
						{"origin": [-0.5, 48.25, 23.75], "size": [3, 3, 8], "uv": [106, 115]}
					]
				},
				{
					"name": "hair_open_left_bottom5",
					"parent": "hair_open_left_bottom4",
					"pivot": [1, 49.75, 31.75],
					"cubes": [
						{"origin": [0, 48.75, 30.75], "size": [2, 2, 7], "uv": [95, 119]}
					]
				},
				{
					"name": "hair_open_left_bottom6",
					"parent": "hair_open_left_bottom5",
					"pivot": [1, 49.75, 37.75],
					"cubes": [
						{"origin": [0, 49.75, 36.75], "size": [2, 0, 9], "uv": [57, 56]}
					]
				},
				{
					"name": "hair_open_right",
					"parent": "hair_open",
					"pivot": [-1.5, 51.75, 2.75],
					"rotation": [0, -22.5, 0],
					"cubes": [
						{"origin": [-4, 49.25, 2.75], "size": [5, 5, 8], "uv": [18, 85], "mirror": true}
					]
				},
				{
					"name": "hair_open_right2",
					"parent": "hair_open_right",
					"pivot": [-1.5, 51.75, 10.75],
					"cubes": [
						{"origin": [-3, 49.75, 9.75], "size": [3, 4, 9], "uv": [17, 98], "mirror": true}
					]
				},
				{
					"name": "hair_open_right3",
					"parent": "hair_open_right2",
					"pivot": [-1.5, 51.75, 18.75],
					"cubes": [
						{"origin": [-3.5, 48.75, 18.75], "size": [4, 6, 9], "uv": [15, 111], "mirror": true}
					]
				},
				{
					"name": "hair_open_right4",
					"parent": "hair_open_right3",
					"pivot": [-1.5, 51.75, 26.75],
					"cubes": [
						{"origin": [-3, 49.75, 25.75], "size": [3, 4, 8], "uv": [48, 75], "mirror": true}
					]
				},
				{
					"name": "hair_open_right5",
					"parent": "hair_open_right4",
					"pivot": [-1.5, 51.75, 33.75],
					"cubes": [
						{"origin": [-2.5, 50.75, 32.75], "size": [2, 2, 8], "inflate": 0.01, "uv": [68, 67], "mirror": true}
					]
				},
				{
					"name": "hair_open_right6",
					"parent": "hair_open_right5",
					"pivot": [-1.5, 51.75, 40.75],
					"cubes": [
						{"origin": [-2.5, 51.25, 39.75], "size": [2, 1, 7], "uv": [37, 84], "mirror": true}
					]
				},
				{
					"name": "hair_open_right7",
					"parent": "hair_open_right6",
					"pivot": [-1.5, 51.75, 46.75],
					"cubes": [
						{"origin": [-2.5, 51.75, 45.75], "size": [2, 0, 6], "uv": [30, 85], "mirror": true}
					]
				},
				{
					"name": "hair_open_right_top",
					"parent": "hair_open",
					"pivot": [-1.5, 52.75, 2.75],
					"rotation": [25, -12.5, 0],
					"cubes": [
						{"origin": [-3.5, 50.25, 2.75], "size": [4, 5, 7], "uv": [106, 62], "mirror": true}
					]
				},
				{
					"name": "hair_open_right_top2",
					"parent": "hair_open_right_top",
					"pivot": [-1.5, 52.75, 9.75],
					"cubes": [
						{"origin": [-2.5, 50.75, 8.75], "size": [2, 4, 8], "uv": [94, 67], "mirror": true}
					]
				},
				{
					"name": "hair_open_right_top3",
					"parent": "hair_open_right_top2",
					"pivot": [-1.5, 52.75, 16.75],
					"cubes": [
						{"origin": [-3, 50.25, 15.75], "size": [3, 5, 8], "inflate": 0.01, "uv": [50, 112], "mirror": true}
					]
				},
				{
					"name": "hair_open_right_top4",
					"parent": "hair_open_right_top3",
					"pivot": [-1.5, 52.75, 23.75],
					"cubes": [
						{"origin": [-2.5, 51.25, 22.75], "size": [2, 3, 8], "uv": [108, 74], "mirror": true}
					]
				},
				{
					"name": "hair_open_right_top5",
					"parent": "hair_open_right_top4",
					"pivot": [-1.5, 52.75, 30.75],
					"cubes": [
						{"origin": [-1.5, 51.75, 29.75], "size": [0, 2, 9], "uv": [46, 117], "mirror": true}
					]
				},
				{
					"name": "hair_open_right_bottom",
					"parent": "hair_open",
					"pivot": [-1, 49.75, 2.75],
					"rotation": [-25, -20, 0],
					"cubes": [
						{"origin": [-3, 47.75, 2.75], "size": [4, 4, 8], "uv": [76, 94], "mirror": true}
					]
				},
				{
					"name": "hair_open_right_bottom2",
					"parent": "hair_open_right_bottom",
					"pivot": [-1, 49.75, 10.75],
					"cubes": [
						{"origin": [-2.5, 48.25, 9.75], "size": [3, 3, 8], "uv": [64, 117], "mirror": true}
					]
				},
				{
					"name": "hair_open_right_bottom3",
					"parent": "hair_open_right_bottom2",
					"pivot": [-1, 49.75, 17.75],
					"cubes": [
						{"origin": [-3, 47.75, 16.75], "size": [4, 4, 8], "inflate": 0.01, "uv": [94, 103], "mirror": true}
					]
				},
				{
					"name": "hair_open_right_bottom4",
					"parent": "hair_open_right_bottom3",
					"pivot": [-1, 49.75, 24.75],
					"cubes": [
						{"origin": [-2.5, 48.25, 23.75], "size": [3, 3, 8], "uv": [92, 91], "mirror": true}
					]
				},
				{
					"name": "hair_open_right_bottom5",
					"parent": "hair_open_right_bottom4",
					"pivot": [-1, 49.75, 31.75],
					"cubes": [
						{"origin": [-2, 48.75, 30.75], "size": [2, 2, 7], "uv": [109, 85], "mirror": true}
					]
				},
				{
					"name": "hair_open_right_bottom6",
					"parent": "hair_open_right_bottom5",
					"pivot": [-1, 49.75, 37.75],
					"cubes": [
						{"origin": [-2, 49.75, 36.75], "size": [2, 0, 9], "uv": [65, 78], "mirror": true}
					]
				},
				{
					"name": "torso_bottom",
					"parent": "body",
					"pivot": [0, 32, 0],
					"cubes": [
						{"origin": [-4.5, 24, -4], "size": [9, 8, 9], "uv": [0, 39]},
						{"origin": [4.52, 26, -1], "size": [0, 4, 3], "uv": [95, 63]},
						{"origin": [-4.52, 26, -1], "size": [0, 4, 3], "uv": [107, 62], "mirror": true}
					]
				},
				{
					"name": "skirt",
					"parent": "torso_bottom",
					"pivot": [4, 32, 3],
					"rotation": [40.25, 0, 0],
					"cubes": [
						{"origin": [-8.5, 32, -9.5], "size": [17, 0, 17], "uv": [77, 45]},
						{"origin": [4.51, 30, -6], "size": [0, 2, 9], "uv": [95, 53]},
						{"origin": [-4.51, 30, -6], "size": [0, 2, 9], "uv": [95, 53], "mirror": true}
					]
				},
				{
					"name": "tail",
					"parent": "torso_bottom",
					"pivot": [0, 24, 0.5],
					"cubes": [
						{"origin": [-4, 19, -3.5], "size": [8, 6, 8], "uv": [33, 48]}
					]
				},
				{
					"name": "thight_spike",
					"parent": "tail",
					"pivot": [-4, 22.75, 0.5],
					"cubes": [
						{"origin": [-7, 19.75, 0.5], "size": [3, 3, 0], "pivot": [-4, 22.75, 0.5], "rotation": [0, 0, -15], "uv": [3, 39]}
					]
				},
				{
					"name": "thight_spike2",
					"parent": "tail",
					"pivot": [-2.5, 22.75, -3.5],
					"rotation": [0, -50, 0],
					"cubes": [
						{"origin": [-5.5, 19.75, -3.5], "size": [3, 3, 0], "pivot": [-2.5, 22.75, -3.5], "rotation": [0, 0, -15], "uv": [27, 39]}
					]
				},
				{
					"name": "thight_spike3",
					"parent": "tail",
					"pivot": [2.5, 22.75, -3.5],
					"rotation": [0, 50, 0],
					"cubes": [
						{"origin": [2.5, 19.75, -3.5], "size": [3, 3, 0], "pivot": [2.5, 22.75, -3.5], "rotation": [0, 0, 15], "uv": [27, 42], "mirror": true}
					]
				},
				{
					"name": "thight_spike4",
					"parent": "tail",
					"pivot": [4, 22.75, 0.5],
					"cubes": [
						{"origin": [4, 19.75, 0.5], "size": [3, 3, 0], "pivot": [4, 22.75, 0.5], "rotation": [0, 0, 15], "uv": [3, 42], "mirror": true}
					]
				},
				{
					"name": "thight_spike5",
					"parent": "tail",
					"pivot": [2.5, 22.75, 4.5],
					"rotation": [0, -50, 0],
					"cubes": [
						{"origin": [2.5, 19.75, 4.5], "size": [3, 3, 0], "pivot": [2.5, 22.75, 4.5], "rotation": [0, 0, 15], "uv": [3, 45], "mirror": true}
					]
				},
				{
					"name": "thight_spike6",
					"parent": "tail",
					"pivot": [-2.5, 22.75, 4.5],
					"rotation": [0, 50, 0],
					"cubes": [
						{"origin": [-5.5, 19.75, 4.5], "size": [3, 3, 0], "pivot": [-2.5, 22.75, 4.5], "rotation": [0, 0, -15], "uv": [27, 45]}
					]
				},
				{
					"name": "tail2",
					"parent": "tail",
					"pivot": [0, 19, 0.5],
					"cubes": [
						{"origin": [-3, 15, -2.5], "size": [6, 6, 6], "uv": [0, 56]}
					]
				},
				{
					"name": "tail3",
					"parent": "tail2",
					"pivot": [0, 15, 0.5],
					"cubes": [
						{"origin": [-2, 10, -1.5], "size": [4, 6, 4], "uv": [24, 62]}
					]
				},
				{
					"name": "tail4",
					"parent": "tail3",
					"pivot": [0, 10, 0.5],
					"cubes": [
						{"origin": [-1.5, 3, -1], "size": [3, 8, 3], "uv": [40, 62]}
					]
				},
				{
					"name": "tail_ruff",
					"parent": "tail4",
					"pivot": [0, 3.5, 0.5]
				},
				{
					"name": "tail_ruff_front",
					"parent": "tail_ruff",
					"pivot": [0, 3.5, -1],
					"rotation": [20, 0, 0],
					"cubes": [
						{"origin": [-5, 3.5, -5], "size": [10, 0, 4], "uv": [32, 75]}
					]
				},
				{
					"name": "tail_ruff_front2",
					"parent": "tail_ruff_front",
					"pivot": [0, 3.5, -5],
					"rotation": [-5, 0, 0],
					"cubes": [
						{"origin": [-6, 3.5, -10], "size": [12, 0, 5], "uv": [47, 65]}
					]
				},
				{
					"name": "tail_ruff_back",
					"parent": "tail_ruff",
					"pivot": [0, 3.5, 2],
					"rotation": [-20, 0, 0],
					"cubes": [
						{"origin": [-5, 3.5, 2], "size": [10, 0, 4], "uv": [32, 79]}
					]
				},
				{
					"name": "tail_ruff_back2",
					"parent": "tail_ruff_back",
					"pivot": [0, 3.5, 6],
					"rotation": [5, 0, 0],
					"cubes": [
						{"origin": [-6, 3.5, 6], "size": [12, 0, 5], "uv": [47, 70]}
					]
				},
				{
					"name": "tail_ruff_left",
					"parent": "tail_ruff",
					"pivot": [1.5, 3.5, 0.5],
					"rotation": [0, 0, 20],
					"cubes": [
						{"origin": [1.5, 3.5, -5], "size": [4, 0, 11], "uv": [-11, 69]}
					]
				},
				{
					"name": "tail_ruff_left2",
					"parent": "tail_ruff_left",
					"pivot": [5.5, 3.5, 1.5],
					"rotation": [0, 0, -5],
					"cubes": [
						{"origin": [5.5, 3.5, -5], "size": [5, 0, 13], "uv": [3, 72]}
					]
				},
				{
					"name": "tail_ruff_right",
					"parent": "tail_ruff",
					"pivot": [-1.5, 3.5, 0.5],
					"rotation": [0, 0, -20],
					"cubes": [
						{"origin": [-5.5, 3.5, -5], "size": [4, 0, 11], "uv": [-3, 69], "mirror": true}
					]
				},
				{
					"name": "tail_ruff_right2",
					"parent": "tail_ruff_right",
					"pivot": [-5.5, 3.5, 0.5],
					"rotation": [0, 0, 5],
					"cubes": [
						{"origin": [-10.5, 3.5, -5], "size": [5, 0, 13], "uv": [13, 72], "mirror": true}
					]
				},
				{
					"name": "tail_end",
					"parent": "tail4",
					"pivot": [0, 2.5, 0.5]
				},
				{
					"name": "tail_left",
					"parent": "tail_end",
					"pivot": [0.6, 3.25, 0.5],
					"rotation": [0, 0, -30],
					"cubes": [
						{"origin": [-2.9, -6.75, 0.5], "size": [6, 10, 0], "inflate": 0.01, "uv": [70, 55]}
					]
				},
				{
					"name": "tail_right",
					"parent": "tail_end",
					"pivot": [-0.4, 3.25, 0.5],
					"rotation": [0, 0, 30],
					"cubes": [
						{"origin": [-2.9, -6.75, 0.5], "size": [6, 10, 0], "uv": [82, 53]}
					]
				}
			]
		}
	]
}