{
	"format_version": "1.12.0",
	"minecraft:geometry": [
		{
			"description": {
				"identifier": "geometry.gothitelle",
				"texture_width": 128,
				"texture_height": 64,
				"visible_bounds_width": 3,
				"visible_bounds_height": 3.5,
				"visible_bounds_offset": [0, 1.25, 0]
			},
			"bones": [
				{
					"name": "gothitelle",
					"pivot": [0, 0, 0]
				},
				{
					"name": "locator_root",
					"parent": "gothitelle",
					"pivot": [0, 0, 0],
					"locators": {
						"root": [0, 0, 0]
					}
				},
				{
					"name": "locator_top",
					"parent": "gothitelle",
					"pivot": [0, 38, 0],
					"locators": {
						"top": [0, 38, 0]
					}
				},
				{
					"name": "body",
					"parent": "gothitelle",
					"pivot": [0, 0, 0]
				},
				{
                    "name": "locator_seat_1",
                    "parent": "body",
                    "pivot": [0, 18, 8],
                    "locators": {
                        "seat_1": [0, 18, 8]
                    }
                },
				{
					"name": "locator_target",
					"parent": "body",
					"pivot": [0, 21, -7],
					"locators": {
						"target": [0, 21, -7]
					}
				},
				{
					"name": "locator_middle",
					"parent": "body",
					"pivot": [0, 22, 0],
					"locators": {
						"middle": [0, 22, 0]
					}
				},
				{
					"name": "torso",
					"parent": "body",
					"pivot": [0, 15.5, -0.5],
					"cubes": [
						{"origin": [-2, 17, -2.5], "size": [4, 4, 4], "pivot": [0, 19, -0.5], "rotation": [0, -45, 0], "uv": [24, 20]}
					]
				},
				{
					"name": "dress_middle_top",
					"parent": "torso",
					"pivot": [0, 17.5, 0.5],
					"cubes": [
						{"origin": [-4, 15, -3.25], "size": [8, 3, 8], "pivot": [0, 16.5, 0.75], "rotation": [0, -45, 0], "uv": [96, 51]}
					]
				},
				{
					"name": "torso2",
					"parent": "torso",
					"pivot": [0, 20.5, -1],
					"cubes": [
						{"origin": [-1.5, 22.1, -2.5], "size": [3, 4, 3], "inflate": -0.1, "pivot": [0, 24.1, -1], "rotation": [0, -45, 0], "uv": [0, 8]}
					]
				},
				{
					"name": "dress_top",
					"parent": "torso2",
					"pivot": [0, 22.5, -0.25],
					"cubes": [
						{"origin": [-2.5, 20, -2.75], "size": [5, 3, 5], "pivot": [0, 21.5, -0.25], "rotation": [0, -45, 0], "uv": [20, 35]}
					]
				},
				{
					"name": "arms",
					"parent": "torso2",
					"pivot": [0, 25.25, -1]
				},
				{
					"name": "arm_left",
					"parent": "arms",
					"pivot": [1.5, 25.25, -1],
					"cubes": [
						{"origin": [1.25, 24.75, -1.5], "size": [5, 1, 1], "uv": [52, 17]}
					]
				},
				{
					"name": "arm_left2",
					"parent": "arm_left",
					"pivot": [6.25, 25.25, -0.5],
					"cubes": [
						{"origin": [6.35, 24.75, -1.5], "size": [6, 1, 1], "inflate": 0.1, "uv": [64, 17]}
					]
				},
				{
					"name": "arm_disk_left",
					"parent": "arm_left2",
					"pivot": [12.35, 25.25, -1],
					"cubes": [
						{"origin": [11.85, 23.25, -3], "size": [1, 4, 4], "inflate": 0.1, "uv": [94, 3]}
					]
				},
				{
					"name": "hand_left",
					"parent": "arm_left2",
					"pivot": [13, 25.25, -1],
					"cubes": [
						{"origin": [12.5, 24.25, -2], "size": [2, 2, 2], "inflate": 0.01, "uv": [41, 40]}
					]
				},
				{
					"name": "locator_hand_secondary",
					"parent": "hand_left",
					"pivot": [14.2, 25.25, -1],
					"rotation": [0, -90, 0],
					"locators": {
						"hand_secondary": [14.2, 25.25, -1]
					}
				},
				{
					"name": "fingers_left",
					"parent": "hand_left",
					"pivot": [14.25, 25.5, -1],
					"cubes": [
						{"origin": [13.75, 24.75, -2], "size": [2, 1, 2], "uv": [50, 41]}
					]
				},
				{
					"name": "thumb_left",
					"parent": "hand_left",
					"pivot": [13, 25.25, -2],
					"cubes": [
						{"origin": [12.5, 24.75, -2.5], "size": [2, 1, 1], "uv": [59, 42]}
					]
				},
				{
					"name": "arm_right",
					"parent": "arms",
					"pivot": [-1.5, 25.25, -1],
					"cubes": [
						{"origin": [-6.25, 24.75, -1.5], "size": [5, 1, 1], "uv": [52, 15]}
					]
				},
				{
					"name": "arm_right2",
					"parent": "arm_right",
					"pivot": [-6.25, 25.25, -0.5],
					"cubes": [
						{"origin": [-12.35, 24.75, -1.5], "size": [6, 1, 1], "inflate": 0.1, "uv": [64, 15]}
					]
				},
				{
					"name": "arm_disk_right",
					"parent": "arm_right2",
					"pivot": [-12.35, 25.25, -1],
					"cubes": [
						{"origin": [-12.85, 23.25, -3], "size": [1, 4, 4], "inflate": 0.1, "uv": [84, 3]}
					]
				},
				{
					"name": "hand_right",
					"parent": "arm_right2",
					"pivot": [-13, 25.25, -1],
					"cubes": [
						{"origin": [-14.5, 24.25, -2], "size": [2, 2, 2], "inflate": 0.01, "uv": [41, 36]}
					]
				},
				{
					"name": "locator_hand_primary",
					"parent": "hand_right",
					"pivot": [-14.2, 25.25, -1],
					"rotation": [0, 90, 0],
					"locators": {
						"hand_primary": [-14.2, 25.25, -1],
						"physical": [-14.2, 25.25, -1]
					}
				},
				{
					"name": "locator_item",
					"parent": "hand_right",
					"pivot": [-14.2, 24.25, -1],
					"locators": {
						"item": [-14.2, 24.25, -1]
					}
				},
				{
					"name": "fingers_right",
					"parent": "hand_right",
					"pivot": [-14.25, 25.5, -1],
					"cubes": [
						{"origin": [-15.75, 24.75, -2], "size": [2, 1, 2], "uv": [50, 38]}
					]
				},
				{
					"name": "thumb_right",
					"parent": "hand_right",
					"pivot": [-13, 25.25, -2],
					"cubes": [
						{"origin": [-14.5, 24.75, -2.5], "size": [2, 1, 1], "uv": [59, 40]}
					]
				},
				{
					"name": "neck",
					"parent": "torso2",
					"pivot": [0, 25.5, -0.75],
					"cubes": [
						{"origin": [-0.5, 25, -1.25], "size": [1, 3, 1], "uv": [0, 36]}
					]
				},
				{
					"name": "head",
					"parent": "neck",
					"pivot": [0, 27.75, -0.75]
				},
				{
					"name": "head_ai",
					"parent": "head",
					"pivot": [0, 27.75, -0.75]
				},
				{
					"name": "head_angle",
					"parent": "head_ai",
					"pivot": [0, 27.75, -0.75],
					"cubes": [
						{"origin": [-4, 26.75, -4.75], "size": [8, 7, 8], "uv": [0, 20]},
						{"origin": [-0.5, 29.25, -4.75], "size": [1, 1, 0], "inflate": 0.01, "uv": [16, 38]},
						{"origin": [-2, 30.25, -4.75], "size": [4, 1, 0], "inflate": 0.01, "uv": [16, 36]}
					]
				},
				{
					"name": "locator_face",
					"parent": "head_angle",
					"pivot": [0, 30, -4.75],
					"locators": {
						"face": [0, 30, -4.75]
					}
				},
				{
					"name": "locator_item_face",
					"parent": "head_angle",
					"pivot": [0, 30, -4.75],
					"locators": {
						"item_face": [0, 30, -4.75]
					}
				},
				{
					"name": "locator_mouth",
					"parent": "head_angle",
					"pivot": [0, 27.5, -4.75],
					"locators": {
						"mouth": [0, 27.5, -4.75]
					}
				},
				{
					"name": "locator_head",
					"parent": "head_angle",
					"pivot": [0, 33.75, -4],
					"locators": {
						"head": [0, 33.75, -4]
					}
				},
				{
					"name": "locator_item_hat",
					"parent": "head_angle",
					"pivot": [0, 33.75, -0.75],
					"locators": {
						"item_hat": [0, 33.75, -0.75]
					}
				},
				{
					"name": "locator_special",
					"parent": "head_angle",
					"pivot": [0, 27, -9],
					"locators": {
						"special": [0, 27, -9]
					}
				},
				{
					"name": "eyes",
					"parent": "head_angle",
					"pivot": [0, 36.25, -0.75]
				},
				{
					"name": "eye_right",
					"parent": "eyes",
					"pivot": [-2.76, 29, -4.76],
					"cubes": [
						{"origin": [-4.01, 28.25, -4.76], "size": [3, 2, 1], "uv": [1, 1]},
						{"origin": [-4.01, 27.75, -4.76], "size": [2, 1, 0], "uv": [1, 57]}
					]
				},
				{
					"name": "pupil_right",
					"parent": "eye_right",
					"pivot": [-2.5, 29.75, -4.76],
					"cubes": [
						{"origin": [-3.5, 28.75, -4.77], "size": [2, 2, 0], "uv": [1, 59]}
					]
				},
				{
					"name": "locator_eye_right",
					"parent": "pupil_right",
					"pivot": [-2.5, 29.75, -4.75],
					"locators": {
						"eye1": [-2.5, 29.75, -4.75]
					}
				},
				{
					"name": "right_shine",
					"parent": "pupil_right",
					"pivot": [-2.5, 29.75, -4.77],
					"cubes": [
						{"origin": [-3, 29.25, -4.78], "size": [1, 1, 0], "uv": [25, 51]}
					]
				},
				{
					"name": "eye_left",
					"parent": "eyes",
					"pivot": [2.76, 29, -4.76],
					"cubes": [
						{"origin": [1.01, 28.25, -4.76], "size": [3, 2, 1], "uv": [1, 4]},
						{"origin": [2.01, 27.75, -4.76], "size": [2, 1, 0], "uv": [25, 57]}
					]
				},
				{
					"name": "pupil_left",
					"parent": "eye_left",
					"pivot": [2.5, 29.75, -4.76],
					"cubes": [
						{"origin": [1.5, 28.75, -4.77], "size": [2, 2, 0], "uv": [25, 59]}
					]
				},
				{
					"name": "locator_eye_left",
					"parent": "pupil_left",
					"pivot": [2.5, 29.75, -4.75],
					"locators": {
						"eye2": [2.5, 29.75, -4.75]
					}
				},
				{
					"name": "left_shine",
					"parent": "pupil_left",
					"pivot": [2.5, 29.75, -4.77],
					"cubes": [
						{"origin": [2, 29.25, -4.78], "size": [1, 1, 0], "uv": [28, 51]}
					]
				},
				{
					"name": "eyebrow_left",
					"parent": "eyes",
					"pivot": [2.51, 30.75, -4.27],
					"cubes": [
						{"origin": [1.01, 30.25, -4.77], "size": [3, 1, 1], "inflate": 0.01, "uv": [40, 4]}
					]
				},
				{
					"name": "eyebrow_right",
					"parent": "eyes",
					"pivot": [-2.51, 30.75, -4.27],
					"cubes": [
						{"origin": [-4.01, 30.25, -4.77], "size": [3, 1, 1], "inflate": 0.01, "uv": [40, 1]}
					]
				},
				{
					"name": "eyelids",
					"parent": "eyes",
					"pivot": [0, 26, -0.75]
				},
				{
					"name": "eyelid_left",
					"parent": "eyelids",
					"pivot": [2.91, 29, -4.66],
					"cubes": [
						{"origin": [1.91, 28.5, -4.66], "size": [2, 1, 0], "uv": [77, 0]}
					]
				},
				{
					"name": "eyelid_inner_left",
					"parent": "eyelid_left",
					"pivot": [1.41, 29, -4.66],
					"cubes": [
						{"origin": [0.91, 28.5, -4.66], "size": [1, 1, 0], "uv": [75, 2]}
					]
				},
				{
					"name": "eyelid_outer_left",
					"parent": "eyelid_left",
					"pivot": [3.91, 29, -4.16],
					"cubes": [
						{"origin": [3.91, 28.5, -4.66], "size": [0, 1, 1], "uv": [79, 1]}
					]
				},
				{
					"name": "eyelid_right",
					"parent": "eyelids",
					"pivot": [-2.91, 29, -4.66],
					"cubes": [
						{"origin": [-3.91, 28.5, -4.66], "size": [2, 1, 0], "uv": [73, 0], "mirror": true}
					]
				},
				{
					"name": "eyelid_inner_right",
					"parent": "eyelid_right",
					"pivot": [-1.41, 29, -4.66],
					"cubes": [
						{"origin": [-1.91, 28.5, -4.66], "size": [1, 1, 0], "uv": [73, 2], "mirror": true}
					]
				},
				{
					"name": "eyelid_outer_right",
					"parent": "eyelid_right",
					"pivot": [-3.91, 29, -4.16],
					"cubes": [
						{"origin": [-3.91, 28.5, -4.66], "size": [0, 1, 1], "uv": [77, 1], "mirror": true}
					]
				},
				{
					"name": "eyelid_emote_left",
					"parent": "eyes",
					"pivot": [3.41, 30, -4.18]
				},
				{
					"name": "eyelid_emote_inner_left",
					"parent": "eyelid_emote_left",
					"pivot": [1.4, 30, -4.68],
					"cubes": [
						{"origin": [0.9, 29.5, -4.68], "size": [1, 1, 0], "uv": [79, 6]}
					]
				},
				{
					"name": "eyelid_emote_middle_left",
					"parent": "eyelid_emote_left",
					"pivot": [2.4, 30, -4.68],
					"cubes": [
						{"origin": [1.9, 29.5, -4.68], "size": [1, 1, 0], "uv": [77, 6]}
					]
				},
				{
					"name": "eyelid_emote_outer_left",
					"parent": "eyelid_emote_left",
					"pivot": [3.41, 30, -4.18],
					"cubes": [
						{"origin": [2.91, 29.5, -4.68], "size": [1, 1, 1], "inflate": 0.01, "uv": [77, 4]}
					]
				},
				{
					"name": "eyelid_emote_right",
					"parent": "eyes",
					"pivot": [-3.41, 30, -4.18]
				},
				{
					"name": "eyelid_emote_inner_right",
					"parent": "eyelid_emote_right",
					"pivot": [-1.4, 30, -4.68],
					"cubes": [
						{"origin": [-1.9, 29.5, -4.68], "size": [1, 1, 0], "uv": [75, 6], "mirror": true}
					]
				},
				{
					"name": "eyelid_emote_middle_right",
					"parent": "eyelid_emote_right",
					"pivot": [-2.4, 30, -4.68],
					"cubes": [
						{"origin": [-2.9, 29.5, -4.68], "size": [1, 1, 0], "uv": [73, 6], "mirror": true}
					]
				},
				{
					"name": "eyelid_emote_outer_right",
					"parent": "eyelid_emote_right",
					"pivot": [-3.41, 30, -4.18],
					"cubes": [
						{"origin": [-3.91, 29.5, -4.68], "size": [1, 1, 1], "inflate": 0.01, "uv": [73, 4], "mirror": true}
					]
				},
				{
					"name": "mouth",
					"parent": "head_angle",
					"pivot": [0, 38.25, -4.75]
				},
				{
					"name": "lip_upper",
					"parent": "mouth",
					"pivot": [0, 38.5, -4.75],
					"cubes": [
						{"origin": [-0.5, 27.5, -5.5], "size": [1, 1, 1], "uv": [1, 45]}
					]
				},
				{
					"name": "locator_jaw_upper",
					"parent": "lip_upper",
					"pivot": [0, 27.7, -5.5],
					"locators": {
						"jaw1": [0, 27.7, -5.5]
					}
				},
				{
					"name": "lip_lower",
					"parent": "mouth",
					"pivot": [0, 38, -4.65],
					"cubes": [
						{"origin": [-0.5, 27, -5.4], "size": [1, 1, 1], "inflate": -0.02, "uv": [1, 48]}
					]
				},
				{
					"name": "locator_jaw_lower",
					"parent": "lip_lower",
					"pivot": [0, 27.45, -5.35],
					"locators": {
						"jaw2": [0, 27.45, -5.35]
					}
				},
				{
					"name": "mouth_inner",
					"parent": "mouth",
					"pivot": [0, 37.75, -4.18],
					"cubes": [
						{"origin": [-0.5, 26.75, -4.69], "size": [1, 1, 1], "inflate": -0.03, "uv": [1, 51]}
					]
				},
				{
					"name": "point",
					"parent": "head_angle",
					"pivot": [0, 33.75, -2.25],
					"rotation": [-5, 0, 0],
					"cubes": [
						{"origin": [-2.5, 33.25, -2.75], "size": [5, 3, 5], "uv": [0, 35]}
					]
				},
				{
					"name": "point2",
					"parent": "point",
					"pivot": [-0.5, 35.75, -0.75],
					"rotation": [-10, 0, 0],
					"cubes": [
						{"origin": [-1, 34.75, -0.75], "size": [2, 4, 2], "uv": [0, 22]}
					]
				},
				{
					"name": "head_bow",
					"parent": "point",
					"pivot": [0, 34.8, 3.1],
					"rotation": [20, 0, 0],
					"cubes": [
						{"origin": [-1, 33.8, 2.6], "size": [2, 2, 1], "uv": [120, 3]}
					]
				},
				{
					"name": "head_bow_left",
					"parent": "head_bow",
					"pivot": [1.1, 34.8, 3.1],
					"rotation": [0, -5, 2.5],
					"cubes": [
						{"origin": [0.6, 32.3, 2.1], "size": [3, 5, 2], "uv": [94, 18]}
					]
				},
				{
					"name": "head_bow_right",
					"parent": "head_bow",
					"pivot": [-1.1, 34.8, 3.1],
					"rotation": [0, 5, -2.5],
					"cubes": [
						{"origin": [-3.6, 32.3, 2.1], "size": [3, 5, 2], "uv": [84, 18]}
					]
				},
				{
					"name": "head_disks",
					"parent": "head_angle",
					"pivot": [0, 31, -0.75]
				},
				{
					"name": "disks_left",
					"parent": "head_disks",
					"pivot": [4, 31, -0.75]
				},
				{
					"name": "disk_top_left",
					"parent": "disks_left",
					"pivot": [4, 32.75, -0.75],
					"rotation": [0, 0, -30],
					"cubes": [
						{"origin": [3.5, 32, -5.25], "size": [8, 1, 8], "pivot": [8, 32.5, -0.75], "rotation": [0, 45, 0], "uv": [0, 46]}
					]
				},
				{
					"name": "disk_middle_top_left",
					"parent": "disks_left",
					"pivot": [4, 31.5, -0.75],
					"rotation": [0, 0, -10],
					"cubes": [
						{"origin": [4, 31, -5.25], "size": [8, 1, 8], "pivot": [8.5, 31.5, -0.75], "rotation": [0, 45, 0], "uv": [24, 45]}
					]
				},
				{
					"name": "disk_middle_bottom_left",
					"parent": "disks_left",
					"pivot": [4, 30.5, -0.75],
					"rotation": [0, 0, 10],
					"cubes": [
						{"origin": [4, 30, -5.25], "size": [8, 1, 8], "pivot": [8.5, 30.5, -0.75], "rotation": [0, 45, 0], "uv": [48, 46]}
					]
				},
				{
					"name": "disk_bottom_left",
					"parent": "disks_left",
					"pivot": [4, 29.5, -0.75],
					"rotation": [0, 0, 30],
					"cubes": [
						{"origin": [3.5, 29, -5.25], "size": [8, 1, 8], "pivot": [8, 29.5, -0.75], "rotation": [0, 45, 0], "uv": [72, 45]}
					]
				},
				{
					"name": "disks_right",
					"parent": "head_disks",
					"pivot": [-4, 31, -0.75]
				},
				{
					"name": "disk_top_right",
					"parent": "disks_right",
					"pivot": [-4, 32.75, -0.75],
					"rotation": [0, 0, 30],
					"cubes": [
						{"origin": [-11.5, 32, -5.25], "size": [8, 1, 8], "pivot": [-8, 32.5, -0.75], "rotation": [0, -45, 0], "uv": [0, 55], "mirror": true}
					]
				},
				{
					"name": "disk_middle_top_right",
					"parent": "disks_right",
					"pivot": [-4, 31.5, -0.75],
					"rotation": [0, 0, 10],
					"cubes": [
						{"origin": [-12, 31, -5.25], "size": [8, 1, 8], "pivot": [-8.5, 31.5, -0.75], "rotation": [0, -45, 0], "uv": [24, 54], "mirror": true}
					]
				},
				{
					"name": "disk_middle_bottom_right",
					"parent": "disks_right",
					"pivot": [-4, 30.5, -0.75],
					"rotation": [0, 0, -10],
					"cubes": [
						{"origin": [-12, 30, -5.25], "size": [8, 1, 8], "pivot": [-8.5, 30.5, -0.75], "rotation": [0, -45, 0], "uv": [48, 55], "mirror": true}
					]
				},
				{
					"name": "disk_bottom_right",
					"parent": "disks_right",
					"pivot": [-4, 29.5, -0.75],
					"rotation": [0, 0, -30],
					"cubes": [
						{"origin": [-11.5, 29, -5.25], "size": [8, 1, 8], "pivot": [-8, 29.5, -0.75], "rotation": [0, -45, 0], "uv": [72, 54], "mirror": true}
					]
				},
				{
					"name": "bow_top",
					"parent": "torso2",
					"pivot": [0, 22.5, -3.75],
					"rotation": [-12.5, 0, 0],
					"cubes": [
						{"origin": [-1, 21.5, -4.25], "size": [2, 2, 1], "inflate": -0.1, "uv": [120, 6]}
					]
				},
				{
					"name": "bow_top_left",
					"parent": "bow_top",
					"pivot": [0.9, 22.5, -3.75],
					"rotation": [0, -10, 2.5],
					"cubes": [
						{"origin": [0.4, 20.6, -4.75], "size": [2, 4, 2], "inflate": -0.1, "uv": [112, 6]}
					]
				},
				{
					"name": "bow_top_right",
					"parent": "bow_top",
					"pivot": [-0.9, 22.5, -3.75],
					"rotation": [0, 10, -2.5],
					"cubes": [
						{"origin": [-2.4, 20.6, -4.75], "size": [2, 4, 2], "inflate": -0.1, "uv": [104, 6]}
					]
				},
				{
					"name": "bow_middle_top",
					"parent": "torso",
					"pivot": [0, 17.5, -4.5],
					"rotation": [-10, 0, 0],
					"cubes": [
						{"origin": [-1, 16.5, -5], "size": [2, 2, 1], "uv": [120, 9]}
					]
				},
				{
					"name": "bow_middle_top_left",
					"parent": "bow_middle_top",
					"pivot": [1.1, 17.5, -4.5],
					"rotation": [0, -12.5, 2.5],
					"cubes": [
						{"origin": [0.6, 15.6, -5.5], "size": [2, 4, 2], "inflate": 0.1, "uv": [112, 12]}
					]
				},
				{
					"name": "bow_middle_top_right",
					"parent": "bow_middle_top",
					"pivot": [-1.1, 17.5, -4.5],
					"rotation": [0, 12.5, -2.5],
					"cubes": [
						{"origin": [-2.6, 15.6, -5.5], "size": [2, 4, 2], "inflate": 0.1, "uv": [104, 12]}
					]
				},
				{
					"name": "dress",
					"parent": "torso",
					"pivot": [0, 15, 0.5],
					"cubes": [
						{"origin": [-3.5, 11, -3], "size": [7, 5, 7], "pivot": [0, 12.5, 0.5], "rotation": [0, -45, 0], "uv": [100, 39]}
					]
				},
				{
					"name": "dress_middle_bottom",
					"parent": "dress",
					"pivot": [0, 11.5, 1.9],
					"cubes": [
						{"origin": [-5.5, 8, -3.6], "size": [11, 4, 11], "pivot": [0, 10, 1.9], "rotation": [0, -45, 0], "uv": [39, 0]}
					]
				},
				{
					"name": "bow_middle_bottom",
					"parent": "dress",
					"pivot": [0, 12, -5.4],
					"rotation": [-7.5, 0, 0],
					"cubes": [
						{"origin": [-1, 11, -5.9], "size": [2, 2, 1], "uv": [120, 12]}
					]
				},
				{
					"name": "bow_middle_bottom_left",
					"parent": "bow_middle_bottom",
					"pivot": [1, 12, -5.4],
					"rotation": [0, -15, 2.5],
					"cubes": [
						{"origin": [0.4, 9.6, -6.4], "size": [3, 5, 2], "inflate": 0.01, "uv": [114, 18]}
					]
				},
				{
					"name": "bow_middle_bottom_right",
					"parent": "bow_middle_bottom",
					"pivot": [-1, 12, -5.4],
					"rotation": [0, 15, -2.5],
					"cubes": [
						{"origin": [-3.4, 9.6, -6.4], "size": [3, 5, 2], "inflate": 0.01, "uv": [104, 18]}
					]
				},
				{
					"name": "dress2",
					"parent": "dress",
					"pivot": [0, 8, 1.5],
					"cubes": [
						{"origin": [-4.5, 3, -3], "size": [9, 6, 9], "pivot": [0, 5.5, 1.5], "rotation": [0, -45, 0], "uv": [32, 20]}
					]
				},
				{
					"name": "dress_bottom",
					"parent": "dress2",
					"pivot": [0, 4.5, 2.5],
					"cubes": [
						{"origin": [-6.5, 0, -3.5], "size": [13, 5, 13], "pivot": [0, 2.5, 3], "rotation": [0, -45, 0], "uv": [0, 2]},
						{"origin": [6.5, 2, 9.5], "size": [-13, -2, -13], "pivot": [0, 2.5, 3], "rotation": [0, -45, 0], "uv": [112, 41]}
					]
				},
				{
					"name": "bow_bottom",
					"parent": "dress2",
					"pivot": [0, 5.25, -5.75],
					"rotation": [-5, 0, 0],
					"cubes": [
						{"origin": [-1, 4.25, -6.25], "size": [2, 2, 1], "inflate": 0.1, "uv": [120, 15]}
					]
				},
				{
					"name": "bow_bottom_left",
					"parent": "bow_bottom",
					"pivot": [1.1, 5.25, -5.75],
					"rotation": [0, -17.5, 2.5],
					"cubes": [
						{"origin": [0.8, 2.75, -6.75], "size": [3, 5, 2], "inflate": 0.1, "uv": [94, 11]}
					]
				},
				{
					"name": "bow_bottom_right",
					"parent": "bow_bottom",
					"pivot": [-1.1, 5.25, -5.75],
					"rotation": [0, 17.5, -2.5],
					"cubes": [
						{"origin": [-3.8, 2.75, -6.75], "size": [3, 5, 2], "inflate": 0.1, "uv": [84, 11]}
					]
				},
				{
					"name": "legs",
					"parent": "body",
					"pivot": [0, 3, 2]
				},
				{
					"name": "leg_left",
					"parent": "legs",
					"pivot": [3, 3, 2],
					"cubes": [
						{"origin": [2, 1, 1], "size": [2, 3, 2], "inflate": 0.01, "uv": [100, 1]}
					]
				},
				{
					"name": "foot_left",
					"parent": "leg_left",
					"pivot": [3, 1, 2],
					"cubes": [
						{"origin": [2, 0, 0], "size": [2, 1, 3], "inflate": 0.01, "uv": [111, 30]}
					]
				},
				{
					"name": "locator_foot_secondary",
					"parent": "foot_left",
					"pivot": [3, 0.5, 1.5],
					"rotation": [90, 0, 0],
					"locators": {
						"foot_secondary": [3, 0.5, 1.5]
					}
				},
				{
					"name": "leg_right",
					"parent": "legs",
					"pivot": [-3, 3, 2],
					"cubes": [
						{"origin": [-4, 1, 1], "size": [2, 3, 2], "inflate": 0.01, "uv": [90, 2]}
					]
				},
				{
					"name": "foot_right",
					"parent": "leg_right",
					"pivot": [-3, 1, 2],
					"cubes": [
						{"origin": [-4, 0, 0], "size": [2, 1, 3], "inflate": 0.01, "uv": [100, 30]}
					]
				},
				{
					"name": "locator_foot_primary",
					"parent": "foot_right",
					"pivot": [-3, 0.5, 1.5],
					"rotation": [90, 0, 0],
					"locators": {
						"foot_primary": [-3, 0.5, 1.5]
					}
				}
			]
		}
	]
}