{
  "target": "cobblemon:donphan",
  "riding": {
    "behaviours": {
      "LAND": {
        "key": "cobblemon:land/horse",
        "rideSounds": [],
        "stats": {
          "ACCELERATION": "30-45",
          "JUMP": "20-35",
          "SKILL": "25-40",
          "SPEED": "30-50",
          "STAMINA": "60-90"
        }
      }
    },
    "seats": [
      {
        "offset": {
          "x": 0.0,
          "y": 0.0,
          "z": 0.0
        },
        "poseOffsets": [
          {
            "offset": {
              "x": 0.0,
              "y": -1.9,
              "z": 0.0
            },
            "poseTypes": [
              "STAND"
            ]
          },
          {
            "offset": {
              "x": 0.05,
              "y": -1.95,
              "z": -0.05
            },
            "poseTypes": [
              "WALK"
            ]
          },
          {
            "offset": {
              "x": 0.0,
              "y": -1.6,
              "z": -0.1
            },
            "poseTypes": [
              "HOVER"
            ]
          },
          {
            "offset": {
              "x": -0.05,
              "y": -2.05,
              "z": -0.05
            },
            "poseTypes": [
              "GLIDE"
            ]
          }
        ]
      }
    ]
  }
}
