{
  "target": "cobblemon:espeon",
  "riding": {
    "behaviours": {
      "LAND": {
        "key": "cobblemon:land/horse",
        "rideSounds": [],
        "stats": {
          "ACCELERATION": "35-60",
          "JUMP": "20-35",
          "SKILL": "45-70",
          "SPEED": "45-75",
          "STAMINA": "25-45"
        }
      }
    },
    "seats": [
      {
        "offset": {
          "x": 0.0,
          "y": 0.0,
          "z": 0.0
        },
        "poseOffsets": [
          {
            "offset": {
              "x": 0.0,
              "y": -1.1,
              "z": 0.05
            },
            "poseTypes": [
              "STAND"
            ]
          },
          {
            "offset": {
              "x": 0.02,
              "y": -1.15,
              "z": 0.07
            },
            "poseTypes": [
              "WALK"
            ]
          }
        ]
      }
    ]
  }
}
