{
  "target": "cobblemon:furret",
  "riding": {
    "behaviours": {
      "LAND": {
        "key": "cobblemon:land/horse",
        "rideSounds": [],
        "stats": {
          "ACCELERATION": "40-65",
          "JUMP": "20-35",
          "SKILL": "40-60",
          "SPEED": "35-60",
          "STAMINA": "30-50"
        }
      }
    },
    "seats": [
      {
        "offset": {
          "x": 0.0,
          "y": 0.0,
          "z": 0.0
        },
        "poseOffsets": [
          {
            "offset": {
              "x": 0.0,
              "y": -1.4,
              "z": -0.1
            },
            "poseTypes": [
              "STAND"
            ]
          },
          {
            "offset": {
              "x": 0.02,
              "y": -1.45,
              "z": -0.2
            },
            "poseTypes": [
              "WALK"
            ]
          },
          {
            "offset": {
              "x": 0.0,
              "y": -1.2,
              "z": -0.25
            },
            "poseTypes": [
              "HOVER"
            ]
          },
          {
            "offset": {
              "x": 0.0,
              "y": -1.2,
              "z": -0.25
            },
            "poseTypes": [
              "FLOAT"
            ]
          },
          {
            "offset": {
              "x": 0.03,
              "y": -1.1,
              "z": -0.3
            },
            "poseTypes": [
              "SWIM"
            ]
          },
          {
            "offset": {
              "x": -0.02,
              "y": -1.55,
              "z": -0.2
            },
            "poseTypes": [
              "GLIDE"
            ]
          }
        ]
      }
    ]
  }
}
