{
  "target": "cobblemon:granbull",
  "riding": {
    "behaviours": {
      "LAND": {
        "key": "cobblemon:land/horse",
        "rideSounds": [],
        "stats": {
          "ACCELERATION": "35-55",
          "JUMP": "20-35",
          "SKILL": "20-40",
          "SPEED": "25-45",
          "STAMINA": "35-65"
        }
      }
    },
    "seats": [
      {
        "offset": {
          "x": 0.0,
          "y": 0.0,
          "z": 0.0
        },
        "poseOffsets": [
          {
            "offset": {
              "x": 0.0,
              "y": -1.3,
              "z": 0.0
            },
            "poseTypes": [
              "STAND",
              "WALK"
            ]
          },
          {
            "offset": {
              "x": 0.0,
              "y": -1.25,
              "z": -0.15
            },
            "poseTypes": [
              "HOVER",
              "GLIDE",
              "FLOAT"
            ]
          }
        ]
      }
    ]
  }
}
