{
  "target": "cobblemon:kingdra",
  "riding": {
    "behaviours": {
      "LIQUID": {
        "key": "cobblemon:liquid/dolphin",
        "rideSounds": [
          {
            "muffleEnabled": true,
            "pitchExpr": "math.max(1.0 ,0.2 + math.pow(math.min(q.ride_velocity() / 1.5, 1.0),2))",
            "playForNonPassengers": true,
            "soundLocation": "cobblemon:ride.loop.water_surface",
            "volumeExpr": "math.pow(math.min(q.ride_velocity() / 1.5, 1.0),2)"
          }
        ],
        "stats": {
          "ACCELERATION": "45-70",
          "JUMP": "20-40",
          "SKILL": "45-75",
          "SPEED": "40-70",
          "STAMINA": "35-70"
        }
      }
    },
    "seats": [
      {
        "offset": {
          "x": 0.0,
          "y": 0.0,
          "z": 0.0
        },
        "poseOffsets": [
          {
            "offset": {
              "x": 0.0,
              "y": -2.0,
              "z": -0.1
            },
            "poseTypes": [
              "STAND"
            ]
          },
          {
            "offset": {
              "x": 0.05,
              "y": -2.05,
              "z": -0.15
            },
            "poseTypes": [
              "WALK",
              "SWIM"
            ]
          },
          {
            "offset": {
              "x": 0.0,
              "y": -1.7,
              "z": -0.25
            },
            "poseTypes": [
              "FLOAT",
              "HOVER"
            ]
          },
          {
            "offset": {
              "x": -0.05,
              "y": -2.15,
              "z": -0.2
            },
            "poseTypes": [
              "GLIDE"
            ]
          }
        ]
      }
    ]
  }
}
