{
  "target": "cobblemon:mantine",
  "riding": {
    "behaviours": {
      "LIQUID": {
        "key": "cobblemon:liquid/dolphin",
        "rideSounds": [
          {
            "muffleEnabled": true,
            "pitchExpr": "math.max(1.0 ,0.2 + math.pow(math.min(q.ride_velocity() / 1.5, 1.0),2))",
            "playForNonPassengers": true,
            "soundLocation": "cobblemon:ride.loop.water_surface",
            "volumeExpr": "math.pow(math.min(q.ride_velocity() / 1.5, 1.0),2)"
          }
        ],
        "stats": {
          "ACCELERATION": "35-60",
          "JUMP": "35-60",
          "SKILL": "50-80",
          "SPEED": "30-55",
          "STAMINA": "40-80"
        }
      }
    },
    "seats": [
      {
        "offset": {
          "x": 0.0,
          "y": 0.0,
          "z": 0.0
        },
        "poseOffsets": [
          {
            "offset": {
              "x": 0.0,
              "y": -1.1,
              "z": 0.0
            },
            "poseTypes": [
              "STAND",
              "FLOAT"
            ]
          },
          {
            "offset": {
              "x": 0.0,
              "y": -1.15,
              "z": 0.1
            },
            "poseTypes": [
              "SWIM",
              "HOVER"
            ]
          }
        ]
      },
      {
        "offset": {
          "x": 0.6,
          "y": 0.0,
          "z": 0.0
        },
        "poseOffsets": [
          {
            "offset": {
              "x": 0.6,
              "y": -1.1,
              "z": 0.0
            },
            "poseTypes": [
              "STAND",
              "FLOAT"
            ]
          },
          {
            "offset": {
              "x": 0.6,
              "y": -1.15,
              "z": 0.1
            },
            "poseTypes": [
              "SWIM",
              "HOVER"
            ]
          }
        ]
      }
    ]
  }
}
