{
  "target": "cobblemon:quagsire",
  "riding": {
    "behaviours": {
      "LAND": {
        "key": "cobblemon:land/horse",
        "rideSounds": [],
        "stats": {
          "ACCELERATION": "20-35",
          "JUMP": "10-25",
          "SKILL": "20-40",
          "SPEED": "20-35",
          "STAMINA": "35-60"
        }
      },
      "LIQUID": {
        "key": "cobblemon:liquid/boat",
        "surfaceLevelOffset": -1.2,
        "rideSounds": [
          {
            "muffleEnabled": true,
            "pitchExpr": "math.max(1.0 ,0.2 + math.pow(math.min(q.ride_velocity() / 1.5, 1.0),2))",
            "playForNonPassengers": true,
            "soundLocation": "cobblemon:ride.loop.water_surface",
            "volumeExpr": "math.pow(math.min(q.ride_velocity() / 1.5, 1.0),2)"
          }
        ],
        "stats": {
          "ACCELERATION": "30-50",
          "JUMP": "10-25",
          "SKILL": "30-50",
          "SPEED": "25-40",
          "STAMINA": "45-70"
        }
      }
    },
    "seats": [
      {
        "offset": {
          "x": 0.0,
          "y": 0.0,
          "z": 0.0
        },
        "poseOffsets": [
          {
            "offset": {
              "x": 0.0,
              "y": -1.35,
              "z": 0.05
            },
            "poseTypes": [
              "STAND"
            ]
          },
          {
            "offset": {
              "x": 0.03,
              "y": -1.4,
              "z": 0.0
            },
            "poseTypes": [
              "WALK"
            ]
          },
          {
            "offset": {
              "x": -0.02,
              "y": -0.9,
              "z": -0.15
            },
            "poseTypes": [
              "FLOAT"
            ]
          },
          {
            "offset": {
              "x": 0.02,
              "y": -0.95,
              "z": -0.2
            },
            "poseTypes": [
              "SWIM"
            ]
          },
          {
            "offset": {
              "x": -0.01,
              "y": -1.4,
              "z": -0.1
            },
            "poseTypes": [
              "GLIDE"
            ]
          }
        ]
      }
    ]
  }
}
