{
  "target": "cobblemon:steelix",
  "riding": {
    "behaviours": {
      "LAND": {
        "key": "cobblemon:land/horse",
        "rideSounds": [],
        "stats": {
          "ACCELERATION": "15-35",
          "JUMP": "0-10",
          "SKILL": "35-60",
          "SPEED": "10-30",
          "STAMINA": "60-100"
        }
      }
    },
    "seats": [
      {
        "offset": {
          "x": 0.0,
          "y": 0.0,
          "z": 0.0
        },
        "poseOffsets": [
          {
            "offset": {
              "x": 0.0,
              "y": -1.6,
              "z": 0.0
            },
            "poseTypes": [
              "STAND",
              "WALK"
            ]
          },
          {
            "offset": {
              "x": 0.0,
              "y": -1.55,
              "z": -0.2
            },
            "poseTypes": [
              "HOVER",
              "GLIDE",
              "FLOAT"
            ]
          }
        ]
      }
    ]
  }
}
