{
  "target": "cobblemon:wobbuffet",
  "riding": {
    "behaviours": {
      "LAND": {
        "key": "cobblemon:land/horse",
        "rideSounds": [],
        "stats": {
          "ACCELERATION": "5-25",
          "JUMP": "0-10",
          "SKILL": "20-35",
          "SPEED": "5-25",
          "STAMINA": "45-75"
        }
      }
    },
    "seats": [
      {
        "offset": {
          "x": 0.0,
          "y": 0.0,
          "z": 0.0
        },
        "poseOffsets": [
          {
            "offset": {
              "x": 0.0,
              "y": -1.1,
              "z": 0.05
            },
            "poseTypes": [
              "STAND",
              "WALK"
            ]
          },
          {
            "offset": {
              "x": 0.02,
              "y": -1.15,
              "z": 0.07
            },
            "poseTypes": [
              "HOVER",
              "FLOAT",
              "GLIDE"
            ]
          }
        ]
      }
    ]
  }
}
