{
  "target": "cobblemon:xatu",
  "riding": {
    "behaviours": {
      "AIR": {
        "key": "cobblemon:air/bird",
        "rideSounds": [
          {
            "muffleEnabled": true,
            "pitchExpr": "math.max(1.0 ,0.2 + math.pow(math.min(q.ride_velocity() / 1.5, 1.0),2))",
            "playForNonPassengers": true,
            "soundLocation": "cobblemon:ride.loop.wind",
            "volumeExpr": "math.pow(math.min(q.ride_velocity() / 1.5, 1.0),2)"
          }
        ],
        "stats": {
          "ACCELERATION": "25-45",
          "JUMP": "30-55",
          "SKILL": "45-70",
          "SPEED": "25-50",
          "STAMINA": "35-65"
        }
      },
      "LAND": {
        "key": "cobblemon:land/horse",
        "rideSounds": [],
        "stats": {
          "ACCELERATION": "10-30",
          "JUMP": "10-25",
          "SKILL": "30-50",
          "SPEED": "10-25",
          "STAMINA": "25-45"
        }
      }
    },
    "seats": [
      {
        "offset": {
          "x": 0.0,
          "y": 0.3,
          "z": 0.0
        },
        "poseOffsets": [
          {
            "offset": {
              "x": 0.0,
              "y": 0.0,
              "z": 0.0
            },
            "poseTypes": [
              "STAND",
              "WALK",
              "HOVER",
              "FLY",
              "GLIDE",
              "FLOAT",
              "SWIM"
            ]
          }
        ]
      }
    ]
  }
}
