{
  "target": "cobblemon:yanma",
  "riding": {
    "behaviours": {
      "AIR": {
        "key": "cobblemon:air/bird",
        "rideSounds": [
          {
            "muffleEnabled": true,
            "pitchExpr": "math.max(1.0 ,0.2 + math.pow(math.min(q.ride_velocity() / 1.5, 1.0),2))",
            "playForNonPassengers": true,
            "soundLocation": "cobblemon:ride.loop.wind",
            "volumeExpr": "math.pow(math.min(q.ride_velocity() / 1.5, 1.0),2)"
          }
        ],
        "stats": {
          "ACCELERATION": "40-70",
          "JUMP": "25-45",
          "SKILL": "45-75",
          "SPEED": "30-60",
          "STAMINA": "20-40"
        }
      },
      "LAND": {
        "key": "cobblemon:land/horse",
        "rideSounds": [],
        "stats": {
          "ACCELERATION": "20-40",
          "JUMP": "15-30",
          "SKILL": "20-35",
          "SPEED": "10-25",
          "STAMINA": "15-30"
        }
      }
    },
    "seats": [
      {
        "offset": {
          "x": 0.0,
          "y": 0.0,
          "z": 0.0
        },
        "poseOffsets": [
          {
            "offset": {
              "x": 0.0,
              "y": 0.0,
              "z": 0.0
            },
            "poseTypes": [
              "STAND",
              "WALK",
              "HOVER",
              "FLY",
              "GLIDE",
              "FLOAT",
              "SWIM"
            ]
          }
        ]
      }
    ]
  },
  "behaviour": {
    "moving": {
      "fly": {
        "canFly": true
      },
      "walk": {
        "canWalk": true
      },
      "swim": {
        "avoidsWater": true
      }
    },
    "herd": {
      "maxSize": "5"
    },
    "combat": {
      "willDefendSelf": true,
      "willDefendOwner": true,
      "willFlee": false
    },
    "resting": {
      "canSleep": true,
      "light": "0-4",
      "drowsyChance": 0.0333,
      "rouseChance": 0.0042
    }
  }
}
