{
	"format_version": "1.12.0",
	"minecraft:geometry": [
		{
			"description": {
				"identifier": "geometry.unknown",
				"texture_width": 256,
				"texture_height": 256,
				"visible_bounds_width": 7,
				"visible_bounds_height": 4,
				"visible_bounds_offset": [0, 1, 0]
			},
			"bones": [
				{
					"name": "clawitzer",
					"pivot": [0, 0, 0]
				},
				{
					"name": "body",
					"parent": "clawitzer",
					"pivot": [0, 5, -3.5]
				},
				{
					"name": "torso",
					"parent": "body",
					"pivot": [0, 5, -3.5],
					"cubes": [
						{"origin": [-3.5, 1.25, -7.5], "size": [7, 7, 4], "uv": [56, 109]}
					]
				},
				{
                    "name": "locator_seat_1",
                    "parent": "body",
                    "pivot": [0, 7, 0],
                    "locators": {
                        "seat_1": [0, 7, 0]
                    }
                },
				{
					"name": "head",
					"parent": "torso",
					"pivot": [0, 3, -6.75]
				},
				{
					"name": "head_shell",
					"parent": "head",
					"pivot": [1.5, 6.75, -8.5],
					"cubes": [
						{"origin": [-4, 4.25, -10.5], "size": [8, 4, 3], "pivot": [1, 8.25, -7.5], "rotation": [20.5, 0, 0], "uv": [112, 35]},
						{"origin": [3, 2.25, -10.5], "size": [1, 2, 0], "pivot": [1, 8.25, -7.5], "rotation": [20.5, 0, 0], "uv": [102, 80]},
						{"origin": [-4, 2.25, -10.5], "size": [1, 2, 0], "pivot": [-6, 8.25, -7.5], "rotation": [20.5, 0, 0], "uv": [90, 33]},
						{"origin": [4, 2.25, -10.5], "size": [0, 2, 2], "pivot": [1, 8.25, -7.5], "rotation": [20.5, 0, 0], "uv": [38, 109]},
						{"origin": [3, 2.25, -10.5], "size": [1, 0, 2], "pivot": [1, 8.25, -7.5], "rotation": [20.5, 0, 0], "uv": [41, 16]},
						{"origin": [-4, 2.25, -10.5], "size": [1, 0, 2], "pivot": [-6, 8.25, -7.5], "rotation": [20.5, 0, 0], "uv": [10, 22]},
						{"origin": [-4, 2.25, -10.5], "size": [0, 2, 2], "pivot": [2, 8.25, -7.5], "rotation": [20.5, 0, 0], "uv": [42, 102]},
						{"origin": [-4, 2.25, -7.5], "size": [0, 6, 4], "inflate": 0.01, "uv": [22, 86]},
						{"origin": [4, 2.25, -7.5], "size": [0, 6, 4], "inflate": 0.01, "uv": [25, 121]},
						{"origin": [-4, 8.25, -7.5], "size": [8, 0, 4], "inflate": 0.01, "uv": [110, 66]}
					]
				},
				{
					"name": "spike_center",
					"parent": "head_shell",
					"pivot": [0, 8.3, -6.75],
					"cubes": [
						{"origin": [0, 7.25, -8.25], "size": [0, 3, 3], "uv": [109, 116]}
					]
				},
				{
					"name": "spike_left",
					"parent": "head_shell",
					"pivot": [4.1, 7.85, -6.75],
					"rotation": [0, 37.5, 37.5],
					"cubes": [
						{"origin": [4.1, 6.7, -8.25], "size": [0, 3, 3], "uv": [116, 72]}
					]
				},
				{
					"name": "spike_right",
					"parent": "head_shell",
					"pivot": [-4.1, 7.85, -6.75],
					"rotation": [0, -37.5, -37.5],
					"cubes": [
						{"origin": [-4.1, 6.7, -8.25], "size": [0, 3, 3], "uv": [0, 113]}
					]
				},
				{
					"name": "head_crest",
					"parent": "head_shell",
					"pivot": [1.5, 8.25, -3.5],
					"rotation": [7.5, 0, 0],
					"cubes": [
						{"origin": [-4, 4.25, -4.5], "size": [0, 4, 3], "uv": [66, 91]},
						{"origin": [-4, 8.25, -3.5], "size": [8, 0, 2], "uv": [117, 5]},
						{"origin": [4, 4.25, -4.5], "size": [0, 4, 3], "uv": [86, 98]}
					]
				},
				{
					"name": "face",
					"parent": "head",
					"pivot": [-0.75, 4.25, -8.5],
					"cubes": [
						{"origin": [-3.5, 1.75, -10.5], "size": [7, 5, 3], "inflate": 0.01, "uv": [116, 42]}
					]
				},
				{
					"name": "face_rotation",
					"parent": "face",
					"pivot": [0, 1, -8.75],
					"rotation": [0, 45, 0],
					"cubes": [
						{"origin": [-1.25, 1.75, -12.5], "size": [5, 5, 5], "uv": [114, 9]},
						{"origin": [-1.25, 3.25, -12.5], "size": [5, 2, 5], "inflate": 0.01, "uv": [115, 115]},
						{"origin": [3.76, 4.75, -10.5], "size": [0, 1, 2], "inflate": 0.04, "uv": [0, 0]},
						{"origin": [-0.25, 4.75, -12.51], "size": [2, 1, 0], "inflate": 0.04, "uv": [72, 67]}
					]
				},
				{
					"name": "eye_right",
					"parent": "face_rotation",
					"pivot": [0.5, 4.5, -12.5],
					"cubes": [
						{"origin": [0, 4, -12.27], "size": [1, 1, 0], "inflate": 0.25, "uv": [81, 18]}
					]
				},
				{
					"name": "pupil_right",
					"parent": "eye_right",
					"pivot": [0.6, 4, -12.5],
					"cubes": [
						{"origin": [0.05, 4.1, -12.52], "size": [1, 1, 0], "inflate": 0.01, "uv": [80, 74]}
					]
				},
				{
					"name": "eyelid_right",
					"parent": "eye_right",
					"pivot": [0.5, 4.5, -12.18],
					"cubes": [
						{"origin": [0, 4, -12.18], "size": [1, 1, 0], "inflate": 0.26, "uv": [0, 0]}
					]
				},
				{
					"name": "eye_left",
					"parent": "face_rotation",
					"pivot": [3.75, 4.5, -9.25],
					"cubes": [
						{"origin": [3.52, 4, -9.75], "size": [0, 1, 1], "inflate": 0.25, "uv": [78, 73]}
					]
				},
				{
					"name": "pupil_left",
					"parent": "eye_left",
					"pivot": [3.75, 4, -9.35],
					"cubes": [
						{"origin": [3.77, 4.1, -9.8], "size": [0, 1, 1], "inflate": 0.01, "uv": [78, 58]}
					]
				},
				{
					"name": "eyelid_left",
					"parent": "eye_left",
					"pivot": [3.43, 4.5, -9.25],
					"cubes": [
						{"origin": [3.43, 4, -9.75], "size": [0, 1, 1], "inflate": 0.26, "uv": [0, 0]}
					]
				},
				{
					"name": "mouth",
					"parent": "face",
					"pivot": [0, 1.6, -14],
					"rotation": [25, 0, 0]
				},
				{
					"name": "mouth_left",
					"parent": "mouth",
					"pivot": [0.5, 1.85, -13.25],
					"rotation": [0, -12.5, 0],
					"cubes": [
						{"origin": [0.5, 1.35, -16.75], "size": [0, 1, 2], "uv": [72, 39]},
						{"origin": [0.5, 0.85, -14.75], "size": [0, 2, 3], "uv": [108, 65]}
					]
				},
				{
					"name": "mouth_right",
					"parent": "mouth",
					"pivot": [-0.5, 1.85, -13.25],
					"rotation": [0, 12.5, 0],
					"cubes": [
						{"origin": [-0.5, 1.35, -16.75], "size": [0, 1, 2], "uv": [64, 39]},
						{"origin": [-0.5, 0.85, -14.75], "size": [0, 2, 3], "uv": [104, 102]}
					]
				},
				{
					"name": "mouth_left2",
					"parent": "mouth",
					"pivot": [1.75, 1.6, -13],
					"rotation": [0, -30, 0],
					"cubes": [
						{"origin": [1.75, 1.1, -16.5], "size": [0, 1, 2], "uv": [68, 39]},
						{"origin": [1.75, 0.6, -14.5], "size": [0, 2, 4], "uv": [22, 92]}
					]
				},
				{
					"name": "mouth_right2",
					"parent": "mouth",
					"pivot": [-1.75, 1.6, -13],
					"rotation": [0, 30, 0],
					"cubes": [
						{"origin": [-1.75, 1.1, -16.5], "size": [0, 1, 2], "uv": [10, 29]},
						{"origin": [-1.75, 0.6, -14.5], "size": [0, 2, 4], "uv": [82, 29]}
					]
				},
				{
					"name": "left_arm",
					"parent": "torso",
					"pivot": [2.75, 2.25, -5.5],
					"cubes": [
						{"origin": [2.25, 1.25, -6], "size": [5, 1, 1], "uv": [121, 33]}
					]
				},
				{
					"name": "left_elbow",
					"parent": "left_arm",
					"pivot": [6.75, 1.75, -5.5],
					"cubes": [
						{"origin": [6.25, -0.75, -11], "size": [3, 5, 5], "uv": [120, 75]}
					]
				},
				{
					"name": "left_hand",
					"parent": "left_elbow",
					"pivot": [8.75, 1.75, -11],
					"rotation": [0, 7.5, 0],
					"cubes": [
						{"origin": [7.75, 0.25, -15], "size": [0, 3, 2], "uv": [76, 54]},
						{"origin": [6.75, -0.25, -13], "size": [2, 4, 2], "uv": [0, 126]}
					]
				},
				{
					"name": "left_wrist",
					"parent": "left_elbow",
					"pivot": [8.75, 1.75, -6],
					"rotation": [0, -7.5, 0],
					"cubes": [
						{"origin": [7.75, 0.25, -4], "size": [0, 3, 2], "uv": [72, 62]},
						{"origin": [6.75, -0.25, -6], "size": [2, 4, 2], "uv": [86, 125]}
					]
				},
				{
					"name": "right_arm",
					"parent": "torso",
					"pivot": [-2.75, 2.25, -5.5],
					"cubes": [
						{"origin": [-7.25, 1.25, -6], "size": [5, 1, 1], "uv": [120, 94]}
					]
				},
				{
					"name": "right_elbow",
					"parent": "right_arm",
					"pivot": [-6.75, 1.75, -6],
					"rotation": [2.5, 0, 0],
					"cubes": [
						{"origin": [-23.25, -3.5, -12.5], "size": [17, 15, 4], "uv": [34, 64]},
						{"origin": [-22.25, 11, -10.5], "size": [15, 8, 4], "inflate": 0.01, "uv": [76, 56]},
						{"origin": [-6.25, -3.5, -8.5], "size": [0, 15, 7], "uv": [72, 87]},
						{"origin": [-23.25, -3.5, -8.5], "size": [0, 15, 7], "uv": [0, 0]},
						{"origin": [-23.25, -3.5, -8.5], "size": [17, 0, 2], "uv": [44, 39]},
						{"origin": [-7.25, 11.5, -8.5], "size": [1, 0, 7], "uv": [3, 22]},
						{"origin": [-23.25, 11.5, -8.5], "size": [1, 0, 7], "uv": [4, 0]},
						{"origin": [-7.75, -3.5, -17.5], "size": [0, 10, 5], "uv": [98, 118]},
						{"origin": [-9.75, 1.5, -17.5], "size": [2, 5, 0], "uv": [30, 75]},
						{"origin": [-21.75, 1.5, -17.5], "size": [2, 5, 0], "uv": [30, 70]},
						{"origin": [-21.75, 6.5, -17.5], "size": [14, 5, 5], "inflate": 0.01, "uv": [81, 14]},
						{"origin": [-21.75, -3.5, -17.5], "size": [0, 10, 5], "uv": [0, 17]},
						{"origin": [-22.25, 19, -10.5], "size": [15, 0, 15], "pivot": [-11.25, 19, -10.5], "rotation": [20, 0, 0], "uv": [0, 19]},
						{"origin": [-7.25, 7, -10.5], "size": [0, 12, 15], "pivot": [-10.75, 19, -10.5], "rotation": [20, 0, 0], "uv": [0, 63]},
						{"origin": [-22.25, 7, -10.5], "size": [0, 12, 15], "pivot": [-18.75, 19, -10.5], "rotation": [20, 0, 0], "uv": [0, 51]}
					]
				},
				{
					"name": "claw_right_jaw",
					"parent": "right_elbow",
					"pivot": [-14.75, 0.5, -12.5],
					"rotation": [10, 0, 0],
					"cubes": [
						{"origin": [-17.25, -2.5, -24.5], "size": [5, 3, 7], "uv": [103, 105]},
						{"origin": [-12.25, 0.5, -20.5], "size": [0, 2, 3], "uv": [86, 102]},
						{"origin": [-12.26, -0.5, -23.5], "size": [0, 2, 2], "pivot": [-12.25, 0.5, -22.5], "rotation": [-45, 0, 0], "uv": [30, 78]},
						{"origin": [-17.24, -0.5, -23.5], "size": [0, 2, 2], "pivot": [-12.25, 0.5, -22.5], "rotation": [-45, 0, 0], "uv": [76, 39]},
						{"origin": [-17.25, 0.5, -20.5], "size": [0, 2, 3], "uv": [66, 95]},
						{"origin": [-18.25, -2.5, -17.5], "size": [7, 3, 6], "uv": [16, 99]},
						{"origin": [-11.25, 0.5, -17.5], "size": [0, 3, 6], "uv": [74, 103]},
						{"origin": [-12.25, 0.5, -17.5], "size": [1, 2, 0], "uv": [89, 0]},
						{"origin": [-18.25, 0.5, -17.5], "size": [1, 2, 0], "uv": [86, 88]},
						{"origin": [-18.25, 0.5, -17.5], "size": [0, 3, 6], "uv": [92, 66]}
					]
				},
				{
					"name": "claw_right_jaw2",
					"parent": "claw_right_jaw",
					"pivot": [-14.25, -2.5, -24.5],
					"rotation": [-20, 0, 0],
					"cubes": [
						{"origin": [-16.25, -2.5, -27.5], "size": [3, 3, 3], "uv": [13, 125]},
						{"origin": [-16.25, -1.5, -29.5], "size": [3, 2, 2], "uv": [76, 125]}
					]
				},
				{
					"name": "claw_eye_left",
					"parent": "right_elbow",
					"pivot": [-8.15, 10.5, -17.25],
					"rotation": [10, 22.5, -5],
					"cubes": [
						{"origin": [-9.65, 8, -20.25], "size": [3, 5, 6], "uv": [114, 50]}
					]
				},
				{
					"name": "claw_eye_left_tentacle",
					"parent": "claw_eye_left",
					"pivot": [-7.15, 10.5, -14.25],
					"cubes": [
						{"origin": [-7.15, 9.5, -15.25], "size": [0, 2, 8], "uv": [50, 116]}
					]
				},
				{
					"name": "claw_eye_left_tentacle2",
					"parent": "claw_eye_left_tentacle",
					"pivot": [-7.15, 10.5, -7.25],
					"cubes": [
						{"origin": [-7.15, 9.5, -7.25], "size": [0, 2, 8], "uv": [0, 116]}
					]
				},
				{
					"name": "claw_eye_left_tentacle3",
					"parent": "claw_eye_left_tentacle2",
					"pivot": [-7.15, 10.5, 0.75],
					"cubes": [
						{"origin": [-7.15, 9.5, 0.75], "size": [0, 2, 8], "uv": [82, 115]}
					]
				},
				{
					"name": "claw_eye_left_tentacle4",
					"parent": "claw_eye_left_tentacle3",
					"pivot": [-7.15, 10.5, 8.75],
					"cubes": [
						{"origin": [-7.15, 9.5, 8.75], "size": [0, 2, 8], "uv": [34, 115]}
					]
				},
				{
					"name": "claw_eye_left_tentacle5",
					"parent": "claw_eye_left_tentacle4",
					"pivot": [-7.15, 10.5, 16.75],
					"cubes": [
						{"origin": [-7.15, 9.5, 16.75], "size": [0, 2, 8], "uv": [18, 115]}
					]
				},
				{
					"name": "claw_eye_left_tentacle6",
					"parent": "claw_eye_left_tentacle5",
					"pivot": [-7.15, 10.5, 24.75],
					"cubes": [
						{"origin": [-7.15, 9.5, 24.75], "size": [0, 2, 8], "uv": [109, 114]}
					]
				},
				{
					"name": "claw_eye_left_tentacle7",
					"parent": "claw_eye_left_tentacle6",
					"pivot": [-7.15, 10.5, 32.75],
					"cubes": [
						{"origin": [-7.15, 9.5, 32.75], "size": [0, 2, 8], "uv": [66, 114]},
						{"origin": [-7.15, 10, 40.75], "size": [0, 1, 1], "uv": [76, 73]}
					]
				},
				{
					"name": "claw_eye_right",
					"parent": "right_elbow",
					"pivot": [-21.35, 10.5, -17.25],
					"rotation": [10, -20, 5],
					"cubes": [
						{"origin": [-22.85, 8, -20.25], "size": [3, 5, 6], "uv": [0, 113]}
					]
				},
				{
					"name": "claw_eye_right_tentacle",
					"parent": "claw_eye_right",
					"pivot": [-22.35, 10.5, -14.25],
					"cubes": [
						{"origin": [-22.35, 9.5, -15.25], "size": [0, 2, 8], "uv": [50, 114]}
					]
				},
				{
					"name": "claw_eye_right_tentacle2",
					"parent": "claw_eye_right_tentacle",
					"pivot": [-22.35, 10.5, -7.25],
					"cubes": [
						{"origin": [-22.35, 9.5, -7.25], "size": [0, 2, 8], "uv": [18, 113]}
					]
				},
				{
					"name": "claw_eye_right_tentacle3",
					"parent": "claw_eye_right_tentacle2",
					"pivot": [-22.35, 10.5, 0.75],
					"cubes": [
						{"origin": [-22.35, 9.5, 0.75], "size": [0, 2, 8], "uv": [66, 112]}
					]
				},
				{
					"name": "claw_eye_right_tentacle4",
					"parent": "claw_eye_right_tentacle3",
					"pivot": [-22.35, 10.5, 8.75],
					"cubes": [
						{"origin": [-22.35, 9.5, 8.75], "size": [0, 2, 8], "uv": [50, 112]}
					]
				},
				{
					"name": "claw_eye_right_tentacle5",
					"parent": "claw_eye_right_tentacle4",
					"pivot": [-22.35, 10.5, 16.75],
					"cubes": [
						{"origin": [-22.35, 9.5, 16.75], "size": [0, 2, 8], "uv": [56, 98]}
					]
				},
				{
					"name": "claw_eye_right_tentacle6",
					"parent": "claw_eye_right_tentacle5",
					"pivot": [-22.35, 10.5, 24.75],
					"cubes": [
						{"origin": [-22.35, 9.5, 24.75], "size": [0, 2, 8], "uv": [98, 27]}
					]
				},
				{
					"name": "claw_eye_right_tentacle7",
					"parent": "claw_eye_right_tentacle6",
					"pivot": [-22.35, 10.5, 32.75],
					"cubes": [
						{"origin": [-22.35, 9.5, 32.75], "size": [0, 2, 8], "uv": [76, 64]},
						{"origin": [-22.35, 10, 40.75], "size": [0, 1, 1], "uv": [76, 58]}
					]
				},
				{
					"name": "claw_right_tail",
					"parent": "right_elbow",
					"pivot": [-11.75, 11, -6],
					"rotation": [-2.5, 0, 0],
					"cubes": [
						{"origin": [-22.75, -2, -8.5], "size": [16, 13, 4], "uv": [76, 39]},
						{"origin": [-6.75, -2, -4.5], "size": [0, 13, 7], "uv": [42, 99]},
						{"origin": [-22.75, -2, -4.5], "size": [0, 13, 7], "uv": [0, 93]},
						{"origin": [-22.75, -2, -4.5], "size": [16, 0, 2], "uv": [74, 68]},
						{"origin": [-7.75, 11, -4.5], "size": [1, 0, 7], "uv": [2, 0]},
						{"origin": [-22.75, 11, -4.5], "size": [1, 0, 7], "uv": [0, 0]},
						{"origin": [-21.75, 23, 0.5], "size": [14, 0, 14], "uv": [29, 0]},
						{"origin": [-7.75, 11, -4.5], "size": [0, 12, 19], "uv": [0, 35]},
						{"origin": [-21.75, 11, -4.5], "size": [0, 12, 19], "uv": [0, 23]}
					]
				},
				{
					"name": "claw_right_tail2",
					"parent": "claw_right_tail",
					"pivot": [-11.75, 11, -1.5],
					"rotation": [-10, 0, 0],
					"cubes": [
						{"origin": [-21.75, 1, -3], "size": [14, 10, 3], "uv": [86, 88]},
						{"origin": [-7.75, 1, 0], "size": [0, 10, 11], "uv": [0, 79]},
						{"origin": [-21.75, 1, 0], "size": [0, 10, 11], "uv": [30, 78]},
						{"origin": [-21.75, 1, 0], "size": [14, 0, 2], "uv": [74, 70]},
						{"origin": [-8.75, 11, 0], "size": [1, 0, 11], "uv": [5, 0]},
						{"origin": [-21.75, 11, 0], "size": [1, 0, 11], "uv": [3, 0]},
						{"origin": [-20.75, 11, -3], "size": [12, 11, 3], "inflate": 0.01, "uv": [89, 0]},
						{"origin": [-20.75, 22, 0], "size": [12, 0, 19], "uv": [0, 0]},
						{"origin": [-8.75, 11, 0], "size": [0, 11, 19], "uv": [38, 34]},
						{"origin": [-20.75, 11, 0], "size": [0, 11, 19], "uv": [38, 23]}
					]
				},
				{
					"name": "claw_right_tail3",
					"parent": "claw_right_tail2",
					"pivot": [-11.75, 11, 3.5],
					"rotation": [-7.5, 0, 0],
					"cubes": [
						{"origin": [-20.25, 3, 2], "size": [11, 8, 3], "uv": [93, 24]},
						{"origin": [-9.25, 3, 5], "size": [0, 8, 8], "uv": [78, 104]},
						{"origin": [-20.25, 3, 5], "size": [0, 8, 8], "uv": [104, 72]},
						{"origin": [-10.25, 11, 5], "size": [1, 0, 8], "uv": [8, 11]},
						{"origin": [-20.25, 11, 5], "size": [1, 0, 8], "uv": [6, 11]},
						{"origin": [-19.25, 11, 2], "size": [9, 6, 3], "inflate": 0.01, "uv": [14, 108]},
						{"origin": [-19.25, 17, 5], "size": [9, 0, 14], "uv": [57, 0]},
						{"origin": [-10.25, 11, 5], "size": [0, 6, 14], "uv": [58, 74]},
						{"origin": [-19.25, 11, 5], "size": [0, 6, 14], "uv": [30, 69]}
					]
				},
				{
					"name": "claw_right_tail3_detail_right",
					"parent": "claw_right_tail3",
					"pivot": [-21, 6.5, 3],
					"rotation": [2.5, -2.5, 0],
					"cubes": [
						{"origin": [-21, 5.5, 3], "size": [0, 4, 23], "uv": [0, 15]},
						{"origin": [-20.75, 3.5, 3], "size": [0, 3, 18], "pivot": [-20.75, 5.5, 3], "rotation": [-7.5, 0, 0], "uv": [46, 18]}
					]
				},
				{
					"name": "claw_right_tail3_detail_left",
					"parent": "claw_right_tail3",
					"pivot": [-8.5, 6.5, 3],
					"rotation": [2.5, 2.5, 0],
					"cubes": [
						{"origin": [-8.5, 5.5, 3], "size": [0, 4, 23], "uv": [0, 11]},
						{"origin": [-8.75, 3.5, 3], "size": [0, 3, 18], "pivot": [-8.75, 5.5, 3], "rotation": [-7.5, 0, 0], "uv": [46, 15]}
					]
				},
				{
					"name": "claw_right_tail3_detail",
					"parent": "claw_right_tail3",
					"pivot": [-16.25, 10.75, 3.75],
					"rotation": [-30, 0, 0],
					"cubes": [
						{"origin": [-18.25, 8.75, 3.75], "size": [7, 6, 6], "uv": [46, 94]},
						{"origin": [-17.25, 14.75, 3.75], "size": [5, 3, 5], "uv": [115, 96]},
						{"origin": [-17.25, 5.75, 3.75], "size": [5, 3, 5], "uv": [89, 115]},
						{"origin": [-19.25, 12.7, 6.75], "size": [9, 7, 0], "uv": [120, 85]},
						{"origin": [-20.25, 7.7, 6.75], "size": [11, 5, 0], "uv": [116, 70]}
					]
				},
				{
					"name": "claw_right_top",
					"parent": "right_elbow",
					"pivot": [-14.75, 2.5, -17.5],
					"rotation": [-12.5, 0, 0],
					"cubes": [
						{"origin": [-17.75, 6.5, -33.5], "size": [6, 2, 8], "uv": [96, 70]},
						{"origin": [-19.75, 6.5, -25.5], "size": [10, 5, 8], "inflate": 0.01, "uv": [68, 75]},
						{"origin": [-11.75, 2.5, -25.5], "size": [2, 4, 0], "uv": [56, 108]},
						{"origin": [-19.75, 2.5, -25.5], "size": [2, 4, 0], "uv": [81, 14]},
						{"origin": [-11.75, 2.5, -33.5], "size": [0, 4, 8], "inflate": 0.01, "uv": [18, 109]},
						{"origin": [-12.75, 2.5, -33.5], "size": [1, 4, 0], "uv": [14, 104]},
						{"origin": [-17.75, 2.5, -33.5], "size": [1, 4, 0], "uv": [55, 22]},
						{"origin": [-17.75, 2.5, -33.5], "size": [0, 4, 8], "inflate": 0.01, "uv": [104, 107]},
						{"origin": [-16.75, 8.5, -41.5], "size": [4, 0, 8], "pivot": [-13.75, 8.5, -33.5], "rotation": [70, 0, 0], "uv": [37, 14]},
						{"origin": [-12.75, 6.5, -40.5], "size": [0, 2, 7], "pivot": [-13.75, 8.5, -33.5], "rotation": [70, 0, 0], "uv": [81, 17]},
						{"origin": [-16.75, 6.5, -40.5], "size": [0, 2, 7], "pivot": [-12.75, 8.5, -33.5], "rotation": [70, 0, 0], "uv": [0, 25]},
						{"origin": [-11.75, 1.5, -29.5], "size": [0, 3, 3], "pivot": [-11.75, 3.5, -28.5], "rotation": [-45, 0, 0], "uv": [0, 110]},
						{"origin": [-17.75, 1.5, -29.5], "size": [0, 3, 3], "pivot": [-11.75, 3.5, -28.5], "rotation": [-45, 0, 0], "uv": [35, 105]},
						{"origin": [-9.75, 1.5, -22], "size": [0, 3, 3], "pivot": [-10.25, 3.5, -21], "rotation": [-45, 0, 0], "uv": [94, 109]},
						{"origin": [-19.75, 1.5, -22], "size": [0, 3, 3], "pivot": [-10.25, 3.5, -21], "rotation": [-45, 0, 0], "uv": [96, 77]},
						{"origin": [-9.75, 2.5, -25.5], "size": [0, 4, 8], "inflate": 0.01, "uv": [34, 111]},
						{"origin": [-19.75, 2.5, -25.5], "size": [0, 4, 8], "inflate": 0.01, "uv": [82, 27]}
					]
				},
				{
					"name": "claw_right_top_shell",
					"parent": "claw_right_top",
					"pivot": [-16.5, 11.5, -22.5],
					"rotation": [46, 0, 0],
					"cubes": [
						{"origin": [-20.75, 4.5, -22.5], "size": [12, 7, 12], "uv": [45, 14]}
					]
				},
				{
					"name": "claw_right_top_shell2",
					"parent": "claw_right_top_shell",
					"pivot": [-11.25, 11.5, -7.5],
					"rotation": [-20, 0, 0]
				},
				{
					"name": "torso_bend",
					"parent": "torso",
					"pivot": [0, 8.25, -3.5],
					"cubes": [
						{"origin": [-3.5, 1.25, -3.5], "size": [7, 7, 1], "inflate": 0.01, "uv": [120, 104]},
						{"origin": [3.5, 1.25, -2.5], "size": [0, 7, 5], "inflate": 0.01, "uv": [108, 119]},
						{"origin": [-3.5, 8.25, -2.5], "size": [7, 0, 5], "inflate": 0.01, "uv": [109, 61]},
						{"origin": [-3.5, 1.25, -2.5], "size": [0, 7, 5], "inflate": 0.01, "uv": [66, 119]},
						{"origin": [-3.5, 1.25, -2.5], "size": [7, 0, 2], "uv": [117, 7]}
					]
				},
				{
					"name": "torso_crest",
					"parent": "torso_bend",
					"pivot": [0, 8.25, 2.5],
					"rotation": [7.5, 0, 0],
					"cubes": [
						{"origin": [-3.5, 8.25, 2.5], "size": [7, 0, 2], "uv": [96, 37]},
						{"origin": [3.5, 4.25, 1.5], "size": [0, 4, 3], "uv": [52, 86]},
						{"origin": [-3.5, 4.25, 1.5], "size": [0, 4, 3], "uv": [0, 0]}
					]
				},
				{
					"name": "tail",
					"parent": "torso_bend",
					"pivot": [0, 4.75, -2.5],
					"cubes": [
						{"origin": [-3, 2.25, -3.5], "size": [6, 5, 6], "uv": [86, 101]}
					]
				},
				{
					"name": "tail_bend",
					"parent": "tail",
					"pivot": [0, 7.25, 2.5],
					"cubes": [
						{"origin": [-3, 2.25, 2.5], "size": [6, 5, 1], "inflate": 0.01, "uv": [121, 27]},
						{"origin": [3, 2.25, 3.5], "size": [0, 5, 5], "inflate": 0.01, "uv": [36, 94]},
						{"origin": [-3, 7.25, 3.5], "size": [6, 0, 5], "inflate": 0.01, "uv": [114, 0]},
						{"origin": [-3, 2.25, 3.5], "size": [0, 5, 5], "inflate": 0.01, "uv": [58, 78]},
						{"origin": [-3, 2.25, 3.5], "size": [6, 0, 2], "inflate": 0.01, "uv": [118, 92]}
					]
				},
				{
					"name": "tail2",
					"parent": "tail_bend",
					"pivot": [0, 4.75, 4.5],
					"cubes": [
						{"origin": [-2.5, 2.75, 3], "size": [5, 4, 4], "uv": [119, 19]}
					]
				},
				{
					"name": "tail2_bend",
					"parent": "tail2",
					"pivot": [0, 6.75, 7],
					"cubes": [
						{"origin": [-2.5, 2.75, 7], "size": [5, 4, 1], "inflate": 0.01, "uv": [33, 125]},
						{"origin": [-2.5, 2.75, 8], "size": [5, 0, 1], "inflate": 0.01, "uv": [45, 41]},
						{"origin": [2.5, 2.75, 8], "size": [0, 4, 4], "inflate": 0.01, "uv": [104, 97]},
						{"origin": [-2.5, 2.75, 8], "size": [0, 4, 4], "inflate": 0.01, "uv": [14, 96]},
						{"origin": [-2.5, 6.75, 8], "size": [5, 0, 4], "inflate": 0.01, "uv": [41, 22]}
					]
				},
				{
					"name": "tail3",
					"parent": "tail2_bend",
					"pivot": [0, 4.5, 8],
					"cubes": [
						{"origin": [-2, 3, 7.5], "size": [4, 3, 3], "uv": [122, 122]}
					]
				},
				{
					"name": "tail3_bend",
					"parent": "tail3",
					"pivot": [0, 6, 10.5],
					"cubes": [
						{"origin": [-2, 3, 10.5], "size": [4, 3, 1], "inflate": 0.01, "uv": [45, 126]},
						{"origin": [-2, 3, 11.5], "size": [4, 0, 1], "inflate": 0.01, "uv": [55, 41]},
						{"origin": [2, 3, 11.5], "size": [0, 3, 3], "inflate": 0.01, "uv": [55, 123]},
						{"origin": [-2, 6, 11.5], "size": [4, 0, 3], "inflate": 0.01, "uv": [93, 75]},
						{"origin": [-2, 3, 11.5], "size": [0, 3, 3], "inflate": 0.01, "uv": [82, 117]}
					]
				},
				{
					"name": "tail4",
					"parent": "tail3_bend",
					"pivot": [0, 5, 11.5],
					"rotation": [-2.5, 0, 0]
				},
				{
					"name": "tail_end_left",
					"parent": "tail4",
					"pivot": [0.45, 5, 11.5],
					"rotation": [-5, 12.5, 12.5],
					"cubes": [
						{"origin": [-0.05, 5, 11], "size": [1, 0, 2], "uv": [41, 14]},
						{"origin": [-0.55, 5, 13], "size": [2, 0, 2], "uv": [32, 66]}
					]
				},
				{
					"name": "tail_end_left2",
					"parent": "tail_end_left",
					"pivot": [0.45, 5, 15],
					"cubes": [
						{"origin": [-0.55, 5, 15], "size": [2, 0, 4], "uv": [26, 66]},
						{"origin": [-0.05, 5, 19], "size": [1, 0, 1], "uv": [42, 18]}
					]
				},
				{
					"name": "tail_end_right",
					"parent": "tail4",
					"pivot": [-0.45, 5, 11.5],
					"rotation": [-5, -12.5, -12.5],
					"cubes": [
						{"origin": [-0.95, 5, 11], "size": [1, 0, 2], "uv": [10, 24]},
						{"origin": [-1.45, 5, 13], "size": [2, 0, 2], "uv": [8, 29]}
					]
				},
				{
					"name": "tail_end_right2",
					"parent": "tail_end_right",
					"pivot": [-0.45, 5, 15],
					"cubes": [
						{"origin": [-1.45, 5, 15], "size": [2, 0, 4], "uv": [49, 14]},
						{"origin": [-0.95, 5, 19], "size": [1, 0, 1], "uv": [3, 2]}
					]
				},
				{
					"name": "tail_end_top",
					"parent": "tail4",
					"pivot": [0, 5.25, 11.5],
					"rotation": [5, 0, 0],
					"cubes": [
						{"origin": [-0.5, 5.25, 11], "size": [1, 0, 2], "uv": [10, 26]},
						{"origin": [-1, 5.25, 13], "size": [2, 0, 2], "uv": [0, 0]}
					]
				},
				{
					"name": "tail_end_top2",
					"parent": "tail_end_top",
					"pivot": [0, 5.25, 15],
					"cubes": [
						{"origin": [-1, 5.25, 15], "size": [2, 0, 4], "uv": [49, 18]},
						{"origin": [-0.5, 5.25, 19], "size": [1, 0, 1], "uv": [11, 28]}
					]
				}
			]
		}
	]
}