{
	"format_version": "1.12.0",
	"minecraft:geometry": [
		{
			"description": {
				"identifier": "geometry.chesnaught",
				"texture_width": 128,
				"texture_height": 128,
				"visible_bounds_width": 6,
				"visible_bounds_height": 4.5,
				"visible_bounds_offset": [0, 1.75, 0]
			},
			"bones": [
				{
					"name": "chesnaught",
					"pivot": [0, 0, 0]
				},
				{
					"name": "body",
					"parent": "chesnaught",
					"pivot": [0, 21.9, -1]
				},
				{
					"name": "torso",
					"parent": "body",
					"pivot": [0, 15.9, 1],
					"rotation": [17.5, 0, 0],
					"cubes": [
						{"origin": [-5, 14.9, -2.5], "size": [10, 9, 7], "uv": [52, 66]}
					]
				},
				{
                    "name": "locator_seat_1",
                    "parent": "body",
                    "pivot": [0, 32, -5],
                    "locators": {
                        "seat_1": [0, 32, -5]
                    }
                },
				{
					"name": "torso2",
					"parent": "torso",
					"pivot": [0, 23.9, 4.5],
					"rotation": [20, 0, 0],
					"cubes": [
						{"origin": [-6.5, 23.9, -3], "size": [13, 9, 8], "uv": [34, 39]}
					]
				},
				{
					"name": "neck",
					"parent": "torso2",
					"pivot": [0, 31.9, 0],
					"rotation": [10, 0, 0],
					"cubes": [
						{"origin": [-2, 30.9, -2], "size": [4, 5, 4], "uv": [60, 82]}
					]
				},
				{
					"name": "head",
					"parent": "neck",
					"pivot": [0, 33.4, -0.5],
					"rotation": [-50, 0, 0],
					"cubes": [
						{"origin": [-1, 33.91, -8], "size": [2, 1, 1], "uv": [74, 43]},
						{"origin": [-1, 34.92, -6.52], "size": [2, 1, 0], "uv": [7, 21]},
						{"origin": [-1, 34.86, -7.52], "size": [2, 0, 1], "uv": [6, 20]},
						{"origin": [-3.5, 31.9, -6.5], "size": [7, 7, 7], "uv": [0, 92]},
						{"origin": [-2.5, 31.9, -7.48], "size": [5, 3, 1], "inflate": 0.02, "uv": [15, 53]},
						{"origin": [-1, 34.92, -7.52], "size": [2, 0, 1], "uv": [6, 19]},
						{"origin": [-6.5, 28.9, -4.5], "size": [13, 6, 0], "pivot": [0, 34.9, -4.5], "rotation": [7.5, 0, 0], "uv": [100, 20]}
					]
				},
				{
					"name": "eye_left",
					"parent": "head",
					"pivot": [2.51, 36.15, -5.51],
					"cubes": [
						{"origin": [0.51, 34.65, -6.51], "size": [3, 3, 2], "uv": [26, 55]},
						{"origin": [1.51, 34.65, -6.52], "size": [1, 2, 1], "inflate": 0.01, "uv": [7, 47]}
					]
				},
				{
					"name": "eyelid_left",
					"parent": "eye_left",
					"pivot": [2.41, 36.15, -5.41],
					"cubes": [
						{"origin": [0.41, 34.65, -6.41], "size": [3, 3, 2], "inflate": 0.02, "uv": [0, 77]}
					]
				},
				{
					"name": "eye_right",
					"parent": "head",
					"pivot": [-2.51, 36.15, -5.51],
					"cubes": [
						{"origin": [-3.51, 34.65, -6.51], "size": [3, 3, 2], "uv": [0, 52]},
						{"origin": [-2.5, 34.65, -6.52], "size": [1, 2, 1], "inflate": 0.01, "uv": [29, 47]}
					]
				},
				{
					"name": "eyelid_right",
					"parent": "eye_right",
					"pivot": [-2.41, 36.15, -5.41],
					"cubes": [
						{"origin": [-3.41, 34.65, -6.41], "size": [3, 3, 2], "inflate": 0.02, "uv": [26, 60]}
					]
				},
				{
					"name": "mouth_closed",
					"parent": "head",
					"pivot": [0, 33, -7.51],
					"cubes": [
						{"origin": [-2, 32.2, -7.51], "size": [4, 1, 0], "uv": [0, 10]}
					]
				},
				{
					"name": "mouth_open",
					"parent": "head",
					"pivot": [0, 32.85, -7.41],
					"cubes": [
						{"origin": [-2, 31.85, -7.41], "size": [4, 2, 0], "uv": [68, 10]}
					]
				},
				{
					"name": "arm_right",
					"parent": "torso2",
					"pivot": [-5, 29, 1.5],
					"cubes": [
						{"origin": [-16.5, 26.5, -1], "size": [13, 5, 5], "uv": [79, 0]}
					]
				},
				{
					"name": "arm_right2",
					"parent": "arm_right",
					"pivot": [-16.5, 26.5, 4],
					"cubes": [
						{"origin": [-29.5, 26.5, -1], "size": [13, 5, 5], "inflate": 0.205, "uv": [79, 10]},
						{"origin": [-28.5, 31.5, 1.5], "size": [5, 4, 0], "uv": [56, 33]},
						{"origin": [-22, 31.5, 1.5], "size": [3, 3, 0], "uv": [83, 20]}
					]
				},
				{
					"name": "finger_right",
					"parent": "arm_right2",
					"pivot": [-29.7, 29, -0.5],
					"cubes": [
						{"origin": [-31.7, 27, -1], "size": [2, 2, 2], "inflate": 0.001, "uv": [90, 88]}
					]
				},
				{
					"name": "finger_right2",
					"parent": "finger_right",
					"pivot": [-31.7, 29, -0.5],
					"cubes": [
						{"origin": [-33.7, 27, -0.5], "size": [2, 2, 1], "uv": [82, 53]}
					]
				},
				{
					"name": "finger_right3",
					"parent": "arm_right2",
					"pivot": [-29.7, 29, 2.5],
					"cubes": [
						{"origin": [-31.7, 27, 2], "size": [2, 2, 2], "inflate": 0.001, "uv": [70, 91]}
					]
				},
				{
					"name": "finger_right4",
					"parent": "finger_right3",
					"pivot": [-31.7, 29, 2.5],
					"cubes": [
						{"origin": [-33.7, 27, 2.5], "size": [2, 2, 1], "uv": [76, 53]}
					]
				},
				{
					"name": "finger_right5",
					"parent": "arm_right2",
					"pivot": [-28, 29, -0.7],
					"cubes": [
						{"origin": [-29, 27, -2.7], "size": [2, 2, 2], "inflate": 0.001, "uv": [38, 86]}
					]
				},
				{
					"name": "finger_right6",
					"parent": "finger_right5",
					"pivot": [-28, 29, -2.7],
					"cubes": [
						{"origin": [-28.5, 27, -4.7], "size": [1, 2, 2], "uv": [0, 92]}
					]
				},
				{
					"name": "shield_right",
					"parent": "arm_right2",
					"pivot": [-29.7, 30.8, 4],
					"rotation": [0, 90, 0],
					"cubes": [
						{"origin": [-29.7, 31.7, 4], "size": [11, 0, 10], "uv": [53, 56]}
					]
				},
				{
					"name": "shield_right2",
					"parent": "arm_right2",
					"pivot": [-29.7, 30.8, -1],
					"rotation": [0, -90, 0],
					"cubes": [
						{"origin": [-29.7, 31.7, -11], "size": [11, 0, 10], "uv": [31, 56]}
					]
				},
				{
					"name": "arm_left",
					"parent": "torso2",
					"pivot": [5, 29, 1.5],
					"cubes": [
						{"origin": [3.5, 26.5, -1], "size": [13, 5, 5], "uv": [68, 33]}
					]
				},
				{
					"name": "arm_left2",
					"parent": "arm_left",
					"pivot": [16.5, 26.5, 4],
					"cubes": [
						{"origin": [16.5, 26.5, -1], "size": [13, 5, 5], "inflate": 0.205, "uv": [76, 43]},
						{"origin": [23.5, 31.5, 1.5], "size": [5, 4, 0], "uv": [0, 0]},
						{"origin": [19, 31.5, 1.5], "size": [3, 3, 0], "uv": [76, 10]}
					]
				},
				{
					"name": "finger_left",
					"parent": "arm_left2",
					"pivot": [29.7, 29, -0.5],
					"cubes": [
						{"origin": [29.7, 27, -1], "size": [2, 2, 2], "inflate": 0.001, "uv": [0, 82]}
					]
				},
				{
					"name": "finger_left2",
					"parent": "finger_left",
					"pivot": [31.7, 29, -0.5],
					"cubes": [
						{"origin": [31.7, 27, -0.5], "size": [2, 2, 1], "uv": [52, 70]}
					]
				},
				{
					"name": "finger_left3",
					"parent": "arm_left2",
					"pivot": [29.7, 29, 2.5],
					"cubes": [
						{"origin": [29.7, 27, 2], "size": [2, 2, 2], "inflate": 0.001, "uv": [77, 21]}
					]
				},
				{
					"name": "finger_left4",
					"parent": "finger_left3",
					"pivot": [31.7, 29, 2.5],
					"cubes": [
						{"origin": [31.7, 27, 2.5], "size": [2, 2, 1], "uv": [68, 23]}
					]
				},
				{
					"name": "finger_left5",
					"parent": "arm_left2",
					"pivot": [28, 29, -0.7],
					"cubes": [
						{"origin": [27, 27, -2.7], "size": [2, 2, 2], "inflate": 0.001, "uv": [68, 43]}
					]
				},
				{
					"name": "finger_left6",
					"parent": "finger_left5",
					"pivot": [28, 29, -2.7],
					"cubes": [
						{"origin": [27.5, 27, -4.7], "size": [1, 2, 2], "uv": [46, 86]}
					]
				},
				{
					"name": "shield_left",
					"parent": "arm_left2",
					"pivot": [29.7, 30.8, 4],
					"rotation": [0, -90, 0],
					"cubes": [
						{"origin": [18.7, 31.7, 4], "size": [11, 0, 10], "uv": [47, 13]}
					]
				},
				{
					"name": "shield_left2",
					"parent": "arm_left2",
					"pivot": [29.7, 30.8, -1],
					"rotation": [0, 90, 0],
					"cubes": [
						{"origin": [18.7, 31.7, -11], "size": [11, 0, 10], "uv": [47, 0]}
					]
				},
				{
					"name": "collar",
					"parent": "torso2",
					"pivot": [0, 34.5, 4],
					"rotation": [10, 0, 0],
					"cubes": [
						{"origin": [-11, 34.5, -4], "size": [7, 0, 5], "uv": [10, 48]},
						{"origin": [-8, 34.5, -2], "size": [0, 6, 4], "pivot": [-8, 34.5, 0], "rotation": [0, 0, -12.5], "uv": [0, 9]},
						{"origin": [8, 34.5, -2], "size": [0, 6, 4], "pivot": [8, 34.5, 0], "rotation": [0, 0, 12.5], "uv": [0, 0]},
						{"origin": [4, 34.5, -4], "size": [7, 0, 5], "uv": [37, 34]}
					]
				},
				{
					"name": "collar2",
					"parent": "collar",
					"pivot": [-5.5, 34.5, -4],
					"rotation": [65, 0, 0],
					"cubes": [
						{"origin": [-10, 34.5, -11], "size": [20, 0, 7], "uv": [35, 26]}
					]
				},
				{
					"name": "shell",
					"parent": "collar",
					"pivot": [0, 34.5, 1],
					"rotation": [2.5, 0, 0],
					"cubes": [
						{"origin": [-11.5, 32.5, 1], "size": [23, 2, 11], "uv": [0, 13]},
						{"origin": [-11.5, 13.5, 1], "size": [2, 19, 11], "uv": [26, 56]},
						{"origin": [9.5, 13.5, 1], "size": [2, 19, 11], "uv": [0, 47]},
						{"origin": [-11.5, 11.5, 1], "size": [23, 2, 11], "uv": [0, 0]},
						{"origin": [-9.5, 13.5, 10], "size": [19, 19, 2], "uv": [0, 26]}
					]
				},
				{
					"name": "spike_back_left",
					"parent": "shell",
					"pivot": [7.5, 27, 10],
					"rotation": [10, 32.5, 0],
					"cubes": [
						{"origin": [5, 24.5, 9.5], "size": [5, 5, 10], "uv": [0, 77]},
						{"origin": [5.5, 25, 17.5], "size": [4, 4, 9], "uv": [38, 96]}
					]
				},
				{
					"name": "spike_back_right",
					"parent": "shell",
					"pivot": [-7.5, 27, 10],
					"rotation": [10, -32.5, 0],
					"cubes": [
						{"origin": [-10, 24.5, 9.5], "size": [5, 5, 10], "uv": [76, 72]},
						{"origin": [-9.5, 25, 17.5], "size": [4, 4, 9], "uv": [21, 86]}
					]
				},
				{
					"name": "spike_back_right2",
					"parent": "shell",
					"pivot": [-7, 17, 10],
					"rotation": [-15, -27.5, 0],
					"cubes": [
						{"origin": [-9.5, 14.5, 9.5], "size": [5, 5, 8], "uv": [90, 93]},
						{"origin": [-9, 15, 15.5], "size": [4, 4, 7], "uv": [102, 64]}
					]
				},
				{
					"name": "spike_back_left2",
					"parent": "shell",
					"pivot": [7, 17, 10],
					"rotation": [-15, 27.5, 0],
					"cubes": [
						{"origin": [4.5, 14.5, 9.5], "size": [5, 5, 8], "uv": [82, 20]},
						{"origin": [5, 15, 15.5], "size": [4, 4, 7], "uv": [99, 53]}
					]
				},
				{
					"name": "tail",
					"parent": "torso",
					"pivot": [0, 17, 3],
					"rotation": [-37.5, 0, 0],
					"cubes": [
						{"origin": [-3, 14, 2], "size": [6, 6, 8], "uv": [70, 87]}
					]
				},
				{
					"name": "tail2",
					"parent": "tail",
					"pivot": [0, 17, 9.5],
					"cubes": [
						{"origin": [-2.5, 14.5, 8], "size": [5, 5, 10], "uv": [79, 56]}
					]
				},
				{
					"name": "tail3",
					"parent": "tail2",
					"pivot": [0, 17, 17.5],
					"cubes": [
						{"origin": [-2, 15, 16], "size": [4, 4, 10], "uv": [42, 82]}
					]
				},
				{
					"name": "tail4",
					"parent": "tail3",
					"pivot": [-0.5, 17.5, 25.5],
					"cubes": [
						{"origin": [-1.5, 15.5, 24], "size": [3, 3, 9], "uv": [97, 78]}
					]
				},
				{
					"name": "leg_right",
					"parent": "body",
					"pivot": [-3.5, 15.4, 1],
					"rotation": [-30, 20, 0],
					"cubes": [
						{"origin": [-6, 6.9, -1], "size": [5, 10, 5], "uv": [23, 104]}
					]
				},
				{
					"name": "leg_right2",
					"parent": "leg_right",
					"pivot": [-3.5, 6.9, -1],
					"rotation": [30, 0, 0],
					"cubes": [
						{"origin": [-6, -2.1, -0.9], "size": [5, 9, 5], "inflate": 0.1, "uv": [84, 106]}
					]
				},
				{
					"name": "toe_right",
					"parent": "leg_right2",
					"pivot": [-5.2, -2.1, -1],
					"rotation": [0, -2.5, 0],
					"cubes": [
						{"origin": [-5.7, -2.1, -3], "size": [1, 2, 2], "uv": [20, 81]},
						{"origin": [-5.2, -2.1, -5], "size": [0, 2, 3], "uv": [52, 65]}
					]
				},
				{
					"name": "toe_right2",
					"parent": "leg_right2",
					"pivot": [-3.5, -2.1, -1],
					"cubes": [
						{"origin": [-4.5, -2.1, -4], "size": [2, 2, 3], "uv": [0, 47]},
						{"origin": [-3.5, -2.1, -6], "size": [0, 2, 3], "uv": [52, 63]}
					]
				},
				{
					"name": "toe_right3",
					"parent": "leg_right2",
					"pivot": [-1.8, -2.1, -1],
					"rotation": [0, 2.5, 0],
					"cubes": [
						{"origin": [-1.8, -2.1, -5], "size": [0, 2, 3], "uv": [62, 34]},
						{"origin": [-2.3, -2.1, -3], "size": [1, 2, 2], "uv": [83, 23]}
					]
				},
				{
					"name": "leg_left",
					"parent": "body",
					"pivot": [3.5, 15.4, 1],
					"rotation": [-30, -20, 0],
					"cubes": [
						{"origin": [1, 6.9, -1], "size": [5, 10, 5], "uv": [64, 101]}
					]
				},
				{
					"name": "leg_left2",
					"parent": "leg_left",
					"pivot": [3.5, 6.9, -1],
					"rotation": [30, 0, 0],
					"cubes": [
						{"origin": [1, -2.1, -0.9], "size": [5, 9, 5], "inflate": 0.1, "uv": [104, 28]}
					]
				},
				{
					"name": "toe_left",
					"parent": "leg_left2",
					"pivot": [5.2, -2.1, -1],
					"rotation": [0, 2.5, 0],
					"cubes": [
						{"origin": [4.7, -2.1, -3], "size": [1, 2, 2], "uv": [66, 33]},
						{"origin": [5.2, -2.1, -5], "size": [0, 2, 3], "uv": [26, 62]}
					]
				},
				{
					"name": "toe_left2",
					"parent": "leg_left2",
					"pivot": [3.5, -2.1, -1],
					"cubes": [
						{"origin": [2.5, -2.1, -4], "size": [2, 2, 3], "uv": [0, 19]},
						{"origin": [3.5, -2.1, -6], "size": [0, 2, 3], "uv": [56, 34]}
					]
				},
				{
					"name": "toe_left3",
					"parent": "leg_left2",
					"pivot": [1.8, -2.1, -1],
					"rotation": [0, -2.5, 0],
					"cubes": [
						{"origin": [1.3, -2.1, -3], "size": [1, 2, 2], "uv": [20, 77]},
						{"origin": [1.8, -2.1, -5], "size": [0, 2, 3], "uv": [27, 50]}
					]
				}
			]
		}
	]
}