{
	"format_version": "1.12.0",
	"minecraft:geometry": [
		{
			"description": {
				"identifier": "geometry.swampert",
				"texture_width": 256,
				"texture_height": 128,
				"visible_bounds_width": 6,
				"visible_bounds_height": 5,
				"visible_bounds_offset": [0, 1.5, 0]
			},
			"bones": [
				{
					"name": "swampert",
					"pivot": [0, 0, 0]
				},
				{
					"name": "body",
					"parent": "swampert",
					"pivot": [0, 12, 6]
				},
				{
					"name": "torso",
					"parent": "body",
					"pivot": [0, 12, 6.5],
					"rotation": [-5, 0, 0],
					"cubes": [
						{"origin": [-8, 4, 1.5], "size": [16, 16, 13], "inflate": 0.01, "uv": [61, 38]}
					]
				},
				{
                    "name": "locator_seat_1",
                    "parent": "body",
                    "pivot": [0, 22, -5],
                    "locators": {
                        "seat_1": [0, 22, -5]
                    }
                },
				{
					"name": "chest",
					"parent": "torso",
					"pivot": [0, 12, 2],
					"rotation": [-17.5, 0, 0],
					"cubes": [
						{"origin": [-7, 5.5, -2.5], "size": [14, 14, 7], "inflate": 0.01, "uv": [0, 49]}
					]
				},
				{
					"name": "chest2",
					"parent": "chest",
					"pivot": [0, 14, -2.5],
					"cubes": [
						{"origin": [-5.5, 8.25, -9], "size": [11, 11, 7], "uv": [38, 33]}
					]
				},
				{
					"name": "arms",
					"parent": "chest2",
					"pivot": [0, 15.25, -7.25]
				},
				{
					"name": "arm_left",
					"parent": "arms",
					"pivot": [5, 16.75, -8.75],
					"cubes": [
						{"origin": [4.5, 12.25, -9], "size": [4, 5, 4], "inflate": 0.1, "uv": [88, 29]}
					]
				},
				{
					"name": "arm_left2",
					"parent": "arm_left",
					"pivot": [8.5, 14.75, -8.25],
					"cubes": [
						{"origin": [8.5, 12.75, -8.25], "size": [8, 4, 3], "inflate": 0.1, "uv": [122, 0]}
					]
				},
				{
					"name": "arm_left3",
					"parent": "arm_left2",
					"pivot": [16.5, 16.75, -5.25],
					"cubes": [
						{"origin": [16.5, 11.25, -8.75], "size": [5, 7, 4], "inflate": 0.01, "uv": [145, 0]},
						{"origin": [21.5, 10.75, -8.75], "size": [3, 8, 4], "inflate": 0.01, "uv": [144, 11]},
						{"origin": [19, 12.75, -9.75], "size": [8, 4, 2], "inflate": 0.01, "pivot": [19, 14.25, -8.75], "rotation": [0, -1.5, 0], "uv": [156, 22]}
					]
				},
				{
					"name": "wrist_left",
					"parent": "arm_left3",
					"pivot": [24.5, 14.75, -6]
				},
				{
					"name": "hand_left",
					"parent": "wrist_left",
					"pivot": [24.5, 14.75, -8.75],
					"cubes": [
						{"origin": [24.5, 10.75, -8.75], "size": [4, 8, 3], "inflate": 0.02, "uv": [163, 0]}
					]
				},
				{
					"name": "fingers_left",
					"parent": "hand_left",
					"pivot": [28.5, 14.75, -7.25]
				},
				{
					"name": "finger_front_left",
					"parent": "fingers_left",
					"pivot": [28.5, 13.75, -8.25],
					"cubes": [
						{"origin": [28.5, 10.75, -8.25], "size": [4, 3, 1], "inflate": 0.01, "uv": [124, 43]}
					]
				},
				{
					"name": "finger_front_left2",
					"parent": "finger_front_left",
					"pivot": [32.5, 12.25, -8.25],
					"cubes": [
						{"origin": [32.5, 10.75, -8.25], "size": [3, 3, 1], "uv": [124, 47]}
					]
				},
				{
					"name": "finger_middle_left",
					"parent": "fingers_left",
					"pivot": [28.5, 14.75, -8.25],
					"cubes": [
						{"origin": [28.5, 13.25, -8.25], "size": [4, 3, 1], "inflate": 0.02, "uv": [106, 47]}
					]
				},
				{
					"name": "finger_middle_left2",
					"parent": "finger_middle_left",
					"pivot": [32.5, 14.75, -8.25],
					"cubes": [
						{"origin": [32.5, 13.25, -8.25], "size": [3, 3, 1], "inflate": 0.01, "uv": [116, 47]}
					]
				},
				{
					"name": "finger_back_left",
					"parent": "fingers_left",
					"pivot": [28.5, 15.75, -8.25],
					"cubes": [
						{"origin": [28.5, 15.75, -8.25], "size": [4, 3, 1], "inflate": 0.01, "uv": [106, 43]}
					]
				},
				{
					"name": "finger_back_left2",
					"parent": "finger_back_left",
					"pivot": [32.5, 17.25, -8.25],
					"cubes": [
						{"origin": [32.5, 15.75, -8.25], "size": [3, 3, 1], "uv": [116, 43]}
					]
				},
				{
					"name": "arm_right",
					"parent": "arms",
					"pivot": [-5, 16.75, -8.75],
					"cubes": [
						{"origin": [-8.5, 12.25, -9], "size": [4, 5, 4], "inflate": 0.1, "uv": [110, 5], "mirror": true}
					]
				},
				{
					"name": "arm_right2",
					"parent": "arm_right",
					"pivot": [-8.5, 14.75, -8.25],
					"cubes": [
						{"origin": [-16.5, 12.75, -8.25], "size": [8, 4, 3], "inflate": 0.1, "uv": [126, 8], "mirror": true}
					]
				},
				{
					"name": "arm_right3",
					"parent": "arm_right2",
					"pivot": [-16.5, 16.75, -5.25],
					"cubes": [
						{"origin": [-21.5, 11.25, -8.75], "size": [5, 7, 4], "inflate": 0.01, "uv": [124, 15], "mirror": true},
						{"origin": [-24.5, 10.75, -8.75], "size": [3, 8, 4], "inflate": 0.01, "uv": [142, 23], "mirror": true},
						{"origin": [-27, 12.75, -9.75], "size": [8, 4, 2], "inflate": 0.01, "pivot": [-19, 14.25, -8.75], "rotation": [0, 1.5, 0], "uv": [178, 30], "mirror": true}
					]
				},
				{
					"name": "wrist_right",
					"parent": "arm_right3",
					"pivot": [-24.5, 14.75, -6]
				},
				{
					"name": "hand_right",
					"parent": "wrist_right",
					"pivot": [-24.5, 14.75, -8.75],
					"cubes": [
						{"origin": [-28.5, 10.75, -8.75], "size": [4, 8, 3], "inflate": 0.02, "uv": [158, 11], "mirror": true}
					]
				},
				{
					"name": "fingers_right",
					"parent": "hand_right",
					"pivot": [-28.5, 14.75, -7.25]
				},
				{
					"name": "finger_front_right",
					"parent": "fingers_right",
					"pivot": [-28.5, 13.75, -8.25],
					"cubes": [
						{"origin": [-32.5, 10.75, -8.25], "size": [4, 3, 1], "inflate": 0.01, "uv": [134, 43], "mirror": true}
					]
				},
				{
					"name": "finger_front_right2",
					"parent": "finger_front_right",
					"pivot": [-32.5, 12.25, -8.25],
					"cubes": [
						{"origin": [-35.5, 10.75, -8.25], "size": [3, 3, 1], "uv": [132, 47], "mirror": true}
					]
				},
				{
					"name": "finger_middle_right",
					"parent": "fingers_right",
					"pivot": [-28.5, 14.75, -8.25],
					"cubes": [
						{"origin": [-32.5, 13.25, -8.25], "size": [4, 3, 1], "inflate": 0.02, "uv": [142, 39], "mirror": true}
					]
				},
				{
					"name": "finger_middle_right2",
					"parent": "finger_middle_right",
					"pivot": [-32.5, 14.75, -8.25],
					"cubes": [
						{"origin": [-35.5, 13.25, -8.25], "size": [3, 3, 1], "inflate": 0.01, "uv": [152, 39], "mirror": true}
					]
				},
				{
					"name": "finger_back_right",
					"parent": "fingers_right",
					"pivot": [-28.5, 15.75, -8.25],
					"cubes": [
						{"origin": [-32.5, 15.75, -8.25], "size": [4, 3, 1], "inflate": 0.01, "uv": [142, 35], "mirror": true}
					]
				},
				{
					"name": "finger_back_right2",
					"parent": "finger_back_right",
					"pivot": [-32.5, 17.25, -8.25],
					"cubes": [
						{"origin": [-35.5, 15.75, -8.25], "size": [3, 3, 1], "uv": [152, 35], "mirror": true}
					]
				},
				{
					"name": "neck",
					"parent": "chest2",
					"pivot": [0, 14.75, -9],
					"cubes": [
						{"origin": [-5, 10, -17], "size": [10, 9, 9], "uv": [0, 31]}
					]
				},
				{
					"name": "head",
					"parent": "neck",
					"pivot": [0, 14.25, -14]
				},
				{
					"name": "head_correction",
					"parent": "head",
					"pivot": [0, 14.25, -14],
					"rotation": [50, 0, 0]
				},
				{
					"name": "head_ai",
					"parent": "head_correction",
					"pivot": [0, 13.25, -15]
				},
				{
					"name": "head_angle",
					"parent": "head_ai",
					"pivot": [0, 14.25, -15],
					"rotation": [-92.5, 0, 0],
					"cubes": [
						{"origin": [-7, 3.5, -21.5], "size": [14, 15, 6], "inflate": 0.01, "uv": [0, 0]},
						{"origin": [-7, 10.5, -15.5], "size": [14, 8, 3], "inflate": 0.01, "uv": [40, 0]},
						{"origin": [-7, 3.49, -15.5], "size": [14, 0, 2], "inflate": 0.01, "uv": [26, 29]},
						{"origin": [-1.5, 3.49, -16], "size": [3, 0, 1], "inflate": 0.02, "uv": [33, 1]}
					]
				},
				{
					"name": "eyes",
					"parent": "head_angle",
					"pivot": [0, 3.48, -17.75]
				},
				{
					"name": "eye_left",
					"parent": "eyes",
					"pivot": [4, 3.48, -17.75],
					"cubes": [
						{"origin": [2.5, 3.48, -19.25], "size": [3, 0, 3], "uv": [-3, 0]}
					]
				},
				{
					"name": "eye_angry_left",
					"parent": "eye_left",
					"pivot": [4.5, 3.57, -18.75],
					"cubes": [
						{"origin": [3.5, 3.57, -19.25], "size": [2, 0, 1], "inflate": 0.01, "uv": [118, 52]},
						{"origin": [2.5, 3.56, -18.75], "size": [1, 0, 1], "inflate": 0.01, "uv": [122, 52]},
						{"origin": [2.5, 3.57, -19.25], "size": [1, 0, 1], "inflate": 0.01, "uv": [122, 51]}
					]
				},
				{
					"name": "eye_sad_left",
					"parent": "eye_left",
					"pivot": [4.5, 3.57, -18.75],
					"cubes": [
						{"origin": [3.5, 3.57, -19.75], "size": [1, 0, 1], "inflate": 0.01, "uv": [126, 51]},
						{"origin": [4.5, 3.56, -19.25], "size": [1, 0, 1], "inflate": 0.01, "uv": [126, 52]}
					]
				},
				{
					"name": "pupil_left",
					"parent": "eye_left",
					"pivot": [3.5, 3.47, -18],
					"cubes": [
						{"origin": [3, 3.47, -19], "size": [1, 0, 2], "uv": [39, 1]}
					]
				},
				{
					"name": "eyelid_left",
					"parent": "eye_left",
					"pivot": [4, 4.07, -17.75],
					"cubes": [
						{"origin": [2.5, 3.57, -19.25], "size": [3, 1, 3], "inflate": 0.01, "uv": [29, 31]}
					]
				},
				{
					"name": "eyelid_happy_left",
					"parent": "eye_left",
					"pivot": [4, 4.07, -17.75],
					"cubes": [
						{"origin": [2.5, 3.57, -19.25], "size": [3, 1, 3], "inflate": 0.01, "uv": [67, 33]}
					]
				},
				{
					"name": "eyelid_recoil_left",
					"parent": "eye_left",
					"pivot": [4, 4.07, -17.75],
					"cubes": [
						{"origin": [2.5, 3.57, -19.25], "size": [3, 1, 3], "inflate": 0.01, "uv": [35, 52]}
					]
				},
				{
					"name": "eye_right",
					"parent": "eyes",
					"pivot": [-4, 3.48, -17.75],
					"cubes": [
						{"origin": [-5.5, 3.48, -19.25], "size": [3, 0, 3], "uv": [-3, 3]}
					]
				},
				{
					"name": "eye_angry_right",
					"parent": "eye_right",
					"pivot": [-4.5, 3.57, -18.75],
					"cubes": [
						{"origin": [-5.5, 3.57, -19.25], "size": [2, 0, 1], "inflate": 0.01, "uv": [118, 51]},
						{"origin": [-3.5, 3.56, -18.75], "size": [1, 0, 1], "inflate": 0.01, "uv": [124, 52], "mirror": true},
						{"origin": [-3.5, 3.57, -19.25], "size": [1, 0, 1], "inflate": 0.01, "uv": [124, 51], "mirror": true}
					]
				},
				{
					"name": "eye_sad_right",
					"parent": "eye_right",
					"pivot": [-4.5, 3.57, -18.75],
					"cubes": [
						{"origin": [-4.5, 3.57, -19.75], "size": [1, 0, 1], "inflate": 0.01, "uv": [128, 51]},
						{"origin": [-5.5, 3.56, -19.25], "size": [1, 0, 1], "inflate": 0.01, "uv": [128, 52]}
					]
				},
				{
					"name": "pupil_right",
					"parent": "eye_right",
					"pivot": [-3.5, 3.47, -18],
					"cubes": [
						{"origin": [-4, 3.47, -19], "size": [1, 0, 2], "uv": [39, 12]}
					]
				},
				{
					"name": "eyelid_right",
					"parent": "eye_right",
					"pivot": [-4, 4.07, -17.75],
					"cubes": [
						{"origin": [-5.5, 3.57, -19.25], "size": [3, 1, 3], "inflate": 0.01, "uv": [29, 35]}
					]
				},
				{
					"name": "eyelid_happy_right",
					"parent": "eye_right",
					"pivot": [-4, 4.07, -17.75],
					"cubes": [
						{"origin": [-5.5, 3.57, -19.25], "size": [3, 1, 3], "inflate": 0.01, "uv": [76, 34]}
					]
				},
				{
					"name": "eyelid_recoil_right",
					"parent": "eye_right",
					"pivot": [-4, 4.07, -17.75],
					"cubes": [
						{"origin": [-5.5, 3.57, -19.25], "size": [3, 1, 3], "inflate": 0.01, "uv": [44, 51]}
					]
				},
				{
					"name": "jaw",
					"parent": "head_angle",
					"pivot": [0, 10.5, -15.5],
					"cubes": [
						{"origin": [-7, 4, -15.5], "size": [14, 7, 3], "uv": [40, 11]}
					]
				},
				{
					"name": "checks",
					"parent": "head_angle",
					"pivot": [0, 11, -16]
				},
				{
					"name": "check_left",
					"parent": "checks",
					"pivot": [7.01, 11, -16.5],
					"cubes": [
						{"origin": [7.01, 6, -19.5], "size": [0, 10, 7], "inflate": 0.01, "uv": [0, 14]}
					]
				},
				{
					"name": "check_left_spike_front",
					"parent": "check_left",
					"pivot": [7.01, 10.25, -16],
					"rotation": [0, -5, 15],
					"cubes": [
						{"origin": [7.01, 8.25, -17], "size": [4, 2, 2], "inflate": 0.25, "uv": [28, 25]},
						{"origin": [11.01, 9.25, -17], "size": [3, 0, 2], "uv": [48, 25]}
					]
				},
				{
					"name": "check_left_spike_middle",
					"parent": "check_left",
					"pivot": [6.51, 11, -16],
					"cubes": [
						{"origin": [7.01, 10.5, -16.5], "size": [2, 1, 1], "uv": [34, 2]}
					]
				},
				{
					"name": "check_left_spike_back",
					"parent": "check_left",
					"pivot": [7.01, 11.75, -16],
					"rotation": [0, -5, -15],
					"cubes": [
						{"origin": [7.01, 11.75, -17], "size": [4, 2, 2], "inflate": 0.25, "uv": [28, 21]},
						{"origin": [11.01, 12.75, -17], "size": [3, 0, 2], "uv": [48, 21]}
					]
				},
				{
					"name": "check_right",
					"parent": "checks",
					"pivot": [-7.01, 11, -16.5],
					"cubes": [
						{"origin": [-7.01, 6, -19.5], "size": [0, 10, 7], "inflate": 0.01, "uv": [14, 14], "mirror": true}
					]
				},
				{
					"name": "check_right_spike_front",
					"parent": "check_right",
					"pivot": [-7.01, 10.25, -16],
					"rotation": [0, 5, -15],
					"cubes": [
						{"origin": [-11.01, 8.25, -17], "size": [4, 2, 2], "inflate": 0.25, "uv": [40, 25], "mirror": true},
						{"origin": [-14.01, 9.25, -17], "size": [3, 0, 2], "uv": [50, 27], "mirror": true}
					]
				},
				{
					"name": "check_right_spike_middle",
					"parent": "check_right",
					"pivot": [-6.51, 11, -16],
					"cubes": [
						{"origin": [-9.01, 10.5, -16.5], "size": [2, 1, 1], "uv": [34, 4], "mirror": true}
					]
				},
				{
					"name": "check_right_spike_back",
					"parent": "check_right",
					"pivot": [-7.01, 11.75, -16],
					"rotation": [0, 5, 15],
					"cubes": [
						{"origin": [-11.01, 11.75, -17], "size": [4, 2, 2], "inflate": 0.25, "uv": [40, 21], "mirror": true},
						{"origin": [-14.01, 12.75, -17], "size": [3, 0, 2], "uv": [50, 23], "mirror": true}
					]
				},
				{
					"name": "eyebrow_left",
					"parent": "head_angle",
					"pivot": [4, 4, -21.5],
					"rotation": [-29.5, -2.5, 9.5],
					"cubes": [
						{"origin": [3, 4, -35], "size": [2, 12, 14], "uv": [60, 7]},
						{"origin": [3, 5, -38], "size": [2, 10, 3], "uv": [78, 8]}
					]
				},
				{
					"name": "eyebrow_right",
					"parent": "head_angle",
					"pivot": [-4, 4, -21.5],
					"rotation": [-30.5, 2.5, -9.5],
					"cubes": [
						{"origin": [-5, 4, -35], "size": [2, 12, 14], "uv": [92, 0]},
						{"origin": [-5, 5, -38], "size": [2, 10, 3], "uv": [88, 1]}
					]
				},
				{
					"name": "tail_base",
					"parent": "torso",
					"pivot": [0, 13, 14.5],
					"cubes": [
						{"origin": [-6.5, 6.5, 14.5], "size": [13, 12, 5], "inflate": 0.01, "uv": [106, 26]}
					]
				},
				{
					"name": "tail",
					"parent": "tail_base",
					"pivot": [0, 20, 5.5],
					"rotation": [-7.5, 0, 0],
					"cubes": [
						{"origin": [0, 2.5, 5.5], "size": [0, 35, 22], "uv": [0, 48]},
						{"origin": [0, 18.5, 3.5], "size": [0, 3, 2], "uv": [44, 69]}
					]
				},
				{
					"name": "tail_base2",
					"parent": "tail_base",
					"pivot": [0, 18.5, 19],
					"rotation": [30, 0, 0],
					"cubes": [
						{"origin": [-3.5, 18, 12], "size": [7, 6, 7], "inflate": 0.01, "uv": [44, 67]}
					]
				},
				{
					"name": "legs",
					"parent": "body",
					"pivot": [0, 12, 9.5]
				},
				{
					"name": "leg_left",
					"parent": "legs",
					"pivot": [8, 16, 9.5],
					"rotation": [0, 0, -20],
					"cubes": [
						{"origin": [0, 13, 3.75], "size": [8, 4, 11], "uv": [172, 0]}
					]
				},
				{
					"name": "leg_left2",
					"parent": "leg_left",
					"pivot": [8, 13, 3.75],
					"cubes": [
						{"origin": [-0.75, 4, 3], "size": [9, 9, 12], "uv": [203, 3]},
						{"origin": [7, 3, 6.75], "size": [2, 9, 5], "pivot": [8, 10, 7.75], "rotation": [2.5, 0, 2.5], "uv": [233, 1]}
					]
				},
				{
					"name": "leg_left3",
					"parent": "leg_left2",
					"pivot": [3.5, 4, 3.5],
					"rotation": [27.5, 0, 0],
					"cubes": [
						{"origin": [0, -3.5, 3.5], "size": [7, 8, 10], "uv": [204, 24]}
					]
				},
				{
					"name": "foot_left",
					"parent": "leg_left3",
					"pivot": [3.5, -2, 8.5],
					"cubes": [
						{"origin": [-0.5, -6.5, 3.5], "size": [8, 5, 10], "inflate": 0.01, "uv": [214, 42]}
					]
				},
				{
					"name": "foot_left2",
					"parent": "foot_left",
					"pivot": [3.5, -6.5, 3.75],
					"cubes": [
						{"origin": [-0.5, -6.5, -1.25], "size": [8, 3, 5], "uv": [228, 24]}
					]
				},
				{
					"name": "leg_right",
					"parent": "legs",
					"pivot": [-8, 16, 9.5],
					"rotation": [0, 0, 20],
					"cubes": [
						{"origin": [-8, 13, 3.75], "size": [8, 4, 11], "uv": [176, 15], "mirror": true}
					]
				},
				{
					"name": "leg_right2",
					"parent": "leg_right",
					"pivot": [-8, 13, 3.75],
					"cubes": [
						{"origin": [-8.25, 4, 3], "size": [9, 9, 12], "uv": [148, 31], "mirror": true},
						{"origin": [-9, 3, 6.75], "size": [2, 9, 5], "pivot": [-8, 10, 7.75], "rotation": [2.5, 0, -2.5], "uv": [240, 38], "mirror": true}
					]
				},
				{
					"name": "leg_right3",
					"parent": "leg_right2",
					"pivot": [-3.5, 4, 3.5],
					"rotation": [27.5, 0, 0],
					"cubes": [
						{"origin": [-7, -3.5, 3.5], "size": [7, 8, 10], "uv": [180, 42], "mirror": true}
					]
				},
				{
					"name": "foot_right",
					"parent": "leg_right3",
					"pivot": [-3.5, -2, 8.5],
					"cubes": [
						{"origin": [-7.5, -6.5, 3.5], "size": [8, 5, 10], "inflate": 0.01, "uv": [154, 52], "mirror": true}
					]
				},
				{
					"name": "foot_right2",
					"parent": "foot_right",
					"pivot": [-3.5, -6.5, 3.75],
					"cubes": [
						{"origin": [-7.5, -6.5, -1.25], "size": [8, 3, 5], "uv": [190, 60], "mirror": true}
					]
				}
			]
		}
	]
}