{
	"format_version": "1.10.0",
	"particle_effect": {
		"description": {
			"identifier": "cobblemon:aura_idle",
			"basic_render_parameters": {
				"material": "particles_alpha",
				"texture": "textures/particles/small-fadeorb"
			}
		},
		"components": {
			"minecraft:emitter_rate_steady": {
				"spawn_rate": 12,
				"max_particles": 100
			},
			"minecraft:emitter_lifetime_looping": {
				"active_time": 4
			},
			"minecraft:emitter_lifetime_events": {
				"creation_event": "event_sound"
			},
			"minecraft:emitter_shape_point": {},
			"minecraft:particle_lifetime_expression": {
				"max_lifetime": 0.8
			},
			"minecraft:particle_initial_spin": {
				"rotation": 1,
				"rotation_rate": 120
			},
			"minecraft:particle_initial_speed": 0.25,
			"minecraft:particle_motion_dynamic": {
				"linear_acceleration": [0, 4, 0],
				"linear_drag_coefficient": 1,
				"rotation_acceleration": 30
			},
			"minecraft:particle_appearance_billboard": {
				"size": [0.075, 0.075],
				"facing_camera_mode": "rotate_xyz",
				"uv": {
					"texture_width": 63,
					"texture_height": 7,
					"flipbook": {
						"base_UV": [35, 0],
						"size_UV": [7, 7],
						"step_UV": [7, 0],
						"frames_per_second": 5,
						"max_frame": 4
					}
				}
			},
			"minecraft:particle_appearance_tinting": {
				"color": {
					"interpolant": "v.particle_age / v.particle_lifetime",
					"gradient": {
						"0.0": "#FF0875C1",
						"0.78": "#FF56DCFF"
					}
				}
			}
		}
	}
}