{
	"format_version": "1.10.0",
	"particle_effect": {
		"description": {
			"identifier": "cobblemon:lucario_aura",
			"basic_render_parameters": {
				"material": "particles_alpha",
				"texture": "textures/particles/white_aura"
			}
		},
		"curves": {
			"variable.size": {
				"type": "linear",
				"input": "v.particle_age",
				"horizontal_range": "v.particle_lifetime",
				"nodes": [0, 1]
			}
		},
		"events": {
			"event_sparks": {
				"particle_effect": {
					"effect": "cobblemon:lucario_aura_sparks",
					"type": "emitter_bound"
				}
			}
		},
		"components": {
			"minecraft:emitter_rate_steady": {
				"spawn_rate": 12,
				"max_particles": 100
			},
			"minecraft:emitter_lifetime_looping": {
				"active_time": 1
			},
			"minecraft:emitter_lifetime_events": {
				"creation_event": "event_sparks"
			},
			"minecraft:emitter_shape_point": {},
			"minecraft:particle_lifetime_expression": {
				"max_lifetime": 1
			},
			"minecraft:particle_initial_spin": {
				"rotation": "math.random_integer(1,4) * 90"
			},
			"minecraft:particle_initial_speed": 0.5,
			"minecraft:particle_motion_dynamic": {
				"linear_acceleration": [0, 1.5, 0],
				"linear_drag_coefficient": 2
			},
			"minecraft:particle_appearance_billboard": {
				"size": [0.095, 0.095],
				"facing_camera_mode": "rotate_xyz",
				"uv": {
					"texture_width": 8,
					"texture_height": 56,
					"flipbook": {
						"base_UV": [0, 40],
						"size_UV": [8, 8],
						"step_UV": [0, -8],
						"frames_per_second": 6,
						"max_frame": 6
					}
				}
			},
			"minecraft:particle_appearance_tinting": {
				"color": {
					"interpolant": "v.particle_age / v.particle_lifetime",
					"gradient": {
						"0.21": "#FF8BDEFF",
						"0.62": "#FF00BCFF",
						"1.0": "#FF0020FF"
					}
				}
			}
		}
	}
}