{
	"format_version": "1.12.0",
	"minecraft:geometry": [
		{
			"description": {
				"identifier": "geometry.heatmor",
				"texture_width": 128,
				"texture_height": 64,
				"visible_bounds_width": 4,
				"visible_bounds_height": 5.5,
				"visible_bounds_offset": [0, 2.25, 0]
			},
			"bones": [
				{
					"name": "heatmor",
					"pivot": [0, 0, 0]
				},
				{
					"name": "locator_root",
					"parent": "heatmor",
					"pivot": [0, 0, 0],
					"locators": {
						"root": [0, 0, 0]
					}
				},
				{
					"name": "locator_top",
					"parent": "heatmor",
					"pivot": [0, 28, 0],
					"locators": {
						"top": [0, 28, 0]
					}
				},
				{
					"name": "body",
					"parent": "heatmor",
					"pivot": [0, 10.8, 0]
				},
				{
                    "name": "locator_seat_1",
                    "parent": "body",
                    "pivot": [0, 21, 6],
                    "locators": {
                        "seat_1": [0, 21, 6]
                    }
                },
				{
					"name": "locator_target",
					"parent": "body",
					"pivot": [0, 15, -13.5],
					"locators": {
						"target": [0, 15, -13.5]
					}
				},
				{
					"name": "locator_middle",
					"parent": "body",
					"pivot": [0, 16, 0],
					"locators": {
						"middle": [0, 16, 0]
					}
				},
				{
					"name": "torso",
					"parent": "body",
					"pivot": [0, 6.8, 0],
					"cubes": [
						{"origin": [-5.5, 4, -5.5], "size": [11, 10, 11], "uv": [0, 0]},
						{"origin": [-5.5, 4, -5.5], "size": [11, 10, 11], "inflate": 0.25, "uv": [84, 43]}
					]
				},
				{
					"name": "tail",
					"parent": "torso",
					"pivot": [0, 5.5, 5],
					"cubes": [
						{"origin": [-1.5, 3.99545, 3.99999], "size": [3, 3, 4], "inflate": 0.02, "uv": [21, 38]},
						{"origin": [-1.5, 3.99545, 3.99999], "size": [3, 3, 4], "inflate": 0.23, "uv": [87, 28]},
						{"origin": [-1, 3.99545, 7.99999], "size": [2, 2, 4], "uv": [18, 52]},
						{"origin": [-1, 3.99545, 7.99999], "size": [2, 2, 4], "inflate": 0.25, "uv": [89, 22]}
					]
				},
				{
					"name": "locator_tail",
					"parent": "tail",
					"pivot": [0, 5.3, 8.3],
					"rotation": [-180, 0, 180],
					"locators": {
						"tail": [0, 5.3, 8.3]
					}
				},
				{
					"name": "tail2",
					"parent": "tail",
					"pivot": [0, 3.99545, 11.99999],
					"cubes": [
						{"origin": [-2, 3.99545, 11.99999], "size": [4, 6, 4], "uv": [48, 54]}
					]
				},
				{
					"name": "locator_tail_tip",
					"parent": "tail2",
					"pivot": [0, 10, 14],
					"rotation": [-180, 0, 180],
					"locators": {
						"tail_tip": [0, 10, 14]
					}
				},
				{
					"name": "torso2",
					"parent": "torso",
					"pivot": [0, 14, 0],
					"cubes": [
						{"origin": [-4.5, 12, -4.5], "size": [9, 8, 9], "uv": [0, 21]},
						{"origin": [-4.5, 12, -4.5], "size": [9, 8, 9], "inflate": 0.25, "uv": [92, 26]}
					]
				},
				{
					"name": "neck",
					"parent": "torso2",
					"pivot": [0, 20, 4],
					"cubes": [
						{"origin": [-3.5, 20, -3], "size": [7, 7, 7], "uv": [0, 38]},
						{"origin": [-3.5, 20, -3], "size": [7, 6, 7], "inflate": 0.25, "uv": [100, 13]}
					]
				},
				{
					"name": "neck2",
					"parent": "neck",
					"pivot": [0, 27, 4],
					"cubes": [
						{"origin": [-3, 27, -2], "size": [6, 5, 6], "uv": [33, 0]}
					]
				},
				{
					"name": "head",
					"parent": "neck2",
					"pivot": [0, 32, 4]
				},
				{
					"name": "head_ai",
					"parent": "head",
					"pivot": [0, 32, 4]
				},
				{
					"name": "head_angle",
					"parent": "head_ai",
					"pivot": [0, 32, 4],
					"cubes": [
						{"origin": [-2.5, 32, -1], "size": [5, 6, 5], "uv": [57, 0]}
					]
				},
				{
					"name": "locator_head",
					"parent": "head_angle",
					"pivot": [0, 37, 4],
					"rotation": [-90, 0, 0],
					"locators": {
						"head": [0, 37, 4]
					}
				},
				{
					"name": "locator_item_hat",
					"parent": "head_angle",
					"pivot": [0, 35, 4],
					"rotation": [-90, 0, 0],
					"locators": {
						"item_hat": [0, 35, 4]
					}
				},
				{
					"name": "locator_item_face",
					"parent": "head_angle",
					"pivot": [0, 38, 3.5],
					"rotation": [-90, 0, 0],
					"locators": {
						"item_face": [0, 38, 3.5]
					}
				},
				{
					"name": "eyes",
					"parent": "head_angle",
					"pivot": [2.52, 36, 1]
				},
				{
					"name": "eye_left",
					"parent": "eyes",
					"pivot": [2.52, 36, 1],
					"cubes": [
						{"origin": [2.52, 34.5, -0.025], "size": [0, 3, 2], "uv": [1, 24]}
					]
				},
				{
					"name": "pupil_left",
					"parent": "eye_left",
					"pivot": [2.54, 36, 1.025],
					"cubes": [
						{"origin": [2.54, 35.5, 0.525], "size": [0, 1, 1], "uv": [6, 25]}
					]
				},
				{
					"name": "locator_eye_left",
					"parent": "pupil_left",
					"pivot": [2.5, 36, 1],
					"rotation": [-90, 0, 0],
					"locators": {
						"eye2": {
							"offset": [2.5, 36, 1],
							"rotation": [0, 0, 90]
						}
					}
				},
				{
					"name": "eyebrows_left",
					"parent": "eye_left",
					"pivot": [2.56, 36, 1.75]
				},
				{
					"name": "eyebrow_left",
					"parent": "eyebrows_left",
					"pivot": [2.02, 37, 2],
					"cubes": [
						{"origin": [1.52, 36, 1.5], "size": [1, 2, 1], "inflate": 0.04, "uv": [5, 1]},
						{"origin": [1.52, 37, 2], "size": [1, 1, 1], "inflate": 0.04, "uv": [5, 4]}
					]
				},
				{
					"name": "eyebrow_left2",
					"parent": "eyebrows_left",
					"pivot": [2.02, 35.5, 2],
					"cubes": [
						{"origin": [1.52, 35, 1.5], "size": [1, 1, 1], "inflate": 0.04, "uv": [5, 6]}
					]
				},
				{
					"name": "eyebrow_left3",
					"parent": "eyebrows_left",
					"pivot": [2.02, 34.5, 2.5],
					"cubes": [
						{"origin": [1.52, 33.925, 2], "size": [1, 1, 1], "inflate": 0.04, "uv": [5, 8]}
					]
				},
				{
					"name": "eye_left_happy",
					"parent": "eyes",
					"pivot": [2.42, 36, 1.225],
					"cubes": [
						{"origin": [2.42, 35, 0.975], "size": [0, 2, 1], "uv": [46, 40]},
						{"origin": [2.42, 34, 0.475], "size": [0, 4, 1], "uv": [46, 36]}
					]
				},
				{
					"name": "eye_left_hurt",
					"parent": "eyes",
					"pivot": [2.42, 36.5, 0.975],
					"cubes": [
						{"origin": [2.42, 35, 0.975], "size": [0, 1, 1], "uv": [46, 42]},
						{"origin": [2.42, 36, 0.475], "size": [0, 1, 1], "uv": [46, 43]},
						{"origin": [2.42, 37, -0.025], "size": [0, 1, 1], "uv": [46, 44]}
					]
				},
				{
					"name": "eye_left_worried",
					"parent": "eyes",
					"pivot": [2.42, 36.5, 0.975],
					"cubes": [
						{"origin": [2.42, 35, 0.475], "size": [0, 2, 1], "uv": [48, 40]},
						{"origin": [2.42, 37, 0.975], "size": [0, 1, 1], "uv": [48, 42]}
					]
				},
				{
					"name": "eyelid_left",
					"parent": "eyes",
					"pivot": [2.42, 36, 1.475],
					"cubes": [
						{"origin": [2.42, 34, 0.975], "size": [0, 4, 1], "uv": [48, 36]}
					]
				},
				{
					"name": "eye_right",
					"parent": "eyes",
					"pivot": [-2.52, 36, 1],
					"cubes": [
						{"origin": [-2.52, 34.5, -0.025], "size": [0, 3, 2], "uv": [1, 20]}
					]
				},
				{
					"name": "pupil_right",
					"parent": "eye_right",
					"pivot": [-2.54, 36, 1],
					"cubes": [
						{"origin": [-2.54, 35.5, 0.525], "size": [0, 1, 1], "uv": [6, 21]}
					]
				},
				{
					"name": "locator_eye_right",
					"parent": "pupil_right",
					"pivot": [-2.5, 36, 1],
					"rotation": [-90, 0, 0],
					"locators": {
						"eye": {
							"offset": [-2.5, 36, 1],
							"rotation": [0, 0, -90]
						}
					}
				},
				{
					"name": "eyebrows_right",
					"parent": "eye_right",
					"pivot": [-2.56, 36, 1.75]
				},
				{
					"name": "eyebrow_right",
					"parent": "eyebrows_right",
					"pivot": [-2.02, 37, 2],
					"cubes": [
						{"origin": [-2.52, 36, 1.5], "size": [1, 2, 1], "inflate": 0.04, "uv": [1, 1]},
						{"origin": [-2.52, 37, 2], "size": [1, 1, 1], "inflate": 0.04, "uv": [1, 4]}
					]
				},
				{
					"name": "eyebrow_right2",
					"parent": "eyebrows_right",
					"pivot": [-2.02, 35.5, 2],
					"cubes": [
						{"origin": [-2.52, 35, 1.5], "size": [1, 1, 1], "inflate": 0.04, "uv": [1, 6]}
					]
				},
				{
					"name": "eyebrow_right3",
					"parent": "eyebrows_right",
					"pivot": [-2.02, 34.5, 2.5],
					"cubes": [
						{"origin": [-2.52, 33.925, 2], "size": [1, 1, 1], "inflate": 0.04, "uv": [1, 8]}
					]
				},
				{
					"name": "eye_right_happy",
					"parent": "eyes",
					"pivot": [-2.42, 36, 1.225],
					"cubes": [
						{"origin": [-2.42, 35, 0.975], "size": [0, 2, 1], "uv": [42, 40]},
						{"origin": [-2.42, 34, 0.475], "size": [0, 4, 1], "uv": [42, 36]}
					]
				},
				{
					"name": "eye_right_hurt",
					"parent": "eyes",
					"pivot": [-2.42, 36.5, 0.975],
					"cubes": [
						{"origin": [-2.42, 35, 0.975], "size": [0, 1, 1], "uv": [42, 42]},
						{"origin": [-2.42, 36, 0.475], "size": [0, 1, 1], "uv": [42, 43]},
						{"origin": [-2.42, 37, -0.025], "size": [0, 1, 1], "uv": [42, 44]}
					]
				},
				{
					"name": "eye_right_worried",
					"parent": "eyes",
					"pivot": [-2.42, 36.5, 0.975],
					"cubes": [
						{"origin": [-2.42, 35, 0.475], "size": [0, 2, 1], "uv": [44, 40]},
						{"origin": [-2.42, 37, 0.975], "size": [0, 1, 1], "uv": [44, 42]}
					]
				},
				{
					"name": "eyelid_right",
					"parent": "eyes",
					"pivot": [-2.42, 36, 1.475],
					"cubes": [
						{"origin": [-2.42, 34, 0.975], "size": [0, 4, 1], "uv": [44, 36]}
					]
				},
				{
					"name": "nose",
					"parent": "head_angle",
					"pivot": [0, 38, 1.5],
					"cubes": [
						{"origin": [-2, 36.5, -0.5], "size": [4, 5, 4], "inflate": -0.1, "uv": [27, 21]}
					]
				},
				{
					"name": "locator_face",
					"parent": "nose",
					"pivot": [0, 40.95, 3.4],
					"rotation": [-90, 0, 0],
					"locators": {
						"face": [0, 40.95, 3.4]
					}
				},
				{
					"name": "nose2",
					"parent": "nose",
					"pivot": [0, 41.5, 1.5],
					"cubes": [
						{"origin": [-1, 40.5, 0.5], "size": [2, 4, 2], "uv": [36, 30]}
					]
				},
				{
					"name": "locator_mouth",
					"parent": "nose2",
					"pivot": [0, 44.5, 1.5],
					"rotation": [-90, 0, 0],
					"locators": {
						"mouth": [0, 44.5, 1.5]
					}
				},
				{
					"name": "tongue",
					"parent": "nose2",
					"pivot": [0, 45, 1.5],
					"cubes": [
						{"origin": [0, 45, 1], "size": [0, 3, 1], "uv": [78, 41]}
					]
				},
				{
					"name": "tongue2",
					"parent": "tongue",
					"pivot": [-0.5, 48, 1.5],
					"cubes": [
						{"origin": [-0.5, 48, 1], "size": [1, 3, 1], "uv": [74, 41]}
					]
				},
				{
					"name": "tongue3",
					"parent": "tongue2",
					"pivot": [-0.5, 51, 1.5],
					"cubes": [
						{"origin": [-0.5, 51, 0.5], "size": [1, 4, 2], "inflate": 0.02, "uv": [68, 39]}
					]
				},
				{
					"name": "locator_special",
					"parent": "tongue3",
					"pivot": [0, 53.5, 1.5],
					"locators": {
						"special": [0, 53.5, 1.5]
					}
				},
				{
					"name": "tongue5",
					"parent": "tongue3",
					"pivot": [0, 55, 2.5],
					"cubes": [
						{"origin": [0, 55, -2.5], "size": [0, 3, 5], "uv": [69, 53]}
					]
				},
				{
					"name": "tongue4",
					"parent": "tongue3",
					"pivot": [0, 52, 2.5],
					"cubes": [
						{"origin": [0, 51, 2.5], "size": [0, 3, 3], "uv": [71, 47]}
					]
				},
				{
					"name": "mouth_open",
					"parent": "nose2",
					"pivot": [0, 44.42, 1.5],
					"cubes": [
						{"origin": [-0.5, 44.42, 1], "size": [1, 0, 1], "uv": [5, 24]}
					]
				},
				{
					"name": "locator_jaw_upper",
					"parent": "mouth_open",
					"pivot": [0, 44.5, 2.5],
					"rotation": [-90, 0, 0],
					"locators": {
						"jaw1": [0, 44.5, 2.5]
					}
				},
				{
					"name": "locator_jaw_lower",
					"parent": "mouth_open",
					"pivot": [0, 44.5, 0.5],
					"locators": {
						"jaw2": {
							"offset": [0, 44.5, 0.5],
							"rotation": [-90, 0, 0]
						}
					}
				},
				{
					"name": "arms",
					"parent": "torso2",
					"pivot": [0, 17.5, 0]
				},
				{
					"name": "arm_left",
					"parent": "arms",
					"pivot": [4.5, 17.5, 0],
					"cubes": [
						{"origin": [3, 17, -0.5], "size": [4, 1, 1], "uv": [42, 56]}
					]
				},
				{
					"name": "arm_left2",
					"parent": "arm_left",
					"pivot": [7, 17.5, 0.5],
					"cubes": [
						{"origin": [7, 17, -0.5], "size": [3, 1, 1], "inflate": 0.02, "uv": [51, 2]}
					]
				},
				{
					"name": "hand_left",
					"parent": "arm_left2",
					"pivot": [10, 17.5, 0],
					"cubes": [
						{"origin": [10, 15, -2.5], "size": [3, 5, 5], "uv": [30, 42]},
						{"origin": [13, 14.5, -3], "size": [4, 6, 6], "inflate": 0.02, "uv": [44, 23]}
					]
				},
				{
					"name": "locator_hand_secondary",
					"parent": "hand_left",
					"pivot": [17, 17.5, 0],
					"rotation": [0, -90, 0],
					"locators": {
						"hand_secondary": [17, 17.5, 0]
					}
				},
				{
					"name": "claws_left",
					"parent": "hand_left",
					"pivot": [17, 18.9, 0]
				},
				{
					"name": "claw_front_left",
					"parent": "claws_left",
					"pivot": [17, 18.9, -1.1],
					"cubes": [
						{"origin": [16.5, 17, -3], "size": [3, 2, 2], "inflate": -0.1, "uv": [88, 1]},
						{"origin": [19.4, 17, -2], "size": [2, 2, 0], "uv": [99, 7]}
					]
				},
				{
					"name": "claw_middle_left",
					"parent": "claws_left",
					"pivot": [17, 18.9, 0],
					"cubes": [
						{"origin": [16.5, 17, -1], "size": [3, 2, 2], "inflate": -0.12, "uv": [88, 5]},
						{"origin": [19.4, 17, 0], "size": [2, 2, 0], "uv": [99, 4]}
					]
				},
				{
					"name": "claw_back_left",
					"parent": "claws_left",
					"pivot": [17, 18.9, 1.1],
					"cubes": [
						{"origin": [16.5, 17, 1], "size": [3, 2, 2], "inflate": -0.1, "uv": [88, 9]},
						{"origin": [19.4, 17, 2], "size": [2, 2, 0], "uv": [99, 1]}
					]
				},
				{
					"name": "arm_right",
					"parent": "arms",
					"pivot": [-4.5, 17.5, 0],
					"cubes": [
						{"origin": [-7, 17, -0.5], "size": [4, 1, 1], "uv": [42, 54]}
					]
				},
				{
					"name": "arm_right2",
					"parent": "arm_right",
					"pivot": [-7, 17.5, 0.5],
					"cubes": [
						{"origin": [-10, 17, -0.5], "size": [3, 1, 1], "inflate": 0.02, "uv": [51, 0]}
					]
				},
				{
					"name": "hand_right",
					"parent": "arm_right2",
					"pivot": [-10, 17.5, 0],
					"cubes": [
						{"origin": [-13, 15, -2.5], "size": [3, 5, 5], "uv": [46, 42]},
						{"origin": [-17, 14.5, -3], "size": [4, 6, 6], "inflate": 0.02, "uv": [44, 11]}
					]
				},
				{
					"name": "locator_hand_primary",
					"parent": "hand_right",
					"pivot": [-17, 17.5, 0],
					"rotation": [0, 90, 0],
					"locators": {
						"hand_primary": [-17, 17.5, 0],
						"physical": [-17, 17.5, 0]
					}
				},
				{
					"name": "locator_item",
					"parent": "hand_right",
					"pivot": [-17, 17.5, 0],
					"locators": {
						"item": [-17, 17.5, 0]
					}
				},
				{
					"name": "claws_right",
					"parent": "hand_right",
					"pivot": [-17, 18.9, 0]
				},
				{
					"name": "claw_front_right",
					"parent": "claws_right",
					"pivot": [-17, 18.9, -1.1],
					"cubes": [
						{"origin": [-19.5, 17, -3], "size": [3, 2, 2], "inflate": -0.1, "uv": [78, 1]},
						{"origin": [-21.4, 17, -2], "size": [2, 2, 0], "uv": [104, 7]}
					]
				},
				{
					"name": "claw_middle_right",
					"parent": "claws_right",
					"pivot": [-17, 18.9, 0],
					"cubes": [
						{"origin": [-19.5, 17, -1], "size": [3, 2, 2], "inflate": -0.12, "uv": [78, 5]},
						{"origin": [-21.4, 17, 0], "size": [2, 2, 0], "uv": [104, 4]}
					]
				},
				{
					"name": "claw_back_right",
					"parent": "claws_right",
					"pivot": [-17, 18.9, 1.1],
					"cubes": [
						{"origin": [-19.5, 17, 1], "size": [3, 2, 2], "inflate": -0.1, "uv": [78, 9]},
						{"origin": [-21.4, 17, 2], "size": [2, 2, 0], "uv": [104, 1]}
					]
				},
				{
					"name": "legs",
					"parent": "body",
					"pivot": [0, 8.5, 0]
				},
				{
					"name": "leg_left",
					"parent": "legs",
					"pivot": [4.5, 8.5, 0],
					"cubes": [
						{"origin": [1.5, 3.5, -3], "size": [6, 6, 6], "uv": [24, 52]}
					]
				},
				{
					"name": "leg_left2",
					"parent": "leg_left",
					"pivot": [4.5, 3.5, -1.5],
					"cubes": [
						{"origin": [2.5, 1.5, -1.5], "size": [4, 2, 4], "inflate": -0.02, "uv": [58, 23]}
					]
				},
				{
					"name": "foot_left",
					"parent": "leg_left2",
					"pivot": [4.5, 2, 0],
					"cubes": [
						{"origin": [2.5, 0, -1.5], "size": [4, 2, 4], "uv": [64, 29]},
						{"origin": [5.5, 0, -3.5], "size": [0, 2, 2], "uv": [114, 2]},
						{"origin": [3.5, 0, -3.5], "size": [0, 2, 2], "uv": [114, -1]}
					]
				},
				{
					"name": "locator_foot_secondary",
					"parent": "foot_left",
					"pivot": [4.5, 0.5, 0],
					"rotation": [90, 0, 0],
					"locators": {
						"foot_secondary": [4.5, 0.5, 0]
					}
				},
				{
					"name": "leg_right",
					"parent": "legs",
					"pivot": [-4.5, 8.5, 0],
					"cubes": [
						{"origin": [-7.5, 3.5, -3], "size": [6, 6, 6], "uv": [0, 52]}
					]
				},
				{
					"name": "leg_right2",
					"parent": "leg_right",
					"pivot": [-4.5, 3.5, -1.5],
					"cubes": [
						{"origin": [-6.5, 1.5, -1.5], "size": [4, 2, 4], "inflate": -0.02, "uv": [58, 11]}
					]
				},
				{
					"name": "foot_right",
					"parent": "leg_right2",
					"pivot": [-4.5, 2, 0],
					"cubes": [
						{"origin": [-6.5, 0, -1.5], "size": [4, 2, 4], "uv": [64, 17]},
						{"origin": [-5.5, 0, -3.5], "size": [0, 2, 2], "uv": [109, 2]},
						{"origin": [-3.5, 0, -3.5], "size": [0, 2, 2], "uv": [109, -1]}
					]
				},
				{
					"name": "locator_foot_primary",
					"parent": "foot_right",
					"pivot": [-4.5, 0.5, 0],
					"rotation": [90, 0, 0],
					"locators": {
						"foot_primary": [-4.5, 0.5, 0]
					}
				}
			]
		}
	]
}