{
  "format_version": "1.12.0",
  "minecraft:geometry": [
    {
      "description": {
        "identifier": "geometry.ampharos",
        "texture_width": 128,
        "texture_height": 64,
        "visible_bounds_width": 6,
        "visible_bounds_height": 4.5,
        "visible_bounds_offset": [
          0,
          1.75,
          0
        ]
      },
      "bones": [
        {
          "name": "ampharos",
          "pivot": [
            0,
            0,
            0
          ]
        },
        {
          "name": "toe_pivot_rotate",
          "parent": "ampharos",
          "pivot": [
            6.75,
            -0.15,
            -4
          ]
        },
        {
          "name": "toe_pivot",
          "parent": "toe_pivot_rotate",
          "pivot": [
            6.75,
            -0.1,
            -4.15
          ]
        },
        {
          "name": "body",
          "parent": "toe_pivot",
          "pivot": [
            0,
            19,
            0
          ]
        },
        {
          "name": "torso",
          "parent": "body",
          "pivot": [
            0,
            6.5,
            0
          ],
          "cubes": [
            {
              "origin": [
                -6,
                6,
                -6
              ],
              "size": [
                12,
                11,
                12
              ],
              "uv": [
                0,
                30
              ]
            }
          ]
        },
        {
          "name": "chest",
          "parent": "torso",
          "pivot": [
            0,
            17,
            5.5
          ],
          "cubes": [
            {
              "origin": [
                -4.5,
                16.5,
                -5.5
              ],
              "size": [
                9,
                4,
                11
              ],
              "uv": [
                37,
                42
              ]
            }
          ]
        },
        {
          "name": "chest2",
          "parent": "chest",
          "pivot": [
            0,
            20.5,
            4.5
          ],
          "cubes": [
            {
              "origin": [
                -3,
                20,
                -3.5
              ],
              "size": [
                6,
                3,
                8
              ],
              "uv": [
                28,
                19
              ]
            }
          ]
        },
        {
          "name": "arms",
          "parent": "chest2",
          "pivot": [
            0,
            22.5,
            1
          ]
        },
        {
          "name": "arm_left",
          "parent": "arms",
          "pivot": [
            2.5,
            22.5,
            1
          ],
          "cubes": [
            {
              "origin": [
                2.5,
                22.5,
                -1
              ],
              "size": [
                5,
                0,
                5
              ],
              "uv": [
                38,
                14
              ]
            }
          ]
        },
        {
          "name": "arm_left2",
          "parent": "arm_left",
          "pivot": [
            7.5,
            22.5,
            3
          ],
          "cubes": [
            {
              "origin": [
                7.5,
                22.5,
                -1
              ],
              "size": [
                6,
                0,
                5
              ],
              "inflate": 0.01,
              "uv": [
                43,
                19
              ]
            }
          ]
        },
        {
          "name": "hand_left",
          "parent": "arm_left2",
          "pivot": [
            13.5,
            22.5,
            3
          ],
          "cubes": [
            {
              "origin": [
                13.5,
                22.5,
                -1
              ],
              "size": [
                3,
                0,
                4
              ],
              "uv": [
                40,
                0
              ]
            }
          ]
        },
        {
          "name": "arm_right",
          "parent": "arms",
          "pivot": [
            -2.5,
            22.5,
            1
          ],
          "cubes": [
            {
              "origin": [
                -7.5,
                22.5,
                -1
              ],
              "size": [
                5,
                0,
                5
              ],
              "uv": [
                48,
                13
              ],
              "mirror": true
            }
          ]
        },
        {
          "name": "arm_right2",
          "parent": "arm_right",
          "pivot": [
            -7.5,
            22.5,
            3
          ],
          "cubes": [
            {
              "origin": [
                -13.5,
                22.5,
                -1
              ],
              "size": [
                6,
                0,
                5
              ],
              "inflate": 0.01,
              "uv": [
                55,
                20
              ],
              "mirror": true
            }
          ]
        },
        {
          "name": "hand_right",
          "parent": "arm_right2",
          "pivot": [
            -13.5,
            22.5,
            3
          ],
          "cubes": [
            {
              "origin": [
                -16.5,
                22.5,
                -1
              ],
              "size": [
                3,
                0,
                4
              ],
              "uv": [
                54,
                0
              ],
              "mirror": true
            }
          ]
        },
        {
          "name": "neck",
          "parent": "chest2",
          "pivot": [
            0,
            23,
            1
          ],
          "cubes": [
            {
              "origin": [
                -2.5,
                22,
                -1.5
              ],
              "size": [
                5,
                5,
                5
              ],
              "uv": [
                16,
                17
              ]
            }
          ]
        },
        {
          "name": "neck2",
          "parent": "neck",
          "pivot": [
            0,
            27,
            1
          ],
          "cubes": [
            {
              "origin": [
                -2,
                26,
                -1
              ],
              "size": [
                4,
                8,
                4
              ],
              "uv": [
                0,
                17
              ]
            }
          ]
        },
        {
          "name": "head",
          "parent": "neck2",
          "pivot": [
            0,
            33,
            1
          ],
          "cubes": [
            {
              "origin": [
                -3.5,
                33,
                -5.5
              ],
              "size": [
                7,
                7,
                10
              ],
              "uv": [
                0,
                0
              ]
            }
          ]
        },
        {
          "name": "mouth",
          "parent": "head",
          "pivot": [
            0,
            32.99,
            -3.5
          ]
        },
        {
                    "name": "locator_seat_1",
                    "parent": "body",
                    "pivot": [0, 39, 0],
                    "locators": {
                        "seat_1": [0, 39, 0]
                    }
                },
        {
          "name": "mouth_closed",
          "parent": "mouth",
          "pivot": [
            0,
            32.99,
            -3.5
          ],
          "cubes": [
            {
              "origin": [
                -2,
                32.99,
                -4.5
              ],
              "size": [
                4,
                0,
                2
              ],
              "uv": [
                -2,
                2
              ]
            }
          ]
        },
        {
          "name": "mouth_open",
          "parent": "mouth",
          "pivot": [
            0,
            33.09,
            -3.5
          ],
          "cubes": [
            {
              "origin": [
                -2,
                33.09,
                -4.5
              ],
              "size": [
                4,
                0,
                2
              ],
              "uv": [
                -2,
                4
              ]
            }
          ]
        },
        {
          "name": "hair",
          "parent": "head",
          "pivot": [
            0,
            40,
            0
          ],
          "cubes": [
            {
              "origin": [
                -1.5,
                42,
                -3.5
              ],
              "size": [
                3,
                1,
                3
              ],
              "pivot": [
                0,
                42,
                -2
              ],
              "rotation": [
                22.5,
                0,
                0
              ],
              "uv": [
                24,
                0
              ]
            },
            {
              "origin": [
                -1.5,
                41,
                -3.5
              ],
              "size": [
                3,
                1,
                3
              ],
              "pivot": [
                0,
                42,
                -2
              ],
              "rotation": [
                22.5,
                0,
                0
              ],
              "uv": [
                24,
                0
              ]
            },
            {
              "origin": [
                -2.5,
                40,
                -3
              ],
              "size": [
                5,
                2,
                5
              ],
              "uv": [
                38,
                32
              ]
            },
            {
              "origin": [
                -2,
                41,
                0
              ],
              "size": [
                4,
                3,
                4
              ],
              "pivot": [
                0,
                42.5,
                2
              ],
              "rotation": [
                -20,
                0,
                0
              ],
              "uv": [
                55,
                29
              ]
            }
          ]
        },
        {
          "name": "hair_back",
          "parent": "hair",
          "pivot": [
            0,
            41,
            5
          ],
          "cubes": [
            {
              "origin": [
                -6,
                30,
                4
              ],
              "size": [
                12,
                11,
                2
              ],
              "pivot": [
                0,
                39,
                4.5
              ],
              "rotation": [
                12.5,
                0,
                0
              ],
              "uv": [
                10,
                40
              ]
            },
            {
              "origin": [
                -6,
                30,
                1.25
              ],
              "size": [
                12,
                11,
                2
              ],
              "pivot": [
                0,
                39,
                4.5
              ],
              "rotation": [
                170,
                0,
                180
              ],
              "uv": [
                10,
                40
              ]
            },
            {
              "origin": [
                -2.5,
                35,
                2
              ],
              "size": [
                5,
                4,
                5
              ],
              "pivot": [
                0,
                41,
                6.5
              ],
              "rotation": [
                50,
                0,
                0
              ],
              "uv": [
                38,
                32
              ]
            },
            {
              "origin": [
                -2.5,
                32,
                -3
              ],
              "size": [
                5,
                4,
                5
              ],
              "pivot": [
                0,
                41,
                6.5
              ],
              "rotation": [
                62.5,
                0,
                0
              ],
              "uv": [
                38,
                32
              ]
            }
          ]
        },
        {
          "name": "hair_middle",
          "parent": "hair_back",
          "pivot": [
            0,
            41,
            6.5
          ],
          "cubes": [
            {
              "origin": [
                -2,
                41,
                7
              ],
              "size": [
                4,
                4,
                6
              ],
              "pivot": [
                0,
                41,
                6.5
              ],
              "rotation": [
                -17.5,
                0,
                0
              ],
              "uv": [
                53,
                27
              ]
            },
            {
              "origin": [
                -2.5,
                39,
                4
              ],
              "size": [
                5,
                4,
                5
              ],
              "pivot": [
                0,
                41,
                6.5
              ],
              "rotation": [
                27.5,
                0,
                0
              ],
              "uv": [
                38,
                32
              ]
            },
            {
              "origin": [
                -1,
                40,
                13
              ],
              "size": [
                2,
                2,
                6
              ],
              "pivot": [
                0,
                41,
                6.5
              ],
              "rotation": [
                2.5,
                0,
                0
              ],
              "uv": [
                67,
                41
              ]
            }
          ]
        },
        {
          "name": "hair_side",
          "parent": "hair_back",
          "pivot": [
            4,
            35,
            7
          ]
        },
        {
          "name": "hair_right",
          "parent": "hair_side",
          "pivot": [
            -4,
            40,
            7
          ],
          "cubes": [
            {
              "origin": [
                -5,
                37,
                4
              ],
              "size": [
                4,
                4,
                6
              ],
              "pivot": [
                -5,
                39,
                7
              ],
              "rotation": [
                -45,
                -37.5,
                0
              ],
              "uv": [
                53,
                27
              ]
            },
            {
              "origin": [
                -5,
                36.5,
                9
              ],
              "size": [
                3,
                3,
                6
              ],
              "pivot": [
                -5,
                39,
                7
              ],
              "rotation": [
                -27.5,
                -37.5,
                0
              ],
              "uv": [
                67,
                31
              ]
            },
            {
              "origin": [
                -6,
                30.5,
                12
              ],
              "size": [
                2,
                2,
                5
              ],
              "pivot": [
                -5,
                39,
                7
              ],
              "rotation": [
                17.5,
                -45,
                0
              ],
              "uv": [
                68,
                42
              ]
            },
            {
              "origin": [
                -6.5,
                36.5,
                10
              ],
              "size": [
                3,
                3,
                7
              ],
              "pivot": [
                -5,
                39,
                7
              ],
              "rotation": [
                -27.5,
                -45,
                0
              ],
              "uv": [
                66,
                30
              ]
            },
            {
              "origin": [
                -7,
                37,
                5
              ],
              "size": [
                4,
                4,
                6
              ],
              "pivot": [
                -5,
                39,
                7
              ],
              "rotation": [
                -45,
                -45,
                0
              ],
              "uv": [
                53,
                27
              ]
            },
            {
              "origin": [
                -5,
                26.5,
                12
              ],
              "size": [
                2,
                2,
                5
              ],
              "pivot": [
                -4,
                35,
                7
              ],
              "rotation": [
                -5,
                -45,
                0
              ],
              "uv": [
                68,
                42
              ]
            },
            {
              "origin": [
                -5.5,
                32.5,
                10
              ],
              "size": [
                3,
                3,
                7
              ],
              "pivot": [
                -4,
                35,
                7
              ],
              "rotation": [
                -50,
                -45,
                0
              ],
              "uv": [
                66,
                30
              ]
            },
            {
              "origin": [
                -4,
                32.5,
                9
              ],
              "size": [
                3,
                3,
                6
              ],
              "pivot": [
                -4,
                35,
                7
              ],
              "rotation": [
                -50,
                -37.5,
                0
              ],
              "uv": [
                67,
                31
              ]
            },
            {
              "origin": [
                -4,
                33,
                4
              ],
              "size": [
                4,
                4,
                6
              ],
              "pivot": [
                -4,
                35,
                7
              ],
              "rotation": [
                -67.5,
                -37.5,
                0
              ],
              "uv": [
                53,
                27
              ]
            },
            {
              "origin": [
                -6,
                33,
                5
              ],
              "size": [
                4,
                4,
                6
              ],
              "pivot": [
                -4,
                35,
                7
              ],
              "rotation": [
                -67.5,
                -45,
                0
              ],
              "uv": [
                53,
                27
              ]
            },
            {
              "origin": [
                -4.5,
                32.5,
                10
              ],
              "size": [
                3,
                3,
                7
              ],
              "pivot": [
                -3,
                35,
                7
              ],
              "rotation": [
                -77.5,
                -45,
                0
              ],
              "uv": [
                66,
                30
              ]
            },
            {
              "origin": [
                -4,
                26.5,
                12
              ],
              "size": [
                2,
                2,
                5
              ],
              "pivot": [
                -3,
                35,
                7
              ],
              "rotation": [
                -32.5,
                -45,
                0
              ],
              "uv": [
                68,
                42
              ]
            },
            {
              "origin": [
                -6,
                39,
                4.5
              ],
              "size": [
                4,
                4,
                6
              ],
              "pivot": [
                -5,
                39,
                7
              ],
              "rotation": [
                -45,
                -45,
                0
              ],
              "uv": [
                53,
                27
              ]
            },
            {
              "origin": [
                -5,
                35,
                4.5
              ],
              "size": [
                4,
                4,
                6
              ],
              "pivot": [
                -4,
                35,
                7
              ],
              "rotation": [
                -67.5,
                -45,
                0
              ],
              "uv": [
                53,
                27
              ]
            },
            {
              "origin": [
                -5.5,
                38,
                9.5
              ],
              "size": [
                3,
                3,
                7
              ],
              "pivot": [
                -5,
                39,
                7
              ],
              "rotation": [
                -27.5,
                -45,
                0
              ],
              "uv": [
                66,
                30
              ]
            },
            {
              "origin": [
                -4.5,
                35,
                9
              ],
              "size": [
                3,
                3,
                7
              ],
              "pivot": [
                -4,
                35,
                7
              ],
              "rotation": [
                -50,
                -45,
                0
              ],
              "uv": [
                66,
                30
              ]
            }
          ]
        },
        {
          "name": "hair_left",
          "parent": "hair_side",
          "pivot": [
            4,
            40,
            7
          ],
          "cubes": [
            {
              "origin": [
                2,
                26.5,
                12
              ],
              "size": [
                2,
                2,
                5
              ],
              "pivot": [
                3,
                35,
                7
              ],
              "rotation": [
                -32.5,
                45,
                0
              ],
              "uv": [
                68,
                42
              ],
              "mirror": true
            },
            {
              "origin": [
                1.5,
                32.5,
                10
              ],
              "size": [
                3,
                3,
                7
              ],
              "pivot": [
                3,
                35,
                7
              ],
              "rotation": [
                -77.5,
                45,
                0
              ],
              "uv": [
                66,
                30
              ],
              "mirror": true
            },
            {
              "origin": [
                2,
                33,
                5
              ],
              "size": [
                4,
                4,
                6
              ],
              "pivot": [
                4,
                35,
                7
              ],
              "rotation": [
                -67.5,
                45,
                0
              ],
              "uv": [
                53,
                27
              ],
              "mirror": true
            },
            {
              "origin": [
                0,
                33,
                4
              ],
              "size": [
                4,
                4,
                6
              ],
              "pivot": [
                4,
                35,
                7
              ],
              "rotation": [
                -67.5,
                37.5,
                0
              ],
              "uv": [
                53,
                27
              ],
              "mirror": true
            },
            {
              "origin": [
                1,
                32.5,
                9
              ],
              "size": [
                3,
                3,
                6
              ],
              "pivot": [
                4,
                35,
                7
              ],
              "rotation": [
                -50,
                37.5,
                0
              ],
              "uv": [
                67,
                31
              ],
              "mirror": true
            },
            {
              "origin": [
                2.5,
                32.5,
                10
              ],
              "size": [
                3,
                3,
                7
              ],
              "pivot": [
                4,
                35,
                7
              ],
              "rotation": [
                -50,
                45,
                0
              ],
              "uv": [
                66,
                30
              ],
              "mirror": true
            },
            {
              "origin": [
                3,
                26.5,
                12
              ],
              "size": [
                2,
                2,
                5
              ],
              "pivot": [
                4,
                35,
                7
              ],
              "rotation": [
                -5,
                45,
                0
              ],
              "uv": [
                68,
                42
              ],
              "mirror": true
            },
            {
              "origin": [
                3,
                37,
                5
              ],
              "size": [
                4,
                4,
                6
              ],
              "pivot": [
                5,
                39,
                7
              ],
              "rotation": [
                -45,
                45,
                0
              ],
              "uv": [
                53,
                27
              ],
              "mirror": true
            },
            {
              "origin": [
                3.5,
                36.5,
                10
              ],
              "size": [
                3,
                3,
                7
              ],
              "pivot": [
                5,
                39,
                7
              ],
              "rotation": [
                -27.5,
                45,
                0
              ],
              "uv": [
                66,
                30
              ],
              "mirror": true
            },
            {
              "origin": [
                4,
                30.5,
                12
              ],
              "size": [
                2,
                2,
                5
              ],
              "pivot": [
                5,
                39,
                7
              ],
              "rotation": [
                17.5,
                45,
                0
              ],
              "uv": [
                68,
                42
              ],
              "mirror": true
            },
            {
              "origin": [
                2,
                36.5,
                9
              ],
              "size": [
                3,
                3,
                6
              ],
              "pivot": [
                5,
                39,
                7
              ],
              "rotation": [
                -27.5,
                37.5,
                0
              ],
              "uv": [
                67,
                31
              ],
              "mirror": true
            },
            {
              "origin": [
                1,
                37,
                4
              ],
              "size": [
                4,
                4,
                6
              ],
              "pivot": [
                5,
                39,
                7
              ],
              "rotation": [
                -45,
                37.5,
                0
              ],
              "uv": [
                53,
                27
              ],
              "mirror": true
            },
            {
              "origin": [
                1,
                35,
                4.5
              ],
              "size": [
                4,
                4,
                6
              ],
              "pivot": [
                4,
                35,
                7
              ],
              "rotation": [
                -67.5,
                45,
                0
              ],
              "uv": [
                53,
                27
              ],
              "mirror": true
            },
            {
              "origin": [
                2,
                39,
                4.5
              ],
              "size": [
                4,
                4,
                6
              ],
              "pivot": [
                5,
                39,
                7
              ],
              "rotation": [
                -45,
                45,
                0
              ],
              "uv": [
                53,
                27
              ],
              "mirror": true
            },
            {
              "origin": [
                2.5,
                38,
                9.5
              ],
              "size": [
                3,
                3,
                7
              ],
              "pivot": [
                5,
                39,
                7
              ],
              "rotation": [
                -27.5,
                45,
                0
              ],
              "uv": [
                66,
                30
              ],
              "mirror": true
            },
            {
              "origin": [
                1.5,
                35,
                9
              ],
              "size": [
                3,
                3,
                7
              ],
              "pivot": [
                4,
                35,
                7
              ],
              "rotation": [
                -50,
                45,
                0
              ],
              "uv": [
                66,
                30
              ],
              "mirror": true
            }
          ]
        },
        {
          "name": "eyes",
          "parent": "head",
          "pivot": [
            0.5,
            32.25,
            -6.25
          ]
        },
        {
          "name": "eye_left",
          "parent": "eyes",
          "pivot": [
            3.51,
            37.5,
            -1
          ],
          "cubes": [
            {
              "origin": [
                3.51,
                36.5,
                -2
              ],
              "size": [
                0,
                2,
                2
              ],
              "uv": [
                0,
                -2
              ]
            }
          ]
        },
        {
          "name": "pupil_left",
          "parent": "eye_left",
          "pivot": [
            3.52,
            38,
            -1.5
          ],
          "cubes": [
            {
              "origin": [
                3.52,
                37.5,
                -2
              ],
              "size": [
                0,
                1,
                1
              ],
              "uv": [
                8,
                -1
              ]
            }
          ]
        },
        {
          "name": "eyelid_left",
          "parent": "eye_left",
          "pivot": [
            3.02,
            37.5,
            -1
          ],
          "cubes": [
            {
              "origin": [
                2.42,
                36.5,
                -2
              ],
              "size": [
                1,
                2,
                2
              ],
              "inflate": 0.01,
              "uv": [
                0,
                6
              ]
            }
          ]
        },
        {
          "name": "eye_right",
          "parent": "eyes",
          "pivot": [
            -3.51,
            37.5,
            -1
          ],
          "cubes": [
            {
              "origin": [
                -3.51,
                36.5,
                -2
              ],
              "size": [
                0,
                2,
                2
              ],
              "uv": [
                4,
                -2
              ],
              "mirror": true
            }
          ]
        },
        {
          "name": "pupil_right",
          "parent": "eye_right",
          "pivot": [
            -3.52,
            38,
            -1.5
          ],
          "cubes": [
            {
              "origin": [
                -3.52,
                37.5,
                -2
              ],
              "size": [
                0,
                1,
                1
              ],
              "uv": [
                8,
                0
              ],
              "mirror": true
            }
          ]
        },
        {
          "name": "eyelid_right",
          "parent": "eye_right",
          "pivot": [
            -3.02,
            37.5,
            -1
          ],
          "cubes": [
            {
              "origin": [
                -3.42,
                36.5,
                -2
              ],
              "size": [
                1,
                2,
                2
              ],
              "inflate": 0.01,
              "uv": [
                12,
                17
              ],
              "mirror": true
            }
          ]
        },
        {
          "name": "ear_left",
          "parent": "head",
          "pivot": [
            2.75,
            39.25,
            3
          ],
          "rotation": [
            -10,
            0,
            50
          ],
          "cubes": [
            {
              "origin": [
                1.25,
                38.25,
                1.5
              ],
              "size": [
                3,
                2,
                3
              ],
              "inflate": 0.05,
              "uv": [
                24,
                4
              ]
            },
            {
              "origin": [
                0.75,
                39.75,
                1
              ],
              "size": [
                4,
                4,
                4
              ],
              "inflate": 0.05,
              "uv": [
                34,
                6
              ]
            },
            {
              "origin": [
                1.25,
                43.25,
                1.5
              ],
              "size": [
                3,
                2,
                3
              ],
              "inflate": 0.05,
              "uv": [
                50,
                8
              ]
            }
          ]
        },
        {
          "name": "ear_right",
          "parent": "head",
          "pivot": [
            -2.75,
            39.25,
            3
          ],
          "rotation": [
            -10,
            0,
            -50
          ],
          "cubes": [
            {
              "origin": [
                -4.25,
                38.25,
                1.5
              ],
              "size": [
                3,
                2,
                3
              ],
              "inflate": 0.05,
              "uv": [
                33,
                1
              ],
              "mirror": true
            },
            {
              "origin": [
                -4.75,
                39.75,
                1
              ],
              "size": [
                4,
                4,
                4
              ],
              "inflate": 0.05,
              "uv": [
                46,
                0
              ],
              "mirror": true
            },
            {
              "origin": [
                -4.25,
                43.25,
                1.5
              ],
              "size": [
                3,
                2,
                3
              ],
              "inflate": 0.05,
              "uv": [
                31,
                14
              ],
              "mirror": true
            }
          ]
        },
        {
          "name": "tail",
          "parent": "torso",
          "pivot": [
            0,
            6,
            4.5
          ],
          "cubes": [
            {
              "origin": [
                -2.5,
                6,
                4.5
              ],
              "size": [
                5,
                5,
                7
              ],
              "inflate": 0.01,
              "uv": [
                36,
                30
              ]
            },
            {
              "origin": [
                0.5,
                4.5,
                7
              ],
              "size": [
                3,
                3,
                3
              ],
              "uv": [
                71,
                22
              ]
            },
            {
              "origin": [
                -2.5,
                6,
                6.5
              ],
              "size": [
                5,
                5,
                7
              ],
              "pivot": [
                0,
                11,
                6.5
              ],
              "rotation": [
                40,
                0,
                0
              ],
              "uv": [
                36,
                30
              ]
            }
          ]
        },
        {
          "name": "tail2",
          "parent": "tail",
          "pivot": [
            0,
            8.5,
            11.5
          ],
          "cubes": [
            {
              "origin": [
                0,
                6.5,
                10.5
              ],
              "size": [
                4,
                4,
                6
              ],
              "uv": [
                53,
                27
              ]
            },
            {
              "origin": [
                2,
                6.5,
                16
              ],
              "size": [
                3,
                3,
                3
              ],
              "uv": [
                71,
                22
              ]
            },
            {
              "origin": [
                -2.5,
                12.5,
                13
              ],
              "size": [
                3,
                3,
                3
              ],
              "uv": [
                71,
                22
              ]
            },
            {
              "origin": [
                0,
                11.5,
                12
              ],
              "size": [
                4,
                4,
                6
              ],
              "inflate": 0.02,
              "pivot": [
                0,
                15.5,
                12
              ],
              "rotation": [
                -27.5,
                0,
                7.5
              ],
              "uv": [
                53,
                27
              ]
            },
            {
              "origin": [
                0,
                11,
                6
              ],
              "size": [
                4,
                4,
                6
              ],
              "inflate": 0.01,
              "pivot": [
                2,
                15,
                12
              ],
              "rotation": [
                45,
                0,
                0
              ],
              "uv": [
                53,
                27
              ]
            },
            {
              "origin": [
                0,
                2.5,
                10.5
              ],
              "size": [
                4,
                4,
                6
              ],
              "inflate": 0.01,
              "pivot": [
                2,
                6.5,
                10.5
              ],
              "rotation": [
                15,
                0,
                0
              ],
              "uv": [
                53,
                27
              ]
            },
            {
              "origin": [
                -2,
                2,
                8.5
              ],
              "size": [
                4,
                4,
                6
              ],
              "inflate": 0.01,
              "pivot": [
                0,
                6,
                12.5
              ],
              "rotation": [
                -45,
                0,
                0
              ],
              "uv": [
                53,
                27
              ]
            },
            {
              "origin": [
                -4,
                6.5,
                10.5
              ],
              "size": [
                4,
                4,
                6
              ],
              "uv": [
                53,
                27
              ]
            },
            {
              "origin": [
                -5,
                6.5,
                9
              ],
              "size": [
                3,
                3,
                3
              ],
              "uv": [
                71,
                22
              ]
            },
            {
              "origin": [
                -4,
                11,
                12
              ],
              "size": [
                4,
                4,
                6
              ],
              "inflate": 0.02,
              "pivot": [
                0,
                15,
                12
              ],
              "rotation": [
                -27.5,
                0,
                -7.5
              ],
              "uv": [
                53,
                27
              ]
            },
            {
              "origin": [
                -4,
                2.5,
                10.5
              ],
              "size": [
                4,
                4,
                6
              ],
              "inflate": 0.01,
              "pivot": [
                -2,
                6.5,
                10.5
              ],
              "rotation": [
                15,
                0,
                0
              ],
              "uv": [
                53,
                27
              ]
            },
            {
              "origin": [
                -4,
                11,
                6
              ],
              "size": [
                4,
                4,
                6
              ],
              "inflate": 0.01,
              "pivot": [
                -2,
                15,
                12
              ],
              "rotation": [
                45,
                0,
                0
              ],
              "uv": [
                53,
                27
              ]
            }
          ]
        },
        {
          "name": "tail3",
          "parent": "tail2",
          "pivot": [
            0,
            8.5,
            16.5
          ],
          "cubes": [
            {
              "origin": [
                0,
                7,
                15.5
              ],
              "size": [
                3,
                3,
                7
              ],
              "uv": [
                66,
                30
              ]
            },
            {
              "origin": [
                0,
                9.5,
                15.5
              ],
              "size": [
                3,
                3,
                6
              ],
              "pivot": [
                0,
                12.5,
                18.5
              ],
              "rotation": [
                0,
                0,
                22.5
              ],
              "uv": [
                67,
                31
              ]
            },
            {
              "origin": [
                0,
                4,
                15.5
              ],
              "size": [
                3,
                3,
                7
              ],
              "inflate": 0.01,
              "pivot": [
                1.5,
                7,
                22.5
              ],
              "rotation": [
                -12.5,
                0,
                0
              ],
              "uv": [
                66,
                30
              ]
            },
            {
              "origin": [
                -3,
                7,
                15.5
              ],
              "size": [
                3,
                3,
                7
              ],
              "uv": [
                66,
                30
              ]
            },
            {
              "origin": [
                -3,
                10,
                15.5
              ],
              "size": [
                3,
                3,
                6
              ],
              "inflate": 0.01,
              "pivot": [
                0,
                13,
                18.5
              ],
              "rotation": [
                0,
                0,
                -22.5
              ],
              "uv": [
                67,
                31
              ]
            },
            {
              "origin": [
                -3,
                4,
                15.5
              ],
              "size": [
                3,
                3,
                7
              ],
              "inflate": 0.01,
              "pivot": [
                -1.5,
                7,
                22.5
              ],
              "rotation": [
                -12.5,
                0,
                0
              ],
              "uv": [
                66,
                30
              ]
            }
          ]
        },
        {
          "name": "tail4",
          "parent": "tail3",
          "pivot": [
            0,
            8.5,
            22.5
          ],
          "cubes": [
            {
              "origin": [
                -1.5,
                7,
                21.5
              ],
              "size": [
                3,
                3,
                7
              ],
              "inflate": 0.01,
              "uv": [
                66,
                30
              ]
            },
            {
              "origin": [
                -0.5,
                5.5,
                27
              ],
              "size": [
                3,
                3,
                3
              ],
              "uv": [
                71,
                22
              ]
            },
            {
              "origin": [
                -3.5,
                7.5,
                21
              ],
              "size": [
                3,
                3,
                3
              ],
              "uv": [
                71,
                22
              ]
            },
            {
              "origin": [
                -1,
                8,
                28.5
              ],
              "size": [
                2,
                2,
                7
              ],
              "pivot": [
                0,
                9,
                32
              ],
              "rotation": [
                0,
                0,
                45
              ],
              "uv": [
                66,
                40
              ]
            },
            {
              "origin": [
                -1,
                7,
                29.5
              ],
              "size": [
                2,
                1,
                4
              ],
              "uv": [
                69,
                43
              ]
            },
            {
              "origin": [
                0,
                10,
                21.5
              ],
              "size": [
                2,
                2,
                7
              ],
              "pivot": [
                0,
                12,
                25
              ],
              "rotation": [
                0,
                0,
                22.5
              ],
              "uv": [
                66,
                40
              ]
            },
            {
              "origin": [
                0,
                5.5,
                21.5
              ],
              "size": [
                2,
                2,
                6
              ],
              "uv": [
                67,
                41
              ]
            },
            {
              "origin": [
                -2,
                9.5,
                21.5
              ],
              "size": [
                2,
                2,
                7
              ],
              "pivot": [
                0,
                11.5,
                25
              ],
              "rotation": [
                0,
                0,
                -22.5
              ],
              "uv": [
                66,
                40
              ]
            },
            {
              "origin": [
                -2,
                5.5,
                21.5
              ],
              "size": [
                2,
                2,
                6
              ],
              "uv": [
                67,
                41
              ]
            }
          ]
        },
        {
          "name": "legs",
          "parent": "body",
          "pivot": [
            0,
            0,
            0
          ]
        },
        {
          "name": "leg_left",
          "parent": "legs",
          "pivot": [
            6,
            11.5,
            0
          ],
          "cubes": [
            {
              "origin": [
                3.5,
                5,
                -3.5
              ],
              "size": [
                5,
                10,
                7
              ],
              "uv": [
                63,
                0
              ]
            }
          ]
        },
        {
          "name": "leg_left2",
          "parent": "leg_left",
          "pivot": [
            6,
            5,
            -2.3
          ],
          "cubes": [
            {
              "origin": [
                4.5,
                3.5,
                -2.3
              ],
              "size": [
                3,
                2,
                5
              ],
              "uv": [
                82,
                17
              ]
            }
          ]
        },
        {
          "name": "leg_left3",
          "parent": "leg_left2",
          "pivot": [
            6.5,
            3.5,
            -0.8
          ],
          "cubes": [
            {
              "origin": [
                5,
                1.5,
                -0.8
              ],
              "size": [
                2,
                2,
                3
              ],
              "uv": [
                79,
                30
              ]
            }
          ]
        },
        {
          "name": "foot_left",
          "parent": "leg_left3",
          "pivot": [
            6,
            2,
            2.2
          ],
          "cubes": [
            {
              "origin": [
                4,
                0,
                -4.3
              ],
              "size": [
                4,
                2,
                7
              ],
              "inflate": 0.01,
              "uv": [
                104,
                10
              ]
            },
            {
              "origin": [
                5,
                0,
                -4.8
              ],
              "size": [
                2,
                1,
                1
              ],
              "uv": [
                86,
                31
              ]
            }
          ]
        },
        {
          "name": "leg_right",
          "parent": "legs",
          "pivot": [
            -6,
            11.5,
            0
          ],
          "cubes": [
            {
              "origin": [
                -8.5,
                5,
                -3.5
              ],
              "size": [
                5,
                10,
                7
              ],
              "uv": [
                87,
                0
              ],
              "mirror": true
            }
          ]
        },
        {
          "name": "leg_right2",
          "parent": "leg_right",
          "pivot": [
            -6,
            5,
            -2.3
          ],
          "cubes": [
            {
              "origin": [
                -7.5,
                3.5,
                -2.3
              ],
              "size": [
                3,
                2,
                5
              ],
              "uv": [
                93,
                19
              ],
              "mirror": true
            }
          ]
        },
        {
          "name": "leg_right3",
          "parent": "leg_right2",
          "pivot": [
            -6.5,
            3.5,
            -0.8
          ],
          "cubes": [
            {
              "origin": [
                -7,
                1.5,
                -0.8
              ],
              "size": [
                2,
                2,
                3
              ],
              "uv": [
                87,
                26
              ],
              "mirror": true
            }
          ]
        },
        {
          "name": "foot_right",
          "parent": "leg_right3",
          "pivot": [
            -6,
            2,
            2.2
          ],
          "cubes": [
            {
              "origin": [
                -8,
                0,
                -4.3
              ],
              "size": [
                4,
                2,
                7
              ],
              "inflate": 0.01,
              "uv": [
                102,
                19
              ],
              "mirror": true
            },
            {
              "origin": [
                -7,
                0,
                -4.8
              ],
              "size": [
                2,
                1,
                1
              ],
              "uv": [
                79,
                35
              ],
              "mirror": true
            }
          ]
        }
      ]
    }
  ]
}