{
	"format_version": "1.12.0",
	"minecraft:geometry": [
		{
			"description": {
				"identifier": "geometry.jolteon",
				"texture_width": 128,
				"texture_height": 64,
				"visible_bounds_width": 5,
				"visible_bounds_height": 4.5,
				"visible_bounds_offset": [0, 1.75, 0]
			},
			"bones": [
				{
					"name": "jolteon_kazeran",
					"pivot": [0, 0, 0]
				},
				{
					"name": "locator_root",
					"parent": "jolteon_kazeran",
					"pivot": [0, 0, 0],
					"locators": {
						"root": [0, 0, 0]
					}
				},
				{
					"name": "locator_top",
					"parent": "jolteon_kazeran",
					"pivot": [0, 22.1, 0],
					"locators": {
						"top": [0, 22.1, 0]
					}
				},
				{
					"name": "body",
					"parent": "jolteon_kazeran",
					"pivot": [0, 12.85, 0]
				},
				{
					"name": "locator_target",
					"parent": "body",
					"pivot": [0, 9.1, -15],
					"locators": {
						"target": [0, 9.1, -15]
					}
				},
				{
					"name": "locator_middle",
					"parent": "body",
					"pivot": [0, 13.1, 0],
					"locators": {
						"middle": [0, 13.1, 0]
					}
				},
				{
					"name": "waist",
					"parent": "body",
					"pivot": [0, 12.85, 5.75]
				},
				{
					"name": "torso",
					"parent": "waist",
					"pivot": [0, 12.85, 5.75],
					"cubes": [
						{"origin": [-3.5, 9.5, 2.5], "size": [7, 7, 6], "inflate": 0.01, "uv": [0, 14]},
						{"origin": [0.75, 15.75, 2.75], "size": [0, 1, 1], "pivot": [-0.25, 15.75, 3.75], "rotation": [-42.5, -60, 0], "uv": [40, 24]},
						{"origin": [2.75, 15.85, 4.75], "size": [0, 1, 1], "pivot": [1.75, 15.85, 5.75], "rotation": [-45, 7.5, 0], "uv": [40, 24]}
					]
				},
				{
					"name": "rock",
					"parent": "torso",
					"pivot": [0, 12.75, 9],
					"rotation": [5, 0, 0],
					"cubes": [
						{"origin": [-1.5, 13.75, 11], "size": [3, 2, 6], "pivot": [0, 15.25, 11], "rotation": [20, 0, 0], "uv": [94, 18]},
						{"origin": [-1.5, 13.75, 11], "size": [3, 2, 3], "inflate": 0.15, "pivot": [0, 15.25, 11], "rotation": [20, 0, 0], "uv": [97, 21]}
					]
				},
				{
					"name": "rock2",
					"parent": "rock",
					"pivot": [0, 18.25, 18],
					"cubes": [
						{"origin": [-1.5, 16.75, 18], "size": [3, 2, 6], "pivot": [0, 18.25, 18], "rotation": [50, 0, 0], "uv": [61, 21]},
						{"origin": [-1.5, 16.75, 18], "size": [3, 2, 3], "inflate": 0.15, "pivot": [0, 18.25, 18], "rotation": [50, 0, 0], "uv": [64, 24]}
					]
				},
				{
					"name": "rock3",
					"parent": "rock2",
					"pivot": [0, 23.5, 23],
					"cubes": [
						{"origin": [-1.5, 22.75, 22.25], "size": [3, 2, 6], "pivot": [0, 24.25, 22.25], "rotation": [70, 0, 0], "uv": [64, 9]},
						{"origin": [-1.5, 22.75, 22.25], "size": [3, 2, 3], "inflate": 0.15, "pivot": [0, 24.25, 22.25], "rotation": [70, 0, 0], "uv": [67, 12]}
					]
				},
				{
					"name": "rock4",
					"parent": "rock3",
					"pivot": [0, 32.25, 24],
					"cubes": [
						{"origin": [-1.5, 30.75, 24], "size": [3, 3, 6], "pivot": [0, 32.25, 24], "rotation": [125, 0, 0], "uv": [75, 18]},
						{"origin": [-1.5, 30.75, 24], "size": [3, 3, 3], "inflate": 0.15, "pivot": [0, 32.25, 24], "rotation": [125, 0, 0], "uv": [78, 21]}
					]
				},
				{
					"name": "rock5",
					"parent": "rock4",
					"pivot": [0, 37.35113, 16.22437],
					"cubes": [
						{"origin": [-0.5, 36.8201, 16.22595], "size": [1, 1, 6], "pivot": [0, 37.3201, 16.22595], "rotation": [-177.5, 0, 0], "uv": [114, 22]},
						{"origin": [-0.5, 36.8201, 16.22595], "size": [1, 1, 4], "inflate": 0.1, "pivot": [0, 37.3201, 16.22595], "rotation": [-177.5, 0, 0], "uv": [116, 24]}
					]
				},
				{
					"name": "tail",
					"parent": "torso",
					"pivot": [0, 16.5, 7],
					"rotation": [40, 0, 0],
					"cubes": [
						{"origin": [-3.5, 16.5, 7], "size": [7, 0, 8], "uv": [106, 43]}
					]
				},
				{
					"name": "locator_tail",
					"parent": "tail",
					"pivot": [0, 16.5, 10],
					"rotation": [-180, 0, 180],
					"locators": {
						"tail": [0, 16.5, 10]
					}
				},
				{
					"name": "locator_tail_tip",
					"parent": "tail",
					"pivot": [0, 16.5, 15],
					"rotation": [-180, 0, 180],
					"locators": {
						"tail_tip": [0, 16.5, 15]
					}
				},
				{
					"name": "tail2",
					"parent": "torso",
					"pivot": [0, 15.5, 8.5],
					"rotation": [32.5, 0, 0],
					"cubes": [
						{"origin": [-3.5, 15.5, 8.5], "size": [7, 0, 5], "uv": [109, 37]},
						{"origin": [3.5, 13.5, 6.5], "size": [0, 2, 4], "uv": [120, 30]},
						{"origin": [-3.5, 13.5, 6.5], "size": [0, 2, 4], "uv": [120, 26]}
					]
				},
				{
					"name": "tail_left",
					"parent": "torso",
					"pivot": [3.5, 15.25, 7],
					"rotation": [0, 35, 0],
					"cubes": [
						{"origin": [3.5, 13.25, 7], "size": [0, 6, 7], "uv": [114, 51]}
					]
				},
				{
					"name": "tail_right",
					"parent": "torso",
					"pivot": [-3.5, 15.25, 7],
					"rotation": [0, -35, 0],
					"cubes": [
						{"origin": [-3.5, 13.25, 7], "size": [0, 6, 7], "uv": [99, 51]}
					]
				},
				{
					"name": "torso2",
					"parent": "torso",
					"pivot": [0, 12.75, 2.75],
					"cubes": [
						{"origin": [-3, 10, -1.5], "size": [6, 6, 5], "uv": [0, 40]},
						{"origin": [3.95, 11.75, -1.25], "size": [0, 1, 1], "pivot": [2.95, 11.75, -0.25], "rotation": [-42.5, -87.5, 0], "uv": [40, 24]},
						{"origin": [2.75, 15.35, 0.75], "size": [0, 1, 1], "pivot": [1.75, 15.35, 1.75], "rotation": [-45, 152.5, 0], "uv": [40, 24]},
						{"origin": [0.75, 15.25, -0.25], "size": [0, 1, 1], "pivot": [-0.25, 15.25, 0.75], "rotation": [-42.5, -162.5, 0], "uv": [40, 24]}
					]
				},
				{
					"name": "torso3",
					"parent": "torso2",
					"pivot": [0, 13, -1],
					"cubes": [
						{"origin": [-3, 9.51, -6.5], "size": [6, 7, 6], "inflate": 0.01, "uv": [0, 27]},
						{"origin": [-1.8, 13.75, -4.25], "size": [0, 1, 1], "pivot": [-2.8, 13.75, -3.25], "rotation": [-42.5, -102.5, 0], "uv": [40, 24]}
					]
				},
				{
					"name": "neck",
					"parent": "torso3",
					"pivot": [0, 12.5, -5.5],
					"rotation": [47, 0, 0],
					"cubes": [
						{"origin": [-2.5, 11.5, -7.4], "size": [5, 6, 5], "uv": [28, 0]}
					]
				},
				{
					"name": "frill_main",
					"parent": "neck",
					"pivot": [0, 15.75, -5.5],
					"rotation": [12.5, 0, 0],
					"cubes": [
						{"origin": [-3.5, 12.75, -9], "size": [7, 3, 7], "inflate": 0.01, "uv": [84, 7]}
					]
				},
				{
					"name": "frill_left",
					"parent": "frill_main",
					"pivot": [3.5, 15.75, -5.5],
					"rotation": [0, 0, 45],
					"cubes": [
						{"origin": [3.5, 15.75, -9], "size": [7, 0, 7], "uv": [89, 49]}
					]
				},
				{
					"name": "frill1_left",
					"parent": "frill_left",
					"pivot": [3.5, 15.75, -2],
					"rotation": [-35, 0, 0],
					"cubes": [
						{"origin": [3.5, 15.75, -2], "size": [6, 0, 6], "uv": [76, 42]}
					]
				},
				{
					"name": "frill2_left",
					"parent": "frill_left",
					"pivot": [3.5, 15.75, -9],
					"rotation": [30, 0, 0],
					"cubes": [
						{"origin": [3.5, 15.75, -13], "size": [6, 0, 4], "uv": [78, 37]}
					]
				},
				{
					"name": "frill_right",
					"parent": "frill_main",
					"pivot": [-3.5, 15.75, -5.5],
					"rotation": [0, 0, -45],
					"cubes": [
						{"origin": [-10.5, 15.75, -9], "size": [7, 0, 7], "uv": [74, 49]}
					]
				},
				{
					"name": "frill1_right",
					"parent": "frill_right",
					"pivot": [-3.5, 15.75, -2],
					"rotation": [-35, 0, 0],
					"cubes": [
						{"origin": [-9.5, 15.75, -2], "size": [6, 0, 6], "uv": [63, 42]}
					]
				},
				{
					"name": "frill2_right",
					"parent": "frill_right",
					"pivot": [-3.5, 15.75, -9],
					"rotation": [30, 0, 0],
					"cubes": [
						{"origin": [-9.5, 15.75, -13], "size": [6, 0, 4], "uv": [65, 37]}
					]
				},
				{
					"name": "frill_top",
					"parent": "frill_main",
					"pivot": [0, 15.75, -2],
					"rotation": [-42.5, 0, 0],
					"cubes": [
						{"origin": [-4.5, 15.75, -2], "size": [9, 0, 11], "uv": [84, 37]},
						{"origin": [-2, 13.75, -2], "size": [4, 2, 6], "inflate": -0.01, "uv": [107, 13]}
					]
				},
				{
					"name": "frill_bottom",
					"parent": "frill_main",
					"pivot": [0, 15.75, -9],
					"rotation": [37.5, 0, 0],
					"cubes": [
						{"origin": [-3.5, 15.75, -16], "size": [7, 0, 7], "uv": [77, 57]}
					]
				},
				{
					"name": "head",
					"parent": "neck",
					"pivot": [0, 15.15, -6.15]
				},
				{
					"name": "head_ai",
					"parent": "head",
					"pivot": [0, 15.15, -6.15]
				},
				{
					"name": "head_angle",
					"parent": "head_ai",
					"pivot": [0, 15.15, -6.15],
					"rotation": [-47.5, 0, 0],
					"cubes": [
						{"origin": [-3.5, 14.6, -11], "size": [7, 7, 7], "uv": [0, 0]},
						{"origin": [-2, 14.6, -11.01], "size": [4, 1, 0], "uv": [49, 5]}
					]
				},
				{
					"name": "item_hat",
					"parent": "head_angle",
					"pivot": [0, 21.6, -7.5],
					"locators": {
						"item_hat": [0, 21.6, -7.5]
					}
				},
				{
					"name": "locator_head",
					"parent": "head_angle",
					"pivot": [0, 21.6, -9.5],
					"locators": {
						"head": [0, 21.6, -9.5]
					}
				},
				{
					"name": "locator_mouth",
					"parent": "head_angle",
					"pivot": [0, 15.1, -11],
					"locators": {
						"mouth": [0, 15.1, -11],
						"physical": [0, 13.8, -11.6],
						"special": [0, 13.8, -11.6]
					}
				},
				{
					"name": "locator_item_face",
					"parent": "head_angle",
					"pivot": [0, 18.1, -11],
					"locators": {
						"item_face": [0, 18.1, -11]
					}
				},
				{
					"name": "locator_face",
					"parent": "head_angle",
					"pivot": [0, 18.1, -11],
					"locators": {
						"face": [0, 18.1, -11]
					}
				},
				{
					"name": "jaw",
					"parent": "head_angle",
					"pivot": [0, 15.6, -10.5],
					"cubes": [
						{"origin": [-2, 14.6, -12.25], "size": [4, 1, 2], "inflate": 0.01, "uv": [21, 0]}
					]
				},
				{
					"name": "locator_jaw_lower",
					"parent": "jaw",
					"pivot": [0, 15.6, -12.1],
					"locators": {
						"jaw2": [0, 15.6, -12.1]
					}
				},
				{
					"name": "locator_item",
					"parent": "jaw",
					"pivot": [0, 15.6, -12.25],
					"locators": {
						"item": [0, 15.6, -12.25]
					}
				},
				{
					"name": "muzzle",
					"parent": "head_angle",
					"pivot": [0, 15.1, -10.5],
					"cubes": [
						{"origin": [-2.5, 15.1, -12.5], "size": [5, 2, 2], "uv": [43, 0]},
						{"origin": [-0.5, 16.1, -12.5], "size": [1, 1, 1], "inflate": 0.01, "uv": [22, 4]}
					]
				},
				{
					"name": "locator_jaw_upper",
					"parent": "muzzle",
					"pivot": [0, 15.1, -12.25],
					"locators": {
						"jaw1": [0, 15.1, -12.25]
					}
				},
				{
					"name": "eyes",
					"parent": "head_angle",
					"pivot": [-1, 19.35, -10.5]
				},
				{
					"name": "eye_right",
					"parent": "eyes",
					"pivot": [-3.5, 18.1, -11]
				},
				{
					"name": "eye_bottom_right",
					"parent": "eye_right",
					"pivot": [-3.5, 18.1, -11],
					"cubes": [
						{"origin": [-3.5, 17.1, -11], "size": [1, 1, 1], "inflate": 0.01, "uv": [30, 19]}
					]
				},
				{
					"name": "eye_top_right",
					"parent": "eye_right",
					"pivot": [-3.5, 18.1, -11],
					"cubes": [
						{"origin": [-3.5, 18.1, -11], "size": [1, 1, 2], "inflate": 0.015, "uv": [29, 21]},
						{"origin": [-3.25, 18.1, -11], "size": [1, 1, 1], "inflate": 0.015, "uv": [33, 21]}
					]
				},
				{
					"name": "eye_emote_right",
					"parent": "eye_right",
					"pivot": [-2.5, 18.1, -11],
					"cubes": [
						{"origin": [-2.5, 17.09, -11.01], "size": [1, 1, 0], "uv": [43, 22], "mirror": true},
						{"origin": [-2.25, 17.09, -11.01], "size": [1, 1, 0], "uv": [43, 23], "mirror": true}
					]
				},
				{
					"name": "eye_emote_right2",
					"parent": "eye_right",
					"pivot": [-2.25, 18.09, -10.91],
					"cubes": [
						{"origin": [-2.25, 18.09, -10.91], "size": [1, 1, 0], "uv": [43, 21], "mirror": true}
					]
				},
				{
					"name": "eye_emote_right3",
					"parent": "eye_right",
					"pivot": [-3.5, 18.6, -10.01],
					"cubes": [
						{"origin": [-3.51, 17.6, -11], "size": [0, 2, 2], "uv": [42, 14]}
					]
				},
				{
					"name": "eyeshine_right",
					"parent": "eye_right",
					"pivot": [-2, 18.35, -10.5],
					"cubes": [
						{"origin": [-2.5, 17.85, -11.02], "size": [1, 1, 0], "uv": [41, 19]}
					]
				},
				{
					"name": "locator_eye_right",
					"parent": "eyeshine_right",
					"pivot": [-2, 18.35, -11],
					"locators": {
						"eye1": [-2, 18.35, -11]
					}
				},
				{
					"name": "eye_right2",
					"parent": "eye_right",
					"pivot": [-3.5, 18.1, -11]
				},
				{
					"name": "eye_bottom_right2",
					"parent": "eye_right2",
					"pivot": [-3.5, 18.1, -11],
					"cubes": [
						{"origin": [-3.5, 17.1, -11], "size": [1, 1, 1], "inflate": 0.01, "uv": [30, 19]}
					]
				},
				{
					"name": "eye_top_right2",
					"parent": "eye_right2",
					"pivot": [-3.5, 18.1, -11],
					"cubes": [
						{"origin": [-3.5, 18.1, -11], "size": [1, 1, 2], "inflate": 0.015, "uv": [29, 21]},
						{"origin": [-3.25, 18.1, -11], "size": [1, 1, 1], "inflate": 0.015, "uv": [33, 21]}
					]
				},
				{
					"name": "eye_emote_right4",
					"parent": "eye_right2",
					"pivot": [-2.5, 18.1, -11],
					"cubes": [
						{"origin": [-2.5, 17.09, -11.01], "size": [1, 1, 0], "uv": [43, 22], "mirror": true},
						{"origin": [-2.25, 17.09, -11.01], "size": [1, 1, 0], "uv": [43, 23], "mirror": true}
					]
				},
				{
					"name": "eye_emote_right5",
					"parent": "eye_right2",
					"pivot": [-2.25, 18.09, -10.91],
					"cubes": [
						{"origin": [-2.25, 18.09, -10.91], "size": [1, 1, 0], "uv": [43, 21], "mirror": true}
					]
				},
				{
					"name": "eye_emote_right6",
					"parent": "eye_right2",
					"pivot": [-3.5, 18.6, -10.01],
					"cubes": [
						{"origin": [-3.51, 17.6, -11], "size": [0, 2, 2], "uv": [42, 14]}
					]
				},
				{
					"name": "eyeshine_right2",
					"parent": "eye_right2",
					"pivot": [-2, 18.35, -10.5],
					"cubes": [
						{"origin": [-2.5, 17.85, -11.02], "size": [1, 1, 0], "uv": [41, 19]}
					]
				},
				{
					"name": "locator_eye_right2",
					"parent": "eyeshine_right2",
					"pivot": [-2, 18.35, -11],
					"locators": {
						"eye3": [-2, 18.35, -11]
					}
				},
				{
					"name": "eye_left",
					"parent": "eyes",
					"pivot": [3.5, 18.1, -11]
				},
				{
					"name": "eye_bottom_left",
					"parent": "eye_left",
					"pivot": [3.5, 18.1, -11],
					"cubes": [
						{"origin": [2.5, 17.1, -11], "size": [1, 1, 1], "inflate": 0.01, "uv": [36, 19]}
					]
				},
				{
					"name": "eye_top_left",
					"parent": "eye_left",
					"pivot": [3.5, 18.1, -11],
					"cubes": [
						{"origin": [2.5, 18.1, -11], "size": [1, 1, 2], "inflate": 0.015, "uv": [35, 21]},
						{"origin": [2.25, 18.1, -11], "size": [1, 1, 1], "inflate": 0.015, "uv": [39, 21]}
					]
				},
				{
					"name": "eye_emote_left",
					"parent": "eye_left",
					"pivot": [2.5, 18.1, -11],
					"cubes": [
						{"origin": [1.5, 17.09, -11.01], "size": [1, 1, 0], "uv": [45, 22]},
						{"origin": [1.25, 17.09, -11.01], "size": [1, 1, 0], "uv": [45, 23]}
					]
				},
				{
					"name": "eye_emote_left2",
					"parent": "eye_left",
					"pivot": [2.25, 18.09, -10.91],
					"cubes": [
						{"origin": [1.25, 18.09, -10.91], "size": [1, 1, 0], "uv": [45, 21]}
					]
				},
				{
					"name": "eye_emote_left3",
					"parent": "eye_left",
					"pivot": [3.5, 18.6, -10.01],
					"cubes": [
						{"origin": [3.51, 17.6, -11], "size": [0, 2, 2], "uv": [47, 14]}
					]
				},
				{
					"name": "eyeshine_left",
					"parent": "eye_left",
					"pivot": [2, 18.35, -10.5],
					"cubes": [
						{"origin": [1.5, 17.85, -11.02], "size": [1, 1, 0], "uv": [44, 19]}
					]
				},
				{
					"name": "locator_eye_left",
					"parent": "eyeshine_left",
					"pivot": [2, 18.35, -11],
					"locators": {
						"eye2": [2, 18.35, -11]
					}
				},
				{
					"name": "eyelid_right",
					"parent": "eyes",
					"pivot": [-1.8, 18.1, -9.8],
					"cubes": [
						{"origin": [-3.4, 17.1, -10.9], "size": [2, 2, 1], "inflate": 0.01, "uv": [29, 15]}
					]
				},
				{
					"name": "eyelid_hurt_right",
					"parent": "eyes",
					"pivot": [-1.8, 18.2, -9.8],
					"cubes": [
						{"origin": [-2.9, 17.1, -10.9], "size": [2, 2, 0], "inflate": 0.01, "uv": [37, 13]},
						{"origin": [-3.4, 17.1, -10.9], "size": [1, 2, 1], "inflate": 0.01, "uv": [29, 12]}
					]
				},
				{
					"name": "eyelid_left",
					"parent": "eyes",
					"pivot": [1.8, 18.1, -9.8],
					"cubes": [
						{"origin": [1.4, 17.1, -10.9], "size": [2, 2, 1], "inflate": 0.01, "uv": [35, 15]}
					]
				},
				{
					"name": "eyelid_hurt_left",
					"parent": "eyes",
					"pivot": [1.8, 18.2, -9.8],
					"cubes": [
						{"origin": [0.9, 17.1, -10.9], "size": [2, 2, 0], "inflate": 0.01, "uv": [41, 13]},
						{"origin": [2.4, 17.1, -10.9], "size": [1, 2, 1], "inflate": 0.01, "uv": [33, 12]}
					]
				},
				{
					"name": "ear_left",
					"parent": "head_angle",
					"pivot": [2.75, 20.55, -7.35],
					"rotation": [0, 0, -47.5],
					"cubes": [
						{"origin": [2.75, 18.05, -7.35], "size": [5, 5, 0], "uv": [118, 7]}
					]
				},
				{
					"name": "ear_scruff_left",
					"parent": "ear_left",
					"pivot": [2.75, 19.8, -7.35],
					"rotation": [0, 12.5, 12.5],
					"cubes": [
						{"origin": [2.75, 19.3, -7.35], "size": [2, 2, 0], "uv": [44, 42]}
					]
				},
				{
					"name": "ear2_right",
					"parent": "ear_left",
					"pivot": [7.75, 20.55, -7.35],
					"cubes": [
						{"origin": [7.75, 17.05, -7.35], "size": [9, 6, 0], "uv": [110, 0]}
					]
				},
				{
					"name": "ear_right",
					"parent": "head_angle",
					"pivot": [-2.75, 20.55, -7.35],
					"rotation": [0, 0, 47.5],
					"cubes": [
						{"origin": [-7.75, 18.05, -7.35], "size": [5, 5, 0], "uv": [106, 7]}
					]
				},
				{
					"name": "ear_scruff_right",
					"parent": "ear_right",
					"pivot": [-2.75, 19.8, -7.35],
					"rotation": [0, -12.5, -12.5],
					"cubes": [
						{"origin": [-4.75, 19.3, -7.35], "size": [2, 2, 0], "uv": [50, 42]}
					]
				},
				{
					"name": "ear2_left",
					"parent": "ear_right",
					"pivot": [-7.75, 20.55, -7.35],
					"cubes": [
						{"origin": [-16.75, 17.05, -7.35], "size": [9, 6, 0], "uv": [91, 0]}
					]
				},
				{
					"name": "hair",
					"parent": "head_angle",
					"pivot": [0, 21.6, -8],
					"cubes": [
						{"origin": [-3.5, 21.6, -6], "size": [7, 0, 3], "pivot": [0, 21.6, -6], "rotation": [35, 0, 0], "uv": [41, 50]},
						{"origin": [-3.5, 21.6, -8], "size": [7, 0, 4], "pivot": [0, 21.6, -8], "rotation": [32.5, 0, 0], "uv": [56, 50]},
						{"origin": [-3.5, 21.6, -4], "size": [7, 0, 2], "pivot": [0, 21.6, -4], "rotation": [32.5, 0, 0], "uv": [42, 46]},
						{"origin": [3.5, 14.1, -8], "size": [0, 7, 4], "pivot": [3.5, 17.6, -7], "rotation": [-17.5, 32.5, -9.5], "uv": [89, 25]},
						{"origin": [3.5, 14.6, -6], "size": [0, 6, 3], "pivot": [3.5, 17.6, -6], "rotation": [-17.5, 27.5, -8], "uv": [105, 27]},
						{"origin": [-3.5, 14.6, -6], "size": [0, 6, 3], "pivot": [-3.5, 17.6, -6], "rotation": [-17.5, -27.5, 8], "uv": [98, 27]},
						{"origin": [-3.5, 14.1, -8], "size": [0, 7, 4], "pivot": [-3.5, 17.6, -7], "rotation": [-17.5, -32.5, 9.5], "uv": [80, 25]}
					]
				},
				{
					"name": "horn",
					"parent": "head_angle",
					"pivot": [0, 21.25, -9.375],
					"rotation": [25, 0, 0],
					"cubes": [
						{"origin": [-1, 21.25, -10.875], "size": [2, 2, 2], "inflate": -0.3, "uv": [60, 45]},
						{"origin": [-1, 21.75, -10.875], "size": [2, 3, 2], "inflate": -0.4, "uv": [60, 40]},
						{"origin": [-1, 22.75, -10.875], "size": [2, 3, 2], "inflate": -0.6, "uv": [60, 35]},
						{"origin": [-1, 23.75, -10.875], "size": [2, 3, 2], "inflate": -0.7, "uv": [52, 35]}
					]
				},
				{
					"name": "sand2",
					"parent": "horn",
					"pivot": [0, 26, -9.875],
					"cubes": [
						{"origin": [-1.5, 26, -11.375], "size": [3, 1, 3], "inflate": -0.4, "uv": [67, 29]}
					]
				},
				{
					"name": "sand",
					"parent": "horn",
					"pivot": [0, 26.65, -9.875],
					"cubes": [
						{"origin": [-1.5, 26.5, -11.375], "size": [3, 1, 3], "inflate": -0.425, "uv": [67, 33]}
					]
				},
				{
					"name": "ftorso2",
					"parent": "waist",
					"pivot": [0, 12.75, 2.75]
				},
				{
					"name": "ftorso3",
					"parent": "ftorso2",
					"pivot": [0, 13, -1]
				},
				{
					"name": "front_legs",
					"parent": "ftorso3",
					"pivot": [0, 11.9, -4.25]
				},
				{
					"name": "front_leg_left",
					"parent": "front_legs",
					"pivot": [3, 11.9, -4.25],
					"cubes": [
						{"origin": [2, 7.75, -5.75], "size": [2, 6, 3], "inflate": 0.25, "uv": [46, 55]},
						{"origin": [4.16367, 8.35643, -5.01703], "size": [0, 1, 1], "pivot": [4.16367, 8.85643, -4.51703], "rotation": [-42.5, -102.5, 0], "uv": [40, 24]}
					]
				},
				{
					"name": "elbow_left",
					"parent": "front_leg_left",
					"pivot": [3, 7.75, -2.75],
					"cubes": [
						{"origin": [2, 0.85, -4.75], "size": [2, 7, 2], "inflate": 0.1, "uv": [32, 25]}
					]
				},
				{
					"name": "sandfoot",
					"parent": "elbow_left",
					"pivot": [3, 2.75, -3.75],
					"cubes": [
						{"origin": [1, 0.75, -5.75], "size": [4, 4, 4], "inflate": -0.2, "uv": [60, 0]}
					]
				},
				{
					"name": "frontpaw_left",
					"parent": "elbow_left",
					"pivot": [3, 1, -4],
					"cubes": [
						{"origin": [2, 0.25, -5.5], "size": [2, 1, 2], "inflate": 0.25, "uv": [62, 57]},
						{"origin": [2.5, 0.1, -4.75], "size": [1, 1, 1], "inflate": 0.11, "uv": [75, 59]}
					]
				},
				{
					"name": "sandtoes",
					"parent": "frontpaw_left",
					"pivot": [3, 0.85, -4.5],
					"cubes": [
						{"origin": [1.5, -0.15, -6], "size": [3, 2, 3], "uv": [46, 24]}
					]
				},
				{
					"name": "locator_foot_secondary1",
					"parent": "frontpaw_left",
					"pivot": [3, 0.7, -4.5],
					"rotation": [90, 0, 0],
					"locators": {
						"foot_secondary1": [3, 0.7, -4.5]
					}
				},
				{
					"name": "front_leg_right",
					"parent": "front_legs",
					"pivot": [-3, 11.9, -4.25],
					"cubes": [
						{"origin": [-4, 7.75, -5.75], "size": [2, 6, 3], "inflate": 0.25, "uv": [36, 55]},
						{"origin": [-4.03633, 10.15643, -4.11703], "size": [0, 1, 1], "pivot": [-4.03633, 10.65643, -3.61703], "rotation": [-42.5, -102.5, 0], "uv": [40, 24]}
					]
				},
				{
					"name": "elbow_right",
					"parent": "front_leg_right",
					"pivot": [-3, 7.75, -2.75],
					"cubes": [
						{"origin": [-4, 0.85, -4.75], "size": [2, 7, 2], "inflate": 0.1, "uv": [24, 25]}
					]
				},
				{
					"name": "sandfoot2",
					"parent": "elbow_right",
					"pivot": [-3, 2.75, -3.75],
					"cubes": [
						{"origin": [-5, 0.75, -5.75], "size": [4, 4, 4], "inflate": -0.2, "uv": [48, 7]}
					]
				},
				{
					"name": "frontpaw_right",
					"parent": "elbow_right",
					"pivot": [-3, 1, -4],
					"cubes": [
						{"origin": [-4, 0.25, -5.5], "size": [2, 1, 2], "inflate": 0.25, "uv": [56, 58]},
						{"origin": [-3.5, 0.1, -4.75], "size": [1, 1, 1], "inflate": 0.11, "uv": [71, 59]}
					]
				},
				{
					"name": "sandtoes2",
					"parent": "frontpaw_right",
					"pivot": [-3, 0.85, -4.5],
					"cubes": [
						{"origin": [-4.5, -0.15, -6], "size": [3, 2, 3], "uv": [62, 1]}
					]
				},
				{
					"name": "locator_foot_primary",
					"parent": "frontpaw_right",
					"pivot": [-3, 0.7, -4.5],
					"rotation": [90, 0, 0],
					"locators": {
						"foot_primary": [-3, 0.7, -4.5]
					}
				},
				{
					"name": "back_legs",
					"parent": "body",
					"pivot": [0, 12.85, 5.75]
				},
				{
					"name": "backleg_left",
					"parent": "back_legs",
					"pivot": [3.25, 12.85, 5.75],
					"cubes": [
						{"origin": [1.25, 8.25, 3.25], "size": [4, 7, 5], "inflate": 0.01, "uv": [18, 52]},
						{"origin": [6.45, 13.75, 2.75], "size": [0, 1, 1], "pivot": [5.45, 13.75, 3.75], "rotation": [-42.5, -102.5, 0], "uv": [40, 24]},
						{"origin": [5.65, 10.75, 1.75], "size": [0, 1, 1], "pivot": [4.65, 10.75, 2.75], "rotation": [-42.5, -55, 0], "uv": [40, 24]}
					]
				},
				{
					"name": "legfluff_left",
					"parent": "backleg_left",
					"pivot": [5.25, 9.75, 3.25],
					"rotation": [0, 17.5, 0],
					"cubes": [
						{"origin": [5.25, 8.75, 3.25], "size": [0, 2, 3], "uv": [112, 31]}
					]
				},
				{
					"name": "legfluff_left2",
					"parent": "backleg_left",
					"pivot": [5.25, 12.1, 6.25],
					"rotation": [0, 20, 0],
					"cubes": [
						{"origin": [5.25, 9.6, 6.25], "size": [0, 5, 4], "uv": [120, 48]}
					]
				},
				{
					"name": "knee_left",
					"parent": "backleg_left",
					"pivot": [3.5, 8.25, 3.25],
					"rotation": [55, 0, 0],
					"cubes": [
						{"origin": [2.25, 3, 3.5], "size": [2, 5, 3], "inflate": 0.1, "uv": [32, 43]}
					]
				},
				{
					"name": "ankle_left",
					"parent": "knee_left",
					"pivot": [3.25, 2.9, 6.35],
					"rotation": [-65, 0, 0],
					"cubes": [
						{"origin": [2.25, -4.1, 4.35], "size": [2, 7, 2], "uv": [32, 34]}
					]
				},
				{
					"name": "sandfoot3",
					"parent": "ankle_left",
					"pivot": [3, -2.25, 5.25],
					"cubes": [
						{"origin": [1.25, -4.25, 3.25], "size": [4, 4, 4], "inflate": -0.2, "uv": [44, 23]}
					]
				},
				{
					"name": "foot_left",
					"parent": "ankle_left",
					"pivot": [3.25, -4.35, 5.35],
					"rotation": [10, 0, 0],
					"cubes": [
						{"origin": [2.25, -4.85, 3.85], "size": [2, 1, 2], "inflate": 0.25, "uv": [62, 60]},
						{"origin": [2.75, -5, 4.6], "size": [1, 1, 1], "inflate": 0.11, "uv": [75, 61]}
					]
				},
				{
					"name": "sandtoes3",
					"parent": "foot_left",
					"pivot": [3.25, -4.35, 4.9],
					"cubes": [
						{"origin": [1.75, -5.35, 3.4], "size": [3, 2, 3], "uv": [50, 16]}
					]
				},
				{
					"name": "locator_foot_secondary3",
					"parent": "foot_left",
					"pivot": [3.25, -4.4, 4.85],
					"rotation": [90, 0, 0],
					"locators": {
						"foot_secondary3": [3.25, -4.4, 4.85]
					}
				},
				{
					"name": "backleg_right",
					"parent": "back_legs",
					"pivot": [-3.25, 12.85, 5.75],
					"cubes": [
						{"origin": [-5.25, 8.25, 3.25], "size": [4, 7, 5], "inflate": 0.01, "uv": [0, 52]},
						{"origin": [-4.85, 10.75, 2.25], "size": [0, 1, 1], "pivot": [-5.85, 10.75, 3.25], "rotation": [-42.5, -55, 0], "uv": [40, 24]},
						{"origin": [-4.05, 13.75, 3.25], "size": [0, 1, 1], "pivot": [-5.05, 13.75, 4.25], "rotation": [-42.5, -102.5, 0], "uv": [40, 24]}
					]
				},
				{
					"name": "legfluff_right",
					"parent": "backleg_right",
					"pivot": [-5.25, 9.75, 3.25],
					"rotation": [0, -17.5, 0],
					"cubes": [
						{"origin": [-5.25, 8.75, 3.25], "size": [0, 2, 3], "uv": [112, 27]}
					]
				},
				{
					"name": "legfluff_right2",
					"parent": "backleg_right",
					"pivot": [-5.25, 12.1, 6.25],
					"rotation": [0, -20, 0],
					"cubes": [
						{"origin": [-5.25, 9.6, 6.25], "size": [0, 5, 4], "uv": [111, 48]}
					]
				},
				{
					"name": "knee_right",
					"parent": "backleg_right",
					"pivot": [-3.5, 8.25, 3.25],
					"rotation": [55, 0, 0],
					"cubes": [
						{"origin": [-4.25, 3, 3.5], "size": [2, 5, 3], "inflate": 0.1, "uv": [22, 43]}
					]
				},
				{
					"name": "ankle_right",
					"parent": "knee_right",
					"pivot": [-3.25, 2.9, 6.35],
					"rotation": [-65, 0, 0],
					"cubes": [
						{"origin": [-4.25, -4.1, 4.35], "size": [2, 7, 2], "uv": [24, 34]}
					]
				},
				{
					"name": "sandfoot4",
					"parent": "ankle_right",
					"pivot": [-3.25, -2.25, 5.25],
					"cubes": [
						{"origin": [-5.25, -4.25, 3.25], "size": [4, 4, 4], "inflate": -0.2, "uv": [48, 15]}
					]
				},
				{
					"name": "foot_right",
					"parent": "ankle_right",
					"pivot": [-3.25, -4.35, 5.35],
					"rotation": [10, 0, 0],
					"cubes": [
						{"origin": [-4.25, -4.85, 3.85], "size": [2, 1, 2], "inflate": 0.25, "uv": [56, 61]},
						{"origin": [-3.75, -5, 4.6], "size": [1, 1, 1], "inflate": 0.11, "uv": [71, 61]}
					]
				},
				{
					"name": "sandtoes4",
					"parent": "foot_right",
					"pivot": [-3.25, -4.35, 4.9],
					"cubes": [
						{"origin": [-4.75, -5.35, 3.4], "size": [3, 2, 3], "uv": [50, 8]}
					]
				},
				{
					"name": "locator_foot_secondary2",
					"parent": "foot_right",
					"pivot": [-3.25, -4.4, 4.85],
					"rotation": [90, 0, 0],
					"locators": {
						"foot_secondary2": [-3.25, -4.4, 4.85]
					}
				},
				{
					"name": "floating_stones",
					"parent": "body",
					"pivot": [0, 12.85, 0]
				},
				{
					"name": "stone1",
					"parent": "floating_stones",
					"pivot": [4, 24.35, 5],
					"cubes": [
						{"origin": [3, 22.85, 4], "size": [2, 3, 2], "inflate": -0.4, "pivot": [4, 24.35, 5], "rotation": [-20, -30, 0], "uv": [41, 36]}
					]
				},
				{
					"name": "stone2",
					"parent": "floating_stones",
					"pivot": [-4.2722, 24.14463, 7.88725],
					"cubes": [
						{"origin": [-5, 22.85, 7], "size": [2, 2, 1], "inflate": -0.3, "pivot": [-4, 23.85, 8], "rotation": [-45, 67.5, 0], "uv": [42, 32]}
					]
				},
				{
					"name": "stone3",
					"parent": "floating_stones",
					"pivot": [2.25, 23.35, 8.5],
					"cubes": [
						{"origin": [1.75, 22.85, 8], "size": [1, 1, 1], "inflate": -0.2, "pivot": [2.25, 23.35, 8.5], "rotation": [60, 0, 55], "uv": [49, 33]}
					]
				}
			]
		}
	]
}