{
  "target": "cobblemon:hippowdon",

  "riding": {
    "behaviours": {
      "LAND": {
        "key": "cobblemon:land/horse",
        "rideSounds": [],
        "stats": {
          "SPEED": "20-40",
          "ACCELERATION": "15-35",
          "SKILL": "25-45",
          "JUMP": "15-30",
          "STAMINA": "60-90"
        }
      }
    },
    "seats": [
      {
        "offset": {
          "x": 0.0,
          "y": 0.15,
          "z": 0.0
        },
        "poseOffsets": [
          {
            "offset": {
              "x": 0.0,
              "y": -1.35,
              "z": -0.1
            },
            "poseTypes": [
              "STAND",
              "WALK"
            ]
          }
        ]
      }
    ]
  },

  "behaviour": {
    "moving": {
      "stepHeight": 1,
      "walk": {
        "walkSpeed": 0.12
      },
      "swim": {
        "avoidsWater": true
      }
    },
    "herd": {
      "maxSize": "9",
      "toleratedLeaders": [
        {
          "pokemon": "hippowdon",
          "tier": 1
        }
      ]
    },
    "combat": {
      "willDefendSelf": true,
      "willDefendOwner": true,
      "willFlee": false
    },
    "resting": {
      "drowsyChance": 0.0333,
      "rouseChance": 0.0042
    }
  }
}
