{
  "target": "cobblemon:honchkrow",

  "riding": {
    "behaviours": {
      "AIR": {
        "key": "cobblemon:air/bird",
        "rideSounds": [
          {
            "muffleEnabled": true,
            "pitchExpr": "math.max(1.0 ,0.2 + math.pow(math.min(q.ride_velocity() / 1.5, 1.0),2))",
            "playForNonPassengers": true,
            "soundLocation": "cobblemon:ride.loop.wind",
            "volumeExpr": "math.pow(math.min(q.ride_velocity() / 1.5, 1.0),2)"
          }
        ],
        "stats": {
          "ACCELERATION": "35-60",
          "JUMP": "30-55",
          "SKILL": "50-80",
          "SPEED": "30-55",
          "STAMINA": "35-70"
        }
      },
      "LAND": {
        "key": "cobblemon:land/horse",
        "rideSounds": [],
        "stats": {
          "ACCELERATION": "10-30",
          "JUMP": "10-25",
          "SKILL": "25-45",
          "SPEED": "10-25",
          "STAMINA": "20-40"
        }
      }
    },
    "seats": [
      {
        "offset": {
          "x": 0.0,
          "y": 0.0,
          "z": 0.0
        },
        "poseOffsets": [
          {
            "offset": {
              "x": 0.0,
              "y": -1.4,
              "z": -0.1
            },
            "poseTypes": [
              "STAND",
              "WALK",
              "HOVER",
              "FLY",
              "GLIDE",
              "FLOAT"
            ]
          }
        ]
      }
    ]
  },

  "behaviour": {
    "herd": {
      "maxSize": "9",
      "toleratedLeaders": [
        {
          "pokemon": "honchkrow",
          "tier": 1
        }
      ]
    },
    "moving": {
      "fly": {
        "canFly": true
      },
      "walk": {
        "walkSpeed": 0.17
      },
      "swim": {
        "avoidsWater": true
      }
    },
    "resting": {
      "canSleep": true,
      "times": [
        "day"
      ],
      "drowsyChance": 0.0033,
      "rouseChance": 0.0042
    },
    "combat": {
      "willDefendSelf": true,
      "willDefendOwner": true,
      "willFlee": false
    }
  }
}
