{
  "target": "cobblemon:infernape",

  "riding": {
    "behaviours": {
      "LAND": {
        "key": "cobblemon:land/horse",
        "rideSounds": [],
        "stats": {
          "SPEED": "30-55",
          "ACCELERATION": "30-55",
          "SKILL": "35-65",
          "JUMP": "25-45",
          "STAMINA": "30-60"
        }
      }
    },
    "seats": [
      {
        "offset": {
          "x": 0.0,
          "y": 0.15,
          "z": 0.0
        },
        "poseOffsets": [
          {
            "offset": {
              "x": 0.0,
              "y": -1.35,
              "z": 0.0
            },
            "poseTypes": [
              "STAND",
              "WALK"
            ]
          }
        ]
      }
    ]
  },

  "behaviour": {
    "resting": {
      "light": "0-4",
      "drowsyChance": 0.0333,
      "rouseChance": 0.0042
    },
    "herd": {
      "maxSize": "7",
      "toleratedLeaders": [
        {
          "pokemon": "infernape",
          "tier": 1
        }
      ]
    },
    "moving": {
      "swim": {
        "avoidsWater": true,
        "canSwimInLava": true
      }
    },
    "combat": {
      "willDefendSelf": true,
      "willDefendOwner": true,
      "willFlee": false
    },
    "fireImmune": true
  },

  "lightingData": {
    "lightLevel": 14,
    "liquidGlowMode": "LAND"
  }
}
