{
  "target": "cobblemon:lopunny",

  "riding": {
    "behaviours": {
      "LAND": {
        "key": "cobblemon:land/horse",
        "rideSounds": [],
        "stats": {
          "SPEED": "20-40",
          "ACCELERATION": "20-40",
          "SKILL": "45-70",
          "JUMP": "20-40",
          "STAMINA": "25-55"
        }
      }
    },
    "seats": [
      {
        "offset": {
          "x": 0.0,
          "y": 0.25,
          "z": 0.0
        },
        "poseOffsets": [
          {
            "offset": {
              "x": 0.0,
              "y": -1.6,
              "z": 0.05
            },
            "poseTypes": [
              "STAND",
              "WALK"
            ]
          }
        ]
      }
    ]
  },

  "behaviour": {
    "moving": {
      "walk": {
        "walkSpeed": 0.25
      },
      "swim": {
        "avoidsWater": true
      }
    },
    "resting": {
      "canSleep": true,
      "light": "0-4",
      "drowsyChance": 0.0333,
      "rouseChance": 0.0042
    },
    "herd": {
      "maxSize": "5",
      "toleratedLeaders": [
        {
          "pokemon": "lopunny mega=false",
          "tier": 1
        },
        {
          "pokemon": "lopunny mega",
          "tier": 2
        }
      ]
    },
    "combat": {
      "willDefendOwner": true
    }
  }
}
