{
  "target": "cobblemon:lumineon",

  "riding": {
    "behaviours": {
      "LIQUID": {
        "key": "cobblemon:liquid/dolphin",
        "rideSounds": [
          {
            "muffleEnabled": true,
            "pitchExpr": "math.max(1.0, 0.2 + math.pow(math.min(q.ride_velocity() / 1.5, 1.0), 2))",
            "playForNonPassengers": true,
            "soundLocation": "cobblemon:ride.loop.water_surface",
            "volumeExpr": "math.pow(math.min(q.ride_velocity() / 1.5, 1.0), 2)"
          }
        ],
        "stats": {
          "SPEED": "30-55",
          "ACCELERATION": "25-50",
          "SKILL": "40-70",
          "JUMP": "25-45",
          "STAMINA": "35-65"
        }
      }
    },
    "seats": [
      {
        "offset": {
          "x": 0.0,
          "y": 0.0,
          "z": 0.0
        },
        "poseOffsets": [
          {
            "offset": {
              "x": 0.0,
              "y": -1.25,
              "z": 0.0
            },
            "poseTypes": [
              "FLOAT",
              "SWIM"
            ]
          }
        ]
      }
    ]
  },

  "behaviour": {
    "moving": {
      "walking": {
        "avoidsLand": true
      },
      "swim": {
        "swimSpeed": 0.3,
        "canBreatheUnderwater": true
      },
      "walk": {
        "avoidsLand": true
      }
    },
    "herd": {
      "maxSize": "9",
      "toleratedLeaders": [
        {
          "pokemon": "lumineon",
          "tier": 1
        },
        {
          "pokemon": "manaphy",
          "tier": 2
        }
      ]
    },
    "resting": {
      "times": [
        "any"
      ],
      "drowsyChance": 0.0014,
      "rouseChance": 0.0042
    },
    "combat": {
      "willDefendOwner": true
    }
  },

  "lightingData": {
    "lightLevel": 8,
    "liquidGlowMode": "BOTH"
  }
}
