{
  "target": "cobblemon:magmortar",

  "riding": {
    "behaviours": {
      "LAND": {
        "key": "cobblemon:land/horse",
        "rideSounds": [],
        "stats": {
          "SPEED": "15-40",
          "ACCELERATION": "20-45",
          "SKILL": "30-55",
          "JUMP": "15-30",
          "STAMINA": "35-65"
        }
      }
    },
    "seats": [
      {
        "offset": {
          "x": 0.0,
          "y": 0.15,
          "z": 0.0
        },
        "poseOffsets": [
          {
            "offset": {
              "x": 0.0,
              "y": -1.25,
              "z": 0.05
            },
            "poseTypes": [
              "STAND",
              "WALK"
            ]
          }
        ]
      }
    ]
  },

  "behaviour": {
    "herd": {
      "maxSize": "5"
    },
    "moving": {
      "swim": {
        "avoidsWater": true,
        "canSwimInLava": true
      }
    },
    "combat": {
      "willDefendSelf": true,
      "willDefendOwner": true,
      "willFlee": false
    },
    "resting": {
      "drowsyChance": 0.0333,
      "rouseChance": 0.0042
    },
    "fireImmune": true
  },

  "lightingData": {
    "lightLevel": 10,
    "liquidGlowMode": "LAND"
  }
}
