{
  "target": "cobblemon:probopass",

  "riding": {
    "behaviours": {
      "AIR": {
        "key": "cobblemon:air/bird",
        "rideSounds": [
          {
            "muffleEnabled": true,
            "pitchExpr": "math.max(1.0 ,0.2 + math.pow(math.min(q.ride_velocity() / 1.5, 1.0),2))",
            "playForNonPassengers": true,
            "soundLocation": "cobblemon:ride.loop.wind",
            "volumeExpr": "math.pow(math.min(q.ride_velocity() / 1.5, 1.0),2)"
          }
        ],
        "stats": {
          "SPEED": "20-40",
          "ACCELERATION": "20-45",
          "SKILL": "35-60",
          "JUMP": "35-60",
          "STAMINA": "55-90"
        }
      }
    },
    "seats": [
      {
        "offset": {
          "x": 0.0,
          "y": 0.2,
          "z": 0.0
        },
        "poseOffsets": [
          {
            "offset": {
              "x": 0.0,
              "y": -1.4,
              "z": 0.0
            },
            "poseTypes": [
              "HOVER",
              "FLY",
              "GLIDE",
              "FLOAT"
            ]
          }
        ]
      }
    ]
  },

  "behaviour": {
    "resting": {
      "canSleep": true,
      "light": "0-4",
      "times": [
        "any"
      ],
      "drowsyChance": 0.0014,
      "rouseChance": 0.0042
    },
    "moving": {
      "swim": {
        "avoidsWater": true,
        "canSwimInLava": true
      },
      "fly": {
        "canFly": true
      },
      "walk": {
        "canWalk": false
      }
    },
    "herd": {
      "maxSize": "3"
    },
    "combat": {
      "willDefendSelf": true,
      "willDefendOwner": true,
      "willFlee": false
    },
    "fireImmune": true
  }
}
