{
  "target": "cobblemon:rampardos",

  "riding": {
    "behaviours": {
      "LAND": {
        "key": "cobblemon:land/horse",
        "rideSounds": [],
        "stats": {
          "ACCELERATION": "20-45",
          "JUMP": "20-35",
          "SKILL": "35-60",
          "SPEED": "15-35",
          "STAMINA": "40-75"
        }
      }
    },
    "seats": [
      {
        "offset": {
          "x": 0.0,
          "y": 0.15,
          "z": 0.0
        },
        "poseOffsets": [
          {
            "offset": {
              "x": 0.0,
              "y": -1.35,
              "z": -0.1
            },
            "poseTypes": [
              "STAND",
              "WALK"
            ]
          }
        ]
      }
    ]
  },

  "behaviour": {
    "herd": {
      "maxSize": "7",
      "toleratedLeaders": [
        {
          "pokemon": "rampardos",
          "tier": 1
        }
      ]
    },
    "moving": {
      "swim": {
        "avoidsWater": true,
        "canSwimInLava": true
      },
      "walk": {
        "walkSpeed": 0.19
      }
    },
    "resting": {
      "canSleep": true,
      "light": "0-4",
      "drowsyChance": 0.0333,
      "rouseChance": 0.0042
    },
    "combat": {
      "willDefendSelf": true,
      "willDefendOwner": true,
      "willFlee": false
    },
    "fireImmune": true
  }
}
