{
  "target": "cobblemon:torterra",

  "riding": {
    "behaviours": {
      "LAND": {
        "key": "cobblemon:land/horse",
        "rideSounds": [],
        "stats": {
          "SPEED": "15-35",
          "ACCELERATION": "15-35",
          "SKILL": "35-60",
          "JUMP": "15-30",
          "STAMINA": "55-90"
        }
      }
    },
    "seats": [
      {
        "offset": {
          "x": 0.0,
          "y": 0.25,
          "z": 0.0
        },
        "poseOffsets": [
          {
            "offset": {
              "x": 0.0,
              "y": -1.8,
              "z": 0.1
            },
            "poseTypes": [
              "STAND",
              "WALK"
            ]
          }
        ]
      }
    ]
  },

  "behaviour": {
    "resting": {
      "canSleep": true,
      "light": "0-4",
      "drowsyChance": 0.0333,
      "rouseChance": 0.0042
    },
    "moving": {
      "walk": {
        "walkSpeed": 0.15
      },
      "swim": {
        "avoidsWater": true
      }
    },
    "herd": {
      "maxSize": "7",
      "toleratedLeaders": [
        {
          "pokemon": "torterra",
          "tier": 1
        }
      ]
    },
    "combat": {
      "willDefendSelf": true,
      "willDefendOwner": true,
      "willFlee": false
    }
  }
}
