{
  "format_version": "1.12.0",
  "minecraft:geometry": [
    {
      "description": {
        "identifier": "geometry.absol",
        "texture_width": 128,
        "texture_height": 128,
        "visible_bounds_width": 9,
        "visible_bounds_height": 4.5,
        "visible_bounds_offset": [
          0,
          1.75,
          0
        ]
      },
      "bones": [
        {
          "name": "absol",
          "pivot": [
            0,
            0,
            0
          ]
        },
        {
          "name": "body",
          "parent": "absol",
          "pivot": [
            0,
            17,
            0
          ]
        },
        {
                    "name": "locator_seat_1",
                    "parent": "body",
                    "pivot": [0, 20, 3],
                    "locators": {
                        "seat_1": [0, 20, 3]
                    }
                },
        {
          "name": "waist",
          "parent": "body",
          "pivot": [
            0,
            17.5,
            7
          ]
        },
        {
          "name": "torso",
          "parent": "waist",
          "pivot": [
            0,
            17.5,
            7
          ],
          "cubes": [
            {
              "origin": [
                -4,
                13.4,
                3
              ],
              "size": [
                8,
                8,
                8
              ],
              "inflate": 0.01,
              "uv": [
                96,
                0
              ]
            }
          ]
        },
        {
          "name": "hips",
          "parent": "torso",
          "pivot": [
            0,
            18.4,
            5
          ],
          "cubes": [
            {
              "origin": [
                -4,
                13.4,
                -5
              ],
              "size": [
                8,
                8,
                10
              ],
              "uv": [
                32,
                0
              ]
            }
          ]
        },
        {
          "name": "chest",
          "parent": "hips",
          "pivot": [
            0,
            18.9,
            -3
          ],
          "cubes": [
            {
              "origin": [
                -5,
                12.9,
                -11
              ],
              "size": [
                10,
                9,
                9
              ],
              "inflate": -0.01,
              "uv": [
                23,
                25
              ]
            }
          ]
        },
        {
          "name": "wing_open_right",
          "parent": "chest",
          "pivot": [
            -4,
            21.5,
            -5.75
          ],
          "cubes": [
            {
              "origin": [
                -11,
                20.5,
                -7.5
              ],
              "size": [
                8,
                2,
                8
              ],
              "uv": [
                85,
                118
              ]
            },
            {
              "origin": [
                -10,
                21.5,
                -2.25
              ],
              "size": [
                9,
                0,
                7
              ],
              "pivot": [
                -8.5,
                21.6,
                4.25
              ],
              "rotation": [
                0,
                10,
                0
              ],
              "uv": [
                80,
                92
              ]
            }
          ]
        },
        {
          "name": "wing_open_right2",
          "parent": "wing_open_right",
          "pivot": [
            -10.5,
            21.5,
            -7.5
          ],
          "cubes": [
            {
              "origin": [
                -19.5,
                21,
                -7.75
              ],
              "size": [
                9,
                1,
                9
              ],
              "inflate": 0.01,
              "uv": [
                81,
                107
              ]
            },
            {
              "origin": [
                -19.5,
                21.6,
                0.25
              ],
              "size": [
                10,
                0,
                6
              ],
              "uv": [
                102,
                85
              ],
              "mirror": true
            }
          ]
        },
        {
          "name": "wing_open_right3",
          "parent": "wing_open_right2",
          "pivot": [
            -19.5,
            21.6,
            -7.75
          ],
          "cubes": [
            {
              "origin": [
                -26.5,
                21.6,
                -7.75
              ],
              "size": [
                8,
                0,
                13
              ],
              "uv": [
                99,
                101
              ]
            }
          ]
        },
        {
          "name": "wing_open_right4",
          "parent": "wing_open_right3",
          "pivot": [
            -26.5,
            21.6,
            -6.75
          ],
          "cubes": [
            {
              "origin": [
                -33.5,
                21.6,
                -6.75
              ],
              "size": [
                7,
                0,
                11
              ],
              "uv": [
                62,
                101
              ]
            }
          ]
        },
        {
          "name": "wing_open_left",
          "parent": "chest",
          "pivot": [
            4,
            21.5,
            -5.75
          ],
          "cubes": [
            {
              "origin": [
                3,
                20.5,
                -7.5
              ],
              "size": [
                8,
                2,
                8
              ],
              "uv": [
                85,
                118
              ],
              "mirror": true
            },
            {
              "origin": [
                1,
                21.5,
                -2.25
              ],
              "size": [
                9,
                0,
                7
              ],
              "pivot": [
                8.5,
                21.6,
                4.25
              ],
              "rotation": [
                0,
                -10,
                0
              ],
              "uv": [
                80,
                92
              ],
              "mirror": true
            }
          ]
        },
        {
          "name": "wing_open_left2",
          "parent": "wing_open_left",
          "pivot": [
            10.5,
            21.5,
            -7.5
          ],
          "cubes": [
            {
              "origin": [
                10.5,
                21,
                -7.75
              ],
              "size": [
                9,
                1,
                9
              ],
              "inflate": 0.01,
              "uv": [
                81,
                107
              ],
              "mirror": true
            },
            {
              "origin": [
                9.5,
                21.6,
                0.25
              ],
              "size": [
                10,
                0,
                6
              ],
              "uv": [
                102,
                85
              ]
            }
          ]
        },
        {
          "name": "wing_open_left3",
          "parent": "wing_open_left2",
          "pivot": [
            19.5,
            21.6,
            -7.75
          ],
          "cubes": [
            {
              "origin": [
                18.5,
                21.6,
                -7.75
              ],
              "size": [
                8,
                0,
                13
              ],
              "uv": [
                99,
                101
              ],
              "mirror": true
            }
          ]
        },
        {
          "name": "wing_open_left4",
          "parent": "wing_open_left3",
          "pivot": [
            26.5,
            21.6,
            -6.75
          ],
          "cubes": [
            {
              "origin": [
                26.5,
                21.6,
                -6.75
              ],
              "size": [
                7,
                0,
                11
              ],
              "uv": [
                62,
                101
              ],
              "mirror": true
            }
          ]
        },
        {
          "name": "neck",
          "parent": "chest",
          "pivot": [
            0,
            19.5,
            -3
          ],
          "cubes": [
            {
              "origin": [
                -4,
                19.5,
                -11
              ],
              "size": [
                8,
                6,
                8
              ],
              "inflate": 0.02,
              "uv": [
                0,
                15
              ]
            }
          ]
        },
        {
          "name": "head",
          "parent": "neck",
          "pivot": [
            0,
            28.5,
            -7.5
          ]
        },
        {
          "name": "head_correction",
          "parent": "head",
          "pivot": [
            0,
            28.5,
            -7.5
          ]
        },
        {
          "name": "head_ai",
          "parent": "head_correction",
          "pivot": [
            0,
            28.5,
            -7.5
          ]
        },
        {
          "name": "head_angle",
          "parent": "head_ai",
          "pivot": [
            0,
            28.5,
            -7.5
          ],
          "cubes": [
            {
              "origin": [
                -4,
                24.9,
                -12.5
              ],
              "size": [
                8,
                7,
                8
              ],
              "uv": [
                0,
                0
              ]
            },
            {
              "origin": [
                -4,
                29.35,
                -12.54
              ],
              "size": [
                8,
                1,
                1
              ],
              "uv": [
                56,
                57
              ]
            },
            {
              "origin": [
                -2.49998,
                25.64,
                -14.375
              ],
              "size": [
                5,
                2,
                4
              ],
              "pivot": [
                0,
                27.65,
                -12.55
              ],
              "rotation": [
                30,
                0,
                0
              ],
              "uv": [
                83,
                0
              ]
            },
            {
              "origin": [
                -4,
                29.65,
                -13
              ],
              "size": [
                8,
                5,
                10
              ],
              "inflate": 0.02,
              "uv": [
                72,
                50
              ]
            },
            {
              "origin": [
                4,
                31.15,
                -9
              ],
              "size": [
                2,
                5,
                0
              ],
              "inflate": 0.02,
              "pivot": [
                4,
                34.65,
                -9
              ],
              "rotation": [
                0,
                0,
                -20
              ],
              "uv": [
                85,
                71
              ]
            },
            {
              "origin": [
                -2,
                28.9,
                -13.01
              ],
              "size": [
                4,
                1,
                1
              ],
              "uv": [
                15,
                29
              ]
            },
            {
              "origin": [
                -4,
                24.95,
                -8.02
              ],
              "size": [
                8,
                9,
                5
              ],
              "inflate": 0.01,
              "uv": [
                52,
                18
              ]
            },
            {
              "origin": [
                -1,
                29.95,
                -13.83
              ],
              "size": [
                2,
                4,
                1
              ],
              "uv": [
                26,
                29
              ]
            },
            {
              "origin": [
                -2,
                30.95,
                -13.58
              ],
              "size": [
                1,
                3,
                1
              ],
              "uv": [
                26,
                29
              ]
            },
            {
              "origin": [
                1,
                30.95,
                -13.58
              ],
              "size": [
                1,
                3,
                1
              ],
              "uv": [
                26,
                29
              ],
              "mirror": true
            }
          ]
        },
        {
          "name": "horn",
          "parent": "head_angle",
          "pivot": [
            -4,
            30.38,
            -9.55
          ],
          "rotation": [
            -12.5,
            0,
            0
          ],
          "cubes": [
            {
              "origin": [
                -13.4,
                28.4,
                -9.51
              ],
              "size": [
                13,
                16,
                0
              ],
              "pivot": [
                -4.25,
                30.15,
                -9.45
              ],
              "rotation": [
                0,
                0,
                -15
              ],
              "uv": [
                34,
                112
              ]
            },
            {
              "origin": [
                -6.8,
                30.75,
                -9.5
              ],
              "size": [
                4,
                2,
                0
              ],
              "pivot": [
                -7.5,
                31.5,
                -9.75
              ],
              "rotation": [
                0,
                0,
                17.5
              ],
              "uv": [
                24,
                6
              ]
            }
          ]
        },
        {
          "name": "eyes",
          "parent": "head_angle",
          "pivot": [
            0,
            -0.25,
            -0.75
          ]
        },
        {
          "name": "eyes_open",
          "parent": "eyes",
          "pivot": [
            0,
            28.65,
            -12.6
          ]
        },
        {
          "name": "eye_left",
          "parent": "eyes_open",
          "pivot": [
            2.3,
            28.65,
            -12.45
          ],
          "cubes": [
            {
              "origin": [
                1.2,
                27.65,
                -12.52
              ],
              "size": [
                2,
                2,
                0
              ],
              "uv": [
                0,
                2
              ]
            },
            {
              "origin": [
                2,
                27.65,
                -12.53
              ],
              "size": [
                1,
                2,
                0
              ],
              "uv": [
                0,
                6
              ]
            },
            {
              "origin": [
                3,
                27.65,
                -12.51
              ],
              "size": [
                1,
                2,
                0
              ],
              "uv": [
                0,
                4
              ]
            },
            {
              "origin": [
                1.55,
                27.95,
                -12.59
              ],
              "size": [
                1,
                1,
                1
              ],
              "inflate": -0.05,
              "uv": [
                0,
                31
              ]
            }
          ]
        },
        {
          "name": "eye_right",
          "parent": "eyes_open",
          "pivot": [
            -2.3,
            28.65,
            -12.45
          ],
          "cubes": [
            {
              "origin": [
                -3.2,
                27.65,
                -12.52
              ],
              "size": [
                2,
                2,
                0
              ],
              "uv": [
                0,
                0
              ]
            },
            {
              "origin": [
                -4,
                27.65,
                -12.51
              ],
              "size": [
                1,
                2,
                0
              ],
              "uv": [
                2,
                4
              ]
            },
            {
              "origin": [
                -3,
                27.65,
                -12.53
              ],
              "size": [
                1,
                2,
                0
              ],
              "uv": [
                2,
                6
              ],
              "mirror": true
            },
            {
              "origin": [
                -2.55,
                27.95,
                -12.59
              ],
              "size": [
                1,
                1,
                1
              ],
              "inflate": -0.05,
              "uv": [
                0,
                29
              ]
            }
          ]
        },
        {
          "name": "eyes_happy",
          "parent": "eyes",
          "pivot": [
            0,
            28.65,
            -11.6
          ]
        },
        {
          "name": "eye_closed_right2",
          "parent": "eyes_happy",
          "pivot": [
            -2.5,
            28.125,
            -11.575
          ],
          "cubes": [
            {
              "origin": [
                -4,
                28,
                -11.56
              ],
              "size": [
                2,
                1,
                0
              ],
              "uv": [
                0,
                20
              ]
            },
            {
              "origin": [
                -2,
                27.25,
                -11.56
              ],
              "size": [
                1,
                1,
                0
              ],
              "uv": [
                4,
                19
              ]
            }
          ]
        },
        {
          "name": "eye_closed_left2",
          "parent": "eyes_happy",
          "pivot": [
            2.5,
            28.125,
            -11.575
          ],
          "cubes": [
            {
              "origin": [
                2,
                28,
                -11.56
              ],
              "size": [
                2,
                1,
                0
              ],
              "uv": [
                0,
                19
              ]
            },
            {
              "origin": [
                1,
                27.25,
                -11.56
              ],
              "size": [
                1,
                1,
                0
              ],
              "uv": [
                4,
                20
              ]
            }
          ]
        },
        {
          "name": "eyes_closed",
          "parent": "eyes",
          "pivot": [
            0,
            28.25,
            -11.6
          ]
        },
        {
          "name": "eye_closed_right",
          "parent": "eyes_closed",
          "pivot": [
            -2.5,
            28.25,
            -11.6
          ],
          "cubes": [
            {
              "origin": [
                -4,
                27.25,
                -11.56
              ],
              "size": [
                3,
                2,
                0
              ],
              "uv": [
                0,
                17
              ]
            }
          ]
        },
        {
          "name": "eye_closed_left",
          "parent": "eyes_closed",
          "pivot": [
            2.5,
            28.25,
            -11.6
          ],
          "cubes": [
            {
              "origin": [
                1,
                27.25,
                -11.56
              ],
              "size": [
                3,
                2,
                0
              ],
              "uv": [
                0,
                15
              ]
            }
          ]
        },
        {
          "name": "eyes_halfclosed",
          "parent": "eyes",
          "pivot": [
            0,
            28.75,
            -11.15
          ]
        },
        {
          "name": "eye_halfclosed_right",
          "parent": "eyes_halfclosed",
          "pivot": [
            -2.4,
            28.75,
            -11.15
          ],
          "cubes": [
            {
              "origin": [
                -3.9,
                27.75,
                -11.6
              ],
              "size": [
                3,
                2,
                1
              ],
              "uv": [
                32,
                0
              ]
            }
          ]
        },
        {
          "name": "eye_halfclosed_left",
          "parent": "eyes_halfclosed",
          "pivot": [
            2.4,
            28.75,
            -11.15
          ],
          "cubes": [
            {
              "origin": [
                0.9,
                27.75,
                -11.6
              ],
              "size": [
                3,
                2,
                1
              ],
              "uv": [
                24,
                0
              ]
            }
          ]
        },
        {
          "name": "mouth",
          "parent": "head_angle",
          "pivot": [
            0.00001,
            27.65,
            -12.5
          ],
          "cubes": [
            {
              "origin": [
                -0.99998,
                24.83,
                -12.4
              ],
              "size": [
                2,
                1,
                0
              ],
              "pivot": [
                0,
                26,
                -12.1
              ],
              "rotation": [
                43,
                0,
                0
              ],
              "uv": [
                0,
                21
              ]
            },
            {
              "origin": [
                -0.16,
                25.54,
                -12.195
              ],
              "size": [
                1,
                1,
                0
              ],
              "pivot": [
                0.49998,
                25.65,
                -12.245
              ],
              "rotation": [
                12.5,
                -12.5,
                45
              ],
              "uv": [
                6,
                16
              ]
            },
            {
              "origin": [
                -0.84,
                25.54,
                -12.195
              ],
              "size": [
                1,
                1,
                0
              ],
              "pivot": [
                -0.49998,
                25.65,
                -12.245
              ],
              "rotation": [
                12.5,
                12.5,
                -45
              ],
              "uv": [
                6,
                15
              ]
            }
          ]
        },
        {
          "name": "hair",
          "parent": "head_angle",
          "pivot": [
            4,
            34.65,
            -10.05
          ],
          "cubes": [
            {
              "origin": [
                4,
                30.65,
                -13
              ],
              "size": [
                5,
                4,
                8
              ],
              "uv": [
                56,
                45
              ]
            },
            {
              "origin": [
                4,
                28.65,
                -13
              ],
              "size": [
                5,
                2,
                8
              ],
              "uv": [
                56,
                45
              ]
            }
          ]
        },
        {
          "name": "hair2",
          "parent": "hair",
          "pivot": [
            9,
            33.9,
            -6.55
          ],
          "cubes": [
            {
              "origin": [
                9,
                30.9,
                -12.55
              ],
              "size": [
                4,
                3,
                5
              ],
              "uv": [
                71,
                72
              ]
            }
          ]
        },
        {
          "name": "hair3",
          "parent": "hair2",
          "pivot": [
            13,
            33.15,
            -9.2
          ],
          "cubes": [
            {
              "origin": [
                12.5,
                31.15,
                -12.2
              ],
              "size": [
                3,
                2,
                2
              ],
              "uv": [
                49,
                73
              ]
            },
            {
              "origin": [
                13,
                33.65,
                -12.2
              ],
              "size": [
                9,
                0,
                5
              ],
              "pivot": [
                15.5,
                33.65,
                -11.25
              ],
              "rotation": [
                -90,
                -17.5,
                0
              ],
              "uv": [
                45,
                66
              ]
            }
          ]
        },
        {
          "name": "fur",
          "parent": "neck",
          "pivot": [
            0,
            25.5,
            -10.95
          ]
        },
        {
          "name": "neck_fur_right2",
          "parent": "fur",
          "pivot": [
            -4,
            25.5,
            -8.5
          ],
          "cubes": [
            {
              "origin": [
                -11,
                25.5,
                -13
              ],
              "size": [
                7,
                0,
                13
              ],
              "uv": [
                3,
                64
              ]
            }
          ]
        },
        {
          "name": "neck_fur_left2",
          "parent": "fur",
          "pivot": [
            4,
            25.5,
            -8.5
          ],
          "cubes": [
            {
              "origin": [
                4,
                25.5,
                -13
              ],
              "size": [
                7,
                0,
                13
              ],
              "uv": [
                -13,
                64
              ]
            }
          ]
        },
        {
          "name": "neck_fur_back2",
          "parent": "fur",
          "pivot": [
            0,
            25.5,
            -3
          ],
          "cubes": [
            {
              "origin": [
                -7.5,
                25.5,
                -3
              ],
              "size": [
                15,
                0,
                6
              ],
              "uv": [
                -6,
                79
              ]
            }
          ]
        },
        {
          "name": "chest_fur",
          "parent": "fur",
          "pivot": [
            0,
            25.5,
            -11
          ],
          "cubes": [
            {
              "origin": [
                -4,
                17.5,
                -11
              ],
              "size": [
                8,
                8,
                4
              ],
              "inflate": 0.03,
              "uv": [
                0,
                45
              ]
            }
          ]
        },
        {
          "name": "chest_fur_right",
          "parent": "chest_fur",
          "pivot": [
            -4,
            25.5,
            -11
          ],
          "cubes": [
            {
              "origin": [
                -7,
                17.5,
                -11
              ],
              "size": [
                3,
                8,
                0
              ],
              "uv": [
                32,
                64
              ]
            }
          ]
        },
        {
          "name": "chest_fur_left",
          "parent": "chest_fur",
          "pivot": [
            4,
            25.5,
            -11
          ],
          "cubes": [
            {
              "origin": [
                4,
                17.5,
                -11
              ],
              "size": [
                3,
                8,
                0
              ],
              "uv": [
                39,
                64
              ]
            }
          ]
        },
        {
          "name": "chest_fur_1",
          "parent": "chest_fur",
          "pivot": [
            0,
            17.5,
            -11
          ],
          "cubes": [
            {
              "origin": [
                -4,
                12.5,
                -11
              ],
              "size": [
                8,
                5,
                2
              ],
              "uv": [
                32,
                18
              ]
            }
          ]
        },
        {
          "name": "chest_fur_2",
          "parent": "chest_fur_1",
          "pivot": [
            0,
            12.5,
            -11
          ],
          "cubes": [
            {
              "origin": [
                -3,
                8.5,
                -11
              ],
              "size": [
                6,
                4,
                0
              ],
              "uv": [
                34,
                54
              ]
            }
          ]
        },
        {
          "name": "tail",
          "parent": "torso",
          "pivot": [
            0,
            21.4,
            11
          ],
          "cubes": [
            {
              "origin": [
                0,
                20.9,
                11
              ],
              "size": [
                0,
                18,
                16
              ],
              "uv": [
                0,
                94
              ]
            }
          ]
        },
        {
          "name": "fhips",
          "parent": "waist",
          "pivot": [
            0,
            18.4,
            5
          ]
        },
        {
          "name": "fchest",
          "parent": "fhips",
          "pivot": [
            0,
            18.9,
            -3
          ]
        },
        {
          "name": "legs_front",
          "parent": "fchest",
          "pivot": [
            0,
            16,
            -7
          ]
        },
        {
          "name": "leg_front_right",
          "parent": "legs_front",
          "pivot": [
            -3.75,
            15.4,
            -6.6
          ],
          "rotation": [
            15,
            0,
            0
          ],
          "cubes": [
            {
              "origin": [
                -5.25,
                8.4,
                -8.6
              ],
              "size": [
                3,
                9,
                4
              ],
              "inflate": 0.01,
              "uv": [
                61,
                32
              ],
              "mirror": true
            }
          ]
        },
        {
          "name": "leg_front_right2",
          "parent": "leg_front_right",
          "pivot": [
            -3.75,
            8.4,
            -4.6
          ],
          "rotation": [
            -40,
            0,
            0
          ],
          "cubes": [
            {
              "origin": [
                -5.75,
                -0.6,
                -8.6
              ],
              "size": [
                4,
                9,
                4
              ],
              "uv": [
                94,
                16
              ],
              "mirror": true
            },
            {
              "origin": [
                -3.75,
                2.4,
                -4.6
              ],
              "size": [
                0,
                7,
                4
              ],
              "uv": [
                120,
                117
              ],
              "mirror": true
            },
            {
              "origin": [
                -4.25,
                5,
                -5.9
              ],
              "size": [
                1,
                3,
                1
              ],
              "pivot": [
                -4.25,
                5,
                -4.9
              ],
              "rotation": [
                -50,
                0,
                0
              ],
              "uv": [
                74,
                16
              ],
              "mirror": true
            }
          ]
        },
        {
          "name": "foot_front_right",
          "parent": "leg_front_right2",
          "pivot": [
            -3.75,
            -0.5,
            -6.7
          ],
          "rotation": [
            25,
            0,
            0
          ],
          "cubes": [
            {
              "origin": [
                -6.25,
                -2.5,
                -10.7
              ],
              "size": [
                5,
                3,
                6
              ],
              "uv": [
                89,
                29
              ],
              "mirror": true
            }
          ]
        },
        {
          "name": "toes_front_right",
          "parent": "foot_front_right",
          "pivot": [
            -3.75,
            -0.45,
            -7.8
          ]
        },
        {
          "name": "toe_middle_right",
          "parent": "toes_front_right",
          "pivot": [
            -3.75,
            -1.5,
            -9.8
          ],
          "cubes": [
            {
              "origin": [
                -4.25,
                -2.49,
                -13.8
              ],
              "size": [
                1,
                2,
                4
              ],
              "uv": [
                108,
                52
              ],
              "mirror": true
            },
            {
              "origin": [
                -3.75,
                -2.49,
                -14.8
              ],
              "size": [
                0,
                1,
                1
              ],
              "uv": [
                4,
                1
              ],
              "mirror": true
            }
          ]
        },
        {
          "name": "toe_outer_right",
          "parent": "toes_front_right",
          "pivot": [
            -4.9,
            -1.5,
            -7.75
          ],
          "rotation": [
            0,
            45,
            0
          ],
          "cubes": [
            {
              "origin": [
                -5.4,
                -2.49,
                -11.75
              ],
              "size": [
                1,
                2,
                4
              ],
              "uv": [
                108,
                46
              ],
              "mirror": true
            },
            {
              "origin": [
                -4.9,
                -2.49,
                -12.75
              ],
              "size": [
                0,
                1,
                1
              ],
              "uv": [
                4,
                0
              ],
              "mirror": true
            }
          ]
        },
        {
          "name": "toe_inner_right",
          "parent": "toes_front_right",
          "pivot": [
            -2.6,
            -1.5,
            -7.7
          ],
          "rotation": [
            0,
            -45,
            0
          ],
          "cubes": [
            {
              "origin": [
                -3.1,
                -2.49,
                -11.75
              ],
              "size": [
                1,
                2,
                4
              ],
              "uv": [
                108,
                58
              ],
              "mirror": true
            },
            {
              "origin": [
                -2.6,
                -2.49,
                -12.75
              ],
              "size": [
                0,
                1,
                1
              ],
              "uv": [
                4,
                -1
              ],
              "mirror": true
            }
          ]
        },
        {
          "name": "leg_front_left",
          "parent": "legs_front",
          "pivot": [
            3.75,
            15.4,
            -6.6
          ],
          "rotation": [
            15,
            0,
            0
          ],
          "cubes": [
            {
              "origin": [
                2.25,
                8.4,
                -8.6
              ],
              "size": [
                3,
                9,
                4
              ],
              "inflate": 0.01,
              "uv": [
                75,
                29
              ]
            }
          ]
        },
        {
          "name": "leg_front_left2",
          "parent": "leg_front_left",
          "pivot": [
            3.75,
            8.4,
            -4.6
          ],
          "rotation": [
            -40,
            0,
            0
          ],
          "cubes": [
            {
              "origin": [
                1.75,
                -0.6,
                -8.6
              ],
              "size": [
                4,
                9,
                4
              ],
              "uv": [
                78,
                16
              ]
            },
            {
              "origin": [
                3.75,
                2.4,
                -4.6
              ],
              "size": [
                0,
                7,
                4
              ],
              "uv": [
                120,
                117
              ]
            },
            {
              "origin": [
                3.25,
                5,
                -5.9
              ],
              "size": [
                1,
                3,
                1
              ],
              "pivot": [
                4.25,
                5,
                -4.9
              ],
              "rotation": [
                -50,
                0,
                0
              ],
              "uv": [
                78,
                16
              ]
            }
          ]
        },
        {
          "name": "foot_front_left",
          "parent": "leg_front_left2",
          "pivot": [
            3.75,
            -0.5,
            -6.7
          ],
          "rotation": [
            25,
            0,
            0
          ],
          "cubes": [
            {
              "origin": [
                1.25,
                -2.5,
                -10.7
              ],
              "size": [
                5,
                3,
                6
              ],
              "uv": [
                89,
                38
              ]
            }
          ]
        },
        {
          "name": "toes_front_left",
          "parent": "foot_front_left",
          "pivot": [
            3.75,
            -0.45,
            -7.8
          ]
        },
        {
          "name": "toe_middle_left",
          "parent": "toes_front_left",
          "pivot": [
            3.75,
            -1.5,
            -9.8
          ],
          "cubes": [
            {
              "origin": [
                3.25,
                -2.49,
                -13.8
              ],
              "size": [
                1,
                2,
                4
              ],
              "uv": [
                118,
                52
              ]
            },
            {
              "origin": [
                3.75,
                -2.49,
                -14.8
              ],
              "size": [
                0,
                1,
                1
              ],
              "uv": [
                6,
                1
              ]
            }
          ]
        },
        {
          "name": "toe_outer_left",
          "parent": "toes_front_left",
          "pivot": [
            4.9,
            -1.5,
            -7.75
          ],
          "rotation": [
            0,
            -45,
            0
          ],
          "cubes": [
            {
              "origin": [
                4.4,
                -2.49,
                -11.75
              ],
              "size": [
                1,
                2,
                4
              ],
              "uv": [
                118,
                46
              ]
            },
            {
              "origin": [
                4.9,
                -2.49,
                -12.75
              ],
              "size": [
                0,
                1,
                1
              ],
              "uv": [
                6,
                0
              ]
            }
          ]
        },
        {
          "name": "toe_inner_left",
          "parent": "toes_front_left",
          "pivot": [
            2.6,
            -1.5,
            -7.7
          ],
          "rotation": [
            0,
            45,
            0
          ],
          "cubes": [
            {
              "origin": [
                2.1,
                -2.49,
                -11.75
              ],
              "size": [
                1,
                2,
                4
              ],
              "uv": [
                118,
                58
              ]
            },
            {
              "origin": [
                2.6,
                -2.49,
                -12.75
              ],
              "size": [
                0,
                1,
                1
              ],
              "uv": [
                6,
                -1
              ]
            }
          ]
        },
        {
          "name": "legs_back",
          "parent": "body",
          "pivot": [
            0,
            17,
            8
          ]
        },
        {
          "name": "leg_back_left",
          "parent": "legs_back",
          "pivot": [
            4,
            17,
            8
          ],
          "cubes": [
            {
              "origin": [
                2,
                11,
                4
              ],
              "size": [
                4,
                9,
                7
              ],
              "uv": [
                68,
                0
              ]
            }
          ]
        },
        {
          "name": "leg_back_left2",
          "parent": "leg_back_left",
          "pivot": [
            4,
            11,
            4
          ],
          "rotation": [
            45,
            0,
            0
          ],
          "cubes": [
            {
              "origin": [
                2.5,
                1,
                4
              ],
              "size": [
                3,
                10,
                5
              ],
              "inflate": -0.01,
              "uv": [
                110,
                16
              ]
            },
            {
              "origin": [
                3.5,
                1,
                8.3
              ],
              "size": [
                1,
                1,
                3
              ],
              "uv": [
                66,
                0
              ]
            }
          ]
        },
        {
          "name": "leg_back_left3",
          "parent": "leg_back_left2",
          "pivot": [
            4,
            1,
            9
          ],
          "rotation": [
            -67.5,
            0,
            0
          ],
          "cubes": [
            {
              "origin": [
                2,
                -6,
                5
              ],
              "size": [
                4,
                7,
                4
              ],
              "uv": [
                40,
                43
              ]
            },
            {
              "origin": [
                4,
                -5,
                9
              ],
              "size": [
                0,
                7,
                4
              ],
              "uv": [
                120,
                117
              ]
            }
          ]
        },
        {
          "name": "foot__back_left",
          "parent": "leg_back_left3",
          "pivot": [
            4,
            -5.75,
            7
          ],
          "rotation": [
            22.5,
            0,
            0
          ],
          "cubes": [
            {
              "origin": [
                1.5,
                -7.75,
                3
              ],
              "size": [
                5,
                3,
                6
              ],
              "uv": [
                18,
                54
              ]
            }
          ]
        },
        {
          "name": "back_toes_left",
          "parent": "foot__back_left",
          "pivot": [
            3.75,
            -6.65,
            4
          ]
        },
        {
          "name": "mid_back_toes_left",
          "parent": "back_toes_left",
          "pivot": [
            3.75,
            -6.7,
            4
          ],
          "cubes": [
            {
              "origin": [
                3.25,
                -7.7,
                0
              ],
              "size": [
                1,
                2,
                4
              ],
              "uv": [
                118,
                70
              ]
            },
            {
              "origin": [
                3.75,
                -7.7,
                -1
              ],
              "size": [
                0,
                1,
                1
              ],
              "uv": [
                6,
                3
              ]
            }
          ]
        },
        {
          "name": "right_back_toes_left",
          "parent": "back_toes_left",
          "pivot": [
            4.9,
            -6.7,
            6.05
          ],
          "rotation": [
            0,
            -45,
            0
          ],
          "cubes": [
            {
              "origin": [
                4.4,
                -7.7,
                2.05
              ],
              "size": [
                1,
                2,
                4
              ],
              "uv": [
                118,
                64
              ]
            },
            {
              "origin": [
                4.9,
                -7.7,
                1.05
              ],
              "size": [
                0,
                1,
                1
              ],
              "uv": [
                6,
                2
              ]
            }
          ]
        },
        {
          "name": "left_back_toes_left",
          "parent": "back_toes_left",
          "pivot": [
            2.6,
            -6.7,
            6.05
          ],
          "rotation": [
            0,
            45,
            0
          ],
          "cubes": [
            {
              "origin": [
                2.1,
                -7.7,
                2.05
              ],
              "size": [
                1,
                2,
                4
              ],
              "uv": [
                118,
                76
              ]
            },
            {
              "origin": [
                2.6,
                -7.7,
                1.05
              ],
              "size": [
                0,
                1,
                1
              ],
              "uv": [
                6,
                4
              ]
            }
          ]
        },
        {
          "name": "leg_back_right",
          "parent": "legs_back",
          "pivot": [
            -4,
            17,
            8
          ],
          "cubes": [
            {
              "origin": [
                -6,
                11,
                4
              ],
              "size": [
                4,
                9,
                7
              ],
              "uv": [
                0,
                29
              ]
            }
          ]
        },
        {
          "name": "leg_back_right2",
          "parent": "leg_back_right",
          "pivot": [
            -4,
            11,
            4
          ],
          "rotation": [
            45,
            0,
            0
          ],
          "cubes": [
            {
              "origin": [
                -5.5,
                1,
                4
              ],
              "size": [
                3,
                10,
                5
              ],
              "inflate": -0.01,
              "uv": [
                111,
                31
              ]
            },
            {
              "origin": [
                -4.5,
                1,
                8.3
              ],
              "size": [
                1,
                1,
                3
              ],
              "uv": [
                58,
                0
              ]
            }
          ]
        },
        {
          "name": "leg_back_right3",
          "parent": "leg_back_right2",
          "pivot": [
            -4,
            1,
            9
          ],
          "rotation": [
            -67.5,
            0,
            0
          ],
          "cubes": [
            {
              "origin": [
                -6,
                -6,
                5
              ],
              "size": [
                4,
                7,
                4
              ],
              "uv": [
                24,
                43
              ]
            },
            {
              "origin": [
                -4,
                -5,
                9
              ],
              "size": [
                0,
                7,
                4
              ],
              "uv": [
                120,
                117
              ]
            }
          ]
        },
        {
          "name": "foot_back_right",
          "parent": "leg_back_right3",
          "pivot": [
            -4,
            -5.75,
            7
          ],
          "rotation": [
            22.5,
            0,
            0
          ],
          "cubes": [
            {
              "origin": [
                -6.5,
                -7.75,
                3
              ],
              "size": [
                5,
                3,
                6
              ],
              "uv": [
                40,
                54
              ]
            }
          ]
        },
        {
          "name": "back_toes_right",
          "parent": "foot_back_right",
          "pivot": [
            -3.75,
            -6.65,
            4
          ]
        },
        {
          "name": "mid_back_toes_right",
          "parent": "back_toes_right",
          "pivot": [
            -3.75,
            -6.7,
            4
          ],
          "cubes": [
            {
              "origin": [
                -4.25,
                -7.7,
                0
              ],
              "size": [
                1,
                2,
                4
              ],
              "uv": [
                108,
                70
              ]
            },
            {
              "origin": [
                -3.75,
                -7.7,
                -1
              ],
              "size": [
                0,
                1,
                1
              ],
              "uv": [
                4,
                3
              ]
            }
          ]
        },
        {
          "name": "right_back_toes_right",
          "parent": "back_toes_right",
          "pivot": [
            -4.9,
            -6.7,
            6.05
          ],
          "rotation": [
            0,
            45,
            0
          ],
          "cubes": [
            {
              "origin": [
                -5.4,
                -7.7,
                2.05
              ],
              "size": [
                1,
                2,
                4
              ],
              "uv": [
                108,
                64
              ]
            },
            {
              "origin": [
                -4.9,
                -7.7,
                1.05
              ],
              "size": [
                0,
                1,
                1
              ],
              "uv": [
                4,
                2
              ]
            }
          ]
        },
        {
          "name": "left_back_toes_right",
          "parent": "back_toes_right",
          "pivot": [
            -2.6,
            -6.7,
            6.05
          ],
          "rotation": [
            0,
            -45,
            0
          ],
          "cubes": [
            {
              "origin": [
                -3.1,
                -7.7,
                2.05
              ],
              "size": [
                1,
                2,
                4
              ],
              "uv": [
                108,
                76
              ]
            },
            {
              "origin": [
                -2.6,
                -7.7,
                1.05
              ],
              "size": [
                0,
                1,
                1
              ],
              "uv": [
                4,
                4
              ]
            }
          ]
        }
      ]
    }
  ]
}