{
	"format_version": "1.12.0",
	"minecraft:geometry": [
		{
			"description": {
				"identifier": "geometry.golbat_male",
				"texture_width": 64,
				"texture_height": 64,
				"visible_bounds_width": 7,
				"visible_bounds_height": 2.5,
				"visible_bounds_offset": [0, 0.75, 0]
			},
			"bones": [
				{
					"name": "golbat",
					"pivot": [0, 0, 0]
				},
				{
					"name": "body",
					"parent": "golbat",
					"pivot": [0, 4, 0]
				},
				{
					"name": "torso",
					"parent": "body",
					"pivot": [0, 5, 0],
					"cubes": [
						{"origin": [-4.5, 2, -2.5], "size": [9, 16, 6], "inflate": 0.01, "uv": [0, 0]},
						{"origin": [-4.5, 15, -3], "size": [9, 3, 1], "uv": [0, 22]}
					]
				},
				{
					"name": "locator_seat_1",
					"parent": "body",
					"pivot": [0, 18, 3],
					"locators": {
						"seat_1": [0, 18, 3]
					}
				},

				{
					"name": "eyes",
					"parent": "torso",
					"pivot": [0, 5, 0]
				},
				{
					"name": "eye_left",
					"parent": "eyes",
					"pivot": [2, 16.5, -3.01],
					"rotation": [0, 0, -5],
					"cubes": [
						{"origin": [1, 15.5, -3.01], "size": [3, 2, 0], "uv": [0, 0]}
					]
				},
				{
					"name": "pupil_left",
					"parent": "eye_left",
					"pivot": [2.45, 17, -3.02],
					"cubes": [
						{"origin": [1.95, 16.5, -3.02], "size": [1, 1, 0], "uv": [0, 4]}
					]
				},
				{
					"name": "eyelid_left",
					"parent": "eye_left",
					"pivot": [2.5, 16.5, -2.42],
					"cubes": [
						{"origin": [1, 15.5, -2.92], "size": [3, 2, 1], "inflate": 0.01, "uv": [42, 13]}
					]
				},
				{
					"name": "eye_right",
					"parent": "eyes",
					"pivot": [-2, 16.5, -3.01],
					"rotation": [0, 0, 5],
					"cubes": [
						{"origin": [-4, 15.5, -3.01], "size": [3, 2, 0], "uv": [0, 2], "mirror": true}
					]
				},
				{
					"name": "pupil_right",
					"parent": "eye_right",
					"pivot": [-2.45, 17, -3.02],
					"cubes": [
						{"origin": [-2.95, 16.5, -3.02], "size": [1, 1, 0], "uv": [2, 4], "mirror": true}
					]
				},
				{
					"name": "eyelid_right",
					"parent": "eye_right",
					"pivot": [-2.5, 16.5, -2.42],
					"cubes": [
						{"origin": [-4, 15.5, -2.92], "size": [3, 2, 1], "inflate": 0.01, "uv": [50, 13], "mirror": true}
					]
				},
				{
					"name": "mouth",
					"parent": "torso",
					"pivot": [0, 8.5, 1]
				},
				{
					"name": "mouth_open",
					"parent": "mouth",
					"pivot": [0, 9, -2.52]
				},
				{
					"name": "mouth_back",
					"parent": "mouth_open",
					"pivot": [0, 9, -2.52],
					"cubes": [
						{"origin": [-4, 2.5, -2.52], "size": [8, 13, 0], "uv": [40, 0]}
					]
				},
				{
					"name": "jaw",
					"parent": "mouth_open",
					"pivot": [0, 2.5, -2.5],
					"cubes": [
						{"origin": [-4.5, 2, -3], "size": [9, 1, 1], "uv": [30, 17]}
					]
				},
				{
					"name": "teeth_open_bottom_right",
					"parent": "jaw",
					"pivot": [-3.5, 2.5, -2.52],
					"rotation": [10, 0, 0],
					"cubes": [
						{"origin": [-3.5, 2.5, -2.52], "size": [1, 2, 0], "pivot": [-3.5, 2.5, -2.52], "rotation": [0, 0, 7.5], "uv": [40, 15], "mirror": true}
					]
				},
				{
					"name": "teeth_open_bottom_left",
					"parent": "jaw",
					"pivot": [3.5, 2.5, -2.52],
					"cubes": [
						{"origin": [2.5, 2.5, -2.52], "size": [1, 2, 0], "pivot": [3.5, 2.5, -2.52], "rotation": [10, 0, -7.5], "uv": [38, 15]}
					]
				},
				{
					"name": "teeth_open_top_right",
					"parent": "mouth_open",
					"pivot": [-3, 15, -2.52],
					"rotation": [-10, 0, 0],
					"cubes": [
						{"origin": [-3.5, 13.1, -2.52], "size": [1, 2, 0], "uv": [40, 13], "mirror": true}
					]
				},
				{
					"name": "teeth_open_top_left",
					"parent": "mouth_open",
					"pivot": [3, 15, -2.52],
					"rotation": [-10, 0, 0],
					"cubes": [
						{"origin": [2.5, 13.1, -2.52], "size": [1, 2, 0], "uv": [38, 13]}
					]
				},
				{
					"name": "mouth_closed",
					"parent": "mouth",
					"pivot": [0, 14.5, -1.52],
					"cubes": [
						{"origin": [-4, 14, -1.52], "size": [8, 1, 0], "uv": [42, 16]}
					]
				},
				{
					"name": "teeth_closed_left",
					"parent": "mouth_closed",
					"pivot": [3.5, 15, -1.52],
					"rotation": [-10, 0, 0],
					"cubes": [
						{"origin": [3, 13.1, -1.52], "size": [1, 2, 0], "uv": [38, 9]}
					]
				},
				{
					"name": "teeth_closed_right",
					"parent": "mouth_closed",
					"pivot": [-3.5, 15, -1.52],
					"rotation": [-10, 0, 0],
					"cubes": [
						{"origin": [-4, 13.1, -1.52], "size": [1, 2, 0], "uv": [38, 11], "mirror": true}
					]
				},
				{
					"name": "tongue",
					"parent": "torso",
					"pivot": [0, 6.25, -2.5],
					"cubes": [
						{"origin": [-4, 4.75, -9.5], "size": [8, 2, 9], "inflate": 0.03, "uv": [30, 20]}
					]
				},
				{
					"name": "tongue2",
					"parent": "tongue",
					"pivot": [0, 6.75, -9.5],
					"rotation": [0, 0, 0],
					"cubes": [
						{"origin": [-4, 4.75, -16.5], "size": [8, 2, 7], "inflate": 0.04, "uv": [32, 31]}
					]
				},
				{
					"name": "ear_left",
					"parent": "torso",
					"pivot": [3, 18, -0.5],
					"cubes": [
						{"origin": [2, 17, -0.5], "size": [2, 2, 1], "pivot": [3, 18, -0.5], "rotation": [0, 0, 45], "uv": [24, 0]},
						{"origin": [2.5, 17.5, -0.51], "size": [1, 1, 0], "pivot": [3, 18, -0.5], "rotation": [0, 0, 45], "uv": [30, 16]}
					]
				},
				{
					"name": "ear_right",
					"parent": "torso",
					"pivot": [-3, 18, -0.5],
					"cubes": [
						{"origin": [-4, 17, -0.5], "size": [2, 2, 1], "pivot": [-3, 18, -0.5], "rotation": [0, 0, -45], "uv": [24, 3], "mirror": true},
						{"origin": [-3.5, 17.5, -0.51], "size": [1, 1, 0], "pivot": [-3, 18, -0.5], "rotation": [0, 0, -45], "uv": [32, 16], "mirror": true}
					]
				},
				{
					"name": "wings",
					"parent": "torso",
					"pivot": [0, 10, 0]
				},
				{
					"name": "wing_left",
					"parent": "wings",
					"pivot": [4.5, 12, 0],
					"cubes": [
						{"origin": [1.5, 8, 0], "size": [11, 6, 0], "inflate": 0.005, "uv": [32, 40]}
					]
				},
				{
					"name": "wing_left2",
					"parent": "wing_left",
					"pivot": [12.5, 14, 0],
					"cubes": [
						{"origin": [12.5, 6, 0], "size": [8, 16, 0], "uv": [16, 32]}
					]
				},
				{
					"name": "wing_left3",
					"parent": "wing_left2",
					"pivot": [20.5, 22, 0],
					"cubes": [
						{"origin": [20.5, 6, 0], "size": [8, 16, 0], "inflate": 0.005, "uv": [16, 48]}
					]
				},
				{
					"name": "wing_left4",
					"parent": "wing_left3",
					"pivot": [28.5, 20, 0],
					"cubes": [
						{"origin": [28.5, 11, 0], "size": [13, 9, 0], "uv": [32, 46]}
					]
				},
				{
					"name": "wing_right",
					"parent": "wings",
					"pivot": [-4.5, 12, 0],
					"cubes": [
						{"origin": [-12.5, 8, 0], "size": [11, 6, 0], "inflate": 0.005, "uv": [0, 26], "mirror": true}
					]
				},
				{
					"name": "wing_right2",
					"parent": "wing_right",
					"pivot": [-12.5, 14, 0],
					"cubes": [
						{"origin": [-20.5, 6, 0], "size": [8, 16, 0], "uv": [0, 32], "mirror": true}
					]
				},
				{
					"name": "wing_right3",
					"parent": "wing_right2",
					"pivot": [-20.5, 22, 0],
					"cubes": [
						{"origin": [-28.5, 6, 0], "size": [8, 16, 0], "inflate": 0.005, "uv": [0, 48], "mirror": true}
					]
				},
				{
					"name": "wing_right4",
					"parent": "wing_right3",
					"pivot": [-28.5, 20, 0],
					"cubes": [
						{"origin": [-41.5, 11, 0], "size": [13, 9, 0], "uv": [32, 55], "mirror": true}
					]
				},
				{
					"name": "legs",
					"parent": "body",
					"pivot": [0, 4.5, 0]
				},
				{
					"name": "leg_left",
					"parent": "legs",
					"pivot": [4.5, 4, 0],
					"cubes": [
						{"origin": [4, 3.5, -0.5], "size": [4, 1, 1], "uv": [30, 0]}
					]
				},
				{
					"name": "leg_left2",
					"parent": "leg_left",
					"pivot": [8, 4.5, 0],
					"rotation": [0, 0, 80],
					"cubes": [
						{"origin": [8, 3.5, -0.5], "size": [4, 1, 1], "inflate": 0.01, "uv": [30, 4]}
					]
				},
				{
					"name": "toes_left",
					"parent": "leg_left2",
					"pivot": [11, 4, 0],
					"rotation": [0, 0, 10]
				},
				{
					"name": "toes_inner_left",
					"parent": "toes_left",
					"pivot": [11, 3.5, 0],
					"rotation": [0, 0, -10],
					"cubes": [
						{"origin": [11, 0.5, -0.5], "size": [1, 3, 1], "uv": [34, 8]}
					]
				},
				{
					"name": "toes_outer_left",
					"parent": "toes_left",
					"pivot": [11, 4.5, 0],
					"rotation": [0, 0, 10],
					"cubes": [
						{"origin": [11, 4.5, -0.5], "size": [1, 3, 1], "uv": [30, 8]}
					]
				},
				{
					"name": "leg_right",
					"parent": "legs",
					"pivot": [-4.5, 4, 0],
					"cubes": [
						{"origin": [-8, 3.5, -0.5], "size": [4, 1, 1], "uv": [30, 2], "mirror": true}
					]
				},
				{
					"name": "leg_right2",
					"parent": "leg_right",
					"pivot": [-8, 4.5, 0],
					"rotation": [0, 0, -80],
					"cubes": [
						{"origin": [-12, 3.5, -0.5], "size": [4, 1, 1], "inflate": 0.01, "uv": [30, 6], "mirror": true}
					]
				},
				{
					"name": "toes_right",
					"parent": "leg_right2",
					"pivot": [-11, 4, 0],
					"rotation": [0, 0, -10]
				},
				{
					"name": "toes_inner_right",
					"parent": "toes_right",
					"pivot": [-11, 3.5, 0],
					"rotation": [0, 0, 10],
					"cubes": [
						{"origin": [-12, 0.5, -0.5], "size": [1, 3, 1], "uv": [34, 12], "mirror": true}
					]
				},
				{
					"name": "toes_outer_right",
					"parent": "toes_right",
					"pivot": [-11, 4.5, 0],
					"rotation": [0, 0, -10],
					"cubes": [
						{"origin": [-12, 4.5, -0.5], "size": [1, 3, 1], "uv": [30, 12], "mirror": true}
					]
				}
			]
		}
	]
}