{
  "target": "cobblemon:cloyster",
  "riding": {
    "behaviours": {
      "LAND": {
        "key": "cobblemon:land/horse",
        "rideSounds": [],
        "stats": {
          "ACCELERATION": "30-50",
          "JUMP": "15-30",
          "SKILL": "10-35",
          "SPEED": "30-65",
          "STAMINA": "15-35"
        }
      },
      "LIQUID": {
        "key": "cobblemon:liquid/submarine",
        "hitboxBreachPercentage": 0.75,
        "rideSounds": [],
        "stats": {
          "ACCELERATION": "45-65",
          "JUMP": "30-50",
          "SKILL": "50-75",
          "SPEED": "35-65",
          "STAMINA": "35-70"
        }
      }
    },
    "seats": [
      {
        "offset": {
          "x": 0.0,
          "y": 0.0,
          "z": 0.0
        },
        "poseOffsets": [
          {
            "offset": {
              "x": -0.000759989,
              "y": -2.7762213,
              "z": -0.08708589
            },
            "poseTypes": [
              "STAND"
            ]
          },
          {
            "offset": {
              "x": 0.000713408,
              "y": -2.888495,
              "z": -0.031018771
            },
            "poseTypes": [
              "WALK"
            ]
          },
          {
            "offset": {
              "x": -0.031250015,
              "y": -2.8524113,
              "z": 0.27662846
            },
            "poseTypes": [
              "HOVER"
            ]
          },
          {
            "offset": {
              "x": -0.031250015,
              "y": -2.8524113,
              "z": 0.27662846
            },
            "poseTypes": [
              "FLY"
            ]
          },
          {
            "offset": {
              "x": 0.021855652,
              "y": -1.4104469,
              "z": -0.49374536
            },
            "poseTypes": [
              "FLOAT"
            ]
          },
          {
            "offset": {
              "x": -0.030396074,
              "y": -1.1050735,
              "z": -0.6272919
            },
            "poseTypes": [
              "SWIM"
            ]
          },
          {
            "offset": {
              "x": -0.003324896,
              "y": -2.741436,
              "z": -0.37943092
            },
            "poseTypes": [
              "GLIDE"
            ]
          }
        ]
      },
      {
        "offset": {
          "x": 0.0,
          "y": 0.0,
          "z": 0.0
        },
        "poseOffsets": [
          {
            "offset": {
              "x": 0.0065662265,
              "y": -1.938705,
              "z": 0.75241566
            },
            "poseTypes": [
              "STAND"
            ]
          },
          {
            "offset": {
              "x": 0.1671896,
              "y": -2.013784,
              "z": 0.75219035
            },
            "poseTypes": [
              "WALK"
            ]
          },
          {
            "offset": {
              "x": -0.031250015,
              "y": -1.9133127,
              "z": 1.0007445
            },
            "poseTypes": [
              "HOVER"
            ]
          },
          {
            "offset": {
              "x": -0.031250015,
              "y": -1.9133127,
              "z": 1.0007445
            },
            "poseTypes": [
              "FLY"
            ]
          },
          {
            "offset": {
              "x": 0.01992935,
              "y": -1.0380715,
              "z": 0.24457838
            },
            "poseTypes": [
              "FLOAT"
            ]
          },
          {
            "offset": {
              "x": -0.062409163,
              "y": -1.0400126,
              "z": 0.044064052
            },
            "poseTypes": [
              "SWIM"
            ]
          },
          {
            "offset": {
              "x": 0.0050011426,
              "y": -2.03721,
              "z": 0.5746374
            },
            "poseTypes": [
              "GLIDE"
            ]
          }
        ]
      }
    ]
  }
}
