{
  "target": "cobblemon:dodrio",
  "riding": {
    "behaviours": {
      "LAND": {
        "key": "cobblemon:land/horse",
        "rideSounds": [],
        "stats": {
          "SPEED": "65-95",
          "ACCELERATION": "60-85",
          "SKILL": "50-75",
          "JUMP": "25-45",
          "STAMINA": "50-80"
        }
      }
    },
    "seats": [
      {
        "offset": {
          "x": 0.0,
          "y": 0.0,
          "z": 0.0
        },
        "poseOffsets": [
          {
            "offset": {
              "x": 0.0,
              "y": -1.35,
              "z": -0.1
            },
            "poseTypes": [
              "STAND",
              "WALK",
              "HOVER",
              "FLOAT",
              "SWIM",
              "GLIDE"
            ]
          }
        ]
      }
    ]
  }
}
