{
  "target": "cobblemon:fearow",
  "riding": {
    "behaviours": {
      "AIR": {
        "key": "cobblemon:air/bird",
        "rideSounds": [
          {
            "muffleEnabled": true,
            "pitchExpr": "math.max(1.0 ,0.2 + math.pow(math.min(q.ride_velocity() / 1.5, 1.0),2))",
            "playForNonPassengers": true,
            "soundLocation": "cobblemon:ride.loop.wind",
            "volumeExpr": "math.pow(math.min(q.ride_velocity() / 1.5, 1.0),2)"
          },
          {
            "muffleEnabled": true,
            "pitchExpr": "math.max(1.0 ,0.2 + math.pow(math.min(q.ride_velocity() / 1.5, 1.0),2))",
            "playForNonPassengers": true,
            "soundLocation": "cobblemon:ride.loop.leather",
            "volumeExpr": "math.pow(math.min(q.ride_velocity() / 1.5, 1.0),2)"
          }
        ],
        "stats": {
          "ACCELERATION": "50-80",
          "JUMP": "30-70",
          "SKILL": "60-90",
          "SPEED": "40-80",
          "STAMINA": "35-75"
        }
      },
      "LAND": {
        "key": "cobblemon:land/horse",
        "rideSounds": [],
        "canJump": true,
        "canSprint": true,
        "stats": {
          "ACCELERATION": "45-65",
          "JUMP": "20-35",
          "SKILL": "20-40",
          "SPEED": "30-50",
          "STAMINA": "25-40"
        }
      }
    },
    "seats": [
      {
        "offset": {
          "x": 0.0,
          "y": 1.5,
          "z": -0.3
        },
        "poseOffsets": [
          {
            "poseTypes": [
              "STAND",
              "WALK",
              "SWIM",
              "FLOAT",
              "GLIDE"
            ],
            "offset": {
              "x": 0.0,
              "y": 0.0,
              "z": 0.0
            }
          },
          {
            "poseTypes": [
              "HOVER"
            ],
            "offset": {
              "x": 0.0,
              "y": 0.4,
              "z": -0.2
            }
          },
          {
            "poseTypes": [
              "FLY"
            ],
            "offset": {
              "x": 0.0,
              "y": 0.2,
              "z": -0.3
            }
          }
        ]
      }
    ]
  }
}
