{
  "target": "cobblemon:jolteon",
  "riding": {
    "behaviours": {
      "LAND": {
        "key": "cobblemon:land/horse",
        "rideSounds": [],
        "stats": {
          "SPEED": "40-70",
          "ACCELERATION": "45-75",
          "SKILL": "35-60",
          "JUMP": "25-45",
          "STAMINA": "20-40"
        }
      }
    },
    "seats": [
      {
        "offset": {
          "x": 0.0,
          "y": 0.2,
          "z": 0.0
        },
        "poseOffsets": [
          {
            "offset": {
              "x": 0.0,
              "y": -1.1,
              "z": -0.1
            },
            "poseTypes": [
              "STAND",
              "WALK"
            ]
          }
        ]
      }
    ]
  }
}
