{
  "target": "cobblemon:kingler",
  "riding": {
    "behaviours": {
      "LAND": {
        "key": "cobblemon:land/horse",
        "rideSounds": [],
        "stats": {
          "ACCELERATION": "25-50",
          "JUMP": "10-25",
          "SKILL": "20-40",
          "SPEED": "20-40",
          "STAMINA": "30-55"
        }
      },
      "LIQUID": {
        "key": "cobblemon:liquid/submarine",
        "hitboxBreachPercentage": 0.75,
        "rideSounds": [],
        "stats": {
          "ACCELERATION": "35-60",
          "JUMP": "15-35",
          "SKILL": "45-70",
          "SPEED": "30-55",
          "STAMINA": "40-75"
        }
      }
    },
    "seats": [
      {
        "offset": {
          "x": 0.0,
          "y": 0.0,
          "z": 0.0
        },
        "poseOffsets": [
          {
            "offset": {
              "x": 0.0,
              "y": -1.3,
              "z": 0.0
            },
            "poseTypes": [
              "STAND",
              "WALK",
              "HOVER",
              "FLOAT",
              "SWIM",
              "GLIDE"
            ]
          }
        ]
      }
    ]
  }
}
