{
  "target": "cobblemon:nidoqueen",
  "riding": {
    "behaviours": {
      "LAND": {
        "key": "cobblemon:land/horse",
        "rideSounds": [],
        "stats": {
          "SPEED": "30-40",
          "ACCELERATION": "50-70",
          "SKILL": "30-60",
          "JUMP": "30-40",
          "STAMINA": "70-100"
        }
      }
    },
    "seats": [
      {
        "offset": {
          "x": 0.0,
          "y": 0.0,
          "z": 0.0
        },
        "poseOffsets": [
          {
            "offset": {
              "x": 0.0,
              "y": -1.4,
              "z": 0.1
            },
            "poseTypes": [
              "STAND"
            ]
          },
          {
            "offset": {
              "x": 0.0,
              "y": -1.45,
              "z": 0.05
            },
            "poseTypes": [
              "WALK"
            ]
          },
          {
            "offset": {
              "x": 0.0,
              "y": -1.4,
              "z": 0.1
            },
            "poseTypes": [
              "SWIM"
            ]
          }
        ]
      }
    ]
  }
}
