{
  "target": "cobblemon:ninetales",
  "riding": {
    "behaviours": {
      "LAND": {
        "key": "cobblemon:land/horse",
        "rideSounds": [],
        "stats": {
          "ACCELERATION": "65-85",
          "JUMP": "40-60",
          "SKILL": "40-75",
          "SPEED": "45-70",
          "STAMINA": "30-60"
        }
      }
    },
    "seats": [
      {
        "offset": {
          "x": 0.0,
          "y": 0.0,
          "z": 0.0
        },
        "poseOffsets": [
          {
            "offset": {
              "x": 0.0,
              "y": -1.1,
              "z": 0.05
            },
            "poseTypes": [
              "STAND",
              "FLOAT",
              "HOVER",
              "FLY",
              "GLIDE"
            ]
          },
          {
            "offset": {
              "x": 0.02,
              "y": -1.15,
              "z": 0.07
            },
            "poseTypes": [
              "WALK",
              "SWIM"
            ]
          }
        ]
      }
    ]
  }
}
