{
  "target": "cobblemon:persian",
  "riding": {
    "behaviours": {
      "LAND": {
        "key": "cobblemon:land/horse",
        "rideSounds": [],
        "stats": {
          "SPEED": "60-80",
          "ACCELERATION": "60-80",
          "SKILL": "70-90",
          "JUMP": "35-55",
          "STAMINA": "40-60"
        }
      }
    },
    "seats": [
      {
        "offset": {
          "x": 0.0,
          "y": 0.0,
          "z": 0.0
        },
        "poseOffsets": [
          {
            "offset": {
              "x": 0.0,
              "y": -1.1,
              "z": 0.05
            },
            "poseTypes": [
              "STAND",
              "WALK",
              "HOVER",
              "FLOAT",
              "SWIM",
              "GLIDE"
            ]
          },
          {
            "offset": {
              "x": 0.02,
              "y": -1.15,
              "z": 0.07
            },
            "poseTypes": [
              "WALK",
              "SWIM"
            ]
          }
        ]
      }
    ]
  }
}
