{
  "target": "cobblemon:poliwrath",
  "riding": {
    "behaviours": {
      "LAND": {
        "key": "cobblemon:land/horse",
        "rideSounds": [],
        "stats": {
          "SPEED": "30-50",
          "ACCELERATION": "35-55",
          "SKILL": "50-70",
          "JUMP": "35-55",
          "STAMINA": "80-100"
        }
      }
    },
    "seats": [
      {
        "offset": {
          "x": 0.0,
          "y": 0.0,
          "z": 0.0
        },
        "poseOffsets": [
          {
            "offset": {
              "x": 0.0,
              "y": -1.2,
              "z": 0.0
            },
            "poseTypes": [
              "STAND",
              "WALK",
              "HOVER",
              "FLOAT",
              "SWIM",
              "GLIDE"
            ]
          }
        ]
      }
    ]
  }
}
