{
  "target": "cobblemon:tentacruel",
  "riding": {
    "behaviours": {
      "LAND": {
        "key": "cobblemon:land/horse",
        "rideSounds": [],
        "canJump": false,
        "canSprint": false,
        "stats": {
          "SPEED": "5-20",
          "ACCELERATION": "5-20",
          "SKILL": "20-40",
          "JUMP": "0-5",
          "STAMINA": "30-60"
        }
      },
      "LIQUID": {
        "key": "cobblemon:liquid/dolphin",
        "rideSounds": [
          {
            "muffleEnabled": true,
            "pitchExpr": "math.max(1.0 ,0.2 + math.pow(math.min(q.ride_velocity() / 1.5, 1.0),2))",
            "playForNonPassengers": true,
            "soundLocation": "cobblemon:ride.loop.water_surface",
            "volumeExpr": "math.pow(math.min(q.ride_velocity() / 1.5, 1.0),2)"
          }
        ],
        "stats": {
          "SPEED": "30-60",
          "ACCELERATION": "40-65",
          "SKILL": "45-75",
          "JUMP": "25-55",
          "STAMINA": "40-80"
        }
      }
    },
    "seats": [
      {
        "offset": {
          "x": 0.0,
          "y": 0.0,
          "z": 0.0
        },
        "poseOffsets": [
          {
            "offset": {
              "x": 0.0,
              "y": -1.8,
              "z": 0.0
            },
            "poseTypes": [
              "STAND",
              "WALK"
            ]
          },
          {
            "offset": {
              "x": 0.0,
              "y": -1.6,
              "z": 0.0
            },
            "poseTypes": [
              "FLOAT",
              "SWIM"
            ]
          },
          {
            "offset": {
              "x": 0.0,
              "y": -1.7,
              "z": 0.0
            },
            "poseTypes": [
              "HOVER",
              "GLIDE"
            ]
          }
        ]
      }
    ]
  }
}
