{
  "target": "cobblemon:vaporeon",
  "riding": {
    "behaviours": {
      "LAND": {
        "key": "cobblemon:land/horse",
        "rideSounds": [],
        "stats": {
          "ACCELERATION": "25-50",
          "JUMP": "20-35",
          "SKILL": "35-60",
          "SPEED": "20-45",
          "STAMINA": "30-60"
        }
      },
      "LIQUID": {
        "key": "cobblemon:liquid/dolphin",
        "rideSounds": [
          {
            "muffleEnabled": true,
            "pitchExpr": "math.max(1.0 ,0.2 + math.pow(math.min(q.ride_velocity() / 1.5, 1.0),2))",
            "playForNonPassengers": true,
            "soundLocation": "cobblemon:ride.loop.water_surface",
            "volumeExpr": "math.pow(math.min(q.ride_velocity() / 1.5, 1.0),2)"
          }
        ],
        "stats": {
          "ACCELERATION": "30-55",
          "JUMP": "20-40",
          "SKILL": "40-70",
          "SPEED": "30-60",
          "STAMINA": "35-65"
        }
      }
    },
    "seats": [
      {
        "offset": {
          "x": 0.0,
          "y": 0.1,
          "z": 0.0
        },
        "poseOffsets": [
          {
            "offset": {
              "x": 0.0,
              "y": -1.25,
              "z": 0.0
            },
            "poseTypes": [
              "STAND",
              "WALK",
              "FLOAT"
            ]
          },
          {
            "offset": {
              "x": 0.02,
              "y": -1.3,
              "z": -0.15
            },
            "poseTypes": [
              "SWIM",
              "HOVER"
            ]
          }
        ]
      }
    ]
  }
}
