{
  "target": "cobblemon:wigglytuff",
  "riding": {
    "behaviours": {
      "LAND": {
        "key": "cobblemon:land/horse",
        "rideSounds": [],
        "stats": {
          "SPEED": "10-25",
          "ACCELERATION": "0-15",
          "SKILL": "0-5",
          "JUMP": "40-60",
          "STAMINA": "20-40"
        }
      }
    },
    "seats": [
      {
        "offset": {
          "x": 0.0,
          "y": 0.0,
          "z": 0.0
        },
        "poseOffsets": [
          {
            "offset": {
              "x": 0.0,
              "y": -1.3,
              "z": 0.0
            },
            "poseTypes": [
              "STAND",
              "WALK",
              "HOVER",
              "FLOAT",
              "SWIM",
              "GLIDE",
              "FLY"
            ]
          }
        ]
      }
    ]
  }
}
