{
	"format_version": "1.12.0",
	"minecraft:geometry": [
		{
			"description": {
				"identifier": "geometry.tyranitar",
				"texture_width": 256,
				"texture_height": 256,
				"visible_bounds_width": 8,
				"visible_bounds_height": 6.5,
				"visible_bounds_offset": [0, 2.75, 0]
			},
			"bones": [
				{
					"name": "tyranitar",
					"pivot": [0, 0, 0]
				},
				{
					"name": "body",
					"parent": "tyranitar",
					"pivot": [0, 15, 0]
				},
				{
					"name": "torso",
					"parent": "body",
					"pivot": [0, 19.5, 0],
					"cubes": [
						{"origin": [-11.5, 10.5, -11.25], "size": [23, 15, 23], "uv": [0, 47]}
					]
				},
				{
					"name": "chest",
					"parent": "torso",
					"pivot": [0, 22.5, 1],
					"cubes": [
						{"origin": [-12.5, 20.5, -12.75], "size": [25, 20, 27], "uv": [0, 0]},
						{"origin": [13.25, 35.15, 6], "size": [0, 7, 13], "pivot": [13, 39.4, 9], "rotation": [33.5707, 53.13741, 34.85038], "uv": [207, 113], "mirror": true},
						{"origin": [14, 31, 7.75], "size": [0, 5, 7], "pivot": [13, 34.5, 9.75], "rotation": [32.74262, 50.39892, 40.49783], "uv": [0, 40], "mirror": true},
						{"origin": [11.5, 39.5, 5], "size": [0, 5, 9], "pivot": [11.5, 43, 7.5], "rotation": [60.19575, 44.23972, 40.58615], "uv": [0, 9], "mirror": true},
						{"origin": [-13.25, 35.15, 6], "size": [0, 7, 13], "pivot": [-13, 39.4, 9], "rotation": [33.5707, -53.13741, -34.85038], "uv": [184, 23]},
						{"origin": [-14, 31, 7.75], "size": [0, 5, 7], "pivot": [-13, 34.5, 9.75], "rotation": [32.74262, -50.39892, -40.49783], "uv": [0, 45]},
						{"origin": [-11.5, 39.5, 5], "size": [0, 5, 9], "pivot": [-11.5, 43, 7.5], "rotation": [60.19575, -44.23972, -40.58615], "uv": [0, 48]}
					]
				},
				{
					"name": "chest_spike_left1",
					"parent": "chest",
					"pivot": [12.5, 29.5, 0.75],
					"rotation": [0, 0, -15],
					"cubes": [
						{"origin": [9.5, 22.5, -12.75], "size": [3, 7, 0], "inflate": 0.01, "uv": [77, 5], "mirror": true},
						{"origin": [12.5, 22.5, -12.75], "size": [0, 7, 27], "inflate": 0.01, "uv": [197, -27], "mirror": true},
						{"origin": [5.5, 22.5, 14.25], "size": [7, 8, 0], "inflate": 0.01, "uv": [77, 12], "mirror": true}
					]
				},
				{
					"name": "chest_spike_right",
					"parent": "chest",
					"pivot": [-12.5, 29.5, 0.75],
					"rotation": [0, 0, 15],
					"cubes": [
						{"origin": [-12.5, 22.5, -12.75], "size": [3, 7, 0], "inflate": 0.01, "uv": [83, 5]},
						{"origin": [-12.5, 22.5, -12.75], "size": [0, 7, 27], "inflate": 0.01, "uv": [197, -20]},
						{"origin": [-12.5, 22.5, 14.25], "size": [7, 8, 0], "inflate": 0.01, "uv": [113, 6]}
					]
				},
				{
					"name": "arms",
					"parent": "chest",
					"pivot": [0, 39, 0.75]
				},
				{
					"name": "arm_left",
					"parent": "arms",
					"pivot": [11.5, 39.5, 0.75],
					"cubes": [
						{"origin": [8.5, 33, -3.75], "size": [10, 9, 9], "uv": [132, 63], "mirror": true}
					]
				},
				{
					"name": "arm_left2",
					"parent": "arm_left",
					"pivot": [18.5, 37.5, 4.75],
					"cubes": [
						{"origin": [18.5, 34, -3.25], "size": [8, 7, 8], "uv": [159, 38], "mirror": true}
					]
				},
				{
					"name": "hand_left",
					"parent": "arm_left2",
					"pivot": [26.5, 40, 3.75],
					"cubes": [
						{"origin": [26.5, 35, -2.25], "size": [5, 5, 6], "uv": [170, 68], "mirror": true}
					]
				},
				{
					"name": "finger_index_left",
					"parent": "hand_left",
					"pivot": [31.5, 38, -1.25],
					"cubes": [
						{"origin": [31, 38, -2.25], "size": [3, 0, 2], "uv": [-2, 0], "mirror": true}
					]
				},
				{
					"name": "finger_middle_left",
					"parent": "hand_left",
					"pivot": [31.5, 38.5, 0.75],
					"cubes": [
						{"origin": [31.5, 38.5, -0.25], "size": [3, 0, 2], "uv": [-2, 4], "mirror": true}
					]
				},
				{
                    "name": "locator_seat_1",
                    "parent": "body",
                    "pivot": [0, 56, 7.5],
                    "locators": {
                        "seat_1": [0, 56, 7.5]
                    }
                },
				{
					"name": "finger_ring_left",
					"parent": "hand_left",
					"pivot": [31.5, 38, 2.75],
					"cubes": [
						{"origin": [31, 38, 1.75], "size": [3, 0, 2], "uv": [-2, 2], "mirror": true}
					]
				},
				{
					"name": "arm_right",
					"parent": "arms",
					"pivot": [-11.5, 39.5, 0.75],
					"cubes": [
						{"origin": [-18.5, 33, -3.75], "size": [10, 9, 9], "uv": [138, 20]}
					]
				},
				{
					"name": "arm_right2",
					"parent": "arm_right",
					"pivot": [-18.5, 37.5, 4.75],
					"cubes": [
						{"origin": [-26.5, 34, -3.25], "size": [8, 7, 8], "uv": [161, 53]}
					]
				},
				{
					"name": "hand_right",
					"parent": "arm_right2",
					"pivot": [-26.5, 40, 3.75],
					"cubes": [
						{"origin": [-31.5, 35, -2.25], "size": [5, 5, 6], "uv": [229, 87]}
					]
				},
				{
					"name": "finger_index_right",
					"parent": "hand_right",
					"pivot": [-31.5, 38, -1.25],
					"cubes": [
						{"origin": [-34, 38, -2.25], "size": [3, 0, 2], "uv": [-2, 6]}
					]
				},
				{
					"name": "finger_middle_right",
					"parent": "hand_right",
					"pivot": [-31.5, 38.5, 0.75],
					"cubes": [
						{"origin": [-34.5, 38.5, -0.25], "size": [3, 0, 2], "uv": [-2, 10]}
					]
				},
				{
					"name": "finger_ring_right",
					"parent": "hand_right",
					"pivot": [-31.5, 38, 2.75],
					"cubes": [
						{"origin": [-34, 38, 1.75], "size": [3, 0, 2], "uv": [-2, 8]}
					]
				},
				{
					"name": "chest2",
					"parent": "chest",
					"pivot": [0, 40.5, 0.5],
					"cubes": [
						{"origin": [-10, 37.5, -10.75], "size": [20, 12, 23], "uv": [69, 63]},
						{"origin": [5.15, 38.75, 7.5], "size": [0, 10, 18], "pivot": [4.65, 45.25, 10.5], "rotation": [20, 40, 5], "uv": [209, 98], "mirror": true},
						{"origin": [-5.15, 38.75, 7.5], "size": [0, 10, 18], "pivot": [-4.65, 45.25, 10.5], "rotation": [20, -40, -5], "uv": [102, 80]}
					]
				},
				{
					"name": "neck",
					"parent": "chest2",
					"pivot": [0, 49.5, 0.5],
					"cubes": [
						{"origin": [-7.5, 48, -7.5], "size": [15, 10, 16], "uv": [1, 85]},
						{"origin": [4.15, 48.5, 6], "size": [0, 8, 16], "pivot": [3.9, 53.75, 9], "rotation": [15, 40, 2.5], "uv": [177, 93], "mirror": true},
						{"origin": [-4.15, 48.5, 6], "size": [0, 8, 16], "pivot": [-3.9, 53.75, 9], "rotation": [15, -40, -2.5], "uv": [209, 92]}
					]
				},
				{
					"name": "neck2",
					"parent": "neck",
					"pivot": [0, 58, -0.5],
					"cubes": [
						{"origin": [-6, 54, -6], "size": [12, 12, 11], "inflate": 0.02, "uv": [210, 28]},
						{"origin": [3.65, 56, 4.5], "size": [0, 8, 16], "pivot": [3.9, 51.75, 8.5], "rotation": [15, 40, 2.5], "uv": [177, 101], "mirror": true},
						{"origin": [-3.65, 56, 4.5], "size": [0, 8, 16], "pivot": [-3.9, 51.75, 8.5], "rotation": [15, -40, -2.5], "uv": [192, 57]}
					]
				},
				{
					"name": "head",
					"parent": "neck2",
					"pivot": [-0.5, 65.65, -5.2],
					"rotation": [17.5, 0, 0]
				},
				{
					"name": "head_rotation",
					"parent": "head",
					"pivot": [-0.5, 62.65, -6.2],
					"cubes": [
						{"origin": [-5.5, 60.45, -9.4], "size": [11, 5, 4], "inflate": 0.2, "uv": [167, 0]}
					]
				},
				{
					"name": "crest",
					"parent": "head_rotation",
					"pivot": [0, 65.35, -9.45],
					"rotation": [15, 0, 0],
					"cubes": [
						{"origin": [-4.5, 64.35, -13.95], "size": [9, 2, 9], "pivot": [0, 65.35, -9.45], "rotation": [0, -45, 0], "uv": [193, 14]}
					]
				},
				{
					"name": "side_crests",
					"parent": "crest",
					"pivot": [0, 66.35, -15.7],
					"rotation": [0, -45, 0],
					"cubes": [
						{"origin": [9.35, 64.35, -16.25], "size": [4, 2, 5], "inflate": 0.01, "pivot": [7.75, 66.35, -17.25], "rotation": [0, -20, 0], "uv": [149, 0]},
						{"origin": [13.35, 65.85, -16.25], "size": [8, 0, 4], "pivot": [7.75, 66.35, -17.25], "rotation": [0, -20, 0], "uv": [134, 38]},
						{"origin": [-24.2, 64.35, -13.6], "size": [4, 2, 5], "inflate": 0.01, "pivot": [-7.75, 66.35, -17.25], "rotation": [0, 110, 0], "uv": [149, 7], "mirror": true},
						{"origin": [-32.2, 65.85, -13.6], "size": [8, 0, 4], "pivot": [-7.75, 66.35, -17.25], "rotation": [0, 110, 0], "uv": [134, 42], "mirror": true}
					]
				},
				{
					"name": "head_spike",
					"parent": "crest",
					"pivot": [-0.5, 66.35, -8.45],
					"cubes": [
						{"origin": [-2.5, 66.35, 0.55], "size": [5, 0, 8], "inflate": 0.01, "uv": [146, 38]},
						{"origin": [-3.5, 63.35, -8.45], "size": [7, 3, 9], "inflate": 0.02, "uv": [220, 16]}
					]
				},
				{
					"name": "muzzle",
					"parent": "head_rotation",
					"pivot": [0, 59.75, -9.5],
					"rotation": [0, -45, 0],
					"cubes": [
						{"origin": [-4, 61.25, -13.5], "size": [8, 3, 8], "uv": [189, 25]},
						{"origin": [2, 60.25, -13.5], "size": [2, 1, 0], "uv": [150, 3]},
						{"origin": [-4, 60.25, -7.5], "size": [0, 1, 2], "uv": [150, 2]},
						{"origin": [-3.25, 62, -13.5], "size": [1, 1, 0], "inflate": 0.01, "uv": [138, 27]},
						{"origin": [-4, 62, -12.75], "size": [0, 1, 1], "inflate": 0.01, "uv": [138, 27]},
						{"origin": [-3.5, 62.25, -11.75], "size": [0, 1, 1], "pivot": [-3.25, 61.25, -12.75], "rotation": [0, 90, 45], "uv": [2, 11]},
						{"origin": [-3, 62.25, -11.75], "size": [0, 1, 1], "pivot": [-3.25, 61.25, -12.75], "rotation": [-45, 0, 0], "uv": [4, 11]}
					]
				},
				{
					"name": "eyes",
					"parent": "muzzle",
					"pivot": [1, 64.25, -13.5]
				},
				{
					"name": "eye_left",
					"parent": "eyes",
					"pivot": [1, 64.25, -13.5],
					"rotation": [5, 90, 0],
					"cubes": [
						{"origin": [1, 62.25, -15.75], "size": [0, 2, 4], "inflate": 0.01, "pivot": [2.5, 60.75, -10], "rotation": [-7.5, 0, 0], "uv": [127, 18], "mirror": true}
					]
				},
				{
					"name": "pupil_left",
					"parent": "eye_left",
					"pivot": [1, 63.6, -14.25],
					"cubes": [
						{"origin": [1, 62.5, -15.25], "size": [0, 1, 1], "inflate": 0.02, "pivot": [2.5, 60.75, -10], "rotation": [-7.5, 0, 0], "uv": [140, 26], "mirror": true}
					]
				},
				{
					"name": "eyelid_left",
					"parent": "eye_left",
					"pivot": [0.41, 63.7, -13.25],
					"cubes": [
						{"origin": [-0.09, 62.25, -15.75], "size": [1, 2, 4], "inflate": 0.02, "pivot": [2.4, 60.75, -10], "rotation": [-7.5, 0, 0], "uv": [117, 0], "mirror": true}
					]
				},
				{
					"name": "eye_right",
					"parent": "eyes",
					"pivot": [-4.5, 64.25, -8.5],
					"rotation": [5, 0, 0],
					"cubes": [
						{"origin": [-4, 62.25, -10.75], "size": [0, 2, 4], "inflate": 0.01, "pivot": [-6, 60.75, -5], "rotation": [-7.5, 0, 0], "uv": [127, 20]}
					]
				},
				{
					"name": "pupil_right",
					"parent": "eye_right",
					"pivot": [-4, 63.6, -9.25],
					"cubes": [
						{"origin": [-4, 62.5, -10.25], "size": [0, 1, 1], "inflate": 0.02, "pivot": [-6, 60.75, -4.9], "rotation": [-7.5, 0, 0], "uv": [140, 27]}
					]
				},
				{
					"name": "eyelid_right",
					"parent": "eye_right",
					"pivot": [-3.41, 63.7, -8.25],
					"cubes": [
						{"origin": [-3.91, 62.25, -10.75], "size": [1, 2, 4], "inflate": 0.02, "pivot": [-5.4, 60.75, -5], "rotation": [-7.5, 0, 0], "uv": [135, 20]}
					]
				},
				{
					"name": "jaw",
					"parent": "head_rotation",
					"pivot": [0, 61, -9.1],
					"rotation": [-15, 0, 0],
					"cubes": [
						{"origin": [-5.5, 58, -8.95], "size": [11, 3, 4], "inflate": 0.01, "uv": [167, 21]},
						{"origin": [-3.45, 58, -13.2], "size": [8, 3, 8], "inflate": 0.02, "pivot": [0, 63.5, -9.75], "rotation": [0, -45, 0], "uv": [163, 9]},
						{"origin": [0.6, 62, -12.75], "size": [0, 1, 1], "pivot": [0, 61, -13.75], "rotation": [-45, 45, 0], "uv": [2, 12]},
						{"origin": [-0.6, 62, -12.75], "size": [0, 1, 1], "pivot": [0, 61, -13.75], "rotation": [-45, -45, 0], "uv": [4, 12]}
					]
				},
				{
					"name": "jaw_hidden",
					"parent": "jaw",
					"pivot": [0, 61, -12.6],
					"cubes": [
						{"origin": [-5.5, 58, -8.95], "size": [11, 3, 4], "uv": [211, 133]},
						{"origin": [-3.45, 58, -13.2], "size": [8, 3, 8], "inflate": 0.01, "pivot": [0, 63.5, -9.75], "rotation": [0, -45, 0], "uv": [183, 125]}
					]
				},
				{
					"name": "tail",
					"parent": "torso",
					"pivot": [0, 16, 7],
					"cubes": [
						{"origin": [-8.5, 7.5, 0], "size": [17, 16, 21], "uv": [83, 26]}
					]
				},
				{
					"name": "tail2",
					"parent": "tail",
					"pivot": [0, 15.5, 21],
					"cubes": [
						{"origin": [-6.5, 9, 17], "size": [13, 13, 13], "uv": [0, 111]}
					]
				},
				{
					"name": "tail3",
					"parent": "tail2",
					"pivot": [0, 15.5, 30],
					"cubes": [
						{"origin": [-4.5, 11, 27], "size": [9, 9, 12], "uv": [199, 87]}
					]
				},
				{
					"name": "tail_spike_top",
					"parent": "tail3",
					"pivot": [0, 19, 39],
					"rotation": [20, 0, 0],
					"cubes": [
						{"origin": [-3.5, 19, 39], "size": [7, 0, 9], "uv": [-3, 9]}
					]
				},
				{
					"name": "tail_spike_bottom",
					"parent": "tail3",
					"pivot": [0, 12, 39],
					"rotation": [-20, 0, 0],
					"cubes": [
						{"origin": [-3.5, 12, 39], "size": [7, 0, 9], "uv": [-3, 0]}
					]
				},
				{
					"name": "tail_spike_left",
					"parent": "tail3",
					"pivot": [3.5, 15.5, 39],
					"rotation": [0, 20, 0],
					"cubes": [
						{"origin": [3.5, 12, 39], "size": [0, 7, 9], "uv": [0, 53]}
					]
				},
				{
					"name": "tail_spike_right",
					"parent": "tail3",
					"pivot": [-3.5, 15.5, 39],
					"rotation": [0, -20, 0],
					"cubes": [
						{"origin": [-3.5, 12, 39], "size": [0, 7, 9], "uv": [74, 54]}
					]
				},
				{
					"name": "tail4",
					"parent": "tail3",
					"pivot": [0, 15.5, 39],
					"cubes": [
						{"origin": [-3, 12.5, 36], "size": [6, 6, 11], "uv": [215, 70]}
					]
				},
				{
					"name": "tail5",
					"parent": "tail4",
					"pivot": [0, 15.25, 47],
					"cubes": [
						{"origin": [-2, 13.25, 45], "size": [4, 4, 8], "uv": [39, 111]}
					]
				},
				{
					"name": "legs",
					"parent": "body",
					"pivot": [0, 17.75, 1]
				},
				{
					"name": "leg_left",
					"parent": "legs",
					"pivot": [12.5, 17.75, 1],
					"cubes": [
						{"origin": [8.5, 6.75, -6.5], "size": [12, 16, 15], "uv": [63, 98], "mirror": true},
						{"origin": [9, 5.75, -6], "size": [11, 6, 14], "uv": [77, 6], "mirror": true},
						{"origin": [10.5, 2.75, -4], "size": [8, 4, 10], "uv": [162, 95], "mirror": true}
					]
				},
				{
					"name": "foot_left",
					"parent": "leg_left",
					"pivot": [14.5, 4.75, 1.5],
					"cubes": [
						{"origin": [10, -0.25, -4.5], "size": [9, 5, 11], "uv": [186, 57], "mirror": true}
					]
				},
				{
					"name": "foot_left2",
					"parent": "foot_left",
					"pivot": [14.5, -0.25, -4.5],
					"cubes": [
						{"origin": [10.5, -0.25, -7.5], "size": [8, 4, 3], "uv": [155, 81], "mirror": true}
					]
				},
				{
					"name": "toes_left",
					"parent": "foot_left2",
					"pivot": [14.5, 2.75, -7.5]
				},
				{
					"name": "toe_inner_left",
					"parent": "toes_left",
					"pivot": [11.5, 2.75, -7.5],
					"rotation": [0, 20, 0],
					"cubes": [
						{"origin": [11.5, -0.25, -12], "size": [0, 3, 5], "uv": [0, 83], "mirror": true}
					]
				},
				{
					"name": "toe_middle_left",
					"parent": "toes_left",
					"pivot": [14.5, 2.75, -7.5],
					"cubes": [
						{"origin": [14.5, -0.25, -12.5], "size": [0, 3, 5], "uv": [0, 80], "mirror": true}
					]
				},
				{
					"name": "toe_outer_left",
					"parent": "toes_left",
					"pivot": [17.5, 2.75, -7.5],
					"rotation": [0, -20, 0],
					"cubes": [
						{"origin": [17.5, -0.25, -12], "size": [0, 3, 5], "uv": [10, 18], "mirror": true}
					]
				},
				{
					"name": "leg_right",
					"parent": "legs",
					"pivot": [-12.5, 17.75, 1],
					"cubes": [
						{"origin": [-20.5, 6.75, -6.5], "size": [12, 16, 15], "uv": [123, 98]},
						{"origin": [-20, 5.75, -6], "size": [11, 6, 14], "uv": [113, 0]},
						{"origin": [-18.5, 2.75, -4], "size": [8, 4, 10], "uv": [167, 81]}
					]
				},
				{
					"name": "foot_right",
					"parent": "leg_right",
					"pivot": [-14.5, 4.75, 1.5],
					"cubes": [
						{"origin": [-19, -0.25, -4.5], "size": [9, 5, 11], "uv": [215, 52]}
					]
				},
				{
					"name": "foot_right2",
					"parent": "foot_right",
					"pivot": [-14.5, -0.25, -4.5],
					"cubes": [
						{"origin": [-18.5, -0.25, -7.5], "size": [8, 4, 3], "uv": [188, 50]}
					]
				},
				{
					"name": "toes_right",
					"parent": "foot_right2",
					"pivot": [-14.5, 2.75, -7.5]
				},
				{
					"name": "toe_inner_right",
					"parent": "toes_right",
					"pivot": [-11.5, 2.75, -7.5],
					"rotation": [0, -20, 0],
					"cubes": [
						{"origin": [-11.5, -0.25, -12], "size": [0, 3, 5], "uv": [0, 89]}
					]
				},
				{
					"name": "toe_middle_right",
					"parent": "toes_right",
					"pivot": [-14.5, 2.75, -7.5],
					"cubes": [
						{"origin": [-14.5, -0.25, -12.5], "size": [0, 3, 5], "uv": [0, 86]}
					]
				},
				{
					"name": "toe_outer_right",
					"parent": "toes_right",
					"pivot": [-17.5, 2.75, -7.5],
					"rotation": [0, 20, 0],
					"cubes": [
						{"origin": [-17.5, -0.25, -12], "size": [0, 3, 5], "uv": [0, 18]}
					]
				}
			]
		}
	]
}