{
  "enabled": true,
  "neededInstalledMods": [],
  "neededUninstalledMods": [],
  "spawns": [
    {
      "id": "pheromosa-1",
      "pokemon": "pheromosa",
      "presets": [
        "natural"
      ],
      "type": "pokemon",
      "context": "grounded",
      "bucket": "ultra-rare",
      "level": "55-65",
      "weight": 1.0,
      "condition": {
        "canSeeSky": true,
        "biomes": [
          "none"
        ]
      }
    },
    {
      "id": "pheromosa-2",
      "pokemon": "pheromosa",
      "presets": [
        "natural"
      ],
      "type": "pokemon",
      "context": "grounded",
      "bucket": "ultra-rare",
      "level": "55-65",
      "weight": 1.0,
      "condition": {
        "biomes": [
          "none"
        ]
      }
    }
  ]
}
