{
	"format_version": "1.12.0",
	"minecraft:geometry": [
		{
			"description": {
				"identifier": "geometry.medicham_female",
				"texture_width": 128,
				"texture_height": 64,
				"visible_bounds_width": 4,
				"visible_bounds_height": 4.5,
				"visible_bounds_offset": [0, 1.75, 0]
			},
			"bones": [
				{
					"name": "medicham",
					"pivot": [0, 0, 0]
				},
				{
					"name": "locator_root",
					"parent": "medicham",
					"pivot": [0, 0, 0],
					"locators": {
						"root": [0, 0, 0]
					}
				},
				{
					"name": "locator_top",
					"parent": "medicham",
					"pivot": [0, 36, 0],
					"locators": {
						"top": [0, 36, 0]
					}
				},
				{
					"name": "body",
					"parent": "medicham",
					"pivot": [0, 18, 0]
				},
				{
                    "name": "locator_seat_1",
                    "parent": "body",
                    "pivot": [0, 19, 7],
                    "locators": {
                        "seat_1": [0, 19, 7]
                    }
                },
				{
					"name": "locator_target",
					"parent": "body",
					"pivot": [0, 20, -7],
					"locators": {
						"target": [0, 20, -7]
					}
				},
				{
					"name": "locator_middle",
					"parent": "body",
					"pivot": [0, 20, 0],
					"locators": {
						"middle": [0, 20, 0]
					}
				},
				{
					"name": "torso",
					"parent": "body",
					"pivot": [0, 14.5, 0],
					"cubes": [
						{"origin": [-2.5, 12.45, -2.5], "size": [5, 5, 5], "uv": [30, 36]}
					]
				},
				{
					"name": "torso2",
					"parent": "torso",
					"pivot": [0, 17, 0],
					"cubes": [
						{"origin": [-1.5, 16.5, -1.5], "size": [3, 6, 3], "uv": [50, 37]}
					]
				},
				{
					"name": "neck",
					"parent": "torso2",
					"pivot": [0, 22, 0],
					"cubes": [
						{"origin": [-1, 21, -1], "size": [2, 4, 2], "uv": [22, 34]}
					]
				},
				{
					"name": "head",
					"parent": "neck",
					"pivot": [0, 25.5, 0]
				},
				{
					"name": "head_ai",
					"parent": "head",
					"pivot": [0, 25.5, 0]
				},
				{
					"name": "head_angle",
					"parent": "head_ai",
					"pivot": [0, 25.5, 0],
					"rotation": [15, 0, 0],
					"cubes": [
						{"origin": [-3.5, 24.7, -4.5], "size": [7, 6, 8], "uv": [0, 32]}
					]
				},
				{
					"name": "locator_mouth",
					"parent": "head_angle",
					"pivot": [0, 25.3, -5.3],
					"locators": {
						"mouth": [0, 25.3, -5.3]
					}
				},
				{
					"name": "locator_item_face",
					"parent": "head_angle",
					"pivot": [0, 27.7, -4.5],
					"locators": {
						"item_face": [0, 27.7, -4.5]
					}
				},
				{
					"name": "locator_face",
					"parent": "head_angle",
					"pivot": [0, 27.7, -4.5],
					"locators": {
						"face": [0, 27.7, -4.5]
					}
				},
				{
					"name": "sweat_drop",
					"parent": "head_angle",
					"pivot": [-2.4, 28.2, -3.5],
					"cubes": [
						{"origin": [-3.4, 25.7, -3.5], "size": [2, 3, 0], "uv": [84, 34]}
					]
				},
				{
					"name": "mouth",
					"parent": "head_angle",
					"pivot": [0.5, 25.7, -4.5]
				},
				{
					"name": "mouth_closed",
					"parent": "mouth",
					"pivot": [0, 25.6, -4.9],
					"cubes": [
						{"origin": [-1.5, 24.6, -5.4], "size": [3, 2, 1], "inflate": -0.1, "uv": [78, 50]}
					]
				},
				{
					"name": "mouth_closed_neutral",
					"parent": "mouth_closed",
					"pivot": [0, 25.45, -5.3],
					"cubes": [
						{"origin": [-1, 24.95, -5.35], "size": [2, 1, 1], "inflate": -0.04, "uv": [79, 47]}
					]
				},
				{
					"name": "mouth_closed_smile",
					"parent": "mouth_closed",
					"pivot": [0, 25.8, -5.2],
					"cubes": [
						{"origin": [-1.3, 25.25, -5.31], "size": [1, 1, 1], "inflate": -0.1, "uv": [87, 49]},
						{"origin": [0.3, 25.25, -5.31], "size": [1, 1, 1], "inflate": -0.1, "uv": [87, 47], "mirror": true},
						{"origin": [-0.5, 24.85, -5.31], "size": [1, 1, 1], "inflate": -0.1, "uv": [87, 51]}
					]
				},
				{
					"name": "mouth_open",
					"parent": "mouth",
					"pivot": [0, 26.6, -3.8],
					"cubes": [
						{"origin": [-1, 24.7, -4.4], "size": [2, 3, 1], "inflate": -0.1, "uv": [71, 49]},
						{"origin": [-0.5, 25.2, -4.45], "size": [1, 2, 1], "inflate": -0.1, "uv": [72, 45]}
					]
				},
				{
					"name": "mouth_open_wide",
					"parent": "mouth",
					"pivot": [0, 26.6, -3.8],
					"cubes": [
						{"origin": [-1.5, 24.7, -4.4], "size": [3, 3, 1], "inflate": -0.1, "uv": [62, 49]},
						{"origin": [-1, 25.2, -4.45], "size": [2, 2, 1], "inflate": -0.1, "uv": [63, 45]}
					]
				},
				{
					"name": "locator_jaw_upper",
					"parent": "mouth",
					"pivot": [0, 26.2, -5.3],
					"locators": {
						"jaw1": [0, 26.2, -5.3]
					}
				},
				{
					"name": "locator_jaw_lower",
					"parent": "mouth",
					"pivot": [0, 24.2, -5.3],
					"locators": {
						"jaw2": [0, 24.2, -5.3]
					}
				},
				{
					"name": "headpiece",
					"parent": "head_angle",
					"pivot": [0, 29.9, 0],
					"rotation": [12.5, 0, 0],
					"cubes": [
						{"origin": [-4, 29.9, -5], "size": [8, 3, 9], "uv": [76, 0]},
						{"origin": [-0.5, 30.9, -5], "size": [1, 1, 1], "inflate": 0.01, "uv": [77, 35]}
					]
				},
				{
					"name": "locator_head",
					"parent": "headpiece",
					"pivot": [0, 32.9, -4],
					"locators": {
						"head": [0, 32.9, -4]
					}
				},
				{
					"name": "locator_item_hat",
					"parent": "headpiece",
					"pivot": [0, 32.9, -0.5],
					"locators": {
						"item_hat": [0, 32.9, -0.5]
					}
				},
				{
					"name": "bulb_right",
					"parent": "headpiece",
					"pivot": [-3.5, 31.4, -1.5],
					"cubes": [
						{"origin": [-8.3, 29.9, -3], "size": [3, 2, 3], "inflate": -0.1, "uv": [28, 0]},
						{"origin": [-5.5, 29.9, -2.5], "size": [2, 2, 2], "inflate": -0.1, "uv": [40, 2]}
					]
				},
				{
					"name": "bulb_left",
					"parent": "headpiece",
					"pivot": [3.5, 31.4, -1.5],
					"cubes": [
						{"origin": [5.3, 29.9, -3], "size": [3, 2, 3], "inflate": -0.1, "uv": [28, 5]},
						{"origin": [3.5, 29.9, -2.5], "size": [2, 2, 2], "inflate": -0.1, "uv": [40, 6]}
					]
				},
				{
					"name": "bulb_back",
					"parent": "headpiece",
					"pivot": [0, 31.5, 3],
					"rotation": [-50, 0, 0],
					"cubes": [
						{"origin": [-1.5, 31.5, 1.5], "size": [3, 4, 3], "inflate": -0.1, "uv": [67, 1]}
					]
				},
				{
					"name": "bulb_back2",
					"parent": "bulb_back",
					"pivot": [0, 35, 3],
					"cubes": [
						{"origin": [-2, 34.5, 1], "size": [4, 5, 4], "uv": [77, 18]}
					]
				},
				{
					"name": "eyes",
					"parent": "head_angle",
					"pivot": [0, 28.75, -4.5]
				},
				{
					"name": "eye_right",
					"parent": "eyes",
					"pivot": [-2.29, 28.5, -4.5],
					"cubes": [
						{"origin": [-3.29, 27.5, -4.3], "size": [2, 2, 1], "inflate": 0.21, "uv": [63, 41]}
					]
				},
				{
					"name": "eye_right_emote",
					"parent": "eye_right",
					"pivot": [-1.65, 29, -4.4],
					"cubes": [
						{"origin": [-2.15, 28.5, -4.3], "size": [1, 1, 1], "inflate": 0.125, "uv": [64, 32], "mirror": true}
					]
				},
				{
					"name": "pupil_right",
					"parent": "eye_right",
					"pivot": [-2.29, 28.5, -4.5],
					"cubes": [
						{"origin": [-2.79, 28, -4.3], "size": [1, 1, 1], "inflate": 0.22, "uv": [64, 38]}
					]
				},
				{
					"name": "locator_eye_right",
					"parent": "pupil_right",
					"pivot": [-2.25, 28.4, -4.5],
					"locators": {
						"eye1": [-2.25, 28.4, -4.5]
					}
				},
				{
					"name": "pupil_emote_right",
					"parent": "pupil_right",
					"pivot": [-2.29, 28.5, -4.4],
					"cubes": [
						{"origin": [-2.79, 28, -4.2], "size": [1, 1, 1], "inflate": 0.22, "uv": [64, 35]}
					]
				},
				{
					"name": "eye_left",
					"parent": "eyes",
					"pivot": [2.29, 28.5, -4.5],
					"cubes": [
						{"origin": [1.29, 27.5, -4.3], "size": [2, 2, 1], "inflate": 0.21, "uv": [70, 41]}
					]
				},
				{
					"name": "eye_left_emote",
					"parent": "eye_left",
					"pivot": [1.65, 29, -4.4],
					"cubes": [
						{"origin": [1.15, 28.5, -4.3], "size": [1, 1, 1], "inflate": 0.125, "uv": [71, 32]}
					]
				},
				{
					"name": "pupil_left",
					"parent": "eye_left",
					"pivot": [2.29, 28.5, -4.5],
					"cubes": [
						{"origin": [1.79, 28, -4.3], "size": [1, 1, 1], "inflate": 0.22, "uv": [71, 38]}
					]
				},
				{
					"name": "locator_eye_left",
					"parent": "pupil_left",
					"pivot": [2.25, 28.4, -4.5],
					"locators": {
						"eye2": [2.25, 28.4, -4.5]
					}
				},
				{
					"name": "pupil_emote_left",
					"parent": "pupil_left",
					"pivot": [2.29, 28.5, -4.4],
					"cubes": [
						{"origin": [1.79, 28, -4.2], "size": [1, 1, 1], "inflate": 0.22, "uv": [71, 35]}
					]
				},
				{
					"name": "eyelid_right",
					"parent": "eyes",
					"pivot": [-2.19, 28.5, -3.7],
					"cubes": [
						{"origin": [-3.19, 27.5, -4.2], "size": [2, 2, 1], "inflate": 0.21, "uv": [77, 41]},
						{"origin": [-3.19, 28.5, -4.2], "size": [2, 1, 1], "inflate": 0.22, "uv": [77, 38]}
					]
				},
				{
					"name": "eyelid_left",
					"parent": "eyes",
					"pivot": [2.19, 28.5, -3.7],
					"cubes": [
						{"origin": [1.19, 27.5, -4.2], "size": [2, 2, 1], "inflate": 0.21, "uv": [84, 41]},
						{"origin": [1.19, 28.5, -4.2], "size": [2, 1, 1], "inflate": 0.22, "uv": [84, 38]}
					]
				},
				{
					"name": "arms",
					"parent": "torso2",
					"pivot": [0, 21.5, 0]
				},
				{
					"name": "arm_right",
					"parent": "arms",
					"pivot": [-1.5, 21.5, 0],
					"cubes": [
						{"origin": [-9.5, 21, -1], "size": [8, 1, 2], "uv": [32, 52]}
					]
				},
				{
					"name": "arm_right2",
					"parent": "arm_right",
					"pivot": [-9.5, 22, 1],
					"cubes": [
						{"origin": [-14.4, 20.5, -1.5], "size": [5, 2, 3], "inflate": -0.09, "uv": [16, 48]}
					]
				},
				{
					"name": "hand_right",
					"parent": "arm_right2",
					"pivot": [-14.3, 21.5, 0],
					"cubes": [
						{"origin": [-18.2, 20.5, -2], "size": [4, 2, 4], "inflate": -0.1, "uv": [0, 46]}
					]
				},
				{
					"name": "locator_hand_primary",
					"parent": "hand_right",
					"pivot": [-16.7, 21.6, 0],
					"rotation": [0, 90, 0],
					"locators": {
						"hand_primary": [-16.7, 21.6, 0],
						"physical": [-16.7, 21.6, 0],
						"special": [-16.7, 21.6, 0]
					}
				},
				{
					"name": "locator_item",
					"parent": "hand_right",
					"pivot": [-18.6, 20.6, -1],
					"locators": {
						"item": [-18.6, 20.6, -1]
					}
				},
				{
					"name": "finger_thumb_right",
					"parent": "hand_right",
					"pivot": [-16.2, 21.95, -1.9],
					"cubes": [
						{"origin": [-18.15, 21, -4.85], "size": [2, 1, 3], "inflate": -0.05, "uv": [30, 58]}
					]
				},
				{
					"name": "fingers_right",
					"parent": "hand_right",
					"pivot": [-18.1, 21.95, 0]
				},
				{
					"name": "finger_front_right",
					"parent": "fingers_right",
					"pivot": [-18.1, 21.95, -0.95],
					"cubes": [
						{"origin": [-20.05, 21, -1.95], "size": [2, 1, 2], "inflate": -0.05, "uv": [16, 58]}
					]
				},
				{
					"name": "finger_front_right2",
					"parent": "finger_front_right",
					"pivot": [-20, 21.95, -0.95],
					"cubes": [
						{"origin": [-21.95, 21, -1.95], "size": [2, 1, 2], "inflate": -0.05, "uv": [24, 58]}
					]
				},
				{
					"name": "finger_back_right",
					"parent": "fingers_right",
					"pivot": [-18.1, 21.95, 0.95],
					"cubes": [
						{"origin": [-20.05, 21, -0.05], "size": [2, 1, 2], "inflate": -0.05, "uv": [0, 58]}
					]
				},
				{
					"name": "finger_back_right2",
					"parent": "finger_back_right",
					"pivot": [-20, 21.95, 0.95],
					"cubes": [
						{"origin": [-21.95, 21, -0.05], "size": [2, 1, 2], "inflate": -0.05, "uv": [8, 58]}
					]
				},
				{
					"name": "arm_left",
					"parent": "arms",
					"pivot": [1.5, 21.5, 0],
					"cubes": [
						{"origin": [1.5, 21, -1], "size": [8, 1, 2], "uv": [32, 55]}
					]
				},
				{
					"name": "arm_left2",
					"parent": "arm_left",
					"pivot": [9.5, 22, 1],
					"cubes": [
						{"origin": [9.4, 20.5, -1.5], "size": [5, 2, 3], "inflate": -0.09, "uv": [16, 53]}
					]
				},
				{
					"name": "hand_left",
					"parent": "arm_left2",
					"pivot": [14.3, 21.5, 0],
					"cubes": [
						{"origin": [14.2, 20.5, -2], "size": [4, 2, 4], "inflate": -0.1, "uv": [0, 52]}
					]
				},
				{
					"name": "locator_hand_secondary",
					"parent": "hand_left",
					"pivot": [16.7, 21.6, 0],
					"rotation": [0, -90, 0],
					"locators": {
						"hand_secondary": [16.7, 21.6, 0]
					}
				},
				{
					"name": "finger_thumb_left",
					"parent": "hand_left",
					"pivot": [16.2, 21.95, -1.9],
					"cubes": [
						{"origin": [16.15, 21, -4.85], "size": [2, 1, 3], "inflate": -0.05, "uv": [40, 58]}
					]
				},
				{
					"name": "fingers_left",
					"parent": "hand_left",
					"pivot": [18.1, 21.95, 0]
				},
				{
					"name": "finger_front_left",
					"parent": "fingers_left",
					"pivot": [18.1, 21.95, -0.95],
					"cubes": [
						{"origin": [18.05, 21, -1.95], "size": [2, 1, 2], "inflate": -0.05, "uv": [16, 61]}
					]
				},
				{
					"name": "finger_front_left2",
					"parent": "finger_front_left",
					"pivot": [20, 21.95, -0.95],
					"cubes": [
						{"origin": [19.95, 21, -1.95], "size": [2, 1, 2], "inflate": -0.05, "uv": [24, 61]}
					]
				},
				{
					"name": "finger_back_left",
					"parent": "fingers_left",
					"pivot": [18.1, 21.95, 0.95],
					"cubes": [
						{"origin": [18.05, 21, -0.05], "size": [2, 1, 2], "inflate": -0.05, "uv": [0, 61]}
					]
				},
				{
					"name": "finger_back_left2",
					"parent": "finger_back_left",
					"pivot": [20, 22.05, 0.95],
					"cubes": [
						{"origin": [19.95, 21, -0.05], "size": [2, 1, 2], "inflate": -0.05, "uv": [8, 61]}
					]
				},
				{
					"name": "legs",
					"parent": "body",
					"pivot": [0, 14.5, 0]
				},
				{
					"name": "leg_left",
					"parent": "legs",
					"pivot": [2.4, 14.5, 0],
					"rotation": [0, 0, -40]
				},
				{
					"name": "left_leg_band",
					"parent": "leg_left",
					"pivot": [2.6, 13.5, 0],
					"rotation": [0, 0, -7.5],
					"cubes": [
						{"origin": [-1.9, 13.5, -3.5], "size": [8, 2, 7], "inflate": 0.01, "uv": [87, 21]}
					]
				},
				{
					"name": "leg_left2",
					"parent": "leg_left",
					"pivot": [1.9, 14, -0.5],
					"cubes": [
						{"origin": [-1.75, 9.5, -3], "size": [7, 5, 6], "inflate": 0.11, "uv": [26, 20]}
					]
				},
				{
					"name": "leg_left3",
					"parent": "leg_left2",
					"pivot": [1.9, 10.3, -2.5],
					"cubes": [
						{"origin": [-2.6, 0.5, -5], "size": [9, 10, 10], "inflate": -0.15, "uv": [38, 0]}
					]
				},
				{
					"name": "leg_left4",
					"parent": "leg_left3",
					"pivot": [1.6, 7.5, 1]
				},
				{
					"name": "foot_left",
					"parent": "leg_left4",
					"pivot": [1.6, 0.75, 0.5],
					"cubes": [
						{"origin": [0.6, -1.25, -1], "size": [2, 3, 3], "uv": [42, 46]}
					]
				},
				{
					"name": "locator_foot_secondary",
					"parent": "foot_left",
					"pivot": [1.6, -0.3, -0.5],
					"rotation": [90, 0, 0],
					"locators": {
						"foot_secondary": [1.6, -0.3, -0.5]
					}
				},
				{
					"name": "toes_left",
					"parent": "foot_left",
					"pivot": [1.6, -1.25, -1],
					"cubes": [
						{"origin": [0.6, -1.25, -4], "size": [2, 1, 3], "uv": [50, 53]}
					]
				},
				{
					"name": "leg_right",
					"parent": "legs",
					"pivot": [-2.4, 14.5, 0],
					"rotation": [0, 0, 40]
				},
				{
					"name": "right_leg_band",
					"parent": "leg_right",
					"pivot": [-2.6, 13.5, 0],
					"rotation": [0, 0, 7.5],
					"cubes": [
						{"origin": [-6.1, 13.5, -3.5], "size": [8, 2, 7], "uv": [53, 21]}
					]
				},
				{
					"name": "leg_right2",
					"parent": "leg_right",
					"pivot": [-1.9, 14, -0.5],
					"cubes": [
						{"origin": [-5.25, 9.5, -3], "size": [7, 5, 6], "inflate": 0.1, "uv": [0, 20]}
					]
				},
				{
					"name": "leg_right3",
					"parent": "leg_right2",
					"pivot": [-1.9, 10.3, -2.5],
					"cubes": [
						{"origin": [-6.4, 0.5, -5], "size": [9, 10, 10], "inflate": -0.15, "uv": [0, 0]}
					]
				},
				{
					"name": "leg_right4",
					"parent": "leg_right3",
					"pivot": [-1.6, 7.5, 1]
				},
				{
					"name": "foot_right",
					"parent": "leg_right4",
					"pivot": [-1.6, 0.75, 0.5],
					"cubes": [
						{"origin": [-2.6, -1.25, -1], "size": [2, 3, 3], "uv": [32, 46]}
					]
				},
				{
					"name": "locator_foot_primary",
					"parent": "foot_right",
					"pivot": [-1.6, -0.3, -0.5],
					"rotation": [90, 0, 0],
					"locators": {
						"foot_primary": [-1.6, -0.3, -0.5]
					}
				},
				{
					"name": "toes_right",
					"parent": "foot_right",
					"pivot": [-1.6, -1.25, -1],
					"cubes": [
						{"origin": [-2.6, -1.25, -4], "size": [2, 1, 3], "uv": [50, 49]}
					]
				}
			]
		}
	]
}