{
  "format_version": "1.12.0",
  "minecraft:geometry": [
    {
      "description": {
        "identifier": "geometry.medicham",
        "texture_width": 128,
        "texture_height": 128,
        "visible_bounds_width": 6,
        "visible_bounds_height": 4.5,
        "visible_bounds_offset": [
          0,
          1.75,
          0
        ]
      },
      "bones": [
        {
          "name": "medicham",
          "pivot": [
            0,
            0,
            0
          ]
        },
        {
          "name": "body",
          "parent": "medicham",
          "pivot": [
            0,
            0,
            0
          ]
        },
        {
                    "name": "locator_seat_1",
                    "parent": "body",
                    "pivot": [0, 14, 8],
                    "locators": {
                        "seat_1": [0, 14, 8]
                    }
                },
        {
          "name": "torso_lower",
          "parent": "body",
          "pivot": [
            0,
            10.75,
            3.5
          ],
          "cubes": [
            {
              "origin": [
                -1.5,
                10.5,
                0.5
              ],
              "size": [
                3,
                3,
                3
              ],
              "inflate": 0.05,
              "uv": [
                54,
                72
              ]
            },
            {
              "origin": [
                -3,
                11.25,
                -0.5
              ],
              "size": [
                6,
                2,
                5
              ],
              "uv": [
                0,
                54
              ]
            }
          ]
        },
        {
          "name": "torso",
          "parent": "torso_lower",
          "pivot": [
            0,
            13.5,
            3.5
          ],
          "cubes": [
            {
              "origin": [
                -1,
                18.5,
                1
              ],
              "size": [
                2,
                3,
                2
              ],
              "uv": [
                8,
                73
              ]
            },
            {
              "origin": [
                -1.5,
                13.5,
                0.5
              ],
              "size": [
                3,
                5,
                3
              ],
              "uv": [
                38,
                54
              ]
            }
          ]
        },
        {
          "name": "head",
          "parent": "torso",
          "pivot": [
            0,
            21.45,
            2
          ],
          "cubes": [
            {
              "origin": [
                -2.5,
                21.45,
                -1
              ],
              "size": [
                5,
                6,
                5
              ],
              "uv": [
                48,
                12
              ]
            }
          ]
        },
        {
          "name": "bands",
          "parent": "head",
          "pivot": [
            0,
            -11,
            0
          ]
        },
        {
          "name": "ribbon_right",
          "parent": "bands",
          "pivot": [
            -5.5,
            22,
            7
          ],
          "rotation": [
            0,
            0,
            30
          ]
        },
        {
          "name": "ribbon_right2",
          "parent": "ribbon_right",
          "pivot": [
            -9.5,
            22,
            7
          ]
        },
        {
          "name": "ribbonbottom_right",
          "parent": "ribbon_right",
          "pivot": [
            -5.5,
            15,
            7
          ],
          "rotation": [
            0,
            0,
            -25
          ]
        },
        {
          "name": "ribbonbottom_right2",
          "parent": "ribbonbottom_right",
          "pivot": [
            -9.5,
            15,
            7
          ]
        },
        {
          "name": "ribbonbottom_right3",
          "parent": "ribbonbottom_right2",
          "pivot": [
            -22.5,
            15,
            7
          ]
        },
        {
          "name": "ribbonbottom_right4",
          "parent": "ribbonbottom_right3",
          "pivot": [
            -35.5,
            13.5,
            7
          ],
          "rotation": [
            0,
            -2.5,
            0
          ]
        },
        {
          "name": "ribbonbottom_right5",
          "parent": "ribbonbottom_right3",
          "pivot": [
            -35.5,
            15,
            7
          ],
          "rotation": [
            0,
            2.5,
            0
          ]
        },
        {
          "name": "ribbonbottom_right6",
          "parent": "ribbonbottom_right3",
          "pivot": [
            -35.5,
            16.5,
            7
          ],
          "rotation": [
            0,
            -2.5,
            0
          ]
        },
        {
          "name": "ribbonbottom_left",
          "parent": "ribbonbottom_right",
          "pivot": [
            7.5,
            15,
            7
          ],
          "rotation": [
            0,
            0,
            -15
          ],
          "cubes": [
            {
              "origin": [
                7.5,
                14,
                7
              ],
              "size": [
                4,
                2,
                0
              ],
              "uv": [
                76,
                29
              ]
            },
            {
              "origin": [
                7.5,
                14,
                7
              ],
              "size": [
                4,
                2,
                0
              ],
              "uv": [
                76,
                31
              ]
            }
          ]
        },
        {
          "name": "ribbonbottom_left2",
          "parent": "ribbonbottom_left",
          "pivot": [
            11.5,
            15,
            7
          ],
          "cubes": [
            {
              "origin": [
                18.5,
                9.5,
                6.99
              ],
              "size": [
                13,
                5,
                0
              ],
              "pivot": [
                3,
                -14,
                0
              ],
              "rotation": [
                0,
                0,
                -15
              ],
              "uv": [
                48,
                23
              ]
            }
          ]
        },
        {
          "name": "ribbonbottom_left3",
          "parent": "ribbonbottom_left2",
          "pivot": [
            24.5,
            15,
            7
          ],
          "cubes": [
            {
              "origin": [
                23.4,
                15.4,
                7
              ],
              "size": [
                13,
                6,
                0
              ],
              "uv": [
                24,
                31
              ]
            }
          ]
        },
        {
          "name": "ribbonbottom_left4",
          "parent": "ribbonbottom_left3",
          "pivot": [
            37.5,
            13.5,
            7
          ],
          "rotation": [
            0,
            2.5,
            0
          ],
          "cubes": [
            {
              "origin": [
                29.63746,
                20.7191,
                6.65671
              ],
              "size": [
                4,
                2,
                0
              ],
              "pivot": [
                3,
                -14,
                0
              ],
              "rotation": [
                -0.43399,
                0.03793,
                9.99039
              ],
              "uv": [
                76,
                33
              ]
            }
          ]
        },
        {
          "name": "ribbonbottom_left5",
          "parent": "ribbonbottom_left3",
          "pivot": [
            37.5,
            15,
            7
          ],
          "rotation": [
            0,
            -2.5,
            0
          ],
          "cubes": [
            {
              "origin": [
                29.63746,
                22.2191,
                7.34329
              ],
              "size": [
                5,
                3,
                0
              ],
              "pivot": [
                3,
                -14,
                0
              ],
              "rotation": [
                0.43399,
                -0.03793,
                9.99039
              ],
              "uv": [
                72,
                68
              ]
            }
          ]
        },
        {
          "name": "ribbonbottom_left6",
          "parent": "ribbonbottom_left3",
          "pivot": [
            37.5,
            16.5,
            7
          ],
          "rotation": [
            0,
            2.5,
            0
          ],
          "cubes": [
            {
              "origin": [
                29.63746,
                24.7191,
                6.65671
              ],
              "size": [
                4,
                2,
                0
              ],
              "pivot": [
                3,
                -14,
                0
              ],
              "rotation": [
                -0.43399,
                0.03793,
                9.99039
              ],
              "uv": [
                76,
                35
              ]
            }
          ]
        },
        {
          "name": "ribbon_left",
          "parent": "ribbonbottom_left",
          "pivot": [
            7.5,
            22,
            7
          ],
          "rotation": [
            0,
            0,
            -30
          ],
          "cubes": [
            {
              "origin": [
                7.5,
                21,
                7
              ],
              "size": [
                4,
                2,
                0
              ],
              "uv": [
                38,
                76
              ]
            },
            {
              "origin": [
                7.5,
                21,
                7
              ],
              "size": [
                4,
                2,
                0
              ],
              "uv": [
                16,
                77
              ]
            }
          ]
        },
        {
          "name": "ribbon_left2",
          "parent": "ribbon_left",
          "pivot": [
            11.5,
            22,
            7
          ],
          "cubes": [
            {
              "origin": [
                21.5,
                15.5,
                6.99
              ],
              "size": [
                13,
                5,
                0
              ],
              "pivot": [
                3,
                -14,
                0
              ],
              "rotation": [
                0,
                0,
                -17.5
              ],
              "uv": [
                0,
                49
              ]
            },
            {
              "origin": [
                21.5,
                15.5,
                6.99
              ],
              "size": [
                13,
                5,
                0
              ],
              "pivot": [
                3,
                -14,
                0
              ],
              "rotation": [
                0,
                0,
                -17.5
              ],
              "uv": [
                26,
                49
              ]
            }
          ]
        },
        {
          "name": "ribbon_left3",
          "parent": "ribbon_left2",
          "pivot": [
            23.8,
            22,
            7
          ],
          "cubes": [
            {
              "origin": [
                22.99212,
                22.84006,
                7
              ],
              "size": [
                13,
                6,
                0
              ],
              "uv": [
                32,
                0
              ]
            },
            {
              "origin": [
                22.99212,
                22.84006,
                7
              ],
              "size": [
                13,
                6,
                0
              ],
              "uv": [
                32,
                6
              ]
            }
          ]
        },
        {
          "name": "ribbon_left4",
          "parent": "ribbon_left3",
          "pivot": [
            36.8,
            20.5,
            7
          ],
          "rotation": [
            0,
            2.5,
            0
          ],
          "cubes": [
            {
              "origin": [
                25.90284,
                29.00889,
                6.49366
              ],
              "size": [
                4,
                2,
                0
              ],
              "pivot": [
                3,
                -14,
                0
              ],
              "rotation": [
                -0.54094,
                0.05918,
                12.48792
              ],
              "uv": [
                46,
                78
              ]
            },
            {
              "origin": [
                25.90284,
                29.00889,
                6.49366
              ],
              "size": [
                4,
                2,
                0
              ],
              "pivot": [
                3,
                -14,
                0
              ],
              "rotation": [
                -0.54094,
                0.05918,
                12.48792
              ],
              "uv": [
                76,
                71
              ]
            }
          ]
        },
        {
          "name": "ribbon_left5",
          "parent": "ribbon_left3",
          "pivot": [
            36.8,
            22,
            7
          ],
          "rotation": [
            0,
            -2.5,
            0
          ],
          "cubes": [
            {
              "origin": [
                25.90284,
                30.50889,
                7.50634
              ],
              "size": [
                5,
                3,
                0
              ],
              "pivot": [
                3,
                -14,
                0
              ],
              "rotation": [
                0.54094,
                -0.05918,
                12.48792
              ],
              "uv": [
                74,
                0
              ]
            },
            {
              "origin": [
                25.90284,
                30.50889,
                7.50634
              ],
              "size": [
                5,
                3,
                0
              ],
              "pivot": [
                3,
                -14,
                0
              ],
              "rotation": [
                0.54094,
                -0.05918,
                12.48792
              ],
              "uv": [
                74,
                3
              ]
            }
          ]
        },
        {
          "name": "ribbon_left6",
          "parent": "ribbon_left3",
          "pivot": [
            36.8,
            23.5,
            7
          ],
          "rotation": [
            0,
            2.5,
            0
          ],
          "cubes": [
            {
              "origin": [
                25.90284,
                33.00889,
                6.49366
              ],
              "size": [
                4,
                2,
                0
              ],
              "pivot": [
                3,
                -14,
                0
              ],
              "rotation": [
                -0.54094,
                0.05918,
                12.48792
              ],
              "uv": [
                48,
                88
              ]
            },
            {
              "origin": [
                25.90284,
                33.00889,
                6.49366
              ],
              "size": [
                4,
                2,
                0
              ],
              "pivot": [
                3,
                -14,
                0
              ],
              "rotation": [
                -0.54094,
                0.05918,
                12.48792
              ],
              "uv": [
                76,
                75
              ]
            }
          ]
        },
        {
          "name": "ribbon_left7",
          "parent": "bands",
          "pivot": [
            4.5,
            25,
            7
          ],
          "rotation": [
            0,
            0,
            -30
          ]
        },
        {
          "name": "ribbonbottom_left7",
          "parent": "ribbon_left7",
          "pivot": [
            4.5,
            18,
            7
          ],
          "rotation": [
            0,
            0,
            25
          ]
        },
        {
          "name": "ribbonbottom_right7",
          "parent": "ribbonbottom_left7",
          "pivot": [
            -8.5,
            18,
            7
          ],
          "rotation": [
            0,
            0,
            15
          ]
        },
        {
          "name": "ribbon_right3",
          "parent": "ribbonbottom_right7",
          "pivot": [
            -8.5,
            25,
            7
          ],
          "rotation": [
            0,
            0,
            30
          ]
        },
        {
          "name": "ribbon_right4",
          "parent": "ribbon_right3",
          "pivot": [
            -12.5,
            25,
            7
          ]
        },
        {
          "name": "ribbon_right5",
          "parent": "ribbon_right4",
          "pivot": [
            -24.8,
            25,
            7
          ]
        },
        {
          "name": "ribbon_right6",
          "parent": "ribbon_right5",
          "pivot": [
            -37.8,
            23.5,
            7
          ],
          "rotation": [
            0,
            -2.5,
            0
          ]
        },
        {
          "name": "ribbon_right7",
          "parent": "ribbon_right5",
          "pivot": [
            -37.8,
            25,
            7
          ],
          "rotation": [
            0,
            2.5,
            0
          ]
        },
        {
          "name": "ribbon_right8",
          "parent": "ribbon_right5",
          "pivot": [
            -37.8,
            26.5,
            7
          ],
          "rotation": [
            0,
            -2.5,
            0
          ]
        },
        {
          "name": "ribbonbottom_right8",
          "parent": "ribbonbottom_right7",
          "pivot": [
            -12.5,
            18,
            7
          ]
        },
        {
          "name": "ribbonbottom_right9",
          "parent": "ribbonbottom_right8",
          "pivot": [
            -25.5,
            18,
            7
          ]
        },
        {
          "name": "ribbonbottom_right10",
          "parent": "ribbonbottom_right9",
          "pivot": [
            -38.5,
            16.5,
            7
          ],
          "rotation": [
            0,
            -2.5,
            0
          ]
        },
        {
          "name": "ribbonbottom_right11",
          "parent": "ribbonbottom_right9",
          "pivot": [
            -38.5,
            18,
            7
          ],
          "rotation": [
            0,
            2.5,
            0
          ]
        },
        {
          "name": "ribbonbottom_right12",
          "parent": "ribbonbottom_right9",
          "pivot": [
            -38.5,
            19.5,
            7
          ],
          "rotation": [
            0,
            -2.5,
            0
          ]
        },
        {
          "name": "ribbon_left8",
          "parent": "bands",
          "pivot": [
            5.5,
            22,
            7
          ],
          "rotation": [
            0,
            0,
            -30
          ]
        },
        {
          "name": "ribbonbottom_left8",
          "parent": "ribbon_left8",
          "pivot": [
            5.5,
            15,
            7
          ],
          "rotation": [
            0,
            0,
            25
          ]
        },
        {
          "name": "ribbonbottom_right13",
          "parent": "ribbonbottom_left8",
          "pivot": [
            -7.5,
            15,
            7
          ],
          "rotation": [
            0,
            0,
            15
          ],
          "cubes": [
            {
              "origin": [
                -11.5,
                14,
                7
              ],
              "size": [
                4,
                2,
                0
              ],
              "uv": [
                24,
                77
              ]
            }
          ]
        },
        {
          "name": "ribbon_right9",
          "parent": "ribbonbottom_right13",
          "pivot": [
            -7.5,
            22,
            7
          ],
          "rotation": [
            0,
            0,
            30
          ],
          "cubes": [
            {
              "origin": [
                -11.5,
                21,
                7
              ],
              "size": [
                4,
                2,
                0
              ],
              "uv": [
                8,
                78
              ]
            },
            {
              "origin": [
                -12.5,
                21,
                7
              ],
              "size": [
                4,
                2,
                0
              ],
              "uv": [
                54,
                78
              ]
            }
          ]
        },
        {
          "name": "ribbon_right10",
          "parent": "ribbon_right9",
          "pivot": [
            -11.5,
            22,
            7
          ],
          "cubes": [
            {
              "origin": [
                -34.5,
                15.5,
                6.99
              ],
              "size": [
                13,
                5,
                0
              ],
              "pivot": [
                -3,
                -14,
                0
              ],
              "rotation": [
                0,
                0,
                17.5
              ],
              "uv": [
                50,
                33
              ]
            }
          ]
        },
        {
          "name": "ribbon_right11",
          "parent": "ribbon_right10",
          "pivot": [
            -23.8,
            22,
            7
          ],
          "cubes": [
            {
              "origin": [
                -35.99212,
                22.84006,
                7
              ],
              "size": [
                13,
                6,
                0
              ],
              "uv": [
                24,
                37
              ]
            },
            {
              "origin": [
                -36.99212,
                22.84006,
                7
              ],
              "size": [
                13,
                6,
                0
              ],
              "uv": [
                26,
                43
              ]
            }
          ]
        },
        {
          "name": "ribbon_right12",
          "parent": "ribbon_right11",
          "pivot": [
            -36.8,
            20.5,
            7
          ],
          "rotation": [
            0,
            -2.5,
            0
          ],
          "cubes": [
            {
              "origin": [
                -29.90284,
                29.00889,
                6.49366
              ],
              "size": [
                4,
                2,
                0
              ],
              "pivot": [
                -3,
                -14,
                0
              ],
              "rotation": [
                -0.54094,
                -0.05918,
                -12.48792
              ],
              "uv": [
                38,
                78
              ]
            }
          ]
        },
        {
          "name": "ribbon_right13",
          "parent": "ribbon_right11",
          "pivot": [
            -36.8,
            22,
            7
          ],
          "rotation": [
            0,
            2.5,
            0
          ],
          "cubes": [
            {
              "origin": [
                -30.90284,
                30.50889,
                7.50634
              ],
              "size": [
                5,
                3,
                0
              ],
              "pivot": [
                -3,
                -14,
                0
              ],
              "rotation": [
                0.54094,
                0.05918,
                -12.48792
              ],
              "uv": [
                74,
                9
              ]
            }
          ]
        },
        {
          "name": "ribbon_right14",
          "parent": "ribbon_right11",
          "pivot": [
            -36.8,
            23.5,
            7
          ],
          "rotation": [
            0,
            -2.5,
            0
          ],
          "cubes": [
            {
              "origin": [
                -29.90284,
                33.00889,
                6.49366
              ],
              "size": [
                4,
                2,
                0
              ],
              "pivot": [
                -3,
                -14,
                0
              ],
              "rotation": [
                -0.54094,
                -0.05918,
                -12.48792
              ],
              "uv": [
                48,
                88
              ]
            }
          ]
        },
        {
          "name": "ribbonbottom_right14",
          "parent": "ribbonbottom_right13",
          "pivot": [
            -11.5,
            15,
            7
          ],
          "cubes": [
            {
              "origin": [
                -31.5,
                9.5,
                6.99
              ],
              "size": [
                13,
                5,
                0
              ],
              "pivot": [
                -3,
                -14,
                0
              ],
              "rotation": [
                0,
                0,
                15
              ],
              "uv": [
                50,
                28
              ]
            }
          ]
        },
        {
          "name": "ribbonbottom_right15",
          "parent": "ribbonbottom_right14",
          "pivot": [
            -24.5,
            15,
            7
          ],
          "cubes": [
            {
              "origin": [
                -36.4,
                15.4,
                7
              ],
              "size": [
                13,
                6,
                0
              ],
              "uv": [
                0,
                43
              ]
            }
          ]
        },
        {
          "name": "ribbonbottom_right16",
          "parent": "ribbonbottom_right15",
          "pivot": [
            -37.5,
            13.5,
            7
          ],
          "rotation": [
            0,
            -2.5,
            0
          ],
          "cubes": [
            {
              "origin": [
                -33.63746,
                20.7191,
                6.65671
              ],
              "size": [
                4,
                2,
                0
              ],
              "pivot": [
                -3,
                -14,
                0
              ],
              "rotation": [
                -0.43399,
                -0.03793,
                -9.99039
              ],
              "uv": [
                66,
                77
              ]
            }
          ]
        },
        {
          "name": "ribbonbottom_right17",
          "parent": "ribbonbottom_right15",
          "pivot": [
            -37.5,
            15,
            7
          ],
          "rotation": [
            0,
            2.5,
            0
          ],
          "cubes": [
            {
              "origin": [
                -34.63746,
                22.2191,
                7.34329
              ],
              "size": [
                5,
                3,
                0
              ],
              "pivot": [
                -3,
                -14,
                0
              ],
              "rotation": [
                0.43399,
                0.03793,
                -9.99039
              ],
              "uv": [
                74,
                6
              ]
            }
          ]
        },
        {
          "name": "ribbonbottom_right18",
          "parent": "ribbonbottom_right15",
          "pivot": [
            -37.5,
            16.5,
            7
          ],
          "rotation": [
            0,
            -2.5,
            0
          ],
          "cubes": [
            {
              "origin": [
                -33.63746,
                24.7191,
                6.65671
              ],
              "size": [
                4,
                2,
                0
              ],
              "pivot": [
                -3,
                -14,
                0
              ],
              "rotation": [
                -0.43399,
                -0.03793,
                -9.99039
              ],
              "uv": [
                74,
                77
              ]
            }
          ]
        },
        {
          "name": "bone4",
          "parent": "head",
          "pivot": [
            0,
            21.95,
            -0.75
          ],
          "rotation": [
            15,
            0,
            0
          ],
          "cubes": [
            {
              "origin": [
                -1,
                20.95,
                -1.55
              ],
              "size": [
                2,
                2,
                1
              ],
              "inflate": -0.2,
              "pivot": [
                0,
                23,
                -0.65
              ],
              "rotation": [
                2.5,
                0,
                0
              ],
              "uv": [
                18,
                40
              ]
            },
            {
              "origin": [
                -0.5,
                21.45,
                -1.66
              ],
              "size": [
                1,
                1,
                1
              ],
              "inflate": -0.3,
              "pivot": [
                0,
                23,
                -0.75
              ],
              "rotation": [
                2.5,
                0,
                0
              ],
              "uv": [
                80,
                58
              ]
            }
          ]
        },
        {
          "name": "bone5",
          "parent": "head",
          "pivot": [
            -0.5,
            26.2,
            0
          ],
          "rotation": [
            20,
            0,
            0
          ]
        },
        {
          "name": "hat",
          "parent": "bone5",
          "pivot": [
            0,
            22.1,
            6.7
          ],
          "rotation": [
            -15,
            0,
            0
          ],
          "cubes": [
            {
              "origin": [
                -4,
                22.00904,
                -2.91665
              ],
              "size": [
                8,
                5,
                8
              ],
              "inflate": -0.8,
              "uv": [
                0,
                0
              ]
            },
            {
              "origin": [
                -1,
                23.55589,
                -2.45796
              ],
              "size": [
                2,
                3,
                0
              ],
              "uv": [
                12,
                80
              ]
            },
            {
              "origin": [
                -1.5,
                27.575,
                1.4
              ],
              "size": [
                3,
                4,
                3
              ],
              "inflate": -0.3,
              "uv": [
                68,
                54
              ]
            },
            {
              "origin": [
                -1,
                25.075,
                1.9
              ],
              "size": [
                2,
                4,
                2
              ],
              "inflate": -0.3,
              "uv": [
                0,
                73
              ]
            }
          ]
        },
        {
          "name": "hatflap_right",
          "parent": "hat",
          "pivot": [
            -4,
            22.00904,
            1.78335
          ]
        },
        {
          "name": "hatflapai_right",
          "parent": "hatflap_right",
          "pivot": [
            -3.475,
            22.00904,
            1.78335
          ],
          "rotation": [
            0,
            15,
            0
          ],
          "cubes": [
            {
              "origin": [
                -6.575,
                23.02,
                -1.21665
              ],
              "size": [
                5,
                0,
                4
              ],
              "uv": [
                68,
                46
              ]
            }
          ]
        },
        {
          "name": "hatflap_left",
          "parent": "hat",
          "pivot": [
            4,
            22.00904,
            1.78335
          ]
        },
        {
          "name": "hatflapai_left",
          "parent": "hatflap_left",
          "pivot": [
            3.475,
            22.00904,
            1.78335
          ],
          "rotation": [
            0,
            -15,
            0
          ],
          "cubes": [
            {
              "origin": [
                1.575,
                23.02,
                -1.21665
              ],
              "size": [
                5,
                0,
                4
              ],
              "uv": [
                68,
                50
              ]
            }
          ]
        },
        {
          "name": "headthingtop",
          "parent": "hat",
          "pivot": [
            0,
            27.00904,
            -2.23665
          ],
          "cubes": [
            {
              "origin": [
                -1,
                26.55589,
                -2.44796
              ],
              "size": [
                2,
                3,
                0
              ],
              "uv": [
                58,
                80
              ]
            }
          ]
        },
        {
          "name": "headthing_right",
          "parent": "hat",
          "pivot": [
            -0.97045,
            26.44203,
            -2.21665
          ]
        },
        {
          "name": "headthingai_right",
          "parent": "headthing_right",
          "pivot": [
            -1,
            27.75904,
            -2.23665
          ],
          "rotation": [
            0,
            0,
            -42.5
          ],
          "cubes": [
            {
              "origin": [
                -3.2766,
                25.10793,
                -2.43131
              ],
              "size": [
                2,
                4,
                0
              ],
              "uv": [
                34,
                66
              ]
            }
          ]
        },
        {
          "name": "headthing_right2",
          "parent": "headthingai_right",
          "pivot": [
            -0.97045,
            29.44203,
            -2.21665
          ],
          "cubes": [
            {
              "origin": [
                -4.0266,
                29.10793,
                -2.42131
              ],
              "size": [
                3,
                5,
                0
              ],
              "uv": [
                16,
                61
              ]
            }
          ]
        },
        {
          "name": "headthing_left",
          "parent": "hat",
          "pivot": [
            0.97045,
            26.44203,
            -2.21665
          ]
        },
        {
          "name": "headthingai_left",
          "parent": "headthing_left",
          "pivot": [
            1,
            27.75904,
            -2.23665
          ],
          "rotation": [
            0,
            0,
            42.5
          ],
          "cubes": [
            {
              "origin": [
                1.2766,
                25.10793,
                -2.43131
              ],
              "size": [
                2,
                4,
                0
              ],
              "uv": [
                34,
                70
              ]
            }
          ]
        },
        {
          "name": "headthing_left2",
          "parent": "headthingai_left",
          "pivot": [
            0.97045,
            29.44203,
            -2.21665
          ],
          "cubes": [
            {
              "origin": [
                1.0266,
                29.10793,
                -2.42131
              ],
              "size": [
                3,
                5,
                0
              ],
              "uv": [
                32,
                74
              ]
            }
          ]
        },
        {
          "name": "bone8",
          "parent": "head",
          "pivot": [
            0.5,
            21.95,
            -1.25
          ],
          "cubes": [
            {
              "origin": [
                -3.05,
                24,
                -1.11
              ],
              "size": [
                2,
                1,
                1
              ],
              "pivot": [
                -0.05,
                21.5,
                -0.1
              ],
              "rotation": [
                0,
                0,
                17.5
              ],
              "uv": [
                80,
                54
              ]
            },
            {
              "origin": [
                -2.65,
                23,
                -1.01
              ],
              "size": [
                2,
                2,
                0
              ],
              "pivot": [
                0.35,
                21.5,
                -1
              ],
              "rotation": [
                0,
                0,
                7.5
              ],
              "uv": [
                74,
                81
              ]
            }
          ]
        },
        {
          "name": "bone9",
          "parent": "bone8",
          "pivot": [
            -1.55,
            24.325,
            -1.05
          ],
          "cubes": [
            {
              "origin": [
                -2.25,
                23.4,
                -1.02
              ],
              "size": [
                1,
                2,
                0
              ],
              "pivot": [
                0.25,
                21.5,
                -1
              ],
              "rotation": [
                0,
                0,
                10
              ],
              "uv": [
                50,
                38
              ]
            }
          ]
        },
        {
          "name": "bone7",
          "parent": "head",
          "pivot": [
            -0.5,
            21.95,
            -1.25
          ],
          "cubes": [
            {
              "origin": [
                0.65,
                23,
                -1.01
              ],
              "size": [
                2,
                2,
                0
              ],
              "pivot": [
                -0.35,
                21.5,
                -1
              ],
              "rotation": [
                0,
                0,
                -7.5
              ],
              "uv": [
                80,
                79
              ]
            },
            {
              "origin": [
                1.05,
                24,
                -1.11
              ],
              "size": [
                2,
                1,
                1
              ],
              "pivot": [
                0.05,
                21.5,
                -0.1
              ],
              "rotation": [
                0,
                0,
                -17.5
              ],
              "uv": [
                80,
                56
              ]
            }
          ]
        },
        {
          "name": "bone10",
          "parent": "bone7",
          "pivot": [
            1.45,
            24.325,
            -1.05
          ],
          "cubes": [
            {
              "origin": [
                1.15,
                23.45,
                -1.02
              ],
              "size": [
                1,
                2,
                0
              ],
              "pivot": [
                -0.35,
                21.5,
                -1
              ],
              "rotation": [
                0,
                0,
                -7.5
              ],
              "uv": [
                48,
                28
              ]
            }
          ]
        },
        {
          "name": "bone6",
          "parent": "head",
          "pivot": [
            0.5,
            21.95,
            -1.25
          ]
        },
        {
          "name": "bone19",
          "parent": "bone6",
          "pivot": [
            -1.45,
            24.325,
            -1.05
          ],
          "cubes": [
            {
              "origin": [
                -2.15,
                23.95,
                -1.02
              ],
              "size": [
                1,
                2,
                0
              ],
              "pivot": [
                0.35,
                22,
                -1
              ],
              "rotation": [
                0,
                0,
                7.5
              ],
              "uv": [
                50,
                40
              ]
            }
          ]
        },
        {
          "name": "arm_right",
          "parent": "torso",
          "pivot": [
            -0.75,
            19.75,
            2
          ],
          "cubes": [
            {
              "origin": [
                -6.75,
                18.75,
                1.5
              ],
              "size": [
                6,
                1,
                1
              ],
              "uv": [
                38,
                62
              ]
            }
          ]
        },
        {
          "name": "bone24",
          "parent": "arm_right",
          "pivot": [
            -6.75,
            19.25,
            2.5
          ],
          "cubes": [
            {
              "origin": [
                -13.75,
                18.75,
                1
              ],
              "size": [
                7,
                1,
                2
              ],
              "inflate": 0.05,
              "uv": [
                0,
                40
              ]
            }
          ]
        },
        {
          "name": "bone25",
          "parent": "bone24",
          "pivot": [
            -13.75,
            19.25,
            2
          ],
          "cubes": [
            {
              "origin": [
                -15.75,
                18.75,
                1
              ],
              "size": [
                2,
                1,
                2
              ],
              "inflate": 0.025,
              "uv": [
                16,
                74
              ]
            }
          ]
        },
        {
          "name": "bone26",
          "parent": "bone25",
          "pivot": [
            -14.175,
            19.75,
            1.425
          ],
          "rotation": [
            0,
            -35,
            0
          ],
          "cubes": [
            {
              "origin": [
                -16.175,
                18.75,
                0.925
              ],
              "size": [
                2,
                1,
                1
              ],
              "uv": [
                74,
                79
              ]
            }
          ]
        },
        {
          "name": "bone27",
          "parent": "bone25",
          "pivot": [
            -15.5,
            19.75,
            1.5
          ],
          "cubes": [
            {
              "origin": [
                -17.5,
                18.75,
                1
              ],
              "size": [
                2,
                1,
                1
              ],
              "uv": [
                6,
                80
              ]
            }
          ]
        },
        {
          "name": "bone28",
          "parent": "bone25",
          "pivot": [
            -15.5,
            19.75,
            2.5
          ],
          "cubes": [
            {
              "origin": [
                -17.5,
                18.75,
                2
              ],
              "size": [
                2,
                1,
                1
              ],
              "uv": [
                34,
                80
              ]
            }
          ]
        },
        {
          "name": "arm_left",
          "parent": "torso",
          "pivot": [
            0.75,
            19.75,
            2
          ],
          "cubes": [
            {
              "origin": [
                0.75,
                18.75,
                1.5
              ],
              "size": [
                6,
                1,
                1
              ],
              "uv": [
                68,
                61
              ]
            }
          ]
        },
        {
          "name": "bone2",
          "parent": "arm_left",
          "pivot": [
            6.75,
            19.25,
            2.5
          ],
          "cubes": [
            {
              "origin": [
                6.75,
                18.75,
                1
              ],
              "size": [
                7,
                1,
                2
              ],
              "inflate": 0.05,
              "uv": [
                68,
                20
              ]
            }
          ]
        },
        {
          "name": "bone3",
          "parent": "bone2",
          "pivot": [
            13.75,
            19.25,
            2
          ],
          "cubes": [
            {
              "origin": [
                13.75,
                18.75,
                1
              ],
              "size": [
                2,
                1,
                2
              ],
              "inflate": 0.025,
              "uv": [
                74,
                23
              ]
            }
          ]
        },
        {
          "name": "bone23",
          "parent": "bone3",
          "pivot": [
            14.175,
            19.75,
            1.425
          ],
          "rotation": [
            0,
            35,
            0
          ],
          "cubes": [
            {
              "origin": [
                14.175,
                18.75,
                0.925
              ],
              "size": [
                2,
                1,
                1
              ],
              "uv": [
                40,
                80
              ]
            }
          ]
        },
        {
          "name": "bone22",
          "parent": "bone3",
          "pivot": [
            15.5,
            19.75,
            1.5
          ],
          "cubes": [
            {
              "origin": [
                15.5,
                18.75,
                1
              ],
              "size": [
                2,
                1,
                1
              ],
              "uv": [
                46,
                80
              ]
            }
          ]
        },
        {
          "name": "bone21",
          "parent": "bone3",
          "pivot": [
            15.5,
            19.75,
            2.5
          ],
          "cubes": [
            {
              "origin": [
                15.5,
                18.75,
                2
              ],
              "size": [
                2,
                1,
                1
              ],
              "uv": [
                52,
                80
              ]
            }
          ]
        },
        {
          "name": "leg_left",
          "parent": "body",
          "pivot": [
            2,
            12.75,
            2
          ],
          "cubes": [
            {
              "origin": [
                0.25,
                9.475,
                -1
              ],
              "size": [
                2,
                6,
                6
              ],
              "inflate": -0.2,
              "pivot": [
                1.25,
                11.475,
                1.5
              ],
              "rotation": [
                0,
                0,
                50
              ],
              "uv": [
                22,
                54
              ]
            },
            {
              "origin": [
                1,
                8.775,
                -1
              ],
              "size": [
                2,
                6,
                6
              ],
              "inflate": -0.1,
              "pivot": [
                2,
                10.775,
                1.5
              ],
              "rotation": [
                0,
                0,
                62.5
              ],
              "uv": [
                58,
                0
              ]
            },
            {
              "origin": [
                1.1,
                7.425,
                -1
              ],
              "size": [
                2,
                7,
                6
              ],
              "pivot": [
                2.1,
                10.425,
                1.5
              ],
              "rotation": [
                0,
                0,
                85
              ],
              "uv": [
                52,
                51
              ]
            }
          ]
        },
        {
          "name": "bone13",
          "parent": "leg_left",
          "pivot": [
            3.5,
            11.25,
            2
          ],
          "cubes": [
            {
              "origin": [
                0.5,
                7.025,
                -1.125
              ],
              "size": [
                6,
                3,
                6
              ],
              "inflate": -0.001,
              "uv": [
                24,
                22
              ]
            },
            {
              "origin": [
                2,
                9.15,
                -2
              ],
              "size": [
                1,
                1,
                2
              ],
              "pivot": [
                3,
                9.15,
                -1
              ],
              "rotation": [
                72.5,
                0,
                0
              ],
              "uv": [
                62,
                79
              ]
            },
            {
              "origin": [
                5,
                9.15,
                -2
              ],
              "size": [
                1,
                1,
                2
              ],
              "pivot": [
                6,
                9.15,
                -1
              ],
              "rotation": [
                72.5,
                0,
                0
              ],
              "uv": [
                28,
                79
              ]
            },
            {
              "origin": [
                5.35,
                9.3,
                -0.6
              ],
              "size": [
                1,
                1,
                2
              ],
              "pivot": [
                6.35,
                9.3,
                0.4
              ],
              "rotation": [
                -107.28291,
                -87.53799,
                -179.78291
              ],
              "uv": [
                0,
                79
              ]
            }
          ]
        },
        {
          "name": "bone16",
          "parent": "bone13",
          "pivot": [
            3.5,
            7,
            -1.125
          ],
          "cubes": [
            {
              "origin": [
                0.5,
                4.025,
                -1.125
              ],
              "size": [
                6,
                3,
                6
              ],
              "uv": [
                0,
                13
              ]
            },
            {
              "origin": [
                1,
                2,
                -0.25
              ],
              "size": [
                4,
                3,
                5
              ],
              "uv": [
                54,
                64
              ]
            }
          ]
        },
        {
          "name": "bone17",
          "parent": "bone16",
          "pivot": [
            3,
            2,
            1
          ],
          "cubes": [
            {
              "origin": [
                2,
                0,
                1
              ],
              "size": [
                2,
                2,
                3
              ],
              "inflate": 0.025,
              "uv": [
                72,
                63
              ]
            }
          ]
        },
        {
          "name": "bone18",
          "parent": "bone17",
          "pivot": [
            3,
            0,
            1
          ],
          "cubes": [
            {
              "origin": [
                2,
                0,
                -1
              ],
              "size": [
                2,
                1,
                2
              ],
              "uv": [
                24,
                74
              ]
            }
          ]
        },
        {
          "name": "leg_right",
          "parent": "body",
          "pivot": [
            -2,
            12.75,
            2
          ],
          "cubes": [
            {
              "origin": [
                -3.1,
                7.425,
                -1
              ],
              "size": [
                2,
                7,
                6
              ],
              "pivot": [
                -2.1,
                10.425,
                1.5
              ],
              "rotation": [
                0,
                0,
                -85
              ],
              "uv": [
                52,
                38
              ]
            },
            {
              "origin": [
                -2.25,
                9.475,
                -1
              ],
              "size": [
                2,
                6,
                6
              ],
              "inflate": -0.2,
              "pivot": [
                -1.25,
                11.475,
                1.5
              ],
              "rotation": [
                0,
                0,
                -50
              ],
              "uv": [
                0,
                61
              ]
            },
            {
              "origin": [
                -3,
                8.775,
                -1
              ],
              "size": [
                2,
                6,
                6
              ],
              "inflate": -0.1,
              "pivot": [
                -2,
                10.775,
                1.5
              ],
              "rotation": [
                0,
                0,
                -62.5
              ],
              "uv": [
                38,
                64
              ]
            }
          ]
        },
        {
          "name": "bone11",
          "parent": "leg_right",
          "pivot": [
            -3.5,
            11.25,
            2
          ],
          "cubes": [
            {
              "origin": [
                -6.5,
                7.025,
                -1.125
              ],
              "size": [
                6,
                3,
                6
              ],
              "inflate": -0.001,
              "uv": [
                0,
                22
              ]
            },
            {
              "origin": [
                -6.35,
                9.3,
                -0.6
              ],
              "size": [
                1,
                1,
                2
              ],
              "pivot": [
                -6.35,
                9.3,
                0.4
              ],
              "rotation": [
                -107.28291,
                87.53799,
                179.78291
              ],
              "uv": [
                68,
                79
              ]
            },
            {
              "origin": [
                -3,
                9.15,
                -2
              ],
              "size": [
                1,
                1,
                2
              ],
              "pivot": [
                -3,
                9.15,
                -1
              ],
              "rotation": [
                72.5,
                0,
                0
              ],
              "uv": [
                16,
                79
              ]
            },
            {
              "origin": [
                -6,
                9.15,
                -2
              ],
              "size": [
                1,
                1,
                2
              ],
              "pivot": [
                -6,
                9.15,
                -1
              ],
              "rotation": [
                72.5,
                0,
                0
              ],
              "uv": [
                22,
                79
              ]
            },
            {
              "origin": [
                -6.5,
                7.025,
                -1.125
              ],
              "size": [
                6,
                3,
                6
              ],
              "inflate": -0.001,
              "uv": [
                0,
                31
              ]
            }
          ]
        },
        {
          "name": "bone12",
          "parent": "bone11",
          "pivot": [
            -3.5,
            7,
            -1.125
          ],
          "cubes": [
            {
              "origin": [
                -6.5,
                4.025,
                -1.125
              ],
              "size": [
                6,
                3,
                6
              ],
              "uv": [
                24,
                13
              ]
            },
            {
              "origin": [
                -5,
                2,
                -0.25
              ],
              "size": [
                4,
                3,
                5
              ],
              "uv": [
                16,
                66
              ]
            }
          ]
        },
        {
          "name": "bone14",
          "parent": "bone12",
          "pivot": [
            -3,
            2,
            1
          ],
          "cubes": [
            {
              "origin": [
                -4,
                0,
                1
              ],
              "size": [
                2,
                2,
                3
              ],
              "inflate": 0.025,
              "uv": [
                66,
                72
              ]
            }
          ]
        },
        {
          "name": "bone15",
          "parent": "bone14",
          "pivot": [
            -3,
            0,
            1
          ],
          "cubes": [
            {
              "origin": [
                -4,
                0,
                -1
              ],
              "size": [
                2,
                1,
                2
              ],
              "uv": [
                76,
                26
              ]
            }
          ]
        }
      ]
    }
  ]
}