{
	"format_version": "1.12.0",
	"minecraft:geometry": [
		{
			"description": {
				"identifier": "geometry.toxapex",
				"texture_width": 256,
				"texture_height": 128,
				"visible_bounds_width": 5,
				"visible_bounds_height": 3.5,
				"visible_bounds_offset": [0, 1.25, 0]
			},
			"bones": [
				{
					"name": "toxapex",
					"pivot": [0, 0, 0]
				},
				{
					"name": "body",
					"parent": "toxapex",
					"pivot": [0, 17, 0]
				},
				{
                    "name": "locator_seat_1",
                    "parent": "body",
                    "pivot": [0, 24, 6],
                    "locators": {
                        "seat_1": [0, 24, 6]
                    }
                },
				{
					"name": "hair",
					"parent": "body",
					"pivot": [0, 17, 0],
					"cubes": [
						{"origin": [-7.5, 17, -7.5], "size": [15, 5, 15], "uv": [0, 10]},
						{"origin": [-4.5, 22, -4.5], "size": [9, 3, 9], "uv": [45, 3]},
						{"origin": [-1, 27.5, -1], "size": [2, 2, 2], "uv": [0, 16]},
						{"origin": [-1.5, 24.5, -1.5], "size": [3, 3, 3], "uv": [0, 10]}
					]
				},
				{
					"name": "legs",
					"parent": "hair",
					"pivot": [0, 0, 0]
				},
				{
					"name": "legs_left",
					"parent": "legs",
					"pivot": [0, 19, 0]
				},
				{
					"name": "leg_front_left1",
					"parent": "legs_left",
					"pivot": [0, 20, -8],
					"rotation": [0, -12, 0]
				},
				{
					"name": "leg_front_left1_rotation",
					"parent": "leg_front_left1",
					"pivot": [0, 20, -8],
					"cubes": [
						{"origin": [0, 18, -12], "size": [5, 2, 5], "inflate": 0.01, "uv": [76, 0]}
					]
				},
				{
					"name": "leg_front_left1_2",
					"parent": "leg_front_left1_rotation",
					"pivot": [2.5, 19, -12],
					"cubes": [
						{"origin": [-0.5, 18, -14], "size": [6, 2, 3], "uv": [76, 7]}
					]
				},
				{
					"name": "leg_front_left1_3_rotation",
					"parent": "leg_front_left1_2",
					"pivot": [2.5, 20, -14]
				},
				{
					"name": "leg_front_left1_3",
					"parent": "leg_front_left1_3_rotation",
					"pivot": [2.5, 18, -14],
					"cubes": [
						{"origin": [-1, 18, -20], "size": [7, 2, 6], "uv": [76, 12]}
					]
				},
				{
					"name": "spike_front_left1",
					"parent": "leg_front_left1_3",
					"pivot": [2.5, 20, -19.5],
					"cubes": [
						{"origin": [1.5, 20, -20.5], "size": [2, 2, 2], "uv": [194, 1]},
						{"origin": [2, 21.5, -20], "size": [1, 2, 1], "uv": [194, 9]}
					]
				},
				{
					"name": "inner_spike_front_left1",
					"parent": "leg_front_left1_3",
					"pivot": [2.5, 18, -19],
					"cubes": [
						{"origin": [1.5, 15.5, -20], "size": [2, 3, 2], "uv": [172, 38]},
						{"origin": [2, 14, -19.5], "size": [1, 2, 1], "uv": [188, 38]}
					]
				},
				{
					"name": "leg_front_left1_4_rotation",
					"parent": "leg_front_left1_3",
					"pivot": [2.5, 20, -20]
				},
				{
					"name": "leg_front_left1_4",
					"parent": "leg_front_left1_4_rotation",
					"pivot": [2.5, 17.5, -20],
					"cubes": [
						{"origin": [-2, 17.5, -26], "size": [9, 3, 6], "uv": [76, 20]}
					]
				},
				{
					"name": "leg_front_left1_5_rotation",
					"parent": "leg_front_left1_4",
					"pivot": [2.5, 20.5, -26]
				},
				{
					"name": "leg_front_left1_5",
					"parent": "leg_front_left1_5_rotation",
					"pivot": [2.5, 17.5, -26],
					"cubes": [
						{"origin": [-2, 17.5, -32], "size": [9, 3, 6], "inflate": 0.01, "uv": [76, 29]}
					]
				},
				{
					"name": "fingers_front_left1",
					"parent": "leg_front_left1_5",
					"pivot": [2.5, 19, -30.5],
					"rotation": [90, 0, 0]
				},
				{
					"name": "finger_front_left1_1",
					"parent": "fingers_front_left1",
					"pivot": [-2, 20, -32],
					"cubes": [
						{"origin": [-2, 20, -32], "size": [2, 6, 0], "uv": [76, 38]},
						{"origin": [-2, 20, -32], "size": [0, 6, 2], "uv": [84, 36]}
					]
				},
				{
					"name": "finger_front_left1_2",
					"parent": "fingers_front_left1",
					"pivot": [7, 20, -32],
					"cubes": [
						{"origin": [5, 20, -32], "size": [2, 6, 0], "uv": [80, 38]},
						{"origin": [7, 20, -32], "size": [0, 6, 2], "uv": [88, 36]}
					]
				},
				{
					"name": "spike_front_left1_2",
					"parent": "leg_front_left1_5",
					"pivot": [2.5, 20.5, -27.5],
					"cubes": [
						{"origin": [1.5, 20.5, -28.5], "size": [2, 2, 2], "uv": [194, 5]},
						{"origin": [2, 22, -28], "size": [1, 2, 1], "uv": [198, 9]}
					]
				},
				{
					"name": "inner_spike_front_left1_2",
					"parent": "leg_front_left1_5",
					"pivot": [2.5, 17.5, -28],
					"cubes": [
						{"origin": [1.5, 15, -29], "size": [2, 3, 2], "uv": [180, 38]},
						{"origin": [2, 13.5, -28.5], "size": [1, 2, 1], "uv": [192, 38]}
					]
				},
				{
					"name": "leg_front_left2",
					"parent": "legs_left",
					"pivot": [5.5, 20, -5.5],
					"rotation": [0, -45, 0]
				},
				{
					"name": "leg_front_left2_rotation",
					"parent": "leg_front_left2",
					"pivot": [3, 20, -5.5],
					"rotation": [50, 0, 0],
					"cubes": [
						{"origin": [3, 18, -9.5], "size": [5, 2, 5], "inflate": 0.01, "uv": [96, 0]}
					]
				},
				{
					"name": "leg_front_left2_2",
					"parent": "leg_front_left2_rotation",
					"pivot": [5.5, 19, -9.5],
					"rotation": [-15, 0, 0],
					"cubes": [
						{"origin": [2.5, 18, -11.5], "size": [6, 2, 3], "uv": [94, 7]}
					]
				},
				{
					"name": "leg_front_left2_3",
					"parent": "leg_front_left2_2",
					"pivot": [5.5, 20, -11.5],
					"rotation": [15, 0, 0],
					"cubes": [
						{"origin": [2, 18, -17.5], "size": [7, 2, 6], "uv": [102, 12]}
					]
				},
				{
					"name": "spike_front_left2",
					"parent": "leg_front_left2_3",
					"pivot": [5.5, 20, -17],
					"cubes": [
						{"origin": [4.5, 20, -18], "size": [2, 2, 2], "uv": [202, 1]},
						{"origin": [5, 21.5, -17.5], "size": [1, 2, 1], "uv": [202, 9]}
					]
				},
				{
					"name": "leg_front_left2_4",
					"parent": "leg_front_left2_3",
					"pivot": [5.5, 20, -17.5],
					"rotation": [17.5, 0, 0],
					"cubes": [
						{"origin": [1, 17.5, -23.5], "size": [9, 3, 6], "uv": [106, 20]}
					]
				},
				{
					"name": "leg_front_left2_5",
					"parent": "leg_front_left2_4",
					"pivot": [5.5, 20.5, -23.5],
					"rotation": [23, 0, 0],
					"cubes": [
						{"origin": [1, 17.5, -29.5], "size": [9, 3, 6], "inflate": 0.01, "uv": [106, 29]}
					]
				},
				{
					"name": "fingers_front_left2",
					"parent": "leg_front_left2_5",
					"pivot": [5.5, 19, -28]
				},
				{
					"name": "finger_front_left2",
					"parent": "fingers_front_left2",
					"pivot": [1, 20, -29.5],
					"cubes": [
						{"origin": [1, 20, -29.5], "size": [2, 6, 0], "uv": [92, 38]},
						{"origin": [1, 20, -29.5], "size": [0, 6, 2], "uv": [100, 36]}
					]
				},
				{
					"name": "finger_front_left2_2",
					"parent": "fingers_front_left2",
					"pivot": [10, 20, -29.5],
					"cubes": [
						{"origin": [8, 20, -29.5], "size": [2, 6, 0], "uv": [96, 38]},
						{"origin": [10, 20, -29.5], "size": [0, 6, 2], "uv": [104, 36]}
					]
				},
				{
					"name": "spike_front_left2_2",
					"parent": "leg_front_left2_5",
					"pivot": [5.5, 20.5, -25],
					"cubes": [
						{"origin": [4.5, 20.5, -26], "size": [2, 2, 2], "uv": [202, 5]},
						{"origin": [5, 22, -25.5], "size": [1, 2, 1], "uv": [206, 9]}
					]
				},
				{
					"name": "leg_front_left3",
					"parent": "legs_left",
					"pivot": [8, 20, 0],
					"rotation": [0, -78, 0]
				},
				{
					"name": "leg_front_left3_rotation",
					"parent": "leg_front_left3",
					"pivot": [3, 20, 0],
					"rotation": [50, 0, 0],
					"cubes": [
						{"origin": [3, 18, -4], "size": [5, 2, 5], "inflate": 0.01, "uv": [116, 0]}
					]
				},
				{
					"name": "leg_front_left3_2",
					"parent": "leg_front_left3_rotation",
					"pivot": [5.5, 19, -4],
					"rotation": [-15, 0, 0],
					"cubes": [
						{"origin": [2.5, 18, -6], "size": [6, 2, 3], "uv": [112, 7]}
					]
				},
				{
					"name": "leg_front_left3_3",
					"parent": "leg_front_left3_2",
					"pivot": [5.5, 20, -6],
					"rotation": [15, 0, 0],
					"cubes": [
						{"origin": [2, 18, -12], "size": [7, 2, 6], "uv": [128, 12]}
					]
				},
				{
					"name": "spike_front_left3_1",
					"parent": "leg_front_left3_3",
					"pivot": [5.5, 20, -11.5],
					"cubes": [
						{"origin": [4.5, 20, -12.5], "size": [2, 2, 2], "uv": [210, 1]},
						{"origin": [5, 21.5, -12], "size": [1, 2, 1], "uv": [210, 9]}
					]
				},
				{
					"name": "leg_front_left3_4",
					"parent": "leg_front_left3_3",
					"pivot": [5.5, 20, -12],
					"rotation": [17.5, 0, 0],
					"cubes": [
						{"origin": [1, 17.5, -18], "size": [9, 3, 6], "uv": [136, 20]}
					]
				},
				{
					"name": "leg_front_left3_5",
					"parent": "leg_front_left3_4",
					"pivot": [5.5, 20.5, -18],
					"rotation": [23, 0, 0],
					"cubes": [
						{"origin": [1, 17.5, -24], "size": [9, 3, 6], "inflate": 0.01, "uv": [136, 29]}
					]
				},
				{
					"name": "fingers_front_left3",
					"parent": "leg_front_left3_5",
					"pivot": [5.5, 19, -22.5]
				},
				{
					"name": "finger_front_left3_1",
					"parent": "fingers_front_left3",
					"pivot": [1, 20, -24],
					"cubes": [
						{"origin": [1, 20, -24], "size": [2, 6, 0], "uv": [108, 38]},
						{"origin": [1, 20, -24], "size": [0, 6, 2], "uv": [116, 36]}
					]
				},
				{
					"name": "finger_front_left3_2",
					"parent": "fingers_front_left3",
					"pivot": [10, 20, -24],
					"cubes": [
						{"origin": [8, 20, -24], "size": [2, 6, 0], "uv": [112, 38]},
						{"origin": [10, 20, -24], "size": [0, 6, 2], "uv": [120, 36]}
					]
				},
				{
					"name": "spike_front_left3_2",
					"parent": "leg_front_left3_5",
					"pivot": [5.5, 20.5, -19.5],
					"cubes": [
						{"origin": [4.5, 20.5, -20.5], "size": [2, 2, 2], "uv": [210, 5]},
						{"origin": [5, 22, -20], "size": [1, 2, 1], "uv": [214, 9]}
					]
				},
				{
					"name": "leg_back_left1",
					"parent": "legs_left",
					"pivot": [0, 20, 8],
					"rotation": [0, 12, 0]
				},
				{
					"name": "leg_back_left1_rotation",
					"parent": "leg_back_left1",
					"pivot": [0, 20, 8],
					"rotation": [-50, 0, 0],
					"cubes": [
						{"origin": [0, 18, 7], "size": [5, 2, 5], "inflate": 0.01, "uv": [136, 0]}
					]
				},
				{
					"name": "leg_back_left1_2",
					"parent": "leg_back_left1_rotation",
					"pivot": [2.5, 19, 12],
					"rotation": [15, 0, 0],
					"cubes": [
						{"origin": [-0.5, 18, 11], "size": [6, 2, 3], "uv": [130, 7]}
					]
				},
				{
					"name": "leg_back_left1_3",
					"parent": "leg_back_left1_2",
					"pivot": [2.5, 20, 14],
					"rotation": [-15, 0, 0],
					"cubes": [
						{"origin": [-1, 18, 14], "size": [7, 2, 6], "uv": [154, 12]}
					]
				},
				{
					"name": "spike_back_left1",
					"parent": "leg_back_left1_3",
					"pivot": [2.5, 20, 19.5],
					"cubes": [
						{"origin": [1.5, 20, 18.5], "size": [2, 2, 2], "uv": [218, 1]},
						{"origin": [2, 21.5, 19], "size": [1, 2, 1], "uv": [218, 9]}
					]
				},
				{
					"name": "leg_back_left1_4",
					"parent": "leg_back_left1_3",
					"pivot": [2.5, 20, 20],
					"rotation": [-17.5, 0, 0],
					"cubes": [
						{"origin": [-2, 17.5, 20], "size": [9, 3, 6], "uv": [166, 20]}
					]
				},
				{
					"name": "leg_back_left1_5",
					"parent": "leg_back_left1_4",
					"pivot": [2.5, 20.5, 26],
					"rotation": [-23, 0, 0],
					"cubes": [
						{"origin": [-2, 17.5, 26], "size": [9, 3, 6], "inflate": 0.01, "uv": [166, 29]}
					]
				},
				{
					"name": "fingers_back_left1",
					"parent": "leg_back_left1_5",
					"pivot": [2.5, 19, 30.5]
				},
				{
					"name": "finger_back_left1_1",
					"parent": "fingers_back_left1",
					"pivot": [-2, 20, 32],
					"cubes": [
						{"origin": [-2, 20, 32], "size": [2, 6, 0], "uv": [128, 38]},
						{"origin": [-2, 20, 30], "size": [0, 6, 2], "uv": [136, 36]}
					]
				},
				{
					"name": "finger_back_left1_2",
					"parent": "fingers_back_left1",
					"pivot": [7, 20, 32],
					"cubes": [
						{"origin": [5, 20, 32], "size": [2, 6, 0], "uv": [124, 38]},
						{"origin": [7, 20, 30], "size": [0, 6, 2], "uv": [132, 36]}
					]
				},
				{
					"name": "spike_back_left1_2",
					"parent": "leg_back_left1_5",
					"pivot": [2.5, 20.5, 27.5],
					"cubes": [
						{"origin": [1.5, 20.5, 26.5], "size": [2, 2, 2], "uv": [218, 5]},
						{"origin": [2, 22, 27], "size": [1, 2, 1], "uv": [222, 9]}
					]
				},
				{
					"name": "leg_back_left2",
					"parent": "legs_left",
					"pivot": [5.5, 20, 5.5],
					"rotation": [0, 45, 0]
				},
				{
					"name": "leg_back_left2_rotation",
					"parent": "leg_back_left2",
					"pivot": [3, 20, 5.5],
					"rotation": [-50, 0, 0],
					"cubes": [
						{"origin": [3, 18, 4.5], "size": [5, 2, 5], "inflate": 0.01, "uv": [156, 0]}
					]
				},
				{
					"name": "leg_back_left2_2",
					"parent": "leg_back_left2_rotation",
					"pivot": [5.5, 19, 9.5],
					"rotation": [15, 0, 0],
					"cubes": [
						{"origin": [2.5, 18, 8.5], "size": [6, 2, 3], "uv": [148, 7]}
					]
				},
				{
					"name": "leg_back_left2_3",
					"parent": "leg_back_left2_2",
					"pivot": [5.5, 20, 11.5],
					"rotation": [-15, 0, 0],
					"cubes": [
						{"origin": [2, 18, 11.5], "size": [7, 2, 6], "uv": [180, 12]}
					]
				},
				{
					"name": "spike_back_left2",
					"parent": "leg_back_left2_3",
					"pivot": [5.5, 20, 17],
					"cubes": [
						{"origin": [4.5, 20, 16], "size": [2, 2, 2], "uv": [226, 1]},
						{"origin": [5, 21.5, 16.5], "size": [1, 2, 1], "uv": [226, 9]}
					]
				},
				{
					"name": "leg_back_left2_4",
					"parent": "leg_back_left2_3",
					"pivot": [5.5, 20, 17.5],
					"rotation": [-17.5, 0, 0],
					"cubes": [
						{"origin": [1, 17.5, 17.5], "size": [9, 3, 6], "uv": [196, 20]}
					]
				},
				{
					"name": "leg_back_left2_5",
					"parent": "leg_back_left2_4",
					"pivot": [5.5, 20.5, 23.5],
					"rotation": [-23, 0, 0],
					"cubes": [
						{"origin": [1, 17.5, 23.5], "size": [9, 3, 6], "inflate": 0.01, "uv": [196, 29]}
					]
				},
				{
					"name": "fingers_back_left2",
					"parent": "leg_back_left2_5",
					"pivot": [5.5, 19, 28]
				},
				{
					"name": "finger_back_left2",
					"parent": "fingers_back_left2",
					"pivot": [1, 20, 29.5],
					"cubes": [
						{"origin": [1, 20, 29.5], "size": [2, 6, 0], "uv": [144, 38]},
						{"origin": [1, 20, 27.5], "size": [0, 6, 2], "uv": [152, 36]}
					]
				},
				{
					"name": "finger_back_left2_2",
					"parent": "fingers_back_left2",
					"pivot": [10, 20, 29.5],
					"cubes": [
						{"origin": [8, 20, 29.5], "size": [2, 6, 0], "uv": [140, 38]},
						{"origin": [10, 20, 27.5], "size": [0, 6, 2], "uv": [148, 36]}
					]
				},
				{
					"name": "spike_back_left2_2",
					"parent": "leg_back_left2_5",
					"pivot": [5.5, 20.5, 25],
					"cubes": [
						{"origin": [4.5, 20.5, 24], "size": [2, 2, 2], "uv": [226, 5]},
						{"origin": [5, 22, 24.5], "size": [1, 2, 1], "uv": [230, 9]}
					]
				},
				{
					"name": "leg_back_left3",
					"parent": "legs_left",
					"pivot": [8, 20, 0],
					"rotation": [0, 78, 0]
				},
				{
					"name": "leg_back_left3_rotation",
					"parent": "leg_back_left3",
					"pivot": [3, 20, 0],
					"rotation": [-50, 0, 0],
					"cubes": [
						{"origin": [3, 18, -1], "size": [5, 2, 5], "inflate": 0.01, "uv": [176, 0]}
					]
				},
				{
					"name": "leg_back_left3_2",
					"parent": "leg_back_left3_rotation",
					"pivot": [5.5, 19, 4],
					"rotation": [15, 0, 0],
					"cubes": [
						{"origin": [2.5, 18, 3], "size": [6, 2, 3], "uv": [166, 7]}
					]
				},
				{
					"name": "leg_back_left3_3",
					"parent": "leg_back_left3_2",
					"pivot": [5.5, 20, 6],
					"rotation": [-15, 0, 0],
					"cubes": [
						{"origin": [2, 18, 6], "size": [7, 2, 6], "uv": [206, 12]}
					]
				},
				{
					"name": "spike_back_left3_1",
					"parent": "leg_back_left3_3",
					"pivot": [5.5, 20, 11.5],
					"cubes": [
						{"origin": [4.5, 20, 10.5], "size": [2, 2, 2], "uv": [234, 1]},
						{"origin": [5, 21.5, 11], "size": [1, 2, 1], "uv": [234, 9]}
					]
				},
				{
					"name": "leg_back_left3_4",
					"parent": "leg_back_left3_3",
					"pivot": [5.5, 20, 12],
					"rotation": [-17.5, 0, 0],
					"cubes": [
						{"origin": [1, 17.5, 12], "size": [9, 3, 6], "uv": [226, 20]}
					]
				},
				{
					"name": "leg_back_left3_5",
					"parent": "leg_back_left3_4",
					"pivot": [5.5, 20.5, 18],
					"rotation": [-23, 0, 0],
					"cubes": [
						{"origin": [1, 17.5, 18], "size": [9, 3, 6], "inflate": 0.01, "uv": [226, 29]}
					]
				},
				{
					"name": "fingers_back_left3",
					"parent": "leg_back_left3_5",
					"pivot": [5.5, 19, 22.5]
				},
				{
					"name": "finger_back_left3_1",
					"parent": "fingers_back_left3",
					"pivot": [1, 20, 24],
					"cubes": [
						{"origin": [1, 20, 24], "size": [2, 6, 0], "uv": [160, 38]},
						{"origin": [1, 20, 22], "size": [0, 6, 2], "uv": [168, 36]}
					]
				},
				{
					"name": "finger_back_left3_2",
					"parent": "fingers_back_left3",
					"pivot": [10, 20, 24],
					"cubes": [
						{"origin": [8, 20, 24], "size": [2, 6, 0], "uv": [156, 38]},
						{"origin": [10, 20, 22], "size": [0, 6, 2], "uv": [164, 36]}
					]
				},
				{
					"name": "spike_back_left3_2",
					"parent": "leg_back_left3_5",
					"pivot": [5.5, 20.5, 19.5],
					"cubes": [
						{"origin": [4.5, 20.5, 18.5], "size": [2, 2, 2], "uv": [234, 5]},
						{"origin": [5, 22, 19], "size": [1, 2, 1], "uv": [238, 9]}
					]
				},
				{
					"name": "legs_right",
					"parent": "legs",
					"pivot": [0, 19, 0]
				},
				{
					"name": "leg_front_right1",
					"parent": "legs_right",
					"pivot": [0, 20, -8],
					"rotation": [0, 12, 0]
				},
				{
					"name": "leg_front_right1_rotation",
					"parent": "leg_front_right1",
					"pivot": [0, 20, -8],
					"cubes": [
						{"origin": [-5, 18, -12], "size": [5, 2, 5], "inflate": 0.01, "uv": [76, 45], "mirror": true}
					]
				},
				{
					"name": "leg_front_right1_2",
					"parent": "leg_front_right1_rotation",
					"pivot": [-2.5, 19, -12],
					"cubes": [
						{"origin": [-5.5, 18, -14], "size": [6, 2, 3], "uv": [76, 52], "mirror": true}
					]
				},
				{
					"name": "leg_front_right1_3_rotation",
					"parent": "leg_front_right1_2",
					"pivot": [-2.5, 20, -14]
				},
				{
					"name": "leg_front_right1_3",
					"parent": "leg_front_right1_3_rotation",
					"pivot": [-2.5, 18, -14],
					"cubes": [
						{"origin": [-6, 18, -20], "size": [7, 2, 6], "uv": [76, 57], "mirror": true}
					]
				},
				{
					"name": "spike_front_right1",
					"parent": "leg_front_right1_3",
					"pivot": [-2.5, 20, -19.5],
					"cubes": [
						{"origin": [-3.5, 20, -20.5], "size": [2, 2, 2], "uv": [194, 46], "mirror": true},
						{"origin": [-3, 21.5, -20], "size": [1, 2, 1], "uv": [194, 54], "mirror": true}
					]
				},
				{
					"name": "inner_spike_front_right1",
					"parent": "leg_front_right1_3",
					"pivot": [-2.5, 18, -19],
					"cubes": [
						{"origin": [-3.5, 15.5, -20], "size": [2, 3, 2], "uv": [172, 83], "mirror": true},
						{"origin": [-3, 14, -19.5], "size": [1, 2, 1], "uv": [188, 83], "mirror": true}
					]
				},
				{
					"name": "leg_front_right1_4_rotation",
					"parent": "leg_front_right1_3",
					"pivot": [-2.5, 20, -20]
				},
				{
					"name": "leg_front_right1_4",
					"parent": "leg_front_right1_4_rotation",
					"pivot": [-2.5, 18, -20],
					"cubes": [
						{"origin": [-7, 17.5, -26], "size": [9, 3, 6], "uv": [76, 65], "mirror": true}
					]
				},
				{
					"name": "leg_front_right1_5_rotation",
					"parent": "leg_front_right1_4",
					"pivot": [-2.5, 20.5, -26]
				},
				{
					"name": "leg_front_right1_5",
					"parent": "leg_front_right1_5_rotation",
					"pivot": [-2.5, 17.5, -26],
					"cubes": [
						{"origin": [-7, 17.5, -32], "size": [9, 3, 6], "inflate": 0.01, "uv": [76, 74], "mirror": true}
					]
				},
				{
					"name": "fingers_front_right1",
					"parent": "leg_front_right1_5",
					"pivot": [-2.5, 19, -30.5],
					"rotation": [90, 0, 0]
				},
				{
					"name": "finger_front_right1_1",
					"parent": "fingers_front_right1",
					"pivot": [2, 20, -32],
					"cubes": [
						{"origin": [0, 20, -32], "size": [2, 6, 0], "uv": [76, 83], "mirror": true},
						{"origin": [2, 20, -32], "size": [0, 6, 2], "uv": [84, 81], "mirror": true}
					]
				},
				{
					"name": "finger_front_right1_2",
					"parent": "fingers_front_right1",
					"pivot": [-7, 20, -32],
					"cubes": [
						{"origin": [-7, 20, -32], "size": [2, 6, 0], "uv": [80, 83], "mirror": true},
						{"origin": [-7, 20, -32], "size": [0, 6, 2], "uv": [88, 81], "mirror": true}
					]
				},
				{
					"name": "spike_front_right1_2",
					"parent": "leg_front_right1_5",
					"pivot": [-2.5, 20.5, -27.5],
					"cubes": [
						{"origin": [-3.5, 20.5, -28.5], "size": [2, 2, 2], "uv": [194, 50], "mirror": true},
						{"origin": [-3, 22, -28], "size": [1, 2, 1], "uv": [198, 54], "mirror": true}
					]
				},
				{
					"name": "inner_spike_front_right1_2",
					"parent": "leg_front_right1_5",
					"pivot": [-2.5, 17.5, -28],
					"cubes": [
						{"origin": [-3.5, 15, -29], "size": [2, 3, 2], "uv": [180, 83], "mirror": true},
						{"origin": [-3, 13.5, -28.5], "size": [1, 2, 1], "uv": [192, 83], "mirror": true}
					]
				},
				{
					"name": "leg_front_right2",
					"parent": "legs_right",
					"pivot": [-5.5, 20, -5.5],
					"rotation": [0, 45, 0]
				},
				{
					"name": "leg_front_right2_rotation",
					"parent": "leg_front_right2",
					"pivot": [-3, 20, -5.5],
					"rotation": [50, 0, 0],
					"cubes": [
						{"origin": [-8, 18, -9.5], "size": [5, 2, 5], "inflate": 0.01, "uv": [96, 45], "mirror": true}
					]
				},
				{
					"name": "leg_front_right2_2",
					"parent": "leg_front_right2_rotation",
					"pivot": [-5.5, 19, -9.5],
					"rotation": [-15, 0, 0],
					"cubes": [
						{"origin": [-8.5, 18, -11.5], "size": [6, 2, 3], "uv": [94, 52], "mirror": true}
					]
				},
				{
					"name": "leg_front_right2_3",
					"parent": "leg_front_right2_2",
					"pivot": [-5.5, 20, -11.5],
					"rotation": [15, 0, 0],
					"cubes": [
						{"origin": [-9, 18, -17.5], "size": [7, 2, 6], "uv": [102, 57], "mirror": true}
					]
				},
				{
					"name": "spike_front_right2",
					"parent": "leg_front_right2_3",
					"pivot": [-5.5, 20, -17],
					"cubes": [
						{"origin": [-6.5, 20, -18], "size": [2, 2, 2], "uv": [202, 46], "mirror": true},
						{"origin": [-6, 21.5, -17.5], "size": [1, 2, 1], "uv": [202, 54], "mirror": true}
					]
				},
				{
					"name": "leg_front_right2_4",
					"parent": "leg_front_right2_3",
					"pivot": [-5.5, 20, -17.5],
					"rotation": [17.5, 0, 0],
					"cubes": [
						{"origin": [-10, 17.5, -23.5], "size": [9, 3, 6], "uv": [106, 65], "mirror": true}
					]
				},
				{
					"name": "leg_front_right2_5",
					"parent": "leg_front_right2_4",
					"pivot": [-5.5, 20.5, -23.5],
					"rotation": [23, 0, 0],
					"cubes": [
						{"origin": [-10, 17.5, -29.5], "size": [9, 3, 6], "inflate": 0.01, "uv": [106, 74], "mirror": true}
					]
				},
				{
					"name": "fingers_front_right2",
					"parent": "leg_front_right2_5",
					"pivot": [-5.5, 19, -28]
				},
				{
					"name": "finger_front_right2",
					"parent": "fingers_front_right2",
					"pivot": [-1, 20, -29.5],
					"cubes": [
						{"origin": [-3, 20, -29.5], "size": [2, 6, 0], "uv": [92, 83], "mirror": true},
						{"origin": [-1, 20, -29.5], "size": [0, 6, 2], "uv": [100, 81], "mirror": true}
					]
				},
				{
					"name": "finger_front_right2_2",
					"parent": "fingers_front_right2",
					"pivot": [-10, 20, -29.5],
					"cubes": [
						{"origin": [-10, 20, -29.5], "size": [2, 6, 0], "uv": [96, 83], "mirror": true},
						{"origin": [-10, 20, -29.5], "size": [0, 6, 2], "uv": [104, 81], "mirror": true}
					]
				},
				{
					"name": "spike_front_right2_2",
					"parent": "leg_front_right2_5",
					"pivot": [-5.5, 20.5, -25],
					"cubes": [
						{"origin": [-6.5, 20.5, -26], "size": [2, 2, 2], "uv": [202, 50], "mirror": true},
						{"origin": [-6, 22, -25.5], "size": [1, 2, 1], "uv": [206, 54], "mirror": true}
					]
				},
				{
					"name": "leg_front_right3",
					"parent": "legs_right",
					"pivot": [-8, 20, 0],
					"rotation": [0, 78, 0]
				},
				{
					"name": "leg_front_right3_rotation",
					"parent": "leg_front_right3",
					"pivot": [-3, 20, 0],
					"rotation": [50, 0, 0],
					"cubes": [
						{"origin": [-8, 18, -4], "size": [5, 2, 5], "inflate": 0.01, "uv": [116, 45], "mirror": true}
					]
				},
				{
					"name": "leg_front_right3_2",
					"parent": "leg_front_right3_rotation",
					"pivot": [-5.5, 19, -4],
					"rotation": [-15, 0, 0],
					"cubes": [
						{"origin": [-8.5, 18, -6], "size": [6, 2, 3], "uv": [112, 52], "mirror": true}
					]
				},
				{
					"name": "leg_front_right3_3",
					"parent": "leg_front_right3_2",
					"pivot": [-5.5, 20, -6],
					"rotation": [15, 0, 0],
					"cubes": [
						{"origin": [-9, 18, -12], "size": [7, 2, 6], "uv": [128, 57], "mirror": true}
					]
				},
				{
					"name": "spike_front_right3_1",
					"parent": "leg_front_right3_3",
					"pivot": [-5.5, 20, -11.5],
					"cubes": [
						{"origin": [-6.5, 20, -12.5], "size": [2, 2, 2], "uv": [210, 46], "mirror": true},
						{"origin": [-6, 21.5, -12], "size": [1, 2, 1], "uv": [210, 54], "mirror": true}
					]
				},
				{
					"name": "leg_front_right3_4",
					"parent": "leg_front_right3_3",
					"pivot": [-5.5, 20, -12],
					"rotation": [17.5, 0, 0],
					"cubes": [
						{"origin": [-10, 17.5, -18], "size": [9, 3, 6], "uv": [136, 65], "mirror": true}
					]
				},
				{
					"name": "leg_front_right3_5",
					"parent": "leg_front_right3_4",
					"pivot": [-5.5, 20.5, -18],
					"rotation": [23, 0, 0],
					"cubes": [
						{"origin": [-10, 17.5, -24], "size": [9, 3, 6], "inflate": 0.01, "uv": [136, 74], "mirror": true}
					]
				},
				{
					"name": "fingers_front_right3",
					"parent": "leg_front_right3_5",
					"pivot": [-5.5, 19, -22.5]
				},
				{
					"name": "finger_front_right3_1",
					"parent": "fingers_front_right3",
					"pivot": [-1, 20, -24],
					"cubes": [
						{"origin": [-3, 20, -24], "size": [2, 6, 0], "uv": [108, 83], "mirror": true},
						{"origin": [-1, 20, -24], "size": [0, 6, 2], "uv": [116, 81], "mirror": true}
					]
				},
				{
					"name": "finger_front_right3_2",
					"parent": "fingers_front_right3",
					"pivot": [-10, 20, -24],
					"cubes": [
						{"origin": [-10, 20, -24], "size": [2, 6, 0], "uv": [112, 83], "mirror": true},
						{"origin": [-10, 20, -24], "size": [0, 6, 2], "uv": [120, 81], "mirror": true}
					]
				},
				{
					"name": "spike_front_right3_2",
					"parent": "leg_front_right3_5",
					"pivot": [-5.5, 20.5, -19.5],
					"cubes": [
						{"origin": [-6.5, 20.5, -20.5], "size": [2, 2, 2], "uv": [210, 50], "mirror": true},
						{"origin": [-6, 22, -20], "size": [1, 2, 1], "uv": [214, 54], "mirror": true}
					]
				},
				{
					"name": "leg_back_right1",
					"parent": "legs_right",
					"pivot": [0, 20, 8],
					"rotation": [0, -12, 0]
				},
				{
					"name": "leg_back_right1_rotation",
					"parent": "leg_back_right1",
					"pivot": [0, 20, 8],
					"rotation": [-50, 0, 0],
					"cubes": [
						{"origin": [-5, 18, 7], "size": [5, 2, 5], "inflate": 0.01, "uv": [136, 45], "mirror": true}
					]
				},
				{
					"name": "leg_back_right1_2",
					"parent": "leg_back_right1_rotation",
					"pivot": [-2.5, 19, 12],
					"rotation": [15, 0, 0],
					"cubes": [
						{"origin": [-5.5, 18, 11], "size": [6, 2, 3], "uv": [130, 52], "mirror": true}
					]
				},
				{
					"name": "leg_back_right1_3",
					"parent": "leg_back_right1_2",
					"pivot": [-2.5, 20, 14],
					"rotation": [-15, 0, 0],
					"cubes": [
						{"origin": [-6, 18, 14], "size": [7, 2, 6], "uv": [154, 57], "mirror": true}
					]
				},
				{
					"name": "spike_back_right1",
					"parent": "leg_back_right1_3",
					"pivot": [-2.5, 20, 19.5],
					"cubes": [
						{"origin": [-3.5, 20, 18.5], "size": [2, 2, 2], "uv": [218, 46], "mirror": true},
						{"origin": [-3, 21.5, 19], "size": [1, 2, 1], "uv": [218, 54], "mirror": true}
					]
				},
				{
					"name": "leg_back_right1_4",
					"parent": "leg_back_right1_3",
					"pivot": [-2.5, 20, 20],
					"rotation": [-17.5, 0, 0],
					"cubes": [
						{"origin": [-7, 17.5, 20], "size": [9, 3, 6], "uv": [166, 65], "mirror": true}
					]
				},
				{
					"name": "leg_back_right1_5",
					"parent": "leg_back_right1_4",
					"pivot": [-2.5, 20.5, 26],
					"rotation": [-23, 0, 0],
					"cubes": [
						{"origin": [-7, 17.5, 26], "size": [9, 3, 6], "inflate": 0.01, "uv": [166, 74], "mirror": true}
					]
				},
				{
					"name": "fingers_back_right1",
					"parent": "leg_back_right1_5",
					"pivot": [-2.5, 19, 30.5]
				},
				{
					"name": "finger_back_right1_1",
					"parent": "fingers_back_right1",
					"pivot": [2, 20, 32],
					"cubes": [
						{"origin": [0, 20, 32], "size": [2, 6, 0], "uv": [128, 83], "mirror": true},
						{"origin": [2, 20, 30], "size": [0, 6, 2], "uv": [136, 81], "mirror": true}
					]
				},
				{
					"name": "finger_back_right1_2",
					"parent": "fingers_back_right1",
					"pivot": [-7, 20, 32],
					"cubes": [
						{"origin": [-7, 20, 32], "size": [2, 6, 0], "uv": [124, 83], "mirror": true},
						{"origin": [-7, 20, 30], "size": [0, 6, 2], "uv": [132, 81], "mirror": true}
					]
				},
				{
					"name": "spike_back_right1_2",
					"parent": "leg_back_right1_5",
					"pivot": [-2.5, 20.5, 27.5],
					"cubes": [
						{"origin": [-3.5, 20.5, 26.5], "size": [2, 2, 2], "uv": [218, 50], "mirror": true},
						{"origin": [-3, 22, 27], "size": [1, 2, 1], "uv": [222, 54], "mirror": true}
					]
				},
				{
					"name": "leg_back_right2",
					"parent": "legs_right",
					"pivot": [-5.5, 20, 5.5],
					"rotation": [0, -45, 0]
				},
				{
					"name": "leg_back_right2_rotation",
					"parent": "leg_back_right2",
					"pivot": [-3, 20, 5.5],
					"rotation": [-50, 0, 0],
					"cubes": [
						{"origin": [-8, 18, 4.5], "size": [5, 2, 5], "inflate": 0.01, "uv": [156, 45], "mirror": true}
					]
				},
				{
					"name": "leg_back_right2_2",
					"parent": "leg_back_right2_rotation",
					"pivot": [-5.5, 19, 9.5],
					"rotation": [15, 0, 0],
					"cubes": [
						{"origin": [-8.5, 18, 8.5], "size": [6, 2, 3], "uv": [148, 52], "mirror": true}
					]
				},
				{
					"name": "leg_back_right2_3",
					"parent": "leg_back_right2_2",
					"pivot": [-5.5, 20, 11.5],
					"rotation": [-15, 0, 0],
					"cubes": [
						{"origin": [-9, 18, 11.5], "size": [7, 2, 6], "uv": [180, 57], "mirror": true}
					]
				},
				{
					"name": "spike_back_right2",
					"parent": "leg_back_right2_3",
					"pivot": [-5.5, 20, 17],
					"cubes": [
						{"origin": [-6.5, 20, 16], "size": [2, 2, 2], "uv": [226, 46], "mirror": true},
						{"origin": [-6, 21.5, 16.5], "size": [1, 2, 1], "uv": [226, 54], "mirror": true}
					]
				},
				{
					"name": "leg_back_right2_4",
					"parent": "leg_back_right2_3",
					"pivot": [-5.5, 20, 17.5],
					"rotation": [-17.5, 0, 0],
					"cubes": [
						{"origin": [-10, 17.5, 17.5], "size": [9, 3, 6], "uv": [196, 65], "mirror": true}
					]
				},
				{
					"name": "leg_back_right2_5",
					"parent": "leg_back_right2_4",
					"pivot": [-5.5, 20.5, 23.5],
					"rotation": [-23, 0, 0],
					"cubes": [
						{"origin": [-10, 17.5, 23.5], "size": [9, 3, 6], "inflate": 0.01, "uv": [196, 74], "mirror": true}
					]
				},
				{
					"name": "fingers_back_right2",
					"parent": "leg_back_right2_5",
					"pivot": [-5.5, 19, 28]
				},
				{
					"name": "finger_back_right2",
					"parent": "fingers_back_right2",
					"pivot": [-1, 20, 29.5],
					"cubes": [
						{"origin": [-3, 20, 29.5], "size": [2, 6, 0], "uv": [144, 83], "mirror": true},
						{"origin": [-1, 20, 27.5], "size": [0, 6, 2], "uv": [152, 81], "mirror": true}
					]
				},
				{
					"name": "finger_back_right2_2",
					"parent": "fingers_back_right2",
					"pivot": [-10, 20, 29.5],
					"cubes": [
						{"origin": [-10, 20, 29.5], "size": [2, 6, 0], "uv": [140, 83], "mirror": true},
						{"origin": [-10, 20, 27.5], "size": [0, 6, 2], "uv": [148, 81], "mirror": true}
					]
				},
				{
					"name": "spike_back_right2_2",
					"parent": "leg_back_right2_5",
					"pivot": [-5.5, 20.5, 25],
					"cubes": [
						{"origin": [-6.5, 20.5, 24], "size": [2, 2, 2], "uv": [226, 50], "mirror": true},
						{"origin": [-6, 22, 24.5], "size": [1, 2, 1], "uv": [230, 54], "mirror": true}
					]
				},
				{
					"name": "leg_back_right3",
					"parent": "legs_right",
					"pivot": [-8, 20, 0],
					"rotation": [0, -78, 0]
				},
				{
					"name": "leg_back_right3_rotation",
					"parent": "leg_back_right3",
					"pivot": [-3, 20, 0],
					"rotation": [-50, 0, 0],
					"cubes": [
						{"origin": [-8, 18, -1], "size": [5, 2, 5], "inflate": 0.01, "uv": [176, 45], "mirror": true}
					]
				},
				{
					"name": "leg_back_right3_2",
					"parent": "leg_back_right3_rotation",
					"pivot": [-5.5, 19, 4],
					"rotation": [15, 0, 0],
					"cubes": [
						{"origin": [-8.5, 18, 3], "size": [6, 2, 3], "uv": [166, 52], "mirror": true}
					]
				},
				{
					"name": "leg_back_right3_3",
					"parent": "leg_back_right3_2",
					"pivot": [-5.5, 20, 6],
					"rotation": [-15, 0, 0],
					"cubes": [
						{"origin": [-9, 18, 6], "size": [7, 2, 6], "uv": [206, 57], "mirror": true}
					]
				},
				{
					"name": "spike_back_right3_1",
					"parent": "leg_back_right3_3",
					"pivot": [-5.5, 20, 11.5],
					"cubes": [
						{"origin": [-6.5, 20, 10.5], "size": [2, 2, 2], "uv": [234, 46], "mirror": true},
						{"origin": [-6, 21.5, 11], "size": [1, 2, 1], "uv": [234, 54], "mirror": true}
					]
				},
				{
					"name": "leg_back_right3_4",
					"parent": "leg_back_right3_3",
					"pivot": [-5.5, 20, 12],
					"rotation": [-17.5, 0, 0],
					"cubes": [
						{"origin": [-10, 17.5, 12], "size": [9, 3, 6], "uv": [226, 65], "mirror": true}
					]
				},
				{
					"name": "leg_back_right3_5",
					"parent": "leg_back_right3_4",
					"pivot": [-5.5, 20.5, 18],
					"rotation": [-23, 0, 0],
					"cubes": [
						{"origin": [-10, 17.5, 18], "size": [9, 3, 6], "inflate": 0.01, "uv": [226, 74], "mirror": true}
					]
				},
				{
					"name": "fingers_back_right3",
					"parent": "leg_back_right3_5",
					"pivot": [-5.5, 19, 22.5]
				},
				{
					"name": "finger_back_right3_1",
					"parent": "fingers_back_right3",
					"pivot": [-1, 20, 24],
					"cubes": [
						{"origin": [-3, 20, 24], "size": [2, 6, 0], "uv": [160, 83], "mirror": true},
						{"origin": [-1, 20, 22], "size": [0, 6, 2], "uv": [168, 81], "mirror": true}
					]
				},
				{
					"name": "finger_back_right3_2",
					"parent": "fingers_back_right3",
					"pivot": [-10, 20, 24],
					"cubes": [
						{"origin": [-10, 20, 24], "size": [2, 6, 0], "uv": [156, 83], "mirror": true},
						{"origin": [-10, 20, 22], "size": [0, 6, 2], "uv": [164, 81], "mirror": true}
					]
				},
				{
					"name": "spike_back_right3_2",
					"parent": "leg_back_right3_5",
					"pivot": [-5.5, 20.5, 19.5],
					"cubes": [
						{"origin": [-6.5, 20.5, 18.5], "size": [2, 2, 2], "uv": [234, 50], "mirror": true},
						{"origin": [-6, 22, 19], "size": [1, 2, 1], "uv": [238, 54], "mirror": true}
					]
				},
				{
					"name": "small_spikes",
					"parent": "hair",
					"pivot": [0, 23.5, 0]
				},
				{
					"name": "small_spikes_left",
					"parent": "small_spikes",
					"pivot": [0, 23, 0]
				},
				{
					"name": "small_spike_front_left1",
					"parent": "small_spikes_left",
					"pivot": [2.5, 21.3, -6.5],
					"rotation": [0, -6, 0]
				},
				{
					"name": "small_spike_front_left1_rotation",
					"parent": "small_spike_front_left1",
					"pivot": [2.5, 21.3, -6.5],
					"rotation": [27.5, 0, 0],
					"cubes": [
						{"origin": [1, 20.3, -6.5], "size": [3, 6, 0], "uv": [76, 89]},
						{"origin": [2.5, 20.3, -8], "size": [0, 6, 3], "uv": [76, 92]}
					]
				},
				{
					"name": "small_spike_front_left2",
					"parent": "small_spikes_left",
					"pivot": [5, 21.3, -5],
					"rotation": [0, -45, 0]
				},
				{
					"name": "small_spike_front_left2_rotation",
					"parent": "small_spike_front_left2",
					"pivot": [5, 21.3, -5],
					"rotation": [27.5, 0, 0],
					"cubes": [
						{"origin": [3.5, 20.3, -5], "size": [3, 6, 0], "uv": [82, 89]},
						{"origin": [5, 20.3, -6.5], "size": [0, 6, 3], "uv": [82, 92]}
					]
				},
				{
					"name": "small_spike_front_left3",
					"parent": "small_spikes_left",
					"pivot": [6.5, 21.3, -2.5],
					"rotation": [0, -84, 0]
				},
				{
					"name": "small_spike_front_left3_rotation",
					"parent": "small_spike_front_left3",
					"pivot": [6.5, 21.3, -2.5],
					"rotation": [27.5, 0, 0],
					"cubes": [
						{"origin": [5, 20.3, -2.5], "size": [3, 6, 0], "uv": [88, 89]},
						{"origin": [6.5, 20.3, -4], "size": [0, 6, 3], "uv": [88, 92]}
					]
				},
				{
					"name": "small_spike_back_left1",
					"parent": "small_spikes_left",
					"pivot": [2.5, 21.3, 6.5],
					"rotation": [0, 6, 0]
				},
				{
					"name": "small_spike_back_left1_rotation",
					"parent": "small_spike_back_left1",
					"pivot": [2.5, 21.3, 6.5],
					"rotation": [-27.5, 0, 0],
					"cubes": [
						{"origin": [1, 20.3, 6.5], "size": [3, 6, 0], "uv": [106, 89]},
						{"origin": [2.5, 20.3, 5], "size": [0, 6, 3], "uv": [106, 92]}
					]
				},
				{
					"name": "small_spike_back_left2",
					"parent": "small_spikes_left",
					"pivot": [5, 21.3, 5],
					"rotation": [0, 45, 0]
				},
				{
					"name": "small_spike_back_left2_rotation",
					"parent": "small_spike_back_left2",
					"pivot": [5, 21.3, 5],
					"rotation": [-27.5, 0, 0],
					"cubes": [
						{"origin": [3.5, 20.3, 5], "size": [3, 6, 0], "uv": [100, 89]},
						{"origin": [5, 20.3, 3.5], "size": [0, 6, 3], "uv": [100, 92]}
					]
				},
				{
					"name": "small_spike_back_left3",
					"parent": "small_spikes_left",
					"pivot": [6.5, 21.3, 2.5],
					"rotation": [0, 84, 0]
				},
				{
					"name": "small_spike_back_left3_rotation",
					"parent": "small_spike_back_left3",
					"pivot": [6.5, 21.3, 2.5],
					"rotation": [-27.5, 0, 0],
					"cubes": [
						{"origin": [5, 20.3, 2.5], "size": [3, 6, 0], "uv": [94, 89]},
						{"origin": [6.5, 20.3, 1], "size": [0, 6, 3], "uv": [94, 92]}
					]
				},
				{
					"name": "small_spikes_right",
					"parent": "small_spikes",
					"pivot": [0, 23, 0]
				},
				{
					"name": "small_spike_front_right1",
					"parent": "small_spikes_right",
					"pivot": [-2.5, 21.3, -6.5],
					"rotation": [0, 6, 0]
				},
				{
					"name": "small_spike_front_right1_rotation",
					"parent": "small_spike_front_right1",
					"pivot": [-2.5, 21.3, -6.5],
					"rotation": [27.5, 0, 0],
					"cubes": [
						{"origin": [-4, 20.3, -6.5], "size": [3, 6, 0], "uv": [112, 89], "mirror": true},
						{"origin": [-2.5, 20.3, -8], "size": [0, 6, 3], "uv": [112, 92], "mirror": true}
					]
				},
				{
					"name": "small_spike_front_right2",
					"parent": "small_spikes_right",
					"pivot": [-5, 21.3, -5],
					"rotation": [0, 45, 0]
				},
				{
					"name": "small_spike_front_right2_rotation",
					"parent": "small_spike_front_right2",
					"pivot": [-5, 21.3, -5],
					"rotation": [27.5, 0, 0],
					"cubes": [
						{"origin": [-6.5, 20.3, -5], "size": [3, 6, 0], "uv": [118, 89], "mirror": true},
						{"origin": [-5, 20.3, -6.5], "size": [0, 6, 3], "uv": [118, 92], "mirror": true}
					]
				},
				{
					"name": "small_spike_front_right3",
					"parent": "small_spikes_right",
					"pivot": [-6.5, 21.3, -2.5],
					"rotation": [0, 84, 0]
				},
				{
					"name": "small_spike_front_right3_rotation",
					"parent": "small_spike_front_right3",
					"pivot": [-6.5, 21.3, -2.5],
					"rotation": [27.5, 0, 0],
					"cubes": [
						{"origin": [-8, 20.3, -2.5], "size": [3, 6, 0], "uv": [124, 89], "mirror": true},
						{"origin": [-6.5, 20.3, -4], "size": [0, 6, 3], "uv": [124, 92], "mirror": true}
					]
				},
				{
					"name": "small_spike_back_right1",
					"parent": "small_spikes_right",
					"pivot": [-2.5, 21.3, 6.5],
					"rotation": [0, -6, 0]
				},
				{
					"name": "small_spike_back_right1_rotation",
					"parent": "small_spike_back_right1",
					"pivot": [-2.5, 21.3, 6.5],
					"rotation": [-27.5, 0, 0],
					"cubes": [
						{"origin": [-4, 20.3, 6.5], "size": [3, 6, 0], "uv": [142, 89], "mirror": true},
						{"origin": [-2.5, 20.3, 5], "size": [0, 6, 3], "uv": [142, 92], "mirror": true}
					]
				},
				{
					"name": "small_spike_back_right2",
					"parent": "small_spikes_right",
					"pivot": [-5, 21.3, 5],
					"rotation": [0, -45, 0]
				},
				{
					"name": "small_spike_back_right2_rotation",
					"parent": "small_spike_back_right2",
					"pivot": [-5, 21.3, 5],
					"rotation": [-27.5, 0, 0],
					"cubes": [
						{"origin": [-6.5, 20.3, 5], "size": [3, 6, 0], "uv": [136, 89], "mirror": true},
						{"origin": [-5, 20.3, 3.5], "size": [0, 6, 3], "uv": [136, 92], "mirror": true}
					]
				},
				{
					"name": "small_spike_back_right3",
					"parent": "small_spikes_right",
					"pivot": [-6.5, 21.3, 2.5],
					"rotation": [0, -84, 0]
				},
				{
					"name": "small_spike_back_right3_rotation",
					"parent": "small_spike_back_right3",
					"pivot": [-6.5, 21.3, 2.5],
					"rotation": [-27.5, 0, 0],
					"cubes": [
						{"origin": [-8, 20.3, 2.5], "size": [3, 6, 0], "uv": [130, 89], "mirror": true},
						{"origin": [-6.5, 20.3, 1], "size": [0, 6, 3], "uv": [130, 92], "mirror": true}
					]
				},
				{
					"name": "head_connection",
					"parent": "hair",
					"pivot": [0, 17, 0],
					"cubes": [
						{"origin": [-0.5, 14, -0.5], "size": [1, 4, 1], "uv": [0, 0]}
					]
				},
				{
					"name": "head",
					"parent": "head_connection",
					"pivot": [0, 14.5, 0],
					"cubes": [
						{"origin": [-2.5, 9.5, -2.5], "size": [5, 5, 5], "uv": [0, 0]}
					]
				},
				{
					"name": "eyes",
					"parent": "head",
					"pivot": [0, 11, 0]
				},
				{
					"name": "eye_left",
					"parent": "eyes",
					"pivot": [1.51, 12.25, -2.01],
					"cubes": [
						{"origin": [0.51, 11.25, -2.51], "size": [2, 2, 1], "uv": [48, 6]}
					]
				},
				{
					"name": "eye_angry_left",
					"parent": "eye_left",
					"pivot": [1.91, 13.25, -1.92],
					"cubes": [
						{"origin": [0.41, 12.25, -2.42], "size": [1, 1, 0], "inflate": 0.01, "uv": [66, 2]},
						{"origin": [1.41, 12.75, -2.42], "size": [1, 1, 1], "inflate": 0.01, "uv": [66, 0]}
					]
				},
				{
					"name": "eye_sad_left",
					"parent": "eye_left",
					"pivot": [1.91, 13.25, -1.92],
					"cubes": [
						{"origin": [1.41, 12.75, -2.42], "size": [1, 1, 1], "inflate": 0.01, "uv": [73, 0]}
					]
				},
				{
					"name": "pupil_left",
					"parent": "eye_left",
					"pivot": [1.01, 12.25, -2.52],
					"cubes": [
						{"origin": [0.51, 11.25, -2.52], "size": [1, 2, 0], "uv": [46, 10]}
					]
				},
				{
					"name": "eyelid_left",
					"parent": "eye_left",
					"pivot": [1.41, 12.25, -1.92],
					"cubes": [
						{"origin": [0.41, 11.25, -2.42], "size": [2, 2, 1], "inflate": 0.01, "uv": [48, 9]}
					]
				},
				{
					"name": "eyelid_happy_left",
					"parent": "eye_left",
					"pivot": [1.41, 12.25, -1.42],
					"cubes": [
						{"origin": [0.41, 11.25, -2.42], "size": [2, 2, 2], "inflate": 0.01, "uv": [45, 21]}
					]
				},
				{
					"name": "eyelid_recoil_left",
					"parent": "eye_left",
					"pivot": [1.41, 12.25, -1.92],
					"cubes": [
						{"origin": [0.41, 11.25, -2.42], "size": [2, 2, 1], "inflate": 0.01, "uv": [54, 0]}
					]
				},
				{
					"name": "eye_right",
					"parent": "eyes",
					"pivot": [-1.51, 12.25, -2.01],
					"cubes": [
						{"origin": [-2.51, 11.25, -2.51], "size": [2, 2, 1], "uv": [48, 0], "mirror": true}
					]
				},
				{
					"name": "eye_angry_right",
					"parent": "eye_right",
					"pivot": [-1.91, 13.25, -1.92],
					"cubes": [
						{"origin": [-1.41, 12.25, -2.42], "size": [1, 1, 0], "inflate": 0.01, "uv": [68, 2], "mirror": true},
						{"origin": [-2.41, 12.75, -2.42], "size": [1, 1, 1], "inflate": 0.01, "uv": [70, 1], "mirror": true}
					]
				},
				{
					"name": "eye_sad_right",
					"parent": "eye_right",
					"pivot": [-1.91, 13.25, -1.92],
					"cubes": [
						{"origin": [-2.41, 12.75, -2.42], "size": [1, 1, 1], "inflate": 0.01, "uv": [73, 2], "mirror": true}
					]
				},
				{
					"name": "pupil_right",
					"parent": "eye_right",
					"pivot": [-1.01, 12.25, -2.52],
					"cubes": [
						{"origin": [-1.51, 11.25, -2.52], "size": [1, 2, 0], "uv": [46, 0], "mirror": true}
					]
				},
				{
					"name": "eyelid_right",
					"parent": "eye_right",
					"pivot": [-1.41, 12.25, -1.92],
					"cubes": [
						{"origin": [-2.41, 11.25, -2.42], "size": [2, 2, 1], "inflate": 0.01, "uv": [48, 3], "mirror": true}
					]
				},
				{
					"name": "eyelid_happy_right",
					"parent": "eye_right",
					"pivot": [-1.41, 12.25, -1.42],
					"cubes": [
						{"origin": [-2.41, 11.25, -2.42], "size": [2, 2, 2], "inflate": 0.01, "uv": [53, 21], "mirror": true}
					]
				},
				{
					"name": "eyelid_recoil_right",
					"parent": "eye_right",
					"pivot": [-1.41, 12.25, -1.92],
					"cubes": [
						{"origin": [-2.41, 11.25, -2.42], "size": [2, 2, 1], "inflate": 0.01, "uv": [60, 0], "mirror": true}
					]
				},
				{
					"name": "mouth",
					"parent": "head",
					"pivot": [0, -2.5, 1]
				},
				{
					"name": "mouth_closed",
					"parent": "mouth",
					"pivot": [0, 10, -2.51]
				},
				{
					"name": "teeth_closed",
					"parent": "mouth_closed",
					"pivot": [0, 10.2, -2.51],
					"rotation": [2, 0, 0],
					"cubes": [
						{"origin": [-0.5, 9.7, -2.49], "size": [1, 1, 0], "pivot": [0, 10.2, -2.51], "rotation": [0, 0, 45], "uv": [10, 30]},
						{"origin": [0.15, 10.35, -2.49], "size": [1, 1, 0.01], "pivot": [0, 10.2, -2.51], "rotation": [0, 0, 45], "uv": [10, 31]},
						{"origin": [-1.15, 9.05, -2.49], "size": [1, 1, 0.01], "pivot": [0, 10.2, -2.51], "rotation": [0, 0, 45], "uv": [10, 32]}
					]
				},
				{
					"name": "teeth_closed2",
					"parent": "mouth_closed",
					"pivot": [1.8, 10.65, -2.51],
					"rotation": [-2, 0, 0],
					"cubes": [
						{"origin": [1.3, 10.15, -2.495], "size": [1, 1, 0], "pivot": [1.8, 10.65, -2.51], "rotation": [0, 0, 45], "uv": [8, 30]}
					]
				},
				{
					"name": "teeth_closed3",
					"parent": "mouth_closed",
					"pivot": [-1.8, 10.65, -2.51],
					"rotation": [-2, 0, 0],
					"cubes": [
						{"origin": [-2.3, 10.15, -2.495], "size": [1, 1, 0], "pivot": [-1.8, 10.65, -2.51], "rotation": [0, 0, -45], "uv": [8, 31], "mirror": true}
					]
				},
				{
					"name": "mouth_open",
					"parent": "mouth",
					"pivot": [0, 10.05, -1.51],
					"cubes": [
						{"origin": [-2, 10.05, -1.505], "size": [4, 1, 0], "uv": [0, 30]}
					]
				},
				{
					"name": "teeth_open",
					"parent": "mouth_open",
					"pivot": [0, 10, -1.51],
					"rotation": [49.5, 0, 0],
					"cubes": [
						{"origin": [-0.5, 9.5, -1.49], "size": [1, 1, 0], "pivot": [0, 10, -1.51], "rotation": [0, 0, 45], "uv": [14, 30]},
						{"origin": [0.15, 10.15, -1.49], "size": [1, 1, 0.01], "pivot": [0, 10, -1.51], "rotation": [0, 0, 45], "uv": [14, 31]},
						{"origin": [-1.15, 8.85, -1.49], "size": [1, 1, 0.01], "pivot": [0, 10, -1.51], "rotation": [0, 0, 45], "uv": [14, 32]}
					]
				},
				{
					"name": "teeth_open2",
					"parent": "mouth_open",
					"pivot": [1.6, 11.1, -1.51],
					"rotation": [-29.5, 0, 0],
					"cubes": [
						{"origin": [1.1, 10.6, -1.49], "size": [1, 1, 0], "pivot": [1.6, 11.1, -1.51], "rotation": [0, 0, 45], "uv": [12, 30]}
					]
				},
				{
					"name": "teeth_open3",
					"parent": "mouth_open",
					"pivot": [-1.6, 11.1, -1.51],
					"rotation": [-29.5, 0, 0],
					"cubes": [
						{"origin": [-2.1, 10.6, -1.49], "size": [1, 1, 0], "pivot": [-1.6, 11.1, -1.51], "rotation": [0, 0, -45], "uv": [12, 31], "mirror": true}
					]
				},
				{
					"name": "neck",
					"parent": "head",
					"pivot": [0, -5, 0]
				},
				{
					"name": "neck_front",
					"parent": "neck",
					"pivot": [0, 9.5, -1.5],
					"rotation": [-45, 0, 0],
					"cubes": [
						{"origin": [-3.5, 4.5, -1.5], "size": [7, 5, 0], "uv": [15, 0]}
					]
				},
				{
					"name": "neck_back",
					"parent": "neck",
					"pivot": [0, 9.5, 1.5],
					"rotation": [45, 0, 0],
					"cubes": [
						{"origin": [-3.5, 4.5, 1.5], "size": [7, 5, 0], "uv": [20, 5]}
					]
				},
				{
					"name": "neck_left",
					"parent": "neck",
					"pivot": [1, 9.5, 0],
					"rotation": [0, 0, -40],
					"cubes": [
						{"origin": [1, 4.5, -3.5], "size": [0, 5, 7], "uv": [29, -7]}
					]
				},
				{
					"name": "neck_right",
					"parent": "neck",
					"pivot": [-1, 9.5, 0],
					"rotation": [0, 0, 40],
					"cubes": [
						{"origin": [-1, 4.5, -3.5], "size": [0, 5, 7], "uv": [34, -2], "mirror": true}
					]
				},
				{
					"name": "hair_top",
					"parent": "body",
					"pivot": [0, 25, -0.5]
				},
				{
					"name": "hair_top_front",
					"parent": "hair_top",
					"pivot": [0, 25, -1.9],
					"rotation": [15, 0, 0],
					"cubes": [
						{"origin": [-1, 24.5, -1.9], "size": [2, 3, 0], "uv": [45, 15]}
					]
				},
				{
					"name": "hair_top_back",
					"parent": "hair_top",
					"pivot": [0, 25, 1.9],
					"rotation": [-15, 0, 0],
					"cubes": [
						{"origin": [-1, 24.5, 1.9], "size": [2, 3, 0], "uv": [45, 18]}
					]
				},
				{
					"name": "hair_top_front_left",
					"parent": "hair_top",
					"pivot": [1.35, 25, -1.9],
					"rotation": [165, 65, 180],
					"cubes": [
						{"origin": [-0.65, 24.5, -1.9], "size": [2, 3, 0], "uv": [49, 15]}
					]
				},
				{
					"name": "hair_top_front_right",
					"parent": "hair_top",
					"pivot": [-1.35, 25, -1.9],
					"rotation": [165, -65, 180],
					"cubes": [
						{"origin": [-1.35, 24.5, -1.9], "size": [2, 3, 0], "uv": [49, 18], "mirror": true}
					]
				},
				{
					"name": "hair_top_back_left",
					"parent": "hair_top",
					"pivot": [1.35, 25, 1.9],
					"rotation": [-165, -65, 180],
					"cubes": [
						{"origin": [-0.65, 24.5, 1.9], "size": [2, 3, 0], "uv": [53, 15]}
					]
				},
				{
					"name": "hair_top_back_right",
					"parent": "hair_top",
					"pivot": [-1.35, 25, 1.9],
					"rotation": [-165, 65, 180],
					"cubes": [
						{"origin": [-1.35, 24.5, 1.9], "size": [2, 3, 0], "uv": [53, 18], "mirror": true}
					]
				}
			]
		}
	]
}