{
	"format_version": "1.12.0",
	"minecraft:geometry": [
		{
			"description": {
				"identifier": "geometry.cofagrigus",
				"texture_width": 256,
				"texture_height": 128,
				"visible_bounds_width": 11,
				"visible_bounds_height": 5.5,
				"visible_bounds_offset": [0, 2.25, 0]
			},
			"bones": [
				{
					"name": "cofagrigus",
					"pivot": [0, 0, 0]
				},
				{
					"name": "body",
					"parent": "cofagrigus",
					"pivot": [0, 28, 0],
					"cubes": [
						{"origin": [-8.5, 3.5, -3], "size": [17, 6, 12], "uv": [0, 57]},
						{"origin": [-8.5, 16.5, -1], "size": [17, 11, 10], "uv": [0, 29]},
						{"origin": [-8, 9.5, -1], "size": [16, 7, 10], "uv": [50, 110]},
						{"origin": [-9.5, 27.5, -1], "size": [19, 17, 10], "uv": [0, 0]},
						{"origin": [-8, 44.5, -1], "size": [16, 5, 10], "uv": [58, 0]}
					]
				},
				{
                    "name": "locator_seat_1",
                    "parent": "body",
                    "pivot": [0, 51, 6],
                    "locators": {
                        "seat_1": [0, 51, 6]
                    }
                },
				{
					"name": "shadow_body",
					"parent": "body",
					"pivot": [0, 10, 0],
					"cubes": [
						{"origin": [8, 16.5, 9], "size": [-16, -7, -10], "inflate": -1, "uv": [256, 134]},
						{"origin": [9.5, 44.5, 9], "size": [-19, -17, -10], "inflate": -1, "uv": [256, 29]},
						{"origin": [8.5, 27.5, 9], "size": [-17, -11, -10], "inflate": -1, "uv": [256, 55]},
						{"origin": [8.5, 9.5, 9], "size": [-17, -6, -12], "inflate": -1, "uv": [256, 73]},
						{"origin": [8, 49.5, 9], "size": [-16, -5, -10], "inflate": -1, "uv": [198, 15]}
					]
				},
				{
					"name": "thing_right",
					"parent": "body",
					"pivot": [-7.03333, 26.5, 3.5],
					"cubes": [
						{"origin": [-7.7, 26.6, -1.5], "size": [4, 6, 2], "uv": [48, 106]},
						{"origin": [-11.7, 32.6, -1.5], "size": [8, 12, 10], "uv": [0, 75]},
						{"origin": [-10.3, 44.6, -1.5], "size": [4, 3, 10], "uv": [54, 93]},
						{"origin": [-5.7, 42.6, -1.5], "size": [4, 2, 1], "uv": [60, 107]},
						{"origin": [-5.7, 37.6, -1.5], "size": [2, 0, 1], "uv": [79, 109]}
					]
				},
				{
					"name": "shadow_thing_right",
					"parent": "thing_right",
					"pivot": [0, 10, 0],
					"cubes": [
						{"origin": [-3.7, 44.6, 8.5], "size": [-8, -12, -10], "inflate": -1, "uv": [256, 95]},
						{"origin": [-6.3, 47.6, 8.5], "size": [-4, -3, -10], "inflate": -1, "uv": [202, 98]}
					]
				},
				{
					"name": "close_trickery_right",
					"parent": "thing_right",
					"pivot": [-7.2, 40.1, -0.99],
					"cubes": [
						{"origin": [-8.7, 37.6, -1.48], "size": [3, 5, 1], "uv": [0, 122]}
					]
				},
				{
					"name": "thing_top",
					"parent": "body",
					"pivot": [0, 34, 0.33333],
					"cubes": [
						{"origin": [-2, 43.2, -1.5], "size": [4, 8, 10], "inflate": 0.01, "uv": [36, 75]}
					]
				},
				{
					"name": "shadow_thing_top",
					"parent": "thing_top",
					"pivot": [0, 10, 0],
					"cubes": [
						{"origin": [2, 51.2, 8.5], "size": [-4, -8, -10], "inflate": -1, "uv": [210, 79]}
					]
				},
				{
					"name": "face",
					"parent": "thing_top",
					"pivot": [0, 43, -1.5],
					"cubes": [
						{"origin": [-2.5, 40.5, -2.5], "size": [5, 5, 2], "uv": [48, 0]}
					]
				},
				{
					"name": "thing_left",
					"parent": "body",
					"pivot": [7.03333, 26.5, 3.5],
					"cubes": [
						{"origin": [3.7, 26.6, -1.5], "size": [4, 6, 2], "uv": [36, 106]},
						{"origin": [3.7, 32.6, -1.5], "size": [8, 12, 10], "uv": [0, 97]},
						{"origin": [1.7, 42.6, -1.5], "size": [4, 2, 1], "uv": [70, 107]},
						{"origin": [6.3, 44.6, -1.5], "size": [4, 3, 10], "uv": [26, 93]},
						{"origin": [3.7, 37.6, -1.5], "size": [2, 0, 1], "uv": [79, 108]}
					]
				},
				{
					"name": "shadow_thing_left",
					"parent": "thing_left",
					"pivot": [0, 10, 0],
					"cubes": [
						{"origin": [11.7, 44.6, 8.5], "size": [-8, -12, -10], "inflate": -1, "uv": [256, 117]},
						{"origin": [10.3, 47.6, 8.5], "size": [-4, -3, -10], "inflate": -1, "uv": [230, 98]}
					]
				},
				{
					"name": "close_trickery_left",
					"parent": "thing_left",
					"pivot": [7.2, 40.1, -0.99],
					"cubes": [
						{"origin": [5.7, 37.6, -1.48], "size": [3, 5, 1], "uv": [8, 122]}
					]
				},
				{
					"name": "chin",
					"parent": "body",
					"pivot": [0, 32.5, -1.01],
					"cubes": [
						{"origin": [-2, 29, -1.01], "size": [4, 8, 0], "uv": [16, 119]}
					]
				},
				{
					"name": "eyes",
					"parent": "body",
					"pivot": [0, 39.5, 0]
				},
				{
					"name": "eyes_normal",
					"parent": "eyes",
					"pivot": [0, 39.5, 0]
				},
				{
					"name": "eye_right",
					"parent": "eyes_normal",
					"pivot": [0, 10, 0],
					"cubes": [
						{"origin": [-4.5, 37.9, -1.1], "size": [3, 3, 0], "uv": [43, 125]},
						{"origin": [-4, 38.4, -1.11], "size": [2, 2, 0], "uv": [28, 126]}
					]
				},
				{
					"name": "pupil_right",
					"parent": "eye_right",
					"pivot": [-3, 39, -1.12],
					"cubes": [
						{"origin": [-3.5, 38.9, -1.92], "size": [1, 1, 1], "inflate": -0.8, "uv": [0, 7], "mirror": true}
					]
				},
				{
					"name": "eyelid_right",
					"parent": "pupil_right",
					"pivot": [-3, 39.4, -1.32],
					"cubes": [
						{"origin": [-3.2, 38.9, -1.82], "size": [1, 1, 1], "inflate": -0.8, "uv": [0, 3], "mirror": true},
						{"origin": [-3.8, 38.9, -1.82], "size": [1, 1, 1], "inflate": -0.8, "uv": [4, 3], "mirror": true}
					]
				},
				{
					"name": "eye_left",
					"parent": "eyes_normal",
					"pivot": [0, 10, 0],
					"cubes": [
						{"origin": [2, 38.4, -1.11], "size": [2, 2, 0], "uv": [24, 126]},
						{"origin": [1.5, 37.9, -1.1], "size": [3, 3, 0], "uv": [37, 125]}
					]
				},
				{
					"name": "pupil_left",
					"parent": "eye_left",
					"pivot": [3, 39, -1.12],
					"cubes": [
						{"origin": [2.5, 38.9, -1.92], "size": [1, 1, 1], "inflate": -0.8, "uv": [4, 7]}
					]
				},
				{
					"name": "eyelid_left",
					"parent": "pupil_left",
					"pivot": [3, 39.4, -1.32],
					"cubes": [
						{"origin": [2.8, 38.9, -1.82], "size": [1, 1, 1], "inflate": -0.8, "uv": [0, 5]},
						{"origin": [2.2, 38.9, -1.82], "size": [1, 1, 1], "inflate": -0.8, "uv": [4, 5]}
					]
				},
				{
					"name": "eyes_bulging",
					"parent": "eyes",
					"pivot": [0, 39.5, 0]
				},
				{
					"name": "eye_right2",
					"parent": "eyes_bulging",
					"pivot": [0.5, 9.5, 8.2],
					"cubes": [
						{"origin": [-5, 37.4, -0.9], "size": [4, 4, 0], "uv": [24, 119]},
						{"origin": [-4.5, 37.9, -0.91], "size": [3, 3, 0], "uv": [30, 123]}
					]
				},
				{
					"name": "eye_left_bulging",
					"parent": "eyes_bulging",
					"pivot": [0.5, 9.5, 8.2],
					"cubes": [
						{"origin": [1, 37.4, -0.9], "size": [4, 4, 0], "uv": [32, 119]},
						{"origin": [1.5, 37.9, -0.91], "size": [3, 3, 0], "uv": [24, 123]}
					]
				},
				{
					"name": "mouths",
					"parent": "body",
					"pivot": [0, 35.5, -1.02]
				},
				{
					"name": "mouth_closed",
					"parent": "mouths",
					"pivot": [0, 10, 0],
					"cubes": [
						{"origin": [-2, 36.5, -1.05], "size": [4, 1, 0], "uv": [0, 9]},
						{"origin": [-4, 34, -1.03], "size": [8, 3, 0], "uv": [0, 119]}
					]
				},
				{
					"name": "mouth_open",
					"parent": "mouths",
					"pivot": [0, 36.5, -0.925],
					"cubes": [
						{"origin": [-4.5, 33.5, -0.92], "size": [9, 4, 0], "uv": [36, 114]},
						{"origin": [-2, 37, -0.93], "size": [4, 1, 0], "uv": [0, 9]}
					]
				},
				{
					"name": "arms",
					"parent": "body",
					"pivot": [0, -2, 0]
				},
				{
					"name": "arm_topright",
					"parent": "arms",
					"pivot": [-8.5, 32.5, 4],
					"cubes": [
						{"origin": [-19.5, 31.5, 3], "size": [13, 2, 2], "uv": [58, 16]}
					]
				},
				{
					"name": "arm_topright2",
					"parent": "arm_topright",
					"pivot": [-19.5, 32.5, 4],
					"cubes": [
						{"origin": [-31.5, 31.5, 3], "size": [12, 2, 2], "uv": [59, 20]}
					]
				},
				{
					"name": "arm_topright3",
					"parent": "arm_topright2",
					"pivot": [-31.5, 32.5, 4],
					"cubes": [
						{"origin": [-43.5, 31, 2.5], "size": [12, 3, 3], "uv": [58, 24]}
					]
				},
				{
					"name": "arm_topright4",
					"parent": "arm_topright3",
					"pivot": [-43.5, 32.5, 4],
					"cubes": [
						{"origin": [-55.5, 31, 2.5], "size": [12, 3, 3], "uv": [58, 30]}
					]
				},
				{
					"name": "hand_topright",
					"parent": "arm_topright4",
					"pivot": [-55.5, 32.5, 4],
					"cubes": [
						{"origin": [-63.5, 27.5, 2.5], "size": [8, 10, 3], "uv": [61, 36]}
					]
				},
				{
					"name": "finger_topright_index",
					"parent": "hand_topright",
					"pivot": [-63, 36, 5.5],
					"cubes": [
						{"origin": [-68, 34.5, 2.5], "size": [5, 3, 3], "uv": [85, 27]}
					]
				},
				{
					"name": "finger_topright_index2",
					"parent": "finger_topright_index",
					"pivot": [-68, 36, 5.5],
					"cubes": [
						{"origin": [-73, 34.5, 2.5], "size": [5, 3, 3], "uv": [85, 33]}
					]
				},
				{
					"name": "finger_topright_middle",
					"parent": "hand_topright",
					"pivot": [-63, 33.6, 5.5],
					"cubes": [
						{"origin": [-69, 32.1, 2.5], "size": [6, 3, 3], "uv": [83, 39]}
					]
				},
				{
					"name": "finger_topright_middle2",
					"parent": "finger_topright_middle",
					"pivot": [-69, 33.6, 5.5],
					"cubes": [
						{"origin": [-75, 32.1, 2.5], "size": [6, 3, 3], "uv": [83, 45]}
					]
				},
				{
					"name": "finger_topright_ring",
					"parent": "hand_topright",
					"pivot": [-63, 31.3, 5.5],
					"cubes": [
						{"origin": [-69, 29.8, 2.5], "size": [6, 3, 3], "uv": [98, 24]}
					]
				},
				{
					"name": "finger_topright_ring2",
					"parent": "finger_topright_ring",
					"pivot": [-69, 31.3, 5.5],
					"cubes": [
						{"origin": [-74, 29.8, 2.5], "size": [5, 3, 3], "uv": [98, 30]}
					]
				},
				{
					"name": "finger_topright_pinky",
					"parent": "hand_topright",
					"pivot": [-63, 29, 5.5],
					"cubes": [
						{"origin": [-67, 27.5, 2.5], "size": [4, 3, 3], "uv": [98, 36]}
					]
				},
				{
					"name": "finger_topright_pinky2",
					"parent": "finger_topright_pinky",
					"pivot": [-67, 29, 5.5],
					"cubes": [
						{"origin": [-72, 27.5, 2.5], "size": [5, 3, 3], "uv": [98, 42]}
					]
				},
				{
					"name": "thumb_topright",
					"parent": "hand_topright",
					"pivot": [-59, 37.5, 4],
					"cubes": [
						{"origin": [-62.5, 36, 2.5], "size": [5, 3, 3], "uv": [88, 15]}
					]
				},
				{
					"name": "thumb_topright2",
					"parent": "thumb_topright",
					"pivot": [-62.5, 36, 4],
					"cubes": [
						{"origin": [-67.5, 36, 2.5], "size": [5, 3, 3], "uv": [85, 21]}
					]
				},
				{
					"name": "arm_bottomright",
					"parent": "arms",
					"pivot": [-8.5, 13.5, 4],
					"cubes": [
						{"origin": [-19.5, 12.5, 3], "size": [13, 2, 2], "uv": [58, 51]}
					]
				},
				{
					"name": "arm_bottomright2",
					"parent": "arm_bottomright",
					"pivot": [-19.5, 13.5, 4],
					"cubes": [
						{"origin": [-31.5, 12.5, 3], "size": [12, 2, 2], "uv": [59, 56]}
					]
				},
				{
					"name": "arm_bottomright3",
					"parent": "arm_bottomright2",
					"pivot": [-31.5, 13.5, 4],
					"cubes": [
						{"origin": [-43.5, 12, 2.5], "size": [12, 3, 3], "uv": [58, 60]}
					]
				},
				{
					"name": "arm_bottomright4",
					"parent": "arm_bottomright3",
					"pivot": [-43.5, 13.5, 4],
					"cubes": [
						{"origin": [-55.5, 12, 2.5], "size": [12, 3, 3], "uv": [58, 66]}
					]
				},
				{
					"name": "hand_bottomright",
					"parent": "arm_bottomright4",
					"pivot": [-55.5, 13.5, 4],
					"cubes": [
						{"origin": [-63.5, 8.5, 2.5], "size": [8, 10, 3], "uv": [61, 72]}
					]
				},
				{
					"name": "finger_bottomright_index",
					"parent": "hand_bottomright",
					"pivot": [-63, 17, 5.5],
					"cubes": [
						{"origin": [-68, 15.5, 2.5], "size": [5, 3, 3], "uv": [85, 63]}
					]
				},
				{
					"name": "finger_bottomright_index2",
					"parent": "finger_bottomright_index",
					"pivot": [-68, 17, 5.5],
					"cubes": [
						{"origin": [-73, 15.5, 2.5], "size": [5, 3, 3], "uv": [85, 69]}
					]
				},
				{
					"name": "finger_bottomright_middle",
					"parent": "hand_bottomright",
					"pivot": [-63, 14.6, 5.5],
					"cubes": [
						{"origin": [-69, 13.1, 2.5], "size": [6, 3, 3], "uv": [83, 75]}
					]
				},
				{
					"name": "finger_bottomright_middle2",
					"parent": "finger_bottomright_middle",
					"pivot": [-69, 14.6, 5.5],
					"cubes": [
						{"origin": [-75, 13.1, 2.5], "size": [6, 3, 3], "uv": [83, 81]}
					]
				},
				{
					"name": "finger_bottomright_ring",
					"parent": "hand_bottomright",
					"pivot": [-63, 12.3, 5.5],
					"cubes": [
						{"origin": [-69, 10.8, 2.5], "size": [6, 3, 3], "uv": [98, 60]}
					]
				},
				{
					"name": "finger_bottomright_ring2",
					"parent": "finger_bottomright_ring",
					"pivot": [-69, 12.3, 5.5],
					"cubes": [
						{"origin": [-74, 10.8, 2.5], "size": [5, 3, 3], "uv": [98, 66]}
					]
				},
				{
					"name": "finger_bottomright_pinky",
					"parent": "hand_bottomright",
					"pivot": [-63, 10, 5.5],
					"cubes": [
						{"origin": [-67, 8.5, 2.5], "size": [4, 3, 3], "uv": [98, 72]}
					]
				},
				{
					"name": "finger_bottomright_pinky2",
					"parent": "finger_bottomright_pinky",
					"pivot": [-67, 10, 5.5],
					"cubes": [
						{"origin": [-72, 8.5, 2.5], "size": [5, 3, 3], "uv": [98, 78]}
					]
				},
				{
					"name": "thumb_bottomright",
					"parent": "hand_bottomright",
					"pivot": [-59, 18.5, 4],
					"cubes": [
						{"origin": [-62.5, 17, 2.5], "size": [5, 3, 3], "uv": [88, 51]}
					]
				},
				{
					"name": "thumb_bottomright2",
					"parent": "thumb_bottomright",
					"pivot": [-62.5, 17, 4],
					"cubes": [
						{"origin": [-67.5, 17, 2.5], "size": [5, 3, 3], "uv": [85, 57]}
					]
				},
				{
					"name": "arm_topleft",
					"parent": "arms",
					"pivot": [8.5, 32.5, 4],
					"cubes": [
						{"origin": [6.5, 31.5, 3], "size": [13, 2, 2], "uv": [116, 15], "mirror": true}
					]
				},
				{
					"name": "arm_topleft2",
					"parent": "arm_topleft",
					"pivot": [19.5, 32.5, 4],
					"cubes": [
						{"origin": [19.5, 31.5, 3], "size": [12, 2, 2], "uv": [117, 20], "mirror": true}
					]
				},
				{
					"name": "arm_topleft3",
					"parent": "arm_topleft2",
					"pivot": [31.5, 32.5, 4],
					"cubes": [
						{"origin": [31.5, 31, 2.5], "size": [12, 3, 3], "uv": [116, 24], "mirror": true}
					]
				},
				{
					"name": "arm_topleft4",
					"parent": "arm_topleft3",
					"pivot": [43.5, 32.5, 4],
					"cubes": [
						{"origin": [43.5, 31, 2.5], "size": [12, 3, 3], "uv": [116, 30], "mirror": true}
					]
				},
				{
					"name": "hand_topleft",
					"parent": "arm_topleft4",
					"pivot": [55.5, 32.5, 4],
					"cubes": [
						{"origin": [55.5, 27.5, 2.5], "size": [8, 10, 3], "uv": [119, 36], "mirror": true}
					]
				},
				{
					"name": "finger_topleft_index",
					"parent": "hand_topleft",
					"pivot": [63, 36, 5.5],
					"cubes": [
						{"origin": [63, 34.5, 2.5], "size": [5, 3, 3], "uv": [143, 27], "mirror": true}
					]
				},
				{
					"name": "finger_topleft_index2",
					"parent": "finger_topleft_index",
					"pivot": [68, 36, 5.5],
					"cubes": [
						{"origin": [68, 34.5, 2.5], "size": [5, 3, 3], "uv": [143, 33], "mirror": true}
					]
				},
				{
					"name": "finger_topleft_middle",
					"parent": "hand_topleft",
					"pivot": [63, 33.6, 5.5],
					"cubes": [
						{"origin": [63, 32.1, 2.5], "size": [6, 3, 3], "uv": [141, 39], "mirror": true}
					]
				},
				{
					"name": "finger_topleft_middle2",
					"parent": "finger_topleft_middle",
					"pivot": [69, 33.6, 5.5],
					"cubes": [
						{"origin": [69, 32.1, 2.5], "size": [6, 3, 3], "uv": [141, 45], "mirror": true}
					]
				},
				{
					"name": "finger_topleft_ring",
					"parent": "hand_topleft",
					"pivot": [63, 31.3, 5.5],
					"cubes": [
						{"origin": [63, 29.8, 2.5], "size": [6, 3, 3], "uv": [156, 24], "mirror": true}
					]
				},
				{
					"name": "finger_topleft_ring2",
					"parent": "finger_topleft_ring",
					"pivot": [69, 31.3, 5.5],
					"cubes": [
						{"origin": [69, 29.8, 2.5], "size": [5, 3, 3], "uv": [156, 30], "mirror": true}
					]
				},
				{
					"name": "finger_topleft_pinky",
					"parent": "hand_topleft",
					"pivot": [63, 29, 5.5],
					"cubes": [
						{"origin": [63, 27.5, 2.5], "size": [4, 3, 3], "uv": [156, 36], "mirror": true}
					]
				},
				{
					"name": "finger_topleft_pinky2",
					"parent": "finger_topleft_pinky",
					"pivot": [67, 29, 5.5],
					"cubes": [
						{"origin": [67, 27.5, 2.5], "size": [5, 3, 3], "uv": [156, 42], "mirror": true}
					]
				},
				{
					"name": "thumb_topleft",
					"parent": "hand_topleft",
					"pivot": [59, 37.5, 4],
					"cubes": [
						{"origin": [57.5, 36, 2.5], "size": [5, 3, 3], "uv": [146, 15], "mirror": true}
					]
				},
				{
					"name": "thumb_topleft2",
					"parent": "thumb_topleft",
					"pivot": [62.5, 36, 4],
					"cubes": [
						{"origin": [62.5, 36, 2.5], "size": [5, 3, 3], "uv": [143, 21], "mirror": true}
					]
				},
				{
					"name": "arm_bottomleft",
					"parent": "arms",
					"pivot": [8.5, 13.5, 4],
					"cubes": [
						{"origin": [6.5, 12.5, 3], "size": [13, 2, 2], "uv": [116, 51], "mirror": true}
					]
				},
				{
					"name": "arm_bottomleft2",
					"parent": "arm_bottomleft",
					"pivot": [19.5, 13.5, 4],
					"cubes": [
						{"origin": [19.5, 12.5, 3], "size": [12, 2, 2], "uv": [117, 56], "mirror": true}
					]
				},
				{
					"name": "arm_bottomleft3",
					"parent": "arm_bottomleft2",
					"pivot": [31.5, 13.5, 4],
					"cubes": [
						{"origin": [31.5, 12, 2.5], "size": [12, 3, 3], "uv": [116, 60], "mirror": true}
					]
				},
				{
					"name": "arm_bottomleft4",
					"parent": "arm_bottomleft3",
					"pivot": [43.5, 13.5, 4],
					"cubes": [
						{"origin": [43.5, 12, 2.5], "size": [12, 3, 3], "uv": [116, 66], "mirror": true}
					]
				},
				{
					"name": "hand_bottomleft",
					"parent": "arm_bottomleft4",
					"pivot": [55.5, 13.5, 4],
					"cubes": [
						{"origin": [55.5, 8.5, 2.5], "size": [8, 10, 3], "uv": [119, 72], "mirror": true}
					]
				},
				{
					"name": "finger_bottomleft_index",
					"parent": "hand_bottomleft",
					"pivot": [63, 17, 5.5],
					"cubes": [
						{"origin": [63, 15.5, 2.5], "size": [5, 3, 3], "uv": [143, 63], "mirror": true}
					]
				},
				{
					"name": "finger_bottomleft_index2",
					"parent": "finger_bottomleft_index",
					"pivot": [68, 17, 5.5],
					"cubes": [
						{"origin": [68, 15.5, 2.5], "size": [5, 3, 3], "uv": [143, 69], "mirror": true}
					]
				},
				{
					"name": "finger_bottomleft_middle",
					"parent": "hand_bottomleft",
					"pivot": [63, 14.6, 5.5],
					"cubes": [
						{"origin": [63, 13.1, 2.5], "size": [6, 3, 3], "uv": [141, 75], "mirror": true}
					]
				},
				{
					"name": "finger_bottomleft_middle2",
					"parent": "finger_bottomleft_middle",
					"pivot": [69, 14.6, 5.5],
					"cubes": [
						{"origin": [69, 13.1, 2.5], "size": [6, 3, 3], "uv": [141, 81], "mirror": true}
					]
				},
				{
					"name": "finger_bottomleft_ring",
					"parent": "hand_bottomleft",
					"pivot": [63, 12.3, 5.5],
					"cubes": [
						{"origin": [63, 10.8, 2.5], "size": [6, 3, 3], "uv": [156, 60], "mirror": true}
					]
				},
				{
					"name": "finger_bottomleft_ring2",
					"parent": "finger_bottomleft_ring",
					"pivot": [69, 12.3, 5.5],
					"cubes": [
						{"origin": [69, 10.8, 2.5], "size": [5, 3, 3], "uv": [156, 66], "mirror": true}
					]
				},
				{
					"name": "finger_bottomleft_pinky",
					"parent": "hand_bottomleft",
					"pivot": [63, 10, 5.5],
					"cubes": [
						{"origin": [63, 8.5, 2.5], "size": [4, 3, 3], "uv": [156, 72], "mirror": true}
					]
				},
				{
					"name": "finger_bottomleft_pinky2",
					"parent": "finger_bottomleft_pinky",
					"pivot": [67, 10, 5.5],
					"cubes": [
						{"origin": [67, 8.5, 2.5], "size": [5, 3, 3], "uv": [156, 78], "mirror": true}
					]
				},
				{
					"name": "thumb_bottomleft",
					"parent": "hand_bottomleft",
					"pivot": [59, 18.5, 4],
					"cubes": [
						{"origin": [57.5, 17, 2.5], "size": [5, 3, 3], "uv": [146, 51], "mirror": true}
					]
				},
				{
					"name": "thumb_bottomleft2",
					"parent": "thumb_bottomleft",
					"pivot": [62.5, 17, 4],
					"cubes": [
						{"origin": [62.5, 17, 2.5], "size": [5, 3, 3], "uv": [143, 57], "mirror": true}
					]
				}
			]
		}
	]
}