{
  "format_version": "1.12.0",
  "minecraft:geometry": [
    {
      "description": {
        "identifier": "geometry.gardevoir",
        "texture_width": 128,
        "texture_height": 64,
        "visible_bounds_width": 5,
        "visible_bounds_height": 3.5,
        "visible_bounds_offset": [
          0,
          1.25,
          0
        ]
      },
      "bones": [
        {
          "name": "gardevoir",
          "pivot": [
            0,
            0,
            0
          ]
        },
        {
          "name": "body",
          "parent": "gardevoir",
          "pivot": [
            0,
            0,
            0
          ]
        },
        {
                    "name": "locator_seat_1",
                    "parent": "body",
                    "pivot": [0, 24, 7],
                    "locators": {
                        "seat_1": [0, 24, 7]
                    }
                },
        {
          "name": "torso",
          "parent": "body",
          "pivot": [
            0,
            16.5,
            0
          ],
          "cubes": [
            {
              "origin": [
                -2,
                16.5,
                -1.5
              ],
              "size": [
                4,
                3,
                3
              ],
              "inflate": 0.01,
              "uv": [
                38,
                46
              ]
            }
          ]
        },
        {
          "name": "skirt",
          "parent": "torso",
          "pivot": [
            0,
            0,
            0
          ]
        },
        {
          "name": "skirt_front_left",
          "parent": "skirt",
          "pivot": [
            0,
            18.5,
            -1.5
          ],
          "rotation": [
            -70,
            -27.5,
            0
          ],
          "cubes": [
            {
              "origin": [
                -1,
                12.5,
                -1.5
              ],
              "size": [
                4,
                6,
                0
              ],
              "uv": [
                120,
                0
              ]
            }
          ]
        },
        {
          "name": "skirt_front_left2",
          "parent": "skirt_front_left",
          "pivot": [
            -1,
            12.5,
            -1.5
          ],
          "rotation": [
            50,
            0,
            0
          ],
          "cubes": [
            {
              "origin": [
                -1,
                6.5,
                -1.5
              ],
              "size": [
                5,
                6,
                0
              ],
              "inflate": 0.01,
              "uv": [
                31,
                22
              ]
            }
          ]
        },
        {
          "name": "skirt_front_left3",
          "parent": "skirt_front_left2",
          "pivot": [
            -1,
            6.5,
            -1.5
          ],
          "rotation": [
            12.5,
            0,
            0
          ],
          "cubes": [
            {
              "origin": [
                -1,
                -4.5,
                -1.5
              ],
              "size": [
                6,
                11,
                0
              ],
              "uv": [
                96,
                0
              ]
            }
          ]
        },
        {
          "name": "skirt_front",
          "parent": "skirt",
          "pivot": [
            0,
            18.5,
            -1.5
          ],
          "rotation": [
            -70,
            0,
            0
          ],
          "cubes": [
            {
              "origin": [
                -2,
                12.5,
                -1.5
              ],
              "size": [
                4,
                6,
                0
              ],
              "uv": [
                94,
                44
              ]
            }
          ]
        },
        {
          "name": "skirt_front2",
          "parent": "skirt_front",
          "pivot": [
            0,
            12.5,
            -1.5
          ],
          "rotation": [
            50,
            0,
            0
          ],
          "cubes": [
            {
              "origin": [
                -2.5,
                6.5,
                -1.5
              ],
              "size": [
                5,
                6,
                0
              ],
              "inflate": 0.01,
              "uv": [
                94,
                11
              ]
            }
          ]
        },
        {
          "name": "skirt_front3",
          "parent": "skirt_front2",
          "pivot": [
            0,
            6.5,
            -1.5
          ],
          "rotation": [
            17.5,
            0,
            0
          ],
          "cubes": [
            {
              "origin": [
                -3.5,
                -4.5,
                -1.5
              ],
              "size": [
                7,
                11,
                0
              ],
              "uv": [
                52,
                34
              ]
            }
          ]
        },
        {
          "name": "skirt_front_right",
          "parent": "skirt",
          "pivot": [
            0,
            18.5,
            -1.5
          ],
          "rotation": [
            -70,
            27.5,
            0
          ],
          "cubes": [
            {
              "origin": [
                -3,
                12.5,
                -1.5
              ],
              "size": [
                4,
                6,
                0
              ],
              "uv": [
                86,
                22
              ]
            }
          ]
        },
        {
          "name": "skirt_front_right2",
          "parent": "skirt_front_right",
          "pivot": [
            1,
            12.5,
            -1.5
          ],
          "rotation": [
            50,
            0,
            0
          ],
          "cubes": [
            {
              "origin": [
                -4,
                6.5,
                -1.5
              ],
              "size": [
                5,
                6,
                0
              ],
              "inflate": 0.01,
              "uv": [
                84,
                10
              ]
            }
          ]
        },
        {
          "name": "skirt_front_right3",
          "parent": "skirt_front_right2",
          "pivot": [
            1,
            6.5,
            -1.5
          ],
          "rotation": [
            12.5,
            0,
            0
          ],
          "cubes": [
            {
              "origin": [
                -5,
                -4.5,
                -1.5
              ],
              "size": [
                6,
                11,
                0
              ],
              "uv": [
                72,
                6
              ]
            }
          ]
        },
        {
          "name": "skirt_left",
          "parent": "skirt",
          "pivot": [
            1.8,
            18,
            1
          ],
          "rotation": [
            -22.5,
            5,
            -72.5
          ],
          "cubes": [
            {
              "origin": [
                1.8,
                12,
                -2
              ],
              "size": [
                0,
                6,
                6
              ],
              "uv": [
                0,
                30
              ]
            }
          ]
        },
        {
          "name": "skirt_left2",
          "parent": "skirt_left",
          "pivot": [
            1.8,
            12,
            -2
          ],
          "rotation": [
            0,
            0,
            47.5
          ],
          "cubes": [
            {
              "origin": [
                1.8,
                6,
                -3
              ],
              "size": [
                0,
                6,
                10
              ],
              "inflate": 0.01,
              "uv": [
                52,
                -10
              ]
            }
          ]
        },
        {
          "name": "skirt_left3",
          "parent": "skirt_left2",
          "pivot": [
            1.8,
            6,
            -3
          ],
          "rotation": [
            0,
            0,
            15
          ],
          "cubes": [
            {
              "origin": [
                1.8,
                -5,
                -4
              ],
              "size": [
                0,
                11,
                12
              ],
              "uv": [
                28,
                -12
              ]
            }
          ]
        },
        {
          "name": "skirt_left4",
          "parent": "skirt",
          "pivot": [
            1.8,
            18.5,
            1.75
          ],
          "rotation": [
            27.5,
            -10,
            -72.5
          ],
          "cubes": [
            {
              "origin": [
                1.8,
                12.5,
                -1.25
              ],
              "size": [
                0,
                6,
                6
              ],
              "uv": [
                72,
                -6
              ]
            }
          ]
        },
        {
          "name": "skirt_left5",
          "parent": "skirt_left4",
          "pivot": [
            1.8,
            12.5,
            -1.25
          ],
          "rotation": [
            0,
            0,
            37.5
          ],
          "cubes": [
            {
              "origin": [
                1.8,
                6.5,
                -2.25
              ],
              "size": [
                0,
                6,
                10
              ],
              "inflate": 0.01,
              "uv": [
                52,
                18
              ]
            }
          ]
        },
        {
          "name": "skirt_left6",
          "parent": "skirt_left5",
          "pivot": [
            1.8,
            6.5,
            -2.25
          ],
          "rotation": [
            0,
            0,
            22.5
          ],
          "cubes": [
            {
              "origin": [
                1.8,
                -5.5,
                -3.25
              ],
              "size": [
                0,
                12,
                14
              ],
              "uv": [
                0,
                -2
              ]
            }
          ]
        },
        {
          "name": "skirt_right",
          "parent": "skirt",
          "pivot": [
            -1.8,
            18,
            1
          ],
          "rotation": [
            -22.5,
            -5,
            72.5
          ],
          "cubes": [
            {
              "origin": [
                -1.8,
                12,
                -2
              ],
              "size": [
                0,
                6,
                6
              ],
              "uv": [
                12,
                30
              ]
            }
          ],
          "locators": {
            "locator": [
              0,
              -0.5,
              0.5
            ]
          }
        },
        {
          "name": "skirt_right2",
          "parent": "skirt_right",
          "pivot": [
            -1.8,
            12,
            -2
          ],
          "rotation": [
            0,
            0,
            -47.5
          ],
          "cubes": [
            {
              "origin": [
                -1.8,
                6,
                -3
              ],
              "size": [
                0,
                6,
                10
              ],
              "inflate": 0.01,
              "uv": [
                52,
                -4
              ]
            }
          ]
        },
        {
          "name": "skirt_right3",
          "parent": "skirt_right2",
          "pivot": [
            -1.8,
            6,
            -3
          ],
          "rotation": [
            0,
            0,
            -15
          ],
          "cubes": [
            {
              "origin": [
                -1.8,
                -5,
                -4
              ],
              "size": [
                0,
                11,
                12
              ],
              "uv": [
                28,
                -1
              ]
            }
          ]
        },
        {
          "name": "skirt_right4",
          "parent": "skirt",
          "pivot": [
            -1.8,
            18.5,
            1.75
          ],
          "rotation": [
            27.5,
            10,
            72.5
          ],
          "cubes": [
            {
              "origin": [
                -1.8,
                12.5,
                -1.25
              ],
              "size": [
                0,
                6,
                6
              ],
              "uv": [
                66,
                31
              ]
            }
          ],
          "locators": {
            "locator2": [
              0,
              0,
              1.25
            ]
          }
        },
        {
          "name": "skirt_right5",
          "parent": "skirt_right4",
          "pivot": [
            -1.8,
            12.5,
            -1.25
          ],
          "rotation": [
            0,
            0,
            -37.5
          ],
          "cubes": [
            {
              "origin": [
                -1.8,
                6.5,
                -2.25
              ],
              "size": [
                0,
                6,
                10
              ],
              "inflate": 0.01,
              "uv": [
                32,
                18
              ]
            }
          ]
        },
        {
          "name": "skirt_right6",
          "parent": "skirt_right5",
          "pivot": [
            -1.8,
            6.5,
            -2.25
          ],
          "rotation": [
            0,
            0,
            -22.5
          ],
          "cubes": [
            {
              "origin": [
                -1.8,
                -5.5,
                -3.25
              ],
              "size": [
                0,
                12,
                14
              ],
              "uv": [
                0,
                -14
              ]
            }
          ]
        },
        {
          "name": "skirt_back_left",
          "parent": "skirt",
          "pivot": [
            0,
            18.5,
            1.5
          ],
          "rotation": [
            72.5,
            0,
            0
          ],
          "cubes": [
            {
              "origin": [
                0,
                12.5,
                1.5
              ],
              "size": [
                5,
                6,
                0
              ],
              "uv": [
                84,
                0
              ]
            }
          ]
        },
        {
          "name": "skirt_back_left2",
          "parent": "skirt_back_left",
          "pivot": [
            0,
            12.5,
            1.5
          ],
          "rotation": [
            -32.5,
            0,
            0
          ],
          "cubes": [
            {
              "origin": [
                0,
                5.5,
                1.5
              ],
              "size": [
                6,
                7,
                0
              ],
              "inflate": 0.01,
              "uv": [
                12,
                42
              ]
            }
          ]
        },
        {
          "name": "skirt_back_left3",
          "parent": "skirt_back_left2",
          "pivot": [
            0,
            5.5,
            1.5
          ],
          "rotation": [
            -20,
            0,
            -2.5
          ],
          "cubes": [
            {
              "origin": [
                0,
                -6.5,
                1.5
              ],
              "size": [
                7,
                12,
                0
              ],
              "uv": [
                24,
                37
              ]
            }
          ]
        },
        {
          "name": "skirt_back_left4",
          "parent": "skirt_back_left3",
          "pivot": [
            6,
            -6.5,
            1.5
          ],
          "rotation": [
            70,
            0,
            0
          ],
          "cubes": [
            {
              "origin": [
                0,
                -14.5,
                1.5
              ],
              "size": [
                7,
                8,
                0
              ],
              "inflate": 0.01,
              "uv": [
                52,
                45
              ]
            }
          ]
        },
        {
          "name": "skirt_back_left5",
          "parent": "skirt_back_left4",
          "pivot": [
            5,
            -14.5,
            1.5
          ],
          "cubes": [
            {
              "origin": [
                0,
                -18.5,
                1.5
              ],
              "size": [
                6,
                4,
                0
              ],
              "uv": [
                84,
                6
              ]
            }
          ]
        },
        {
          "name": "skirt_back_right",
          "parent": "skirt",
          "pivot": [
            0,
            18.5,
            1.5
          ],
          "rotation": [
            72.5,
            0,
            0
          ],
          "cubes": [
            {
              "origin": [
                -5,
                12.5,
                1.5
              ],
              "size": [
                5,
                6,
                0
              ],
              "uv": [
                84,
                16
              ]
            }
          ]
        },
        {
          "name": "skirt_back_right2",
          "parent": "skirt_back_right",
          "pivot": [
            0,
            12.5,
            1.5
          ],
          "rotation": [
            -32.5,
            0,
            0
          ],
          "cubes": [
            {
              "origin": [
                -6,
                5.5,
                1.5
              ],
              "size": [
                6,
                7,
                0
              ],
              "inflate": 0.01,
              "uv": [
                106,
                30
              ]
            }
          ]
        },
        {
          "name": "skirt_back_right3",
          "parent": "skirt_back_right2",
          "pivot": [
            0,
            5.5,
            1.5
          ],
          "rotation": [
            -20,
            0,
            2.5
          ],
          "cubes": [
            {
              "origin": [
                -7,
                -6.5,
                1.5
              ],
              "size": [
                7,
                12,
                0
              ],
              "uv": [
                38,
                34
              ]
            }
          ]
        },
        {
          "name": "skirt_back_right4",
          "parent": "skirt_back_right3",
          "pivot": [
            -6,
            -6.5,
            1.5
          ],
          "rotation": [
            70,
            0,
            0
          ],
          "cubes": [
            {
              "origin": [
                -7,
                -14.5,
                1.5
              ],
              "size": [
                7,
                8,
                0
              ],
              "inflate": 0.01,
              "uv": [
                24,
                49
              ]
            }
          ]
        },
        {
          "name": "skirt_back_right5",
          "parent": "skirt_back_right4",
          "pivot": [
            -1,
            -14.5,
            1.5
          ],
          "cubes": [
            {
              "origin": [
                -6,
                -18.5,
                1.5
              ],
              "size": [
                6,
                4,
                0
              ],
              "uv": [
                116,
                19
              ]
            }
          ]
        },
        {
          "name": "waist",
          "parent": "torso",
          "pivot": [
            0,
            19.5,
            0
          ],
          "cubes": [
            {
              "origin": [
                -1.5,
                19,
                -1.5
              ],
              "size": [
                3,
                3,
                3
              ],
              "uv": [
                106,
                37
              ]
            }
          ]
        },
        {
          "name": "chest",
          "parent": "waist",
          "pivot": [
            0,
            21.5,
            0
          ],
          "cubes": [
            {
              "origin": [
                -2,
                21.5,
                -1.5
              ],
              "size": [
                4,
                5,
                3
              ],
              "inflate": 0.01,
              "uv": [
                72,
                20
              ]
            }
          ]
        },
        {
          "name": "chest_spike",
          "parent": "chest",
          "pivot": [
            0,
            25,
            -1.3
          ],
          "cubes": [
            {
              "origin": [
                0,
                21,
                1.2
              ],
              "size": [
                0,
                4,
                2
              ],
              "inflate": 0.01,
              "uv": [
                90,
                46
              ]
            },
            {
              "origin": [
                -0.25,
                21,
                -6.35
              ],
              "size": [
                0,
                4,
                5
              ],
              "pivot": [
                -0.25,
                23,
                -2
              ],
              "rotation": [
                0,
                30,
                0
              ],
              "uv": [
                96,
                35
              ]
            },
            {
              "origin": [
                0.25,
                21,
                -6.35
              ],
              "size": [
                0,
                4,
                5
              ],
              "pivot": [
                0.25,
                23,
                -2
              ],
              "rotation": [
                0,
                -30,
                0
              ],
              "uv": [
                38,
                47
              ]
            }
          ]
        },
        {
          "name": "arms",
          "parent": "chest",
          "pivot": [
            0,
            26.5,
            0
          ]
        },
        {
          "name": "arm_left",
          "parent": "arms",
          "pivot": [
            2,
            26.5,
            0
          ],
          "cubes": [
            {
              "origin": [
                2,
                25.5,
                -0.5
              ],
              "size": [
                7,
                1,
                1
              ],
              "uv": [
                52,
                13
              ]
            }
          ]
        },
        {
          "name": "arm_left2",
          "parent": "arm_left",
          "pivot": [
            9,
            26,
            0.5
          ],
          "cubes": [
            {
              "origin": [
                9,
                24.8,
                -0.9
              ],
              "size": [
                7,
                2,
                2
              ],
              "inflate": 0.01,
              "uv": [
                72,
                29
              ]
            },
            {
              "origin": [
                6.5,
                26.8,
                -0.9
              ],
              "size": [
                3,
                0,
                2
              ],
              "pivot": [
                9,
                26.8,
                0.1
              ],
              "rotation": [
                0,
                0,
                22.5
              ],
              "uv": [
                92,
                20
              ]
            },
            {
              "origin": [
                7.5,
                25.8,
                -0.9
              ],
              "size": [
                2,
                1,
                0
              ],
              "pivot": [
                9,
                26.8,
                0.1
              ],
              "rotation": [
                0,
                0,
                22.5
              ],
              "uv": [
                48,
                52
              ]
            },
            {
              "origin": [
                7.5,
                25.8,
                0.9
              ],
              "size": [
                2,
                1,
                0
              ],
              "pivot": [
                9,
                26.8,
                -0.1
              ],
              "rotation": [
                0,
                0,
                22.5
              ],
              "uv": [
                84,
                28
              ]
            },
            {
              "origin": [
                5.5,
                26.8,
                -0.4
              ],
              "size": [
                1,
                0,
                1
              ],
              "pivot": [
                9,
                26.8,
                0.1
              ],
              "rotation": [
                0,
                0,
                22.5
              ],
              "uv": [
                51,
                12
              ]
            }
          ]
        },
        {
          "name": "hand_left",
          "parent": "arm_left2",
          "pivot": [
            16,
            26.8,
            0.1
          ]
        },
        {
          "name": "finger_front_left",
          "parent": "hand_left",
          "pivot": [
            16,
            24.8,
            -0.9
          ],
          "cubes": [
            {
              "origin": [
                16,
                24.8,
                -0.9
              ],
              "size": [
                3,
                2,
                0
              ],
              "uv": [
                64,
                19
              ]
            }
          ]
        },
        {
          "name": "finger_center_left",
          "parent": "hand_left",
          "pivot": [
            16,
            24.8,
            0.1
          ],
          "cubes": [
            {
              "origin": [
                15.5,
                24.8,
                0.1
              ],
              "size": [
                5,
                2,
                0
              ],
              "uv": [
                118,
                32
              ]
            }
          ]
        },
        {
          "name": "finger_back_left",
          "parent": "hand_left",
          "pivot": [
            16,
            24.8,
            1.1
          ],
          "cubes": [
            {
              "origin": [
                16,
                24.8,
                1.1
              ],
              "size": [
                3,
                2,
                0
              ],
              "uv": [
                70,
                17
              ]
            }
          ]
        },
        {
          "name": "arm_right",
          "parent": "arms",
          "pivot": [
            -2,
            26.5,
            0
          ],
          "cubes": [
            {
              "origin": [
                -9,
                25.5,
                -0.5
              ],
              "size": [
                7,
                1,
                1
              ],
              "uv": [
                48,
                53
              ]
            }
          ]
        },
        {
          "name": "arm_right2",
          "parent": "arm_right",
          "pivot": [
            -9,
            26,
            0.5
          ],
          "cubes": [
            {
              "origin": [
                -16,
                24.8,
                -0.9
              ],
              "size": [
                7,
                2,
                2
              ],
              "inflate": 0.01,
              "uv": [
                72,
                33
              ]
            },
            {
              "origin": [
                -9.5,
                26.8,
                -0.9
              ],
              "size": [
                3,
                0,
                2
              ],
              "pivot": [
                -9,
                26.8,
                0.1
              ],
              "rotation": [
                0,
                0,
                -22.5
              ],
              "uv": [
                118,
                40
              ]
            },
            {
              "origin": [
                -9.5,
                25.8,
                -0.9
              ],
              "size": [
                2,
                1,
                0
              ],
              "pivot": [
                -9,
                26.8,
                0.1
              ],
              "rotation": [
                0,
                0,
                -22.5
              ],
              "uv": [
                106,
                43
              ]
            },
            {
              "origin": [
                -9.5,
                25.8,
                0.9
              ],
              "size": [
                2,
                1,
                0
              ],
              "pivot": [
                -9,
                26.8,
                -0.1
              ],
              "rotation": [
                0,
                0,
                -22.5
              ],
              "uv": [
                118,
                42
              ]
            },
            {
              "origin": [
                -6.5,
                26.8,
                -0.4
              ],
              "size": [
                1,
                0,
                1
              ],
              "pivot": [
                -9,
                26.8,
                0.1
              ],
              "rotation": [
                0,
                0,
                -22.5
              ],
              "uv": [
                24,
                36
              ]
            }
          ]
        },
        {
          "name": "hand_right",
          "parent": "arm_right2",
          "pivot": [
            -16,
            26.8,
            0.1
          ]
        },
        {
          "name": "finger_front_right",
          "parent": "hand_right",
          "pivot": [
            -16,
            24.8,
            -0.9
          ],
          "cubes": [
            {
              "origin": [
                -19,
                24.8,
                -0.9
              ],
              "size": [
                3,
                2,
                0
              ],
              "uv": [
                90,
                28
              ]
            }
          ]
        },
        {
          "name": "finger_center_right",
          "parent": "hand_right",
          "pivot": [
            -16,
            24.8,
            0.1
          ],
          "cubes": [
            {
              "origin": [
                -20.5,
                24.8,
                0.1
              ],
              "size": [
                5,
                2,
                0
              ],
              "uv": [
                118,
                34
              ]
            }
          ]
        },
        {
          "name": "finger_back_right",
          "parent": "hand_right",
          "pivot": [
            -16,
            24.8,
            1.1
          ],
          "cubes": [
            {
              "origin": [
                -19,
                24.8,
                1.1
              ],
              "size": [
                3,
                2,
                0
              ],
              "uv": [
                104,
                14
              ]
            }
          ]
        },
        {
          "name": "neck",
          "parent": "chest",
          "pivot": [
            0,
            26.5,
            0
          ],
          "cubes": [
            {
              "origin": [
                -0.5,
                25.5,
                -0.5
              ],
              "size": [
                1,
                3,
                1
              ],
              "uv": [
                41,
                22
              ]
            }
          ]
        },
        {
          "name": "head",
          "parent": "neck",
          "pivot": [
            0,
            27.5,
            0
          ],
          "cubes": [
            {
              "origin": [
                -3,
                27.5,
                -2.7
              ],
              "size": [
                6,
                6,
                6
              ],
              "pivot": [
                0,
                29.5,
                0.3
              ],
              "rotation": [
                0,
                45,
                0
              ],
              "uv": [
                0,
                24
              ]
            }
          ]
        },
        {
          "name": "mouth_open",
          "parent": "head",
          "pivot": [
            0,
            29.6,
            0.4
          ],
          "cubes": [
            {
              "origin": [
                2,
                27.6,
                -2.6
              ],
              "size": [
                1,
                1,
                1
              ],
              "inflate": 0.01,
              "pivot": [
                0,
                29.6,
                0.4
              ],
              "rotation": [
                0,
                45,
                0
              ],
              "uv": [
                67,
                12
              ]
            }
          ]
        },
        {
          "name": "eyes",
          "parent": "head",
          "pivot": [
            0,
            31.5,
            3.5
          ]
        },
        {
          "name": "eye_left",
          "parent": "eyes",
          "pivot": [
            2.75,
            30.25,
            -1.7
          ],
          "rotation": [
            0,
            -45,
            0
          ]
        },
        {
          "name": "eye_left_rotation",
          "parent": "eye_left",
          "pivot": [
            2.8,
            30.25,
            -1.35
          ],
          "rotation": [
            0,
            0,
            -5
          ],
          "cubes": [
            {
              "origin": [
                1.55,
                28.5,
                -1.36
              ],
              "size": [
                3,
                3,
                0
              ],
              "uv": [
                18,
                24
              ]
            },
            {
              "origin": [
                1.55,
                29,
                -1.37
              ],
              "size": [
                2,
                3,
                0
              ],
              "pivot": [
                2.55,
                30.5,
                -1.37
              ],
              "rotation": [
                0,
                0,
                -180
              ],
              "uv": [
                90,
                30
              ]
            },
            {
              "origin": [
                1.05,
                29,
                -1.37
              ],
              "size": [
                2,
                3,
                0
              ],
              "inflate": -0.01,
              "uv": [
                90,
                39
              ]
            }
          ]
        },
        {
          "name": "pupil_left",
          "parent": "eye_left_rotation",
          "pivot": [
            2.05,
            30.5,
            -1.38
          ],
          "cubes": [
            {
              "origin": [
                1.55,
                29.5,
                -1.38
              ],
              "size": [
                1,
                2,
                0
              ],
              "uv": [
                94,
                40
              ]
            }
          ]
        },
        {
          "name": "eye_shine_left",
          "parent": "eye_left_rotation",
          "pivot": [
            2.55,
            31,
            -1.39
          ],
          "cubes": [
            {
              "origin": [
                2.05,
                30.5,
                -1.39
              ],
              "size": [
                1,
                1,
                0
              ],
              "uv": [
                64,
                15
              ]
            }
          ]
        },
        {
          "name": "eyelid_left",
          "parent": "eye_left_rotation",
          "pivot": [
            2.55,
            30,
            -0.75
          ],
          "cubes": [
            {
              "origin": [
                1.05,
                28.5,
                -1.29
              ],
              "size": [
                3,
                3,
                1
              ],
              "inflate": 0.01,
              "uv": [
                118,
                36
              ]
            }
          ]
        },
        {
          "name": "eye_right",
          "parent": "eyes",
          "pivot": [
            -2.75,
            30.25,
            -1.7
          ],
          "rotation": [
            0,
            45,
            0
          ]
        },
        {
          "name": "eye_right_rotation",
          "parent": "eye_right",
          "pivot": [
            -2.8,
            30.25,
            -1.35
          ],
          "rotation": [
            0,
            0,
            5
          ],
          "cubes": [
            {
              "origin": [
                -4.55,
                28.5,
                -1.36
              ],
              "size": [
                3,
                3,
                0
              ],
              "uv": [
                64,
                16
              ]
            },
            {
              "origin": [
                -3.55,
                29,
                -1.37
              ],
              "size": [
                2,
                3,
                0
              ],
              "pivot": [
                -2.55,
                30.5,
                -1.37
              ],
              "rotation": [
                0,
                0,
                180
              ],
              "uv": [
                90,
                33
              ]
            },
            {
              "origin": [
                -3.05,
                29,
                -1.37
              ],
              "size": [
                2,
                3,
                0
              ],
              "inflate": -0.01,
              "uv": [
                90,
                36
              ]
            }
          ]
        },
        {
          "name": "pupil_right",
          "parent": "eye_right_rotation",
          "pivot": [
            -2.05,
            30.5,
            -1.38
          ],
          "cubes": [
            {
              "origin": [
                -2.55,
                29.5,
                -1.38
              ],
              "size": [
                1,
                2,
                0
              ],
              "uv": [
                94,
                42
              ]
            }
          ]
        },
        {
          "name": "eye_shine_right",
          "parent": "eye_right_rotation",
          "pivot": [
            -2.55,
            31,
            -1.39
          ],
          "cubes": [
            {
              "origin": [
                -3.05,
                30.5,
                -1.39
              ],
              "size": [
                1,
                1,
                0
              ],
              "uv": [
                116,
                29
              ]
            }
          ]
        },
        {
          "name": "eyelid_right",
          "parent": "eye_right_rotation",
          "pivot": [
            -2.55,
            30,
            -0.75
          ],
          "cubes": [
            {
              "origin": [
                -4.05,
                28.5,
                -1.29
              ],
              "size": [
                3,
                3,
                1
              ],
              "inflate": 0.01,
              "uv": [
                112,
                12
              ]
            }
          ]
        },
        {
          "name": "hair",
          "parent": "head",
          "pivot": [
            0,
            31.1,
            -0.35
          ],
          "rotation": [
            7.5,
            0,
            0
          ],
          "cubes": [
            {
              "origin": [
                -3,
                28.1,
                -3.35
              ],
              "size": [
                6,
                6,
                6
              ],
              "pivot": [
                0,
                34.1,
                -0.35
              ],
              "rotation": [
                0,
                45,
                0
              ],
              "uv": [
                46,
                16
              ]
            }
          ]
        },
        {
          "name": "hair_back",
          "parent": "head",
          "pivot": [
            0,
            34.5,
            -0.5
          ]
        },
        {
          "name": "hair_back_left",
          "parent": "hair_back",
          "pivot": [
            4.3,
            33.6,
            3.35
          ],
          "rotation": [
            2.5,
            10,
            -2.5
          ],
          "cubes": [
            {
              "origin": [
                1.3,
                30.6,
                0.35
              ],
              "size": [
                3,
                3,
                3
              ],
              "uv": [
                64,
                50
              ]
            }
          ]
        },
        {
          "name": "hair_back_left2",
          "parent": "hair_back_left",
          "pivot": [
            4.3,
            33.6,
            3.35
          ],
          "rotation": [
            25,
            0,
            0
          ],
          "cubes": [
            {
              "origin": [
                1.3,
                29.6,
                0.35
              ],
              "size": [
                3,
                4,
                3
              ],
              "inflate": 0.01,
              "uv": [
                66,
                43
              ]
            }
          ]
        },
        {
          "name": "hair_back_left3",
          "parent": "hair_back_left2",
          "pivot": [
            2.8,
            29.6,
            2.85
          ],
          "rotation": [
            -45,
            0,
            0
          ],
          "cubes": [
            {
              "origin": [
                1.3,
                25.6,
                -0.15
              ],
              "size": [
                3,
                4,
                3
              ],
              "uv": [
                0,
                42
              ]
            }
          ]
        },
        {
          "name": "hair_back_left4",
          "parent": "hair_back_left3",
          "pivot": [
            2.8,
            25.6,
            2.35
          ],
          "rotation": [
            -52.5,
            0,
            0
          ],
          "cubes": [
            {
              "origin": [
                1.8,
                22.6,
                0.35
              ],
              "size": [
                2,
                3,
                2
              ],
              "inflate": 0.01,
              "uv": [
                102,
                44
              ]
            }
          ]
        },
        {
          "name": "hair_back_right",
          "parent": "hair_back",
          "pivot": [
            -4.3,
            33.6,
            3.35
          ],
          "rotation": [
            2.5,
            -10,
            2.5
          ],
          "cubes": [
            {
              "origin": [
                -4.3,
                30.6,
                0.35
              ],
              "size": [
                3,
                3,
                3
              ],
              "uv": [
                0,
                49
              ]
            }
          ]
        },
        {
          "name": "hair_back_right2",
          "parent": "hair_back_right",
          "pivot": [
            -4.3,
            33.6,
            3.35
          ],
          "rotation": [
            25,
            0,
            0
          ],
          "cubes": [
            {
              "origin": [
                -4.3,
                29.6,
                0.35
              ],
              "size": [
                3,
                4,
                3
              ],
              "inflate": 0.01,
              "uv": [
                78,
                37
              ]
            }
          ]
        },
        {
          "name": "hair_back_right3",
          "parent": "hair_back_right2",
          "pivot": [
            -2.8,
            29.6,
            2.85
          ],
          "rotation": [
            -45,
            0,
            0
          ],
          "cubes": [
            {
              "origin": [
                -4.3,
                25.6,
                -0.15
              ],
              "size": [
                3,
                4,
                3
              ],
              "uv": [
                78,
                44
              ]
            }
          ]
        },
        {
          "name": "hair_back_right4",
          "parent": "hair_back_right3",
          "pivot": [
            -2.8,
            25.6,
            2.35
          ],
          "rotation": [
            -52.5,
            0,
            0
          ],
          "cubes": [
            {
              "origin": [
                -3.8,
                22.6,
                0.35
              ],
              "size": [
                2,
                3,
                2
              ],
              "inflate": 0.01,
              "uv": [
                118,
                27
              ]
            }
          ]
        },
        {
          "name": "head_side_right",
          "parent": "head",
          "pivot": [
            -4,
            28,
            0.05
          ],
          "rotation": [
            5,
            -45,
            0
          ],
          "cubes": [
            {
              "origin": [
                -4,
                29.5,
                0.55
              ],
              "size": [
                0,
                3,
                3
              ],
              "uv": [
                106,
                8
              ]
            },
            {
              "origin": [
                -4,
                32.5,
                1.05
              ],
              "size": [
                0,
                1,
                1
              ],
              "pivot": [
                -4,
                33,
                1.55
              ],
              "rotation": [
                90,
                0,
                0
              ],
              "uv": [
                82,
                16
              ]
            },
            {
              "origin": [
                -4,
                28,
                0.05
              ],
              "size": [
                0,
                2,
                3
              ],
              "inflate": -0.01,
              "uv": [
                0,
                52
              ]
            }
          ]
        },
        {
          "name": "head_side_left",
          "parent": "head",
          "pivot": [
            4,
            28,
            0.05
          ],
          "rotation": [
            5,
            45,
            0
          ],
          "cubes": [
            {
              "origin": [
                4,
                29.5,
                0.55
              ],
              "size": [
                0,
                3,
                3
              ],
              "uv": [
                94,
                14
              ]
            },
            {
              "origin": [
                4,
                32.5,
                1.05
              ],
              "size": [
                0,
                1,
                1
              ],
              "pivot": [
                4,
                33,
                1.55
              ],
              "rotation": [
                90,
                0,
                0
              ],
              "uv": [
                110,
                14
              ]
            },
            {
              "origin": [
                4,
                28,
                0.05
              ],
              "size": [
                0,
                2,
                3
              ],
              "inflate": -0.01,
              "uv": [
                6,
                52
              ]
            }
          ]
        },
        {
          "name": "legs",
          "parent": "body",
          "pivot": [
            0,
            17,
            0
          ]
        },
        {
          "name": "leg_left",
          "parent": "legs",
          "pivot": [
            1.8,
            16.5,
            0
          ],
          "cubes": [
            {
              "origin": [
                0.8,
                9,
                -1
              ],
              "size": [
                1,
                8,
                2
              ],
              "inflate": 0.01,
              "uv": [
                12,
                49
              ]
            }
          ]
        },
        {
          "name": "leg_left2",
          "parent": "leg_left",
          "pivot": [
            1.3,
            9,
            -1
          ],
          "cubes": [
            {
              "origin": [
                0.8,
                0,
                -1
              ],
              "size": [
                1,
                9,
                1
              ],
              "uv": [
                24,
                26
              ]
            }
          ]
        },
        {
          "name": "leg_right",
          "parent": "legs",
          "pivot": [
            -1.8,
            16.5,
            0
          ],
          "cubes": [
            {
              "origin": [
                -1.8,
                9,
                -1
              ],
              "size": [
                1,
                8,
                2
              ],
              "inflate": 0.01,
              "uv": [
                18,
                49
              ]
            }
          ]
        },
        {
          "name": "leg_right2",
          "parent": "leg_right",
          "pivot": [
            -1.3,
            9,
            -1
          ],
          "cubes": [
            {
              "origin": [
                -1.8,
                0,
                -1
              ],
              "size": [
                1,
                9,
                1
              ],
              "uv": [
                28,
                27
              ]
            }
          ]
        }
      ]
    }
  ]
}