{
	"format_version": "1.12.0",
	"minecraft:geometry": [
		{
			"description": {
				"identifier": "geometry.slowbro_galarian",
				"texture_width": 128,
				"texture_height": 64,
				"visible_bounds_width": 4,
				"visible_bounds_height": 3.5,
				"visible_bounds_offset": [0, 1.25, 0]
			},
			"bones": [
				{
					"name": "slowbro",
					"pivot": [0, 0, 0]
				},
				{
					"name": "body",
					"parent": "slowbro",
					"pivot": [0, 11, 1]
				},
				{
					"name": "torso",
					"parent": "body",
					"pivot": [-0.5, 6, 0.5],
					"rotation": [7.5, 0, 0],
					"cubes": [
						{"origin": [-5.5, 3, -4.5], "size": [11, 9, 11], "uv": [0, 32]}
					]
				},
				{
					"name": "torso2",
					"parent": "torso",
					"pivot": [0, 12, 2],
					"cubes": [
						{"origin": [-5, 11, -4], "size": [10, 7, 9], "uv": [0, 16]}
					]
				},
				{
					"name": "head",
					"parent": "torso2",
					"pivot": [0, 17.5, 0]
				},
				{
					"name": "head_correction",
					"parent": "head",
					"pivot": [0, 17.5, 0]
				},
				{
					"name": "head_ai",
					"parent": "head_correction",
					"pivot": [0, 17.5, 0]
				},
				{
					"name": "head_angle",
					"parent": "head_ai",
					"pivot": [0, 17.5, 0],
					"cubes": [
						{"origin": [0.5, 19.7, -6.51], "size": [1, 1, 0], "uv": [50, 1]},
						{"origin": [-1.5, 19.7, -6.51], "size": [1, 1, 0], "uv": [50, 0]},
						{"origin": [1.5, 18.65, -6.25], "size": [1, 1, 0], "pivot": [2, 18.65, -6.25], "rotation": [0, 0, 45], "uv": [65, 1]},
						{"origin": [-2.5, 18.65, -6.25], "size": [1, 1, 0], "pivot": [-2, 18.65, -6.25], "rotation": [0, 0, -45], "uv": [65, 0]},
						{"origin": [-4.5, 17.5, -4.5], "size": [9, 8, 8], "uv": [0, 0]},
						{"origin": [-3.5, 19, -6.5], "size": [7, 2, 3], "uv": [54, 4]}
					]
				},
				{
					"name": "ear_left",
					"parent": "head_angle",
					"pivot": [4, 24.5, -1.5],
					"rotation": [0, 0, 45],
					"cubes": [
						{"origin": [2.5, 24.5, -2], "size": [3, 3, 1], "uv": [42, 15]}
					]
				},
				{
					"name": "ear_right",
					"parent": "head_angle",
					"pivot": [-4, 24.5, -1.5],
					"rotation": [0, 0, -45],
					"cubes": [
						{"origin": [-5.5, 24.5, -2], "size": [3, 3, 1], "uv": [47, 8]}
					]
				},
				{
					"name": "eyes",
					"parent": "head_angle",
					"pivot": [0, 22, -4.5125]
				},
				{
					"name": "eye_left",
					"parent": "eyes",
					"pivot": [3.185, 22.1, -4.2625],
					"cubes": [
						{"origin": [1.51, 20.5, -4.51], "size": [3, 3, 1], "uv": [0, 0]}
					]
				},
				{
					"name": "pupil_left",
					"parent": "eye_left",
					"pivot": [3.36, 22.2, -4.515],
					"cubes": [
						{"origin": [2.86, 21.7, -4.515], "size": [1, 1, 0], "uv": [26, 1]}
					]
				},
				{
					"name": "eye_right",
					"parent": "eyes",
					"pivot": [-3.185, 22.1, -4.2625],
					"cubes": [
						{"origin": [-4.51, 20.5, -4.51], "size": [3, 3, 1], "uv": [0, 4]}
					]
				},
				{
					"name": "pupil_right",
					"parent": "eye_right",
					"pivot": [-3.36, 22.2, -4.515],
					"cubes": [
						{"origin": [-3.86, 21.7, -4.515], "size": [1, 1, 0], "uv": [26, 0]}
					]
				},
				{
					"name": "eyelid_left",
					"parent": "eyes",
					"pivot": [2.91, 22, -3.91],
					"cubes": [
						{"origin": [1.41, 20.5, -4.41], "size": [3, 3, 1], "inflate": 0.015, "uv": [0, 16]}
					]
				},
				{
					"name": "eyelid_right",
					"parent": "eyes",
					"pivot": [-2.91, 22, -3.91],
					"cubes": [
						{"origin": [-4.41, 20.5, -4.41], "size": [3, 3, 1], "inflate": 0.015, "uv": [0, 20]}
					]
				},
				{
                    "name": "locator_seat_1",
                    "parent": "body",
                    "pivot": [0, 17, 4],
                    "locators": {
                        "seat_1": [0, 17, 4]
                    }
                },
				{
					"name": "jaw",
					"parent": "head_angle",
					"pivot": [0, 19.2, -4.5],
					"cubes": [
						{"origin": [-3, 18.2, -6.2], "size": [6, 1, 3], "uv": [50, 0]}
					]
				},
				{
					"name": "arms",
					"parent": "torso2",
					"pivot": [0, 15.25, -1.75]
				},
				{
					"name": "arm_left",
					"parent": "arms",
					"pivot": [5, 15.25, -1.75],
					"cubes": [
						{"origin": [2.5, 13.75, -3.25], "size": [6, 3, 3], "inflate": 0.001, "uv": [35, 31]}
					]
				},
				{
					"name": "arm_left2",
					"parent": "arm_left",
					"pivot": [8.5, 16.75, -0.25],
					"cubes": [
						{"origin": [8.5, 13.75, -3.25], "size": [4, 3, 3], "inflate": 0.001, "uv": [53, 32], "mirror": true}
					]
				},
				{
					"name": "shell",
					"parent": "arm_left2",
					"pivot": [9, 15.25, -1.75],
					"cubes": [
						{"origin": [8.5, 12.75, -4.25], "size": [2, 5, 5], "uv": [114, 30]},
						{"origin": [6.5, 17.75, -4.25], "size": [2, 0, 5], "uv": [103, 51]},
						{"origin": [7.5, 16.75, 0.75], "size": [1, 1, 0], "uv": [126, 53]},
						{"origin": [7.5, 16.75, -4.25], "size": [1, 1, 0], "uv": [126, 52]},
						{"origin": [7.5, 13.75, -3.75], "size": [1, 3, 0], "uv": [126, 54]},
						{"origin": [7.5, 13.25, -3.25], "size": [1, 0, 3], "uv": [119, 54]},
						{"origin": [7.5, 13.75, 0.25], "size": [1, 3, 0], "uv": [124, 54]},
						{"origin": [10.5, 11.75, -5.25], "size": [4, 7, 7], "uv": [106, 50]},
						{"origin": [11, 17.25, -1.75], "size": [3, 4, 0], "uv": [99, 59]},
						{"origin": [11, 17.65, -1.65], "size": [3, 4, 0], "pivot": [12, 15.25, -1.75], "rotation": [-72, 0, 0], "uv": [85, 59]},
						{"origin": [11, 17.95, -1.55], "size": [3, 4, 0], "pivot": [12, 15.25, -1.75], "rotation": [-144, 0, 0], "uv": [71, 59]},
						{"origin": [11, 17.95, -1.95], "size": [3, 4, 0], "pivot": [12, 15.25, -1.75], "rotation": [143, 0, 0], "uv": [78, 59]},
						{"origin": [11, 17.65, -1.85], "size": [3, 4, 0], "pivot": [12, 15.25, -1.75], "rotation": [72, 0, 0], "uv": [92, 59]},
						{"origin": [14.5, 12.75, -4.25], "size": [3, 5, 5], "uv": [112, 40]},
						{"origin": [15, 10.75, -1.75], "size": [2, 3, 0], "pivot": [16.5, 15.25, -1.75], "rotation": [0, 0, -10], "uv": [91, 55]},
						{"origin": [15, 10.75, -1.75], "size": [2, 3, 0], "pivot": [16.5, 15.25, -1.75], "rotation": [-120.38126, -8.64917, 5.03837], "uv": [101, 55]},
						{"origin": [15, 10.75, -1.75], "size": [2, 3, 0], "pivot": [16.5, 15.25, -1.75], "rotation": [120.38126, 8.64917, 5.03837], "uv": [96, 55]}
					]
				},
				{
					"name": "barrel",
					"parent": "shell",
					"pivot": [17.5, 15.25, -1.75],
					"cubes": [
						{"origin": [17.5, 14.25, -2.75], "size": [2, 2, 2], "uv": [120, 26]},
						{"origin": [19.5, 14.75, -2.25], "size": [0, 1, 1], "inflate": 0.01, "uv": [126, 26]}
					]
				},
				{
					"name": "arm_right",
					"parent": "arms",
					"pivot": [-5, 15.25, -1.75],
					"cubes": [
						{"origin": [-8.5, 13.75, -3.25], "size": [6, 3, 3], "inflate": 0.001, "uv": [33, 37]}
					]
				},
				{
					"name": "arm_right2",
					"parent": "arm_right",
					"pivot": [-8.5, 16.75, -0.25],
					"cubes": [
						{"origin": [-13.5, 13.75, -3.25], "size": [5, 3, 3], "uv": [50, 26]}
					]
				},
				{
					"name": "finger_right",
					"parent": "arm_right2",
					"pivot": [-13, 15.25, -3],
					"cubes": [
						{"origin": [-14.5, 14.75, -3], "size": [2, 1, 0], "uv": [0, 54]}
					]
				},
				{
					"name": "finger_right2",
					"parent": "arm_right2",
					"pivot": [-13, 15.25, -1.75],
					"cubes": [
						{"origin": [-14.5, 14.75, -1.75], "size": [2, 1, 0], "uv": [0, 53]}
					]
				},
				{
					"name": "finger_right3",
					"parent": "arm_right2",
					"pivot": [-13, 15.25, -0.5],
					"cubes": [
						{"origin": [-14.5, 14.75, -0.5], "size": [2, 1, 0], "uv": [0, 52]}
					]
				},
				{
					"name": "tail",
					"parent": "torso",
					"pivot": [0, 6.5, 6.5],
					"cubes": [
						{"origin": [-4, 3.5, 3.5], "size": [8, 7, 7], "uv": [40, 50]}
					]
				},
				{
					"name": "tail2",
					"parent": "tail",
					"pivot": [0, 6.5, 10.6],
					"cubes": [
						{"origin": [-2.5, 4.5, 8.5], "size": [5, 5, 7], "uv": [44, 38]}
					]
				},
				{
					"name": "tail3",
					"parent": "tail2",
					"pivot": [0, 7, 15.5],
					"cubes": [
						{"origin": [-1.5, 5.5, 13.5], "size": [3, 3, 6], "uv": [63, 48]}
					]
				},
				{
					"name": "legs",
					"parent": "body",
					"pivot": [0, 6.5, 0]
				},
				{
					"name": "leg_left",
					"parent": "legs",
					"pivot": [6, 6.5, 0],
					"cubes": [
						{"origin": [4.5, 3.5, -3], "size": [4, 6, 6], "uv": [20, 52]}
					]
				},
				{
					"name": "leg_left2",
					"parent": "leg_left",
					"pivot": [6.5, 2.5, -0.5],
					"cubes": [
						{"origin": [5, 0.5, -1.5], "size": [3, 4, 4], "uv": [40, 0]}
					]
				},
				{
					"name": "foot_left",
					"parent": "leg_left2",
					"pivot": [6.5, 1.5, 2],
					"cubes": [
						{"origin": [4.5, 0, -2], "size": [4, 2, 5], "inflate": 0.001, "uv": [29, 15]},
						{"origin": [7, 0, -3.5], "size": [1, 1, 2], "uv": [4, 35]},
						{"origin": [5, 0, -3.5], "size": [1, 1, 2], "uv": [4, 32]}
					]
				},
				{
					"name": "leg_right",
					"parent": "legs",
					"pivot": [-6, 6.5, 0],
					"cubes": [
						{"origin": [-8.5, 3.5, -3], "size": [4, 6, 6], "uv": [0, 52]}
					]
				},
				{
					"name": "leg_right2",
					"parent": "leg_right",
					"pivot": [-6.5, 2.5, -0.5],
					"cubes": [
						{"origin": [-8, 0.5, -1.5], "size": [3, 4, 4], "uv": [26, 0]}
					]
				},
				{
					"name": "foot_right",
					"parent": "leg_right2",
					"pivot": [-6.5, 1.5, 2],
					"cubes": [
						{"origin": [-8.5, 0, -2], "size": [4, 2, 5], "inflate": 0.001, "uv": [34, 8]},
						{"origin": [-8, 0, -3.5], "size": [1, 1, 2], "uv": [0, 36]},
						{"origin": [-6, 0, -3.5], "size": [1, 1, 2], "uv": [0, 33]}
					]
				}
			]
		}
	]
}