{
	"format_version": "1.12.0",
	"minecraft:geometry": [
		{
			"description": {
				"identifier": "geometry.slowbro",
				"texture_width": 128,
				"texture_height": 64,
				"visible_bounds_width": 5,
				"visible_bounds_height": 3.5,
				"visible_bounds_offset": [0, 1.25, 0]
			},
			"bones": [
				{
					"name": "slowbro",
					"pivot": [0, 0, 0]
				},
				{
					"name": "body",
					"parent": "slowbro",
					"pivot": [0, 11, 1]
				},
				{
					"name": "torso",
					"parent": "body",
					"pivot": [-0.5, 6, 0.5],
					"rotation": [7.5, 0, 0],
					"cubes": [
						{"origin": [-5.5, 3, -4.5], "size": [11, 9, 11], "uv": [0, 32]}
					]
				},
				{
					"name": "torso2",
					"parent": "torso",
					"pivot": [0, 12, 2],
					"cubes": [
						{"origin": [-5, 11, -4], "size": [10, 7, 9], "uv": [0, 16]}
					]
				},
				{
					"name": "head",
					"parent": "torso2",
					"pivot": [0, 17.5, 0]
				},
				{
					"name": "head_correction",
					"parent": "head",
					"pivot": [0, 17.5, 0]
				},
				{
					"name": "head_ai",
					"parent": "head_correction",
					"pivot": [0, 17.5, 0]
				},
				{
					"name": "head_angle",
					"parent": "head_ai",
					"pivot": [0, 17.5, 0],
					"cubes": [
						{"origin": [0.5, 19.7, -6.51], "size": [1, 1, 0], "uv": [50, 1]},
						{"origin": [-1.5, 19.7, -6.51], "size": [1, 1, 0], "uv": [50, 0]},
						{"origin": [1.5, 18.65, -6.25], "size": [1, 1, 0], "pivot": [2, 18.65, -6.25], "rotation": [0, 0, 45], "uv": [65, 1]},
						{"origin": [-2.5, 18.65, -6.25], "size": [1, 1, 0], "pivot": [-2, 18.65, -6.25], "rotation": [0, 0, -45], "uv": [65, 0]},
						{"origin": [-4.5, 17.5, -4.5], "size": [9, 8, 8], "uv": [0, 0]},
						{"origin": [-3.5, 19, -6.5], "size": [7, 2, 3], "uv": [54, 4]}
					]
				},
				{
					"name": "ear_left",
					"parent": "head_angle",
					"pivot": [4, 24.5, -1.5],
					"rotation": [0, 0, 45],
					"cubes": [
						{"origin": [2.5, 24.5, -2], "size": [3, 3, 1], "uv": [42, 15]}
					]
				},
				{
					"name": "ear_right",
					"parent": "head_angle",
					"pivot": [-4, 24.5, -1.5],
					"rotation": [0, 0, -45],
					"cubes": [
						{"origin": [-5.5, 24.5, -2], "size": [3, 3, 1], "uv": [47, 8]}
					]
				},
				{
					"name": "eyes",
					"parent": "head_angle",
					"pivot": [0, 22, -4.5125]
				},
				{
					"name": "eye_left",
					"parent": "eyes",
					"pivot": [3.01, 22, -4.01],
					"cubes": [
						{"origin": [1.51, 20.5, -4.51], "size": [3, 3, 1], "uv": [0, 0]}
					]
				},
				{
					"name": "pupil_left",
					"parent": "eye_left",
					"pivot": [3.36, 22.2, -4.515],
					"cubes": [
						{"origin": [2.86, 21.7, -4.515], "size": [1, 1, 0], "uv": [26, 1]}
					]
				},
				{
					"name": "eye_right",
					"parent": "eyes",
					"pivot": [-3.01, 22, -4.01],
					"cubes": [
						{"origin": [-4.51, 20.5, -4.51], "size": [3, 3, 1], "uv": [0, 4]}
					]
				},
				{
					"name": "pupil_right",
					"parent": "eye_right",
					"pivot": [-3.36, 22.2, -4.515],
					"cubes": [
						{"origin": [-3.86, 21.7, -4.515], "size": [1, 1, 0], "uv": [26, 0]}
					]
				},
				{
					"name": "eyelid_left",
					"parent": "eyes",
					"pivot": [2.91, 22, -3.91],
					"cubes": [
						{"origin": [1.41, 20.5, -4.41], "size": [3, 3, 1], "inflate": 0.01, "uv": [0, 16]}
					]
				},
				{
					"name": "eyelid_right",
					"parent": "eyes",
					"pivot": [-2.91, 22, -3.91],
					"cubes": [
						{"origin": [-4.41, 20.5, -4.41], "size": [3, 3, 1], "inflate": 0.01, "uv": [0, 20]}
					]
				},
				{
					"name": "jaw",
					"parent": "head_angle",
					"pivot": [0, 19.2, -4.5],
					"cubes": [
						{"origin": [-3, 18.2, -6.2], "size": [6, 1, 3], "uv": [50, 0]}
					]
				},
				{
					"name": "arms",
					"parent": "torso2",
					"pivot": [0, 15.25, -1.75]
				},
				{
					"name": "arm_left",
					"parent": "arms",
					"pivot": [5, 15.25, -1.75],
					"cubes": [
						{"origin": [2.5, 13.75, -3.25], "size": [6, 3, 3], "inflate": 0.001, "uv": [35, 31]}
					]
				},
				{
					"name": "arm_left2",
					"parent": "arm_left",
					"pivot": [8.5, 16.75, -0.25],
					"cubes": [
						{"origin": [8.5, 13.75, -3.25], "size": [5, 3, 3], "uv": [53, 30]}
					]
				},
				{
                    "name": "locator_seat_1",
                    "parent": "body",
                    "pivot": [0, 17, 4],
                    "locators": {
                        "seat_1": [0, 17, 4]
                    }
                },
				{
					"name": "finger_front_left",
					"parent": "arm_left2",
					"pivot": [13, 15.25, -3],
					"cubes": [
						{"origin": [12.5, 14.75, -3], "size": [2, 1, 0], "uv": [14, 54]}
					]
				},
				{
					"name": "finger_middle_left",
					"parent": "arm_left2",
					"pivot": [13, 15.25, -1.75],
					"cubes": [
						{"origin": [12.5, 14.75, -1.75], "size": [2, 1, 0], "uv": [14, 53]}
					]
				},
				{
					"name": "finger_back_left",
					"parent": "arm_left2",
					"pivot": [13, 15.25, -0.5],
					"cubes": [
						{"origin": [12.5, 14.75, -0.5], "size": [2, 1, 0], "uv": [14, 52]}
					]
				},
				{
					"name": "arm_right",
					"parent": "arms",
					"pivot": [-5, 15.25, -1.75],
					"cubes": [
						{"origin": [-8.5, 13.75, -3.25], "size": [6, 3, 3], "inflate": 0.001, "uv": [33, 37]}
					]
				},
				{
					"name": "arm_right2",
					"parent": "arm_right",
					"pivot": [-8.5, 16.75, -0.25],
					"cubes": [
						{"origin": [-13.5, 13.75, -3.25], "size": [5, 3, 3], "uv": [51, 36]}
					]
				},
				{
					"name": "finger_front_right",
					"parent": "arm_right2",
					"pivot": [-13, 15.25, -3],
					"cubes": [
						{"origin": [-14.5, 14.75, -3], "size": [2, 1, 0], "uv": [0, 52]}
					]
				},
				{
					"name": "finger_middle_right",
					"parent": "arm_right2",
					"pivot": [-13, 15.25, -1.75],
					"cubes": [
						{"origin": [-14.5, 14.75, -1.75], "size": [2, 1, 0], "uv": [0, 53]}
					]
				},
				{
					"name": "finger_back_right",
					"parent": "arm_right2",
					"pivot": [-13, 15.25, -0.5],
					"cubes": [
						{"origin": [-14.5, 14.75, -0.5], "size": [2, 1, 0], "uv": [0, 54]}
					]
				},
				{
					"name": "tail",
					"parent": "torso",
					"pivot": [0, 6.5, 5.5],
					"cubes": [
						{"origin": [-3.5, 4, 4.5], "size": [7, 6, 5], "uv": [40, 53]}
					]
				},
				{
					"name": "tail2",
					"parent": "tail",
					"pivot": [0, 6.5, 8.6],
					"cubes": [
						{"origin": [-3, 4.5, 7.5], "size": [6, 4, 7], "uv": [44, 42]}
					]
				},
				{
					"name": "shell",
					"parent": "tail2",
					"pivot": [0, 6.5, 12.7],
					"rotation": [35, 0, 0],
					"cubes": [
						{"origin": [-6, 0.5, 12], "size": [12, 12, 5], "uv": [94, 47]},
						{"origin": [-6, 12.5, 10], "size": [12, 0, 2], "uv": [67, 61]},
						{"origin": [5.5, 5.5, 10], "size": [0, 6, 2], "uv": [89, 38]},
						{"origin": [-5.5, 5.5, 10], "size": [0, 6, 2], "uv": [84, 38]},
						{"origin": [2.5, -3.5, 13], "size": [0, 4, 2], "pivot": [2.5, 1.5, 14], "rotation": [0, 0, -27.5], "uv": [82, 54]},
						{"origin": [-2.5, -3.5, 13], "size": [0, 4, 2], "pivot": [-2.5, 1.5, 14], "rotation": [0, 0, 27.5], "uv": [77, 54]},
						{"origin": [-5, 1.5, 17], "size": [10, 10, 4], "uv": [100, 25]},
						{"origin": [4.75, 6.5, 18], "size": [3, 0, 2], "uv": [85, 58]},
						{"origin": [-7.75, 6.5, 18], "size": [3, 0, 2], "uv": [85, 55]},
						{"origin": [0, 11.25, 18], "size": [0, 3, 2], "uv": [72, 55]},
						{"origin": [-3.5, 3, 21], "size": [7, 7, 4], "uv": [106, 14]},
						{"origin": [3.5, 7.5, 22.5], "size": [2, 0, 1], "pivot": [3, 7.5, 23], "rotation": [0, 0, -20], "uv": [122, 50]},
						{"origin": [-5.5, 7.5, 22.5], "size": [2, 0, 1], "pivot": [-3, 7.5, 23], "rotation": [0, 0, 20], "uv": [122, 49]},
						{"origin": [-1.5, 5, 25], "size": [3, 3, 4], "uv": [114, 7]},
						{"origin": [0, 8, 26.25], "size": [0, 2, 1], "uv": [123, 46]},
						{"origin": [0, 3.25, 26.25], "size": [0, 2, 1], "uv": [125, 46]}
					]
				},
				{
					"name": "eyes_shell",
					"parent": "shell",
					"pivot": [2.46, 12.01, 14.25]
				},
				{
					"name": "eye_shell_left",
					"parent": "eyes_shell",
					"pivot": [2.46, 12.01, 14.25],
					"rotation": [0, -15, 0],
					"cubes": [
						{"origin": [0.96, 12.51, 12.75], "size": [4, 0, 3], "uv": [82, 47]}
					]
				},
				{
					"name": "pupil_shell_left",
					"parent": "eye_shell_left",
					"pivot": [2.46, 12.51, 13.25],
					"cubes": [
						{"origin": [1.96, 12.51, 12.75], "size": [1, 0, 1], "inflate": 0.01, "uv": [72, 52]}
					]
				},
				{
					"name": "eye_shell_right",
					"parent": "eyes_shell",
					"pivot": [-2.46, 12.01, 14.25],
					"rotation": [0, 15, 0],
					"cubes": [
						{"origin": [-4.96, 12.51, 12.75], "size": [4, 0, 3], "uv": [73, 47]}
					]
				},
				{
					"name": "pupil_shell_right",
					"parent": "eye_shell_right",
					"pivot": [-2.46, 12.51, 13.25],
					"cubes": [
						{"origin": [-2.96, 12.51, 12.75], "size": [1, 0, 1], "inflate": 0.01, "uv": [72, 53]}
					]
				},
				{
					"name": "eyelid_shell_left",
					"parent": "eyes_shell",
					"pivot": [2.46, 11.91, 14.25],
					"rotation": [0, -15, 0],
					"cubes": [
						{"origin": [0.96, 12.41, 12.75], "size": [4, 0, 3], "inflate": 0.015, "uv": [73, 51]}
					]
				},
				{
					"name": "eyelid_shell_right",
					"parent": "eyes_shell",
					"pivot": [-2.46, 11.91, 14.25],
					"rotation": [0, 15, 0],
					"cubes": [
						{"origin": [-4.96, 12.41, 12.75], "size": [4, 0, 3], "inflate": 0.015, "uv": [82, 51]}
					]
				},
				{
					"name": "shell_jaw",
					"parent": "shell",
					"pivot": [0, 2.5, 12],
					"rotation": [-25, 0, 0],
					"cubes": [
						{"origin": [-5, 2.5, 6], "size": [10, 2, 6], "uv": [96, 39]}
					]
				},
				{
					"name": "legs",
					"parent": "body",
					"pivot": [0, 6.5, 0]
				},
				{
					"name": "leg_left",
					"parent": "legs",
					"pivot": [6, 6.5, 0],
					"cubes": [
						{"origin": [4.5, 3.5, -3], "size": [4, 6, 6], "uv": [20, 52]}
					]
				},
				{
					"name": "leg_left2",
					"parent": "leg_left",
					"pivot": [6.5, 2.5, -0.5],
					"cubes": [
						{"origin": [5, 0.5, -1.5], "size": [3, 4, 4], "uv": [40, 0]}
					]
				},
				{
					"name": "foot_left",
					"parent": "leg_left2",
					"pivot": [6.5, 1.5, 2],
					"cubes": [
						{"origin": [4.5, 0, -2], "size": [4, 2, 5], "inflate": 0.01, "uv": [29, 15]}
					]
				},
				{
					"name": "toes_left",
					"parent": "foot_left",
					"pivot": [6.5, 0, -2],
					"cubes": [
						{"origin": [5, 0, -3.5], "size": [1, 1, 2], "uv": [4, 32]},
						{"origin": [7, 0, -3.5], "size": [1, 1, 2], "uv": [4, 35]}
					]
				},
				{
					"name": "leg_right",
					"parent": "legs",
					"pivot": [-6, 6.5, 0],
					"cubes": [
						{"origin": [-8.5, 3.5, -3], "size": [4, 6, 6], "uv": [0, 52]}
					]
				},
				{
					"name": "leg_right2",
					"parent": "leg_right",
					"pivot": [-6.5, 2.5, -0.5],
					"cubes": [
						{"origin": [-8, 0.5, -1.5], "size": [3, 4, 4], "uv": [26, 0]}
					]
				},
				{
					"name": "foot_right",
					"parent": "leg_right2",
					"pivot": [-6.5, 1.5, 2],
					"cubes": [
						{"origin": [-8.5, 0, -2], "size": [4, 2, 5], "inflate": 0.01, "uv": [34, 8]}
					]
				},
				{
					"name": "toes_right",
					"parent": "foot_right",
					"pivot": [-6.5, 0, -2],
					"cubes": [
						{"origin": [-8, 0, -3.5], "size": [1, 1, 2], "uv": [0, 36]},
						{"origin": [-6, 0, -3.5], "size": [1, 1, 2], "uv": [0, 33]}
					]
				}
			]
		}
	]
}