{
    "portraitScale": 1.6,
    "portraitTranslation": [ -0.1, 0.15, 0 ],
    "profileScale": 0.65,
    "profileRotation": 90,
    "profileTranslation": [ 0, 0.77, 0 ],
    "faint": "bedrock(ashpikachu, ground_sleep)",
    "poses": {

      "standing": {
        "poseName": "standing",
        "transformTicks": 10,
        "poseTypes": [
          "STAND",
          "NONE",
          "PORTRAIT",
          "PROFILE"
        ],
        "animations": [
          "bedrock(ashpikachu, ground_idle)"
        ],
        "quirks": [
          {
            "name": "blink",
            "animations": ["bedrock(ashpikachu, blink)"]
          }
        ]
      },

      "walking": {
        "poseName": "walking",
        "transformTicks": 10,
        "poseTypes": [ "WALK" ],
        "animations": [ "bedrock(ashpikachu, ground_walk)" ],
        "quirks": [
          {
            "name": "blink",
            "animations": ["bedrock(ashpikachu, blink)"]
          }
        ]
      },
    "shoulder_left": {
      "poseName": "shoulder_left",
      "transformTicks": 10,
      "poseTypes": ["SHOULDER_LEFT"],
      "animations": [
        "bedrock(ashpikachu, shoulder_left)"
      ]
    },
    "shoulder_right": {
      "poseName": "shoulder_right",
      "transformTicks": 10,
      "poseTypes": ["SHOULDER_RIGHT"],
      "animations": [
        "bedrock(ashpikachu, shoulder_right)"
      ]
    }
    }
  }