{
	"format_version": "1.12.0",
	"minecraft:geometry": [
		{
			"description": {
				"identifier": "geometry.decidueye",
				"texture_width": 128,
				"texture_height": 256,
				"visible_bounds_width": 7,
				"visible_bounds_height": 4.5,
				"visible_bounds_offset": [0, 1.75, 0]
			},
			"bones": [
				{
					"name": "decidueye",
					"pivot": [0, 0, 0]
				},
				{
					"name": "body",
					"parent": "decidueye",
					"pivot": [0, 23, 0]
				},
				{
					"name": "torso",
					"parent": "body",
					"pivot": [0, 21.25, 0.25],
					"cubes": [
						{"origin": [-5.5, 20, -5], "size": [11, 7, 9], "uv": [33, 52]}
					]
				},
				{
                    "name": "locator_seat_1",
                    "parent": "body",
                    "pivot": [0, 33, 7],
                    "locators": {
                        "seat_1": [0, 33, 7]
                    }
                },
				{
					"name": "chest",
					"parent": "torso",
					"pivot": [0, 26, -0.5],
					"cubes": [
						{"origin": [-5.5, 26, -5], "size": [11, 9, 9], "inflate": 0.01, "uv": [42, 34]},
						{"origin": [-4.5, 35, -4], "size": [9, 2, 7], "inflate": 0.01, "uv": [0, 24]}
					]
				},
				{
					"name": "head",
					"parent": "chest",
					"pivot": [0, 35, -0.5],
					"cubes": [
						{"origin": [-5.5, 35, -5.5], "size": [11, 11, 10], "uv": [0, 34]},
						{"origin": [-0.5, 42.5, -5.5], "size": [1, 1, 0], "inflate": 0.01, "uv": [0, 33]}
					]
				},
				{
					"name": "eyes",
					"parent": "head",
					"pivot": [-0.5, 9, 4.5]
				},
				{
					"name": "eye_right",
					"parent": "eyes",
					"pivot": [3.05, 40.5, -5.5],
					"rotation": [0, 0, -5.5],
					"cubes": [
						{"origin": [1.05, 38.5, -5.5], "size": [4, 4, 0], "inflate": 0.01, "uv": [103, 31], "mirror": true}
					]
				},
				{
					"name": "eye_lid_right",
					"parent": "eye_right",
					"pivot": [3.05, 41.5, -5.5],
					"cubes": [
						{"origin": [1.05, 40.5, -5.5], "size": [4, 2, 0], "inflate": 0.04, "uv": [5, 196], "mirror": true}
					]
				},
				{
					"name": "pupil_right",
					"parent": "eye_right",
					"pivot": [2.725, 40.125, -5.5],
					"cubes": [
						{"origin": [1.75, 39, -5.5], "size": [2, 2, 0], "inflate": 0.02, "uv": [109, 16], "mirror": true},
						{"origin": [2.1, 39.55, -5.5], "size": [1, 2, 0], "inflate": 0.03, "uv": [115, 16], "mirror": true}
					]
				},
				{
					"name": "eyelid_right",
					"parent": "eye_right",
					"pivot": [3.05, 40.5, -4.9],
					"cubes": [
						{"origin": [1.05, 38.5, -5.4], "size": [4, 4, 1], "inflate": 0.05, "uv": [105, 11], "mirror": true}
					]
				},
				{
					"name": "eye_left",
					"parent": "eyes",
					"pivot": [-3.05, 40.5, -5.5],
					"rotation": [0, 0, 5.5],
					"cubes": [
						{"origin": [-5.05, 38.5, -5.5], "size": [4, 4, 0], "inflate": 0.01, "uv": [103, 27]}
					]
				},
				{
					"name": "eye_lid_left",
					"parent": "eye_left",
					"pivot": [-3.05, 41.5, -5.5],
					"cubes": [
						{"origin": [-5.05, 40.5, -5.5], "size": [4, 2, 0], "inflate": 0.04, "uv": [5, 194]}
					]
				},
				{
					"name": "pupil_left",
					"parent": "eye_left",
					"pivot": [-2.725, 40.125, -5.5],
					"cubes": [
						{"origin": [-3.75, 39, -5.5], "size": [2, 2, 0], "inflate": 0.02, "uv": [105, 16]},
						{"origin": [-3.1, 39.55, -5.5], "size": [1, 2, 0], "inflate": 0.03, "uv": [113, 16]}
					]
				},
				{
					"name": "eyelid_left",
					"parent": "eye_left",
					"pivot": [-3.05, 40.5, -4.9],
					"cubes": [
						{"origin": [-5.05, 38.5, -5.4], "size": [4, 4, 1], "inflate": 0.05, "uv": [6, 189]}
					]
				},
				{
					"name": "beak_main",
					"parent": "head",
					"pivot": [0, 38.75, -5.5],
					"cubes": [
						{"origin": [-2, 37.75, -7], "size": [4, 1, 4], "inflate": 0.01, "pivot": [0, 38.25, -5], "rotation": [0, -45, 0], "uv": [58, 161]}
					]
				},
				{
					"name": "beak",
					"parent": "beak_main",
					"pivot": [0, 39.75, -4.5],
					"rotation": [0, -45, 0],
					"cubes": [
						{"origin": [-2.35104, 36.25, -6.85104], "size": [0, 2, 2], "uv": [57, 29]},
						{"origin": [-2.35104, 36.25, -6.85104], "size": [2, 2, 0], "uv": [99, 31]}
					]
				},
				{
					"name": "jaw",
					"parent": "beak",
					"pivot": [-0.70962, 37.85, -5.20962],
					"rotation": [0, 0, 0],
					"cubes": [
						{"origin": [-2.07322, 36.85, -6.57322], "size": [3, 1, 3], "uv": [62, 166]}
					]
				},
				{
					"name": "beak2",
					"parent": "beak_main",
					"pivot": [0, 40.5, -4.5],
					"rotation": [0, -45, 0],
					"cubes": [
						{"origin": [-1.8721, 38.58623, -6.3721], "size": [2, 3, 2], "pivot": [-1.7474, 38.75, -6.2474], "rotation": [-26.28318, 6.24015, 26.28318], "uv": [2, 15]}
					]
				},
				{
					"name": "hood_front",
					"parent": "head",
					"pivot": [-0.5, 40.5, -5.5]
				},
				{
					"name": "hood_front_right1",
					"parent": "hood_front",
					"pivot": [-5.5, 40.5, -5.5],
					"cubes": [
						{"origin": [-5.5, 35, -7.5], "size": [0, 11, 2], "uv": [14, 107]}
					]
				},
				{
					"name": "hood_front_right2",
					"parent": "hood_front_right1",
					"pivot": [-5.5, 40.5, -7.5],
					"cubes": [
						{"origin": [-5.5, 35, -9.5], "size": [0, 11, 2], "uv": [10, 107]}
					]
				},
				{
					"name": "hood_front_top1",
					"parent": "hood_front",
					"pivot": [0, 46, -5.5],
					"cubes": [
						{"origin": [-5.5, 46, -7.5], "size": [11, 0, 2], "uv": [79, 29]}
					]
				},
				{
					"name": "hood_front_top2",
					"parent": "hood_front_top1",
					"pivot": [0, 46, -7.5],
					"cubes": [
						{"origin": [-5.5, 46, -11.5], "size": [11, 0, 4], "uv": [0, 178]}
					]
				},
				{
					"name": "hood_front_left1",
					"parent": "hood_front",
					"pivot": [5.5, 40.5, -5.5],
					"cubes": [
						{"origin": [5.5, 35, -7.5], "size": [0, 11, 2], "uv": [49, 102]}
					]
				},
				{
					"name": "hood_front_left2",
					"parent": "hood_front_left1",
					"pivot": [5.5, 40.5, -7.5],
					"cubes": [
						{"origin": [5.5, 35, -9.5], "size": [0, 11, 2], "uv": [20, 104]}
					]
				},
				{
					"name": "hood_front_bottom1",
					"parent": "hood_front",
					"pivot": [0, 35, -5.5],
					"cubes": [
						{"origin": [-5.5, 35, -7.5], "size": [11, 0, 2], "uv": [79, 27]}
					]
				},
				{
					"name": "hood_front_bottom2",
					"parent": "hood_front_bottom1",
					"pivot": [0, 35, -7.5],
					"cubes": [
						{"origin": [-5.5, 35, -9.5], "size": [11, 0, 2], "uv": [33, 31]}
					]
				},
				{
					"name": "head_leaf_side_right1",
					"parent": "head",
					"pivot": [-4.9, 44.5, -0.25],
					"rotation": [7.5, -37.5, 17.5],
					"cubes": [
						{"origin": [-4.9, 42.5, -0.25], "size": [0, 4, 2], "uv": [64, 55]}
					]
				},
				{
					"name": "head_leaf_side_right1_end",
					"parent": "head_leaf_side_right1",
					"pivot": [-4.9, 44.5, 1.75],
					"rotation": [0, -5, 0],
					"cubes": [
						{"origin": [-4.9, 43, 1.75], "size": [0, 3, 2], "uv": [66, 89]}
					]
				},
				{
					"name": "head_leaf_side_right2",
					"parent": "head",
					"pivot": [-5.5, 41, -0.15],
					"rotation": [0, -25, 0],
					"cubes": [
						{"origin": [-5.5, 39, -0.15], "size": [0, 4, 2], "uv": [0, 73]}
					]
				},
				{
					"name": "head_leaf_side_right2_end",
					"parent": "head_leaf_side_right2",
					"pivot": [-5.5, 41, 1.85],
					"rotation": [0, -5, 0],
					"cubes": [
						{"origin": [-5.5, 39.5, 1.85], "size": [0, 3, 2], "uv": [20, 87]}
					]
				},
				{
					"name": "head_leaf_side_right3",
					"parent": "head",
					"pivot": [-5.5, 37.25, -0.5],
					"rotation": [-7.59566, -17.47835, 0.342],
					"cubes": [
						{"origin": [-5.5, 35.25, -0.5], "size": [0, 4, 2], "uv": [0, 69]}
					]
				},
				{
					"name": "head_leaf_side_right3_end",
					"parent": "head_leaf_side_right3",
					"pivot": [-5.5, 37.25, 1.5],
					"rotation": [0, -5, 0],
					"cubes": [
						{"origin": [-5.5, 35.75, 1.5], "size": [0, 3, 2], "uv": [68, 55]}
					]
				},
				{
					"name": "head_leaf_side_left1",
					"parent": "head",
					"pivot": [4.9, 44.5, -0.25],
					"rotation": [7.5, 37.5, -17.5],
					"cubes": [
						{"origin": [4.9, 42.5, -0.25], "size": [0, 4, 2], "uv": [40, 83]}
					]
				},
				{
					"name": "head_leaf_side_left1_end",
					"parent": "head_leaf_side_left1",
					"pivot": [4.9, 44.5, 1.75],
					"rotation": [0, 5, 0],
					"cubes": [
						{"origin": [4.9, 43, 1.75], "size": [0, 3, 2], "uv": [48, 95]}
					]
				},
				{
					"name": "head_leaf_side_left2",
					"parent": "head",
					"pivot": [5.5, 41, -0.15],
					"rotation": [0, 25, 0],
					"cubes": [
						{"origin": [5.5, 39, -0.15], "size": [0, 4, 2], "uv": [0, 84]}
					]
				},
				{
					"name": "head_leaf_side_left2_end",
					"parent": "head_leaf_side_left2",
					"pivot": [5.5, 41, 1.85],
					"rotation": [0, 5, 0],
					"cubes": [
						{"origin": [5.5, 39.5, 1.85], "size": [0, 3, 2], "uv": [10, 96]}
					]
				},
				{
					"name": "head_leaf_side_left3",
					"parent": "head",
					"pivot": [5.5, 37.25, -0.5],
					"rotation": [-7.59566, 17.47835, -0.342],
					"cubes": [
						{"origin": [5.5, 35.25, -0.5], "size": [0, 4, 2], "uv": [24, 79]}
					]
				},
				{
					"name": "head_leaf_side_left3_end",
					"parent": "head_leaf_side_left3",
					"pivot": [5.5, 37.25, 1.5],
					"rotation": [0, 5, 0],
					"cubes": [
						{"origin": [5.5, 35.75, 1.5], "size": [0, 3, 2], "uv": [86, 92]}
					]
				},
				{
					"name": "head_feather_back1",
					"parent": "head",
					"pivot": [0, 46, 0.5],
					"rotation": [15, 0, 0],
					"cubes": [
						{"origin": [-1, 45, 0.5], "size": [2, 1, 4], "uv": [46, 161]}
					]
				},
				{
					"name": "head_feather_back2",
					"parent": "head_feather_back1",
					"pivot": [0, 45.7, 3.6],
					"rotation": [15, 0, 0],
					"cubes": [
						{"origin": [-2, 45.7, 2.6], "size": [4, 0, 2], "uv": [23, 29]}
					]
				},
				{
					"name": "head_feather_back3",
					"parent": "head_feather_back2",
					"pivot": [0, 45.7, 4.6],
					"cubes": [
						{"origin": [-3, 45.7, 4.6], "size": [6, 0, 3], "uv": [-3, 182]}
					]
				},
				{
					"name": "head_feather_back4",
					"parent": "head_feather_back3",
					"pivot": [0, 45.7, 7.6],
					"cubes": [
						{"origin": [-3, 45.7, 7.6], "size": [6, 0, 4], "uv": [-4, 185]}
					]
				},
				{
					"name": "head_feather_back5",
					"parent": "head_feather_back4",
					"pivot": [0, 45.7, 11.6],
					"cubes": [
						{"origin": [-3, 45.7, 11.6], "size": [6, 0, 4], "uv": [98, 45]}
					]
				},
				{
					"name": "bowtie",
					"parent": "chest",
					"pivot": [0, 32.1, -5.75]
				},
				{
					"name": "bowtie_right1",
					"parent": "bowtie",
					"pivot": [0, 32.1, -5.75],
					"rotation": [0, 0, 25],
					"cubes": [
						{"origin": [-2.5, 31.1, -5.75], "size": [5, 2, 0], "inflate": 0.01, "uv": [32, 42]}
					]
				},
				{
					"name": "bowtie_right2",
					"parent": "bowtie_right1",
					"pivot": [-2.5, 33.1, -5.75],
					"cubes": [
						{"origin": [-4.5, 31.1, -5.75], "size": [2, 2, 0], "uv": [52, 97]}
					]
				},
				{
					"name": "bowtie_right3",
					"parent": "bowtie_right1",
					"pivot": [2.5, 33.1, -5.75],
					"cubes": [
						{"origin": [2.5, 31.1, -5.75], "size": [2, 2, 0], "uv": [95, 31]}
					]
				},
				{
					"name": "bowtie_left1",
					"parent": "bowtie",
					"pivot": [0, 32.1, -5.75],
					"rotation": [0, 0, -25],
					"cubes": [
						{"origin": [-2.5, 31.1, -5.75], "size": [5, 2, 0], "uv": [81, 31]}
					]
				},
				{
					"name": "bowtie_left2",
					"parent": "bowtie_left1",
					"pivot": [-2.5, 33.1, -5.75],
					"cubes": [
						{"origin": [-4.5, 31.1, -5.75], "size": [2, 2, 0], "uv": [91, 31]}
					]
				},
				{
					"name": "bowtie_left3",
					"parent": "bowtie_left1",
					"pivot": [2.5, 33.1, -5.75],
					"cubes": [
						{"origin": [2.5, 31.1, -5.75], "size": [2, 2, 0], "uv": [15, 89]}
					]
				},
				{
					"name": "cloak_front_right1",
					"parent": "chest",
					"pivot": [0, 35, -5],
					"rotation": [-7.5, 0, 55],
					"cubes": [
						{"origin": [-3, 29, -5], "size": [5, 6, 0], "inflate": 0.01, "uv": [4, 222]}
					]
				},
				{
					"name": "cloak_front_right2",
					"parent": "cloak_front_right1",
					"pivot": [-3, 29, -5],
					"cubes": [
						{"origin": [-3, 23, -5], "size": [5, 6, 0], "uv": [4, 216]}
					]
				},
				{
					"name": "cloak_front_left1",
					"parent": "chest",
					"pivot": [0, 35, -5],
					"rotation": [-7.5, 0, -55],
					"cubes": [
						{"origin": [-2, 29, -5], "size": [5, 6, 0], "inflate": 0.01, "uv": [82, 42]}
					]
				},
				{
					"name": "cloak_front_left2",
					"parent": "cloak_front_left1",
					"pivot": [3, 29, -5],
					"cubes": [
						{"origin": [-2, 23, -5], "size": [5, 6, 0], "uv": [28, 181]}
					]
				},
				{
					"name": "hood_string_right1",
					"parent": "chest",
					"pivot": [-3, 33.5, -5],
					"rotation": [-5, 0, 0],
					"cubes": [
						{"origin": [-3.5, 29, -5], "size": [1, 5, 0], "inflate": 0.01, "uv": [47, 104]}
					]
				},
				{
					"name": "hood_string_right2",
					"parent": "hood_string_right1",
					"pivot": [-3, 29, -5],
					"cubes": [
						{"origin": [-3.5, 26, -5], "size": [1, 3, 0], "inflate": 0.01, "uv": [36, 81]}
					]
				},
				{
					"name": "hood_string_right3",
					"parent": "hood_string_right2",
					"pivot": [-3, 26, -5],
					"cubes": [
						{"origin": [-3.5, 23, -5], "size": [1, 3, 0], "inflate": 0.02, "uv": [0, 14]}
					]
				},
				{
					"name": "hood_string_right4",
					"parent": "hood_string_right3",
					"pivot": [-3, 23, -5],
					"cubes": [
						{"origin": [-4.5, 18, -5], "size": [3, 5, 0], "uv": [0, 55]}
					]
				},
				{
					"name": "hood_string_left1",
					"parent": "chest",
					"pivot": [3, 33.5, -5],
					"rotation": [-5, 0, 0],
					"cubes": [
						{"origin": [2.5, 29, -5], "size": [1, 5, 0], "inflate": 0.01, "uv": [24, 106]}
					]
				},
				{
					"name": "hood_string_left2",
					"parent": "hood_string_left1",
					"pivot": [3, 29, -5],
					"cubes": [
						{"origin": [2.5, 26, -5], "size": [1, 3, 0], "inflate": 0.01, "uv": [111, 27]}
					]
				},
				{
					"name": "hood_string_left3",
					"parent": "hood_string_left2",
					"pivot": [3, 26, -5],
					"cubes": [
						{"origin": [2.5, 23, -5], "size": [1, 3, 0], "inflate": 0.02, "uv": [73, 99]}
					]
				},
				{
					"name": "hood_string_left4",
					"parent": "hood_string_left3",
					"pivot": [3, 23, -5],
					"cubes": [
						{"origin": [1.5, 18, -5], "size": [3, 5, 0], "uv": [16, 192]}
					]
				},
				{
					"name": "shoulder_cloak_group_right",
					"parent": "chest",
					"pivot": [-5.5, 35, -0.5],
					"rotation": [0, 0, -35]
				},
				{
					"name": "shoulder_cloak_front_right1",
					"parent": "shoulder_cloak_group_right",
					"pivot": [-5.5, 35, -3.75],
					"rotation": [0, -15, -2.5],
					"cubes": [
						{"origin": [-8, 35, -5.25], "size": [4, 0, 3], "uv": [43, 169]}
					]
				},
				{
					"name": "shoulder_cloak_front_right2",
					"parent": "shoulder_cloak_front_right1",
					"pivot": [-8, 35, -5.25],
					"cubes": [
						{"origin": [-12, 35, -5.25], "size": [4, 0, 3], "uv": [101, 49]}
					]
				},
				{
					"name": "shoulder_cloak_front_right3",
					"parent": "shoulder_cloak_front_right2",
					"pivot": [-12, 35, -3.75],
					"cubes": [
						{"origin": [-14, 35, -5.25], "size": [2, 0, 3], "uv": [0, 26]}
					]
				},
				{
					"name": "shoulder_cloak_middle_right1",
					"parent": "shoulder_cloak_group_right",
					"pivot": [-5.5, 35, -0.5],
					"cubes": [
						{"origin": [-8.5, 35, -3], "size": [4, 0, 5], "uv": [20, 24]}
					]
				},
				{
					"name": "shoulder_cloak_middle_right2",
					"parent": "shoulder_cloak_middle_right1",
					"pivot": [-8.5, 35, -0.5],
					"cubes": [
						{"origin": [-13.5, 35, -3], "size": [5, 0, 5], "uv": [25, 55]}
					]
				},
				{
					"name": "shoulder_cloak_middle_right3",
					"parent": "shoulder_cloak_middle_right2",
					"pivot": [-13.5, 35, -0.5],
					"cubes": [
						{"origin": [-16.5, 35, -3], "size": [3, 0, 5], "uv": [39, 34]}
					]
				},
				{
					"name": "shoulder_cloak_back_right1",
					"parent": "shoulder_cloak_group_right",
					"pivot": [-5.5, 35, 2.75],
					"rotation": [0, 15, -2.5],
					"cubes": [
						{"origin": [-8, 35, 1.25], "size": [4, 0, 3], "uv": [65, 88]}
					]
				},
				{
					"name": "shoulder_cloak_back_right2",
					"parent": "shoulder_cloak_back_right1",
					"pivot": [-8, 35, 4.25],
					"cubes": [
						{"origin": [-12, 35, 1.25], "size": [4, 0, 3], "uv": [12, 86]}
					]
				},
				{
					"name": "shoulder_cloak_back_right3",
					"parent": "shoulder_cloak_back_right2",
					"pivot": [-12, 35, 2.75],
					"cubes": [
						{"origin": [-14, 35, 1.25], "size": [2, 0, 3], "uv": [0, 23]}
					]
				},
				{
					"name": "shoulder_cloak_group_left",
					"parent": "chest",
					"pivot": [5.5, 35, -0.5],
					"rotation": [0, 0, 35]
				},
				{
					"name": "shoulder_cloak_front_left1",
					"parent": "shoulder_cloak_group_left",
					"pivot": [5.5, 35, -3.75],
					"rotation": [0, 15, 2.5],
					"cubes": [
						{"origin": [4, 35, -5.25], "size": [4, 0, 3], "uv": [43, 166]}
					]
				},
				{
					"name": "shoulder_cloak_front_left2",
					"parent": "shoulder_cloak_front_left1",
					"pivot": [8, 35, -5.25],
					"cubes": [
						{"origin": [8, 35, -5.25], "size": [4, 0, 3], "uv": [51, 169]}
					]
				},
				{
					"name": "shoulder_cloak_front_left3",
					"parent": "shoulder_cloak_front_left2",
					"pivot": [12, 35, -3.75],
					"cubes": [
						{"origin": [12, 35, -5.25], "size": [2, 0, 3], "uv": [54, 28]}
					]
				},
				{
					"name": "shoulder_cloak_middle_left1",
					"parent": "shoulder_cloak_group_left",
					"pivot": [5.5, 35, -0.5],
					"cubes": [
						{"origin": [4.5, 35, -3], "size": [4, 0, 5], "uv": [0, 76]}
					]
				},
				{
					"name": "shoulder_cloak_middle_left2",
					"parent": "shoulder_cloak_middle_left1",
					"pivot": [8.5, 35, -0.5],
					"cubes": [
						{"origin": [8.5, 35, -3], "size": [5, 0, 5], "uv": [0, 71]}
					]
				},
				{
					"name": "shoulder_cloak_middle_left3",
					"parent": "shoulder_cloak_middle_left2",
					"pivot": [13.5, 35, -0.5],
					"cubes": [
						{"origin": [13.5, 35, -3], "size": [3, 0, 5], "uv": [11, 55]}
					]
				},
				{
					"name": "shoulder_cloak_back_left1",
					"parent": "shoulder_cloak_group_left",
					"pivot": [5.5, 35, 2.75],
					"rotation": [0, -15, 2.5],
					"cubes": [
						{"origin": [4, 35, 1.25], "size": [4, 0, 3], "uv": [51, 166]}
					]
				},
				{
					"name": "shoulder_cloak_back_left2",
					"parent": "shoulder_cloak_back_left1",
					"pivot": [8, 35, 4.25],
					"cubes": [
						{"origin": [8, 35, 1.25], "size": [4, 0, 3], "uv": [102, 19]}
					]
				},
				{
					"name": "shoulder_cloak_back_left3",
					"parent": "shoulder_cloak_back_left2",
					"pivot": [12, 35, 2.75],
					"cubes": [
						{"origin": [12, 35, 1.25], "size": [2, 0, 3], "uv": [41, 39]}
					]
				},
				{
					"name": "cloak_back",
					"parent": "chest",
					"pivot": [0, 35, 4],
					"rotation": [15, 0, 0]
				},
				{
					"name": "cloak_back_right1",
					"parent": "cloak_back",
					"pivot": [-3.25, 35, 4],
					"cubes": [
						{"origin": [-5.25, 31, 4], "size": [4, 4, 0], "inflate": 0.01, "uv": [40, 187]}
					]
				},
				{
					"name": "cloak_back_right2",
					"parent": "cloak_back_right1",
					"pivot": [-5.25, 31, 4],
					"cubes": [
						{"origin": [-5.25, 27, 4], "size": [4, 4, 0], "uv": [82, 123]}
					]
				},
				{
					"name": "cloak_back_middle1",
					"parent": "cloak_back",
					"pivot": [0, 35, 4],
					"cubes": [
						{"origin": [-3.5, 32, 4], "size": [7, 3, 0], "uv": [28, 178]}
					]
				},
				{
					"name": "cloak_back_middle2",
					"parent": "cloak_back_middle1",
					"pivot": [0, 32, 4],
					"cubes": [
						{"origin": [-3.5, 28, 4], "size": [7, 4, 0], "uv": [22, 98]}
					]
				},
				{
					"name": "cloak_back_middle3",
					"parent": "cloak_back_middle2",
					"pivot": [0, 28, 4],
					"cubes": [
						{"origin": [-3.5, 25, 4], "size": [7, 3, 0], "uv": [28, 175]}
					]
				},
				{
					"name": "cloak_back_left1",
					"parent": "cloak_back",
					"pivot": [3.25, 35, 4],
					"cubes": [
						{"origin": [1.25, 31, 4], "size": [4, 4, 0], "inflate": 0.01, "uv": [74, 123]}
					]
				},
				{
					"name": "cloak_back_left2",
					"parent": "cloak_back_left1",
					"pivot": [5.25, 31, 4],
					"cubes": [
						{"origin": [1.25, 27, 4], "size": [4, 4, 0], "uv": [50, 123]}
					]
				},
				{
					"name": "wing_closed_right1",
					"parent": "chest",
					"pivot": [-5.5, 34, 0],
					"rotation": [0, 0, -15],
					"cubes": [
						{"origin": [-7.5, 34, -5.5], "size": [2, 0, 10], "uv": [16, 55]}
					]
				},
				{
					"name": "wing_closed_right2",
					"parent": "wing_closed_right1",
					"pivot": [-7.5, 34, -0.5],
					"rotation": [0, 0, -65],
					"cubes": [
						{"origin": [-17.5, 29, -5.5], "size": [10, 5, 0], "uv": [95, 22]},
						{"origin": [-17.5, 34, -5.5], "size": [10, 0, 10], "uv": [51, 23]},
						{"origin": [-17.5, 29, 4.5], "size": [10, 5, 0], "uv": [76, 97]}
					]
				},
				{
					"name": "wing_closed_right3",
					"parent": "wing_closed_right2",
					"pivot": [-17.5, 34, -0.5],
					"cubes": [
						{"origin": [-17.5, 29, -6.5], "size": [0, 5, 1], "uv": [10, 10]},
						{"origin": [-27.5, 29, -6.5], "size": [10, 5, 0], "uv": [94, 52]},
						{"origin": [-27.5, 34, -6.5], "size": [10, 0, 12], "uv": [0, 12]},
						{"origin": [-17.5, 29, 4.5], "size": [0, 5, 1], "uv": [0, 22]},
						{"origin": [-27.5, 29, 5.5], "size": [10, 5, 0], "uv": [56, 94]}
					]
				},
				{
					"name": "wing_closed_right4",
					"parent": "wing_closed_right3",
					"pivot": [-27.5, 30, -0.5],
					"cubes": [
						{"origin": [-27.5, 30, -7.5], "size": [0, 4, 1], "uv": [30, 59]},
						{"origin": [-40.5, 30, -7.5], "size": [13, 4, 0], "uv": [75, 4]},
						{"origin": [-40.5, 34, -7.5], "size": [13, 0, 14], "uv": [21, 14]},
						{"origin": [-27.5, 30, 5.5], "size": [0, 4, 1], "uv": [13, 75]},
						{"origin": [-40.5, 30, 6.5], "size": [13, 4, 0], "uv": [75, 8]}
					]
				},
				{
					"name": "wing_closed_left1",
					"parent": "chest",
					"pivot": [5.5, 34, 0],
					"rotation": [0, 0, 15],
					"cubes": [
						{"origin": [5.5, 34, -5.5], "size": [2, 0, 10], "uv": [12, 55]}
					]
				},
				{
					"name": "wing_closed_left2",
					"parent": "wing_closed_left1",
					"pivot": [7.5, 34, -0.5],
					"rotation": [0, 0, 65],
					"cubes": [
						{"origin": [7.5, 29, -5.5], "size": [10, 5, 0], "uv": [20, 93]},
						{"origin": [7.5, 34, -5.5], "size": [10, 0, 10], "uv": [51, 13]},
						{"origin": [7.5, 29, 4.5], "size": [10, 5, 0], "uv": [0, 93]}
					]
				},
				{
					"name": "wing_closed_left3",
					"parent": "wing_closed_left2",
					"pivot": [17.5, 34, -0.5],
					"cubes": [
						{"origin": [17.5, 29, -6.5], "size": [0, 5, 1], "uv": [10, 5]},
						{"origin": [17.5, 29, -6.5], "size": [10, 5, 0], "uv": [91, 92]},
						{"origin": [17.5, 34, -6.5], "size": [10, 0, 12], "uv": [0, 0]},
						{"origin": [17.5, 29, 4.5], "size": [0, 5, 1], "uv": [10, 0]},
						{"origin": [17.5, 29, 5.5], "size": [10, 5, 0], "uv": [86, 87]}
					]
				},
				{
					"name": "wing_closed_left4",
					"parent": "wing_closed_left3",
					"pivot": [27.5, 30, -0.5],
					"cubes": [
						{"origin": [27.5, 30, -7.5], "size": [0, 4, 1], "uv": [40, 54]},
						{"origin": [27.5, 30, -7.5], "size": [13, 4, 0], "uv": [75, 0]},
						{"origin": [27.5, 34, -7.5], "size": [13, 0, 14], "uv": [21, 0]},
						{"origin": [27.5, 30, 5.5], "size": [0, 4, 1], "uv": [48, 38]},
						{"origin": [27.5, 30, 6.5], "size": [13, 4, 0], "uv": [73, 38]}
					]
				},
				{
					"name": "wing_open_right1",
					"parent": "chest",
					"pivot": [-5.5, 33, -0.5],
					"cubes": [
						{"origin": [-14.5, 31.5, -1.5], "size": [10, 3, 2], "uv": [81, 12]}
					]
				},
				{
					"name": "wing_open_right_feathers_group1",
					"parent": "wing_open_right1",
					"pivot": [-10.5, 31.5, -0.475],
					"cubes": [
						{"origin": [-16.5, 17.5, -0.475], "size": [11, 15, 0], "uv": [22, 128]},
						{"origin": [-10.6, 25, -0.525], "size": [4, 4, 0], "uv": [0, 98]}
					]
				},
				{
					"name": "wing_open_right_feathers_group2",
					"parent": "wing_open_right_feathers_group1",
					"pivot": [-10.5, 18.5, 0]
				},
				{
					"name": "wing_open_right_feather1",
					"parent": "wing_open_right_feathers_group2",
					"pivot": [-8.5, 18.5, -0.5],
					"cubes": [
						{"origin": [-11.5, 7.5, -0.51], "size": [6, 11, 0], "uv": [12, 144]}
					]
				},
				{
					"name": "wing_open_right_feather1_end",
					"parent": "wing_open_right_feather1",
					"pivot": [-5.5, 7.5, -0.5],
					"cubes": [
						{"origin": [-11.5, 2.5, -0.51], "size": [6, 5, 0], "uv": [46, 154]}
					]
				},
				{
					"name": "wing_open_right_feather2",
					"parent": "wing_open_right_feathers_group2",
					"pivot": [-13.5, 18.5, -0.475],
					"cubes": [
						{"origin": [-16.5, 8.5, -0.474], "size": [6, 10, 0], "uv": [32, 143]}
					]
				},
				{
					"name": "wing_open_right_feather2_end",
					"parent": "wing_open_right_feather2",
					"pivot": [-10.5, 8.5, -0.475],
					"cubes": [
						{"origin": [-16.5, 3.5, -0.474], "size": [6, 5, 0], "uv": [58, 127]}
					]
				},
				{
					"name": "wing_open_right2",
					"parent": "wing_open_right1",
					"pivot": [-14.5, 31.5, 0.5],
					"cubes": [
						{"origin": [-27.5, 31.5, -1.5], "size": [13, 3, 2], "inflate": 0.01, "uv": [73, 33]}
					]
				},
				{
					"name": "wing_open_right_feathers_group3",
					"parent": "wing_open_right2",
					"pivot": [-15.5, 31.5, -0.6],
					"cubes": [
						{"origin": [-21.5, 16.5, -0.601], "size": [11, 17, 0], "uv": [0, 127]},
						{"origin": [-15.5, 24.75, -0.65], "size": [4, 4, 0], "uv": [0, 102]},
						{"origin": [-20.5, 24.75, -0.65], "size": [4, 4, 0], "uv": [0, 106]}
					]
				},
				{
					"name": "wing_open_right_feathers_group4",
					"parent": "wing_open_right_feathers_group3",
					"pivot": [-15.5, 17.5, -0.125]
				},
				{
					"name": "wing_open_right_feather3",
					"parent": "wing_open_right_feathers_group4",
					"pivot": [-13.5, 17.5, -0.625],
					"cubes": [
						{"origin": [-16.5, 9.5, -0.601], "size": [6, 8, 0], "inflate": 0.01, "uv": [65, 115]}
					]
				},
				{
					"name": "wing_open_right_feather3_end",
					"parent": "wing_open_right_feather3",
					"pivot": [-10.5, 9.5, -0.625],
					"cubes": [
						{"origin": [-16.5, 4.5, -0.601], "size": [6, 5, 0], "uv": [58, 141]}
					]
				},
				{
					"name": "wing_open_right_feather4",
					"parent": "wing_open_right_feathers_group4",
					"pivot": [-18.5, 17.5, -0.6],
					"cubes": [
						{"origin": [-21.5, 10.5, -0.601], "size": [6, 7, 0], "uv": [32, 153]}
					]
				},
				{
					"name": "wing_open_right_feather4_end",
					"parent": "wing_open_right_feather4",
					"pivot": [-15.5, 10.5, -0.6],
					"cubes": [
						{"origin": [-21.5, 5.5, -0.601], "size": [6, 5, 0], "uv": [58, 136]}
					]
				},
				{
					"name": "wing_open_right_feather5",
					"parent": "wing_open_right2",
					"pivot": [-21.25, 31.5, -0.475],
					"cubes": [
						{"origin": [-24.25, 18.5, -0.475], "size": [6, 14, 0], "inflate": 0.01, "uv": [53, 99]},
						{"origin": [-24.5, 25, -0.525], "size": [4, 4, 0], "uv": [0, 110]}
					]
				},
				{
					"name": "wing_open_right_feather5_end1",
					"parent": "wing_open_right_feather5",
					"pivot": [-18.25, 18.5, -0.5],
					"cubes": [
						{"origin": [-24.25, 12.5, -0.5], "size": [6, 6, 0], "uv": [46, 137]}
					]
				},
				{
					"name": "wing_open_right_feather5_end2",
					"parent": "wing_open_right_feather5_end1",
					"pivot": [-18.25, 12.5, -0.5],
					"cubes": [
						{"origin": [-24.25, 7.5, -0.5], "size": [6, 5, 0], "uv": [46, 149]}
					]
				},
				{
					"name": "wing_open_right_feather6",
					"parent": "wing_open_right2",
					"pivot": [-25.25, 31.5, -0.45],
					"cubes": [
						{"origin": [-28.25, 19.5, -0.45], "size": [6, 13, 0], "uv": [65, 102]},
						{"origin": [-29.25, 25.5, -0.525], "size": [4, 4, 0], "uv": [0, 114]}
					]
				},
				{
					"name": "wing_open_right_feather6_end1",
					"parent": "wing_open_right_feather6",
					"pivot": [-22.25, 19.5, -0.475],
					"cubes": [
						{"origin": [-28.25, 13.5, -0.475], "size": [6, 6, 0], "uv": [46, 143]}
					]
				},
				{
					"name": "wing_open_right_feather6_end2",
					"parent": "wing_open_right_feather6_end1",
					"pivot": [-22.25, 13.5, -0.475],
					"cubes": [
						{"origin": [-28.25, 9.5, -0.475], "size": [6, 4, 0], "uv": [87, 116]}
					]
				},
				{
					"name": "wing_open_right3",
					"parent": "wing_open_right2",
					"pivot": [-27.5, 31.5, 0.5],
					"cubes": [
						{"origin": [-36.5, 31.5, -1.5], "size": [9, 3, 2], "uv": [64, 52]}
					]
				},
				{
					"name": "wing_open_right_feather7",
					"parent": "wing_open_right3",
					"pivot": [-29.25, 31.5, -0.425],
					"cubes": [
						{"origin": [-32.25, 20.5, -0.425], "size": [6, 13, 0], "uv": [0, 144]}
					]
				},
				{
					"name": "wing_open_right_feather7_end1",
					"parent": "wing_open_right_feather7",
					"pivot": [-26.25, 20.5, -0.45],
					"cubes": [
						{"origin": [-32.25, 15.5, -0.45], "size": [6, 5, 0], "uv": [46, 127]}
					]
				},
				{
					"name": "wing_open_right_feather7_end2",
					"parent": "wing_open_right_feather7_end1",
					"pivot": [-26.25, 15.5, -0.45],
					"cubes": [
						{"origin": [-32.25, 11.5, -0.45], "size": [6, 4, 0], "uv": [58, 132]}
					]
				},
				{
					"name": "wing_open_right_feather8",
					"parent": "wing_open_right3",
					"pivot": [-33.25, 31.5, -0.475],
					"cubes": [
						{"origin": [-36.25, 21.5, -0.475], "size": [6, 12, 0], "uv": [87, 104]},
						{"origin": [-34, 26.25, -0.525], "size": [4, 4, 0], "uv": [0, 118]}
					]
				},
				{
					"name": "wing_open_right_feather8_end1",
					"parent": "wing_open_right_feather8",
					"pivot": [-30.25, 21.5, -0.5],
					"cubes": [
						{"origin": [-36.25, 16.5, -0.5], "size": [6, 5, 0], "uv": [46, 132]}
					]
				},
				{
					"name": "wing_open_right_feather8_end2",
					"parent": "wing_open_right_feather8_end1",
					"pivot": [-30.25, 16.5, -0.5],
					"cubes": [
						{"origin": [-36.25, 13.5, -0.5], "size": [6, 3, 0], "uv": [41, 120]}
					]
				},
				{
					"name": "wing_open_right_hand",
					"parent": "wing_open_right3",
					"pivot": [-36.5, 33, -0.5]
				},
				{
					"name": "wing_open_right_thumb",
					"parent": "wing_open_right_hand",
					"pivot": [-35.25, 33, -1],
					"rotation": [0, 0, 20],
					"cubes": [
						{"origin": [-40.25, 31.5, -1], "size": [5, 3, 0], "inflate": 0.011, "uv": [28, 191]}
					]
				},
				{
					"name": "wing_open_right_thumb_end",
					"parent": "wing_open_right_thumb",
					"pivot": [-40.25, 34.5, -1],
					"cubes": [
						{"origin": [-43.25, 31.5, -1], "size": [3, 3, 0], "uv": [31, 197]}
					]
				},
				{
					"name": "wing_open_right_middle",
					"parent": "wing_open_right_hand",
					"pivot": [-36.5, 34.5, -0.5],
					"cubes": [
						{"origin": [-42.5, 30.5, -0.5], "size": [6, 4, 0], "inflate": 0.011, "uv": [28, 187]}
					]
				},
				{
					"name": "wing_open_right_middle_end",
					"parent": "wing_open_right_middle",
					"pivot": [-42.5, 34.5, -0.5],
					"cubes": [
						{"origin": [-46.5, 30.5, -0.5], "size": [4, 4, 0], "uv": [42, 123]}
					]
				},
				{
					"name": "wing_open_right_pinkie",
					"parent": "wing_open_right_hand",
					"pivot": [-36, 32.25, -0.45],
					"rotation": [0, 0, -40],
					"cubes": [
						{"origin": [-42, 30.25, -0.45], "size": [6, 4, 0], "inflate": 0.011, "uv": [101, 0]}
					]
				},
				{
					"name": "wing_open_right_pinkie_end",
					"parent": "wing_open_right_pinkie",
					"pivot": [-42, 30.25, -0.45],
					"cubes": [
						{"origin": [-46, 30.25, -0.45], "size": [4, 4, 0], "uv": [13, 205]}
					]
				},
				{
					"name": "wing_open_left1",
					"parent": "chest",
					"pivot": [5.5, 33, -0.5],
					"cubes": [
						{"origin": [4.5, 31.5, -1.5], "size": [10, 3, 2], "uv": [24, 109]}
					]
				},
				{
					"name": "wing_open_left_feathers_group1",
					"parent": "wing_open_left1",
					"pivot": [10.5, 31.5, -0.475],
					"cubes": [
						{"origin": [5.5, 17.5, -0.475], "size": [11, 15, 0], "uv": [38, 68]},
						{"origin": [6.6, 25, -0.525], "size": [4, 4, 0], "uv": [99, 104], "mirror": true}
					]
				},
				{
					"name": "wing_open_left_feathers_group2",
					"parent": "wing_open_left_feathers_group1",
					"pivot": [10.5, 18.5, 0]
				},
				{
					"name": "wing_open_left_feather1",
					"parent": "wing_open_left_feathers_group2",
					"pivot": [8.5, 18.5, -0.5],
					"cubes": [
						{"origin": [5.5, 7.5, -0.51], "size": [6, 11, 0], "uv": [60, 68]}
					]
				},
				{
					"name": "wing_open_left_feather1_end",
					"parent": "wing_open_left_feather1",
					"pivot": [5.5, 7.5, -0.5],
					"cubes": [
						{"origin": [5.5, 2.5, -0.51], "size": [6, 5, 0], "uv": [36, 114]}
					]
				},
				{
					"name": "wing_open_left_feather2",
					"parent": "wing_open_left_feathers_group2",
					"pivot": [13.5, 18.5, -0.475],
					"cubes": [
						{"origin": [10.5, 8.5, -0.474], "size": [6, 10, 0], "uv": [58, 146]}
					]
				},
				{
					"name": "wing_open_left_feather2_end",
					"parent": "wing_open_left_feather2",
					"pivot": [10.5, 8.5, -0.475],
					"cubes": [
						{"origin": [10.5, 3.5, -0.474], "size": [6, 5, 0], "uv": [24, 114]}
					]
				},
				{
					"name": "wing_open_left2",
					"parent": "wing_open_left1",
					"pivot": [14.5, 31.5, 0.5],
					"cubes": [
						{"origin": [14.5, 31.5, -1.5], "size": [13, 3, 2], "inflate": 0.01, "uv": [60, 80]}
					]
				},
				{
					"name": "wing_open_left_feathers_group3",
					"parent": "wing_open_left2",
					"pivot": [15.5, 31.5, -0.6],
					"cubes": [
						{"origin": [10.5, 16.5, -0.601], "size": [11, 17, 0], "uv": [0, 161]},
						{"origin": [16.5, 24.75, -0.65], "size": [4, 4, 0], "uv": [99, 112], "mirror": true},
						{"origin": [11.5, 24.75, -0.65], "size": [4, 4, 0], "uv": [99, 108], "mirror": true}
					]
				},
				{
					"name": "wing_open_left_feathers_group4",
					"parent": "wing_open_left_feathers_group3",
					"pivot": [15.5, 17.5, -0.125]
				},
				{
					"name": "wing_open_left_feather3",
					"parent": "wing_open_left_feathers_group4",
					"pivot": [13.5, 17.5, -0.625],
					"cubes": [
						{"origin": [10.5, 9.5, -0.601], "size": [6, 8, 0], "inflate": 0.01, "uv": [53, 113]}
					]
				},
				{
					"name": "wing_open_left_feather3_end",
					"parent": "wing_open_left_feather3",
					"pivot": [10.5, 9.5, -0.625],
					"cubes": [
						{"origin": [10.5, 4.5, -0.601], "size": [6, 5, 0], "uv": [12, 155]}
					]
				},
				{
					"name": "wing_open_left_feather4",
					"parent": "wing_open_left_feathers_group4",
					"pivot": [18.5, 17.5, -0.6],
					"cubes": [
						{"origin": [15.5, 10.5, -0.601], "size": [6, 7, 0], "uv": [34, 166]}
					]
				},
				{
					"name": "wing_open_left_feather4_end",
					"parent": "wing_open_left_feather4",
					"pivot": [16, 10.5, -0.6],
					"cubes": [
						{"origin": [15.5, 5.5, -0.601], "size": [6, 5, 0], "uv": [34, 161]}
					]
				},
				{
					"name": "wing_open_left_feather5",
					"parent": "wing_open_left2",
					"pivot": [21.25, 31.5, -0.475],
					"cubes": [
						{"origin": [18.25, 18.5, -0.475], "size": [6, 14, 0], "inflate": 0.01, "uv": [22, 161]},
						{"origin": [20.5, 25, -0.525], "size": [4, 4, 0], "uv": [99, 116], "mirror": true}
					]
				},
				{
					"name": "wing_open_left_feather5_end1",
					"parent": "wing_open_left_feather5",
					"pivot": [18.25, 18.5, -0.5],
					"cubes": [
						{"origin": [18.25, 12.5, -0.5], "size": [6, 6, 0], "uv": [12, 229]}
					]
				},
				{
					"name": "wing_open_left_feather5_end2",
					"parent": "wing_open_left_feather5_end1",
					"pivot": [18.25, 12.5, -0.5],
					"cubes": [
						{"origin": [18.25, 7.5, -0.5], "size": [6, 5, 0], "uv": [73, 62]}
					]
				},
				{
					"name": "wing_open_left_feather6",
					"parent": "wing_open_left2",
					"pivot": [25.25, 31.5, -0.45],
					"cubes": [
						{"origin": [22.25, 19.5, -0.45], "size": [6, 13, 0], "uv": [73, 67]},
						{"origin": [25.25, 25.5, -0.525], "size": [4, 4, 0], "uv": [99, 120], "mirror": true}
					]
				},
				{
					"name": "wing_open_left_feather6_end1",
					"parent": "wing_open_left_feather6",
					"pivot": [22.25, 19.5, -0.475],
					"cubes": [
						{"origin": [22.25, 13.5, -0.475], "size": [6, 6, 0], "uv": [70, 127]}
					]
				},
				{
					"name": "wing_open_left_feather6_end2",
					"parent": "wing_open_left_feather6_end1",
					"pivot": [22.25, 13.5, -0.475],
					"cubes": [
						{"origin": [22.25, 9.5, -0.475], "size": [6, 4, 0], "uv": [85, 62]}
					]
				},
				{
					"name": "wing_open_left3",
					"parent": "wing_open_left2",
					"pivot": [27.5, 31.5, 0.5],
					"cubes": [
						{"origin": [27.5, 31.5, -1.5], "size": [9, 3, 2], "uv": [73, 57]}
					]
				},
				{
					"name": "wing_open_left_feather7",
					"parent": "wing_open_left3",
					"pivot": [29.25, 31.5, -0.425],
					"cubes": [
						{"origin": [26.25, 20.5, -0.425], "size": [6, 13, 0], "uv": [85, 67]}
					]
				},
				{
					"name": "wing_open_left_feather7_end1",
					"parent": "wing_open_left_feather7",
					"pivot": [26.25, 20.5, -0.45],
					"cubes": [
						{"origin": [26.25, 15.5, -0.45], "size": [6, 5, 0], "uv": [16, 187]}
					]
				},
				{
					"name": "wing_open_left_feather7_end2",
					"parent": "wing_open_left_feather7_end1",
					"pivot": [26.25, 15.5, -0.45],
					"cubes": [
						{"origin": [26.25, 11.5, -0.45], "size": [6, 4, 0], "uv": [70, 136]}
					]
				},
				{
					"name": "wing_open_left_feather8",
					"parent": "wing_open_left3",
					"pivot": [33.25, 31.5, -0.475],
					"cubes": [
						{"origin": [30.25, 21.5, -0.475], "size": [6, 12, 0], "uv": [14, 217]},
						{"origin": [30, 26.25, -0.525], "size": [4, 4, 0], "uv": [99, 124], "mirror": true}
					]
				},
				{
					"name": "wing_open_left_feather8_end1",
					"parent": "wing_open_left_feather8",
					"pivot": [30.25, 21.5, -0.5],
					"cubes": [
						{"origin": [30.25, 16.5, -0.5], "size": [6, 5, 0], "uv": [16, 182]}
					]
				},
				{
					"name": "wing_open_left_feather8_end2",
					"parent": "wing_open_left_feather8_end1",
					"pivot": [30.25, 16.5, -0.5],
					"cubes": [
						{"origin": [30.25, 13.5, -0.5], "size": [6, 3, 0], "uv": [70, 133]}
					]
				},
				{
					"name": "wing_open_left_hand",
					"parent": "wing_open_left3",
					"pivot": [36.5, 33, -0.5]
				},
				{
					"name": "wing_open_left_thumb",
					"parent": "wing_open_left_hand",
					"pivot": [35.25, 33, -1],
					"rotation": [0, 0, -20],
					"cubes": [
						{"origin": [35.25, 31.5, -1], "size": [5, 3, 0], "inflate": 0.011, "uv": [0, 157]}
					]
				},
				{
					"name": "wing_open_left_thumb_end",
					"parent": "wing_open_left_thumb",
					"pivot": [40.25, 34.5, -1],
					"cubes": [
						{"origin": [40.25, 31.5, -1], "size": [3, 3, 0], "uv": [66, 124]}
					]
				},
				{
					"name": "wing_open_left_middle",
					"parent": "wing_open_left_hand",
					"pivot": [36.5, 34.5, -0.5],
					"cubes": [
						{"origin": [36.5, 30.5, -0.5], "size": [6, 4, 0], "inflate": 0.011, "uv": [0, 228]}
					]
				},
				{
					"name": "wing_open_left_middle_end",
					"parent": "wing_open_left_middle",
					"pivot": [42.5, 34.5, -0.5],
					"cubes": [
						{"origin": [42.5, 30.5, -0.5], "size": [4, 4, 0], "uv": [103, 39]}
					]
				},
				{
					"name": "wing_open_left_pinkie",
					"parent": "wing_open_left_hand",
					"pivot": [36, 32.25, -0.45],
					"rotation": [0, 0, 40],
					"cubes": [
						{"origin": [36, 30.25, -0.45], "size": [6, 4, 0], "inflate": 0.011, "uv": [38, 194]}
					]
				},
				{
					"name": "wing_open_left_pinkie_end",
					"parent": "wing_open_left_pinkie",
					"pivot": [42, 30.25, -0.45],
					"cubes": [
						{"origin": [42, 30.25, -0.45], "size": [4, 4, 0], "uv": [103, 35]}
					]
				},
				{
					"name": "tail1",
					"parent": "torso",
					"pivot": [0, 26, 4],
					"rotation": [12.5, 0, 0],
					"cubes": [
						{"origin": [-6, 21, 4], "size": [12, 5, 0], "inflate": 0.01, "uv": [81, 17]}
					]
				},
				{
					"name": "tail2",
					"parent": "tail1",
					"pivot": [0, 21, 4],
					"rotation": [-2.5, 0, 0],
					"cubes": [
						{"origin": [-6, 18, 4], "size": [12, 3, 0], "inflate": 0.03, "uv": [52, 85]}
					]
				},
				{
					"name": "tail_feathers",
					"parent": "tail2",
					"pivot": [0, 18.75, 4]
				},
				{
					"name": "tail_feather_right1",
					"parent": "tail_feathers",
					"pivot": [-3.75, 18.5, 4],
					"rotation": [0, 0, 12.5],
					"cubes": [
						{"origin": [-6.25, 13.5, 4], "size": [5, 6, 0], "inflate": 0.01, "uv": [77, 108]}
					]
				},
				{
					"name": "tail_feather_right2",
					"parent": "tail_feather_right1",
					"pivot": [-6.25, 13.5, 4],
					"cubes": [
						{"origin": [-6.25, 7.5, 4], "size": [5, 6, 0], "uv": [77, 102]}
					]
				},
				{
					"name": "tail_feather_right3",
					"parent": "tail_feather_right2",
					"pivot": [-5.75, 7.5, 4],
					"cubes": [
						{"origin": [-5.75, 1.5, 4], "size": [4, 6, 0], "inflate": 0.01, "uv": [77, 114]}
					]
				},
				{
					"name": "tail_feather_middle1",
					"parent": "tail_feathers",
					"pivot": [0, 19, 4],
					"cubes": [
						{"origin": [-2.5, 13, 4], "size": [5, 6, 0], "inflate": 0.02, "uv": [4, 210]}
					]
				},
				{
					"name": "tail_feather_middle2",
					"parent": "tail_feather_middle1",
					"pivot": [0, 13, 4],
					"cubes": [
						{"origin": [-2.5, 7, 4], "size": [5, 6, 0], "uv": [3, 204]}
					]
				},
				{
					"name": "tail_feather_middle3",
					"parent": "tail_feather_middle2",
					"pivot": [0, 7, 4],
					"cubes": [
						{"origin": [-2, 1, 4], "size": [4, 6, 0], "inflate": 0.01, "uv": [101, 4]}
					]
				},
				{
					"name": "tail_feather_left1",
					"parent": "tail_feathers",
					"pivot": [3.75, 18.5, 4],
					"rotation": [0, 0, -12.5],
					"cubes": [
						{"origin": [1.25, 13.5, 4], "size": [5, 6, 0], "inflate": 0.01, "uv": [3, 198]}
					]
				},
				{
					"name": "tail_feather_left2",
					"parent": "tail_feather_left1",
					"pivot": [6.25, 13.5, 4],
					"cubes": [
						{"origin": [1.25, 7.5, 4], "size": [5, 6, 0], "uv": [28, 201]}
					]
				},
				{
					"name": "tail_feather_left3",
					"parent": "tail_feather_left2",
					"pivot": [5.75, 7.5, 4],
					"cubes": [
						{"origin": [1.75, 1.5, 4], "size": [4, 6, 0], "inflate": 0.01, "uv": [90, 120]}
					]
				},
				{
					"name": "thigh_right",
					"parent": "body",
					"pivot": [-3.45, 21.25, 0.25],
					"cubes": [
						{"origin": [-5.95, 13.75, -2.75], "size": [5, 10, 6], "uv": [0, 55]},
						{"origin": [-5.45, 11.75, -1.75], "size": [4, 2, 5], "inflate": 0.01, "uv": [35, 97]}
					]
				},
				{
					"name": "leg_right",
					"parent": "thigh_right",
					"pivot": [-3.45, 11.75, 3],
					"cubes": [
						{"origin": [-5.45, 3.75, -1], "size": [4, 8, 4], "uv": [24, 81]},
						{"origin": [-5.45, -0.25, -1], "size": [4, 4, 4], "uv": [10, 98]}
					]
				},
				{
					"name": "leg_right_ruff",
					"parent": "leg_right",
					"pivot": [-3.45, 4.25, 1]
				},
				{
					"name": "leg_right_ruff_right",
					"parent": "leg_right_ruff",
					"pivot": [-5.45, 4.25, 1],
					"rotation": [0, 0, 10],
					"cubes": [
						{"origin": [-5.45, 1.25, -1.5], "size": [0, 3, 5], "uv": [56, 86]}
					]
				},
				{
					"name": "leg_right_ruff_front",
					"parent": "leg_right_ruff",
					"pivot": [-3.45, 4.25, -1],
					"rotation": [-10, 0, 0],
					"cubes": [
						{"origin": [-5.95, 1.25, -1], "size": [5, 3, 0], "uv": [38, 201]}
					]
				},
				{
					"name": "leg_right_ruff_left",
					"parent": "leg_right_ruff",
					"pivot": [-1.45, 4.25, 1],
					"rotation": [0, 0, -10],
					"cubes": [
						{"origin": [-1.45, 1.25, -1.5], "size": [0, 3, 5], "uv": [76, 89]}
					]
				},
				{
					"name": "leg_right_ruff_back",
					"parent": "leg_right_ruff",
					"pivot": [-3.45, 4.25, 3],
					"rotation": [10, 0, 0],
					"cubes": [
						{"origin": [-5.95, 1.25, 3], "size": [5, 3, 0], "uv": [38, 198]}
					]
				},
				{
					"name": "foot_right",
					"parent": "leg_right",
					"pivot": [-3.45, 1, 1],
					"cubes": [
						{"origin": [-5.95, -1, -1.5], "size": [5, 2, 5], "inflate": 0.01, "uv": [0, 86]}
					]
				},
				{
					"name": "toes_right_front",
					"parent": "foot_right",
					"pivot": [-3.45, 1, -1.5]
				},
				{
					"name": "toe_right_front1",
					"parent": "toes_right_front",
					"pivot": [-4.7, 1, -1.5],
					"cubes": [
						{"origin": [-5.7, -1, -4.5], "size": [2, 2, 3], "uv": [38, 182]}
					]
				},
				{
					"name": "toe_right_front1_end",
					"parent": "toe_right_front1",
					"pivot": [-4.7, 1, -4.5],
					"cubes": [
						{"origin": [-5.2, -1, -6.5], "size": [1, 2, 2], "uv": [28, 207]}
					]
				},
				{
					"name": "toe_right_front1_tip",
					"parent": "toe_right_front1_end",
					"pivot": [-4.7, 1, -6.5],
					"cubes": [
						{"origin": [-4.7, -2, -7.5], "size": [0, 3, 2], "uv": [99, 36]}
					]
				},
				{
					"name": "toe_right_front2",
					"parent": "toes_right_front",
					"pivot": [-2.2, 1, -1.5],
					"cubes": [
						{"origin": [-3.2, -1, -4.5], "size": [2, 2, 3], "uv": [15, 117]}
					]
				},
				{
					"name": "toe_right_front2_end",
					"parent": "toe_right_front2",
					"pivot": [-2.2, 1, -4.5],
					"cubes": [
						{"origin": [-2.7, -1, -6.5], "size": [1, 2, 2], "uv": [54, 161]}
					]
				},
				{
					"name": "toe_right_front2_tip",
					"parent": "toe_right_front2_end",
					"pivot": [-2.2, 1, -6.5],
					"cubes": [
						{"origin": [-2.2, -2, -7.5], "size": [0, 3, 2], "uv": [98, 76]}
					]
				},
				{
					"name": "toes_right_back",
					"parent": "foot_right",
					"pivot": [-3.45, 1, 3.5]
				},
				{
					"name": "toe_right_back1",
					"parent": "toes_right_back",
					"pivot": [-4.7, 1, 3.5],
					"cubes": [
						{"origin": [-5.7, -1, 3.5], "size": [2, 2, 2], "uv": [0, 123]}
					]
				},
				{
					"name": "toe_right_back1_end",
					"parent": "toe_right_back1",
					"pivot": [-4.7, 1, 5.5],
					"cubes": [
						{"origin": [-5.2, -1, 5.5], "size": [1, 2, 2], "uv": [22, 192]}
					]
				},
				{
					"name": "toe_right_back1_tip",
					"parent": "toe_right_back1_end",
					"pivot": [-4.7, 1, 7.5],
					"cubes": [
						{"origin": [-4.7, -2, 6.5], "size": [0, 3, 2], "uv": [98, 55]}
					]
				},
				{
					"name": "toe_right_back2",
					"parent": "toes_right_back",
					"pivot": [-2.2, 1, 3.5],
					"cubes": [
						{"origin": [-3.2, -1, 3.5], "size": [2, 2, 2], "uv": [34, 207]}
					]
				},
				{
					"name": "toe_right_back2_end",
					"parent": "toe_right_back2",
					"pivot": [-2.2, 1, 5.5],
					"cubes": [
						{"origin": [-2.7, -1, 5.5], "size": [1, 2, 2], "uv": [70, 161]}
					]
				},
				{
					"name": "toe_right_back2_tip",
					"parent": "toe_right_back2_end",
					"pivot": [-2.2, 1, 7.5],
					"cubes": [
						{"origin": [-2.2, -2, 6.5], "size": [0, 3, 2], "uv": [36, 96]}
					]
				},
				{
					"name": "thigh_left",
					"parent": "body",
					"pivot": [3.45, 21.25, 0.25],
					"cubes": [
						{"origin": [0.95, 13.75, -2.75], "size": [5, 10, 6], "uv": [16, 65]},
						{"origin": [1.45, 11.75, -1.75], "size": [4, 2, 5], "inflate": 0.01, "uv": [91, 97]}
					]
				},
				{
					"name": "leg_left",
					"parent": "thigh_left",
					"pivot": [3.45, 11.75, 3],
					"cubes": [
						{"origin": [1.45, 3.75, -1], "size": [4, 8, 4], "uv": [40, 85]},
						{"origin": [1.45, -0.25, -1], "size": [4, 4, 4], "uv": [98, 57]}
					]
				},
				{
					"name": "leg_left_ruff",
					"parent": "leg_left",
					"pivot": [3.45, 4.25, 1]
				},
				{
					"name": "leg_left_ruff_right",
					"parent": "leg_left_ruff",
					"pivot": [1.45, 4.25, 1],
					"rotation": [0, 0, 10],
					"cubes": [
						{"origin": [1.45, 1.25, -1.5], "size": [0, 3, 5], "uv": [98, 78]}
					]
				},
				{
					"name": "leg_left_ruff_front",
					"parent": "leg_left_ruff",
					"pivot": [3.45, 4.25, -1],
					"rotation": [-10, 0, 0],
					"cubes": [
						{"origin": [0.95, 1.25, -1], "size": [5, 3, 0], "uv": [81, 22]}
					]
				},
				{
					"name": "leg_left_ruff_left",
					"parent": "leg_left_ruff",
					"pivot": [5.45, 4.25, 1],
					"rotation": [0, 0, -10],
					"cubes": [
						{"origin": [5.45, 1.25, -1.5], "size": [0, 3, 5], "uv": [10, 101]}
					]
				},
				{
					"name": "leg_left_ruff_back",
					"parent": "leg_left_ruff",
					"pivot": [3.45, 4.25, 3],
					"rotation": [10, 0, 0],
					"cubes": [
						{"origin": [0.95, 1.25, 3], "size": [5, 3, 0], "uv": [38, 204]}
					]
				},
				{
					"name": "foot_left",
					"parent": "leg_left",
					"pivot": [3.45, 1, 1],
					"cubes": [
						{"origin": [0.95, -1, -1.5], "size": [5, 2, 5], "inflate": 0.01, "uv": [71, 87]}
					]
				},
				{
					"name": "toes_left_front",
					"parent": "foot_left",
					"pivot": [3.45, 1, -1.5]
				},
				{
					"name": "toe_left_front1",
					"parent": "toes_left_front",
					"pivot": [4.7, 1, -1.5],
					"cubes": [
						{"origin": [3.7, -1, -4.5], "size": [2, 2, 3], "uv": [22, 120]}
					]
				},
				{
					"name": "toe_left_front1_end",
					"parent": "toe_left_front1",
					"pivot": [4.7, 1, -4.5],
					"cubes": [
						{"origin": [4.2, -1, -6.5], "size": [1, 2, 2], "uv": [14, 213]}
					]
				},
				{
					"name": "toe_left_front1_tip",
					"parent": "toe_left_front1_end",
					"pivot": [4.7, 1, -6.5],
					"cubes": [
						{"origin": [4.7, -2, -7.5], "size": [0, 3, 2], "uv": [34, 192]}
					]
				},
				{
					"name": "toe_left_front2",
					"parent": "toes_left_front",
					"pivot": [2.2, 1, -1.5],
					"cubes": [
						{"origin": [1.2, -1, -4.5], "size": [2, 2, 3], "uv": [7, 120]}
					]
				},
				{
					"name": "toe_left_front2_end",
					"parent": "toe_left_front2",
					"pivot": [2.2, 1, -4.5],
					"cubes": [
						{"origin": [1.7, -1, -6.5], "size": [1, 2, 2], "uv": [14, 209]}
					]
				},
				{
					"name": "toe_left_front2_tip",
					"parent": "toe_left_front2_end",
					"pivot": [2.2, 1, -6.5],
					"cubes": [
						{"origin": [2.2, -2, -7.5], "size": [0, 3, 2], "uv": [30, 192]}
					]
				},
				{
					"name": "toes_left_back",
					"parent": "foot_left",
					"pivot": [3.45, 1, 3.5]
				},
				{
					"name": "toe_left_back1",
					"parent": "toes_left_back",
					"pivot": [4.7, 1, 3.5],
					"cubes": [
						{"origin": [3.7, -1, 3.5], "size": [2, 2, 2], "uv": [58, 123]}
					]
				},
				{
					"name": "toe_left_back1_end",
					"parent": "toe_left_back1",
					"pivot": [4.7, 1, 5.5],
					"cubes": [
						{"origin": [4.2, -1, 5.5], "size": [1, 2, 2], "uv": [36, 124]}
					]
				},
				{
					"name": "toe_left_back1_tip",
					"parent": "toe_left_back1_end",
					"pivot": [4.7, 1, 7.5],
					"cubes": [
						{"origin": [4.7, -2, 6.5], "size": [0, 3, 2], "uv": [49, 115]}
					]
				},
				{
					"name": "toe_left_back2",
					"parent": "toes_left_back",
					"pivot": [2.2, 1, 3.5],
					"cubes": [
						{"origin": [1.2, -1, 3.5], "size": [2, 2, 2], "uv": [15, 123]}
					]
				},
				{
					"name": "toe_left_back2_end",
					"parent": "toe_left_back2",
					"pivot": [2.2, 1, 5.5],
					"cubes": [
						{"origin": [1.7, -1, 5.5], "size": [1, 2, 2], "uv": [30, 124]}
					]
				},
				{
					"name": "toe_left_back2_tip",
					"parent": "toe_left_back2_end",
					"pivot": [2.2, 1, 7.5],
					"cubes": [
						{"origin": [2.2, -2, 6.5], "size": [0, 3, 2], "uv": [46, 159]}
					]
				},
				{
					"name": "arrow",
					"parent": "decidueye",
					"pivot": [0, 0.5, -30],
					"cubes": [
						{"origin": [-0.5, 0, -48], "size": [1, 1, 33], "uv": [11, 127]},
						{"origin": [-3, 0.5, -48.5], "size": [6, 0, 8], "uv": [24, 34]},
						{"origin": [-3.5, 0.5, -23.5], "size": [7, 0, 13], "uv": [48, 0]}
					]
				}
			]
		}
	]
}