{
	"format_version": "1.12.0",
	"minecraft:geometry": [
		{
			"description": {
				"identifier": "geometry.basculegion_female",
				"texture_width": 128,
				"texture_height": 128,
				"visible_bounds_width": 12,
				"visible_bounds_height": 4,
				"visible_bounds_offset": [0, 1, 0]
			},
			"bones": [
				{
					"name": "basculegion",
					"pivot": [0, 0, 0]
				},
				{
					"name": "locator_root",
					"parent": "basculegion",
					"pivot": [0, 0, 0],
					"locators": {
						"root": [0, 0, 0]
					}
				},
				{
					"name": "locator_top",
					"parent": "basculegion",
					"pivot": [0, 36.5, 0],
					"locators": {
						"top": [0, 36.5, 0]
					}
				},
				{
					"name": "body",
					"parent": "basculegion",
					"pivot": [0, 11, 9]
				},
				{
                    "name": "locator_seat_1",
                    "parent": "body",
                    "pivot": [0, 20, -5],
                    "locators": {
                        "seat_1": [0, 20, -5]
                    }
                },
				{
					"name": "locator_target",
					"parent": "body",
					"pivot": [0, 11, -33],
					"locators": {
						"target": [0, 11, -33]
					}
				},
				{
					"name": "locator_middle",
					"parent": "body",
					"pivot": [0, 11, -4],
					"locators": {
						"middle": [0, 11, -4]
					}
				},
				{
					"name": "torso",
					"parent": "body",
					"pivot": [0, 10.5, -2],
					"cubes": [
						{"origin": [-6, -0.5, -17], "size": [12, 21, 27], "uv": [0, 0]}
					]
				},
				{
					"name": "locator_seat_1",
					"parent": "torso",
					"pivot": [0, 20.75, -9.5],
					"locators": {
						"seat_1": [0, 20.75, -9.5]
					}
				},
				{
					"name": "fins",
					"parent": "torso",
					"pivot": [-6, 7, -15]
				},
				{
					"name": "fin_right",
					"parent": "fins",
					"pivot": [-6, 7, -15],
					"cubes": [
						{"origin": [-27, -2, -15], "size": [21, 10, 0], "uv": [38, 88]}
					]
				},
				{
					"name": "fin_left",
					"parent": "fins",
					"pivot": [6, 7, -15],
					"cubes": [
						{"origin": [6, -2, -15], "size": [21, 10, 0], "uv": [51, 0]}
					]
				},
				{
					"name": "upper_fin",
					"parent": "torso",
					"pivot": [0, 20, 7.75],
					"rotation": [-17.5, 0, 0],
					"cubes": [
						{"origin": [0, 17.5, -2.25], "size": [0, 9, 21], "uv": [32, 27]}
					]
				},
				{
					"name": "upper_fin2",
					"parent": "upper_fin",
					"pivot": [0, 22.5, 7.75],
					"cubes": [
						{"origin": [0, 26.5, -0.25], "size": [0, 9, 16], "uv": [0, 32]}
					]
				},
				{
					"name": "fin_smoke",
					"parent": "upper_fin2",
					"pivot": [0, 22.34699, 9.00442],
					"rotation": [17.5, 0, 0],
					"cubes": [
						{"origin": [-1, 18.84699, 5.00442], "size": [2, 7, 8], "uv": [16, 79]}
					]
				},
				{
					"name": "fin_smoke2",
					"parent": "fin_smoke",
					"pivot": [0, 25.34699, 13],
					"cubes": [
						{"origin": [-0.5, 19.34699, 13], "size": [1, 6, 5], "uv": [34, 67]}
					]
				},
				{
					"name": "fin_smoke3",
					"parent": "fin_smoke2",
					"pivot": [0, 20.9, 17.75],
					"cubes": [
						{"origin": [0, 17.9, 15.75], "size": [0, 9, 8], "inflate": 0.01, "uv": [0, 77]}
					]
				},
				{
					"name": "fin_smoke4",
					"parent": "fin_smoke3",
					"pivot": [0, 20.9, 23.75],
					"cubes": [
						{"origin": [0, 19.9, 23.75], "size": [0, 4, 4], "uv": [4, 77]}
					]
				},
				{
					"name": "fin_smoke5",
					"parent": "fin_smoke4",
					"pivot": [0, 20.9, 25.75],
					"cubes": [
						{"origin": [0, 18.9, 24.75], "size": [0, 2, 3], "uv": [5, 76]}
					]
				},
				{
					"name": "head",
					"parent": "torso",
					"pivot": [0, 11, -15.5],
					"cubes": [
						{"origin": [-5.5, 1.5, -21.5], "size": [11, 18, 8], "inflate": 0.02, "uv": [54, 102]}
					]
				},
				{
					"name": "locator_mouth",
					"parent": "head",
					"pivot": [-0.25, 8, -26.75],
					"locators": {
						"mouth": [-0.25, 8, -26.75],
						"special": [-0.25, 8, -26.75],
						"physical": [-0.25, 8, -26.75]
					}
				},
				{
					"name": "locator_head",
					"parent": "head",
					"pivot": [0, 19.75, -20],
					"rotation": [-90, 0, 0],
					"locators": {
						"head": [0, 19.75, -20],
						"item_hat": [0, 19.75, -20]
					}
				},
				{
					"name": "forehead",
					"parent": "head",
					"pivot": [0, 19.5, -21.5],
					"rotation": [20, 0, 0],
					"cubes": [
						{"origin": [-5.5, 11.5, -25.5], "size": [11, 8, 4], "inflate": 0.01, "uv": [0, 57]},
						{"origin": [-4.5, 13.5, -32.5], "size": [9, 5, 7], "inflate": 0.01, "uv": [54, 76]},
						{"origin": [-4.5, 13.5, -32.5], "size": [9, 5, 7], "inflate": 0.01, "uv": [54, 76]},
						{"origin": [-3.5, 12, -31.5], "size": [0, 2, 1], "pivot": [-3.5, 13.5, -31], "rotation": [0, -45, 0], "uv": [12, 22]},
						{"origin": [3.5, 12, -31.5], "size": [0, 2, 1], "pivot": [3.5, 13.5, -31], "rotation": [0, 45, 0], "uv": [10, 22]},
						{"origin": [-3, 11.5, -32.5], "size": [6, 2, 0], "uv": [30, 79]}
					]
				},
				{
					"name": "locator_jaw_upper",
					"parent": "forehead",
					"pivot": [0, 13.5, -31.5],
					"rotation": [-90, 0, 0],
					"locators": {
						"jaw1": [0, 13.5, -31.5]
					}
				},
				{
					"name": "eyebrows",
					"parent": "forehead",
					"pivot": [0, 18, -30.25]
				},
				{
					"name": "eyebrow_right_pos",
					"parent": "eyebrows",
					"pivot": [-4.5, 18, -30.25],
					"rotation": [20, -12.5, -5]
				},
				{
					"name": "eyebrow_right",
					"parent": "eyebrow_right_pos",
					"pivot": [-4.5, 17.5, -28.75],
					"cubes": [
						{"origin": [-4.5, 16.5, -29.75], "size": [0, 3, 5], "uv": [30, 76]}
					]
				},
				{
					"name": "eyebrow_left_pos",
					"parent": "eyebrows",
					"pivot": [4.5, 18, -30.25],
					"rotation": [20, 12.5, 5]
				},
				{
					"name": "eyebrow_left",
					"parent": "eyebrow_left_pos",
					"pivot": [4.5, 17.5, -28.75],
					"cubes": [
						{"origin": [4.5, 16.5, -29.75], "size": [0, 3, 5], "uv": [30, 79]}
					]
				},
				{
					"name": "eyes",
					"parent": "forehead",
					"pivot": [0, 16, -28],
					"rotation": [-20, 0, 0]
				},
				{
					"name": "eye_right",
					"parent": "eyes",
					"pivot": [-4.5, 16, -28],
					"cubes": [
						{"origin": [-4.51, 14, -29.5], "size": [0, 4, 3], "inflate": 0.01, "uv": [20, 0]},
						{"origin": [-4.51, 16, -29.5], "size": [1, 2, 3], "inflate": 0.02, "uv": [0, 7]}
					]
				},
				{
					"name": "locator_eye_right",
					"parent": "eye_right",
					"pivot": [-4.5, 15.5, -28],
					"locators": {
						"eye1": [-4.5, 15.5, -28]
					}
				},
				{
					"name": "pupil_right",
					"parent": "eye_right",
					"pivot": [-4.51625, 15.75, -28],
					"cubes": [
						{"origin": [-4.5175, 15, -28.5], "size": [0, 2, 1], "inflate": 0.01, "uv": [24, 10]},
						{"origin": [-4.515, 14.5, -29], "size": [0, 2, 2], "inflate": 0.01, "uv": [20, 11]}
					]
				},
				{
					"name": "eyelid_right",
					"parent": "eye_right",
					"pivot": [-4.5, 16, -28],
					"cubes": [
						{"origin": [-4.41, 14, -29.5], "size": [1, 4, 3], "inflate": 0.03, "uv": [46, 68]}
					]
				},
				{
					"name": "eye_left",
					"parent": "eyes",
					"pivot": [4.5, 16, -28],
					"cubes": [
						{"origin": [4.51, 14, -29.5], "size": [0, 4, 3], "inflate": 0.01, "uv": [20, 4]},
						{"origin": [3.51, 16, -29.5], "size": [1, 2, 3], "inflate": 0.02, "uv": [0, 2]}
					]
				},
				{
					"name": "locator_eye_left",
					"parent": "eye_left",
					"pivot": [4.5, 15.5, -28],
					"locators": {
						"eye2": [4.5, 15.5, -28]
					}
				},
				{
					"name": "pupil_left",
					"parent": "eye_left",
					"pivot": [4.51625, 15.75, -28],
					"cubes": [
						{"origin": [4.515, 14.5, -29], "size": [0, 2, 2], "inflate": 0.01, "uv": [20, 9]},
						{"origin": [4.5175, 15, -28.5], "size": [0, 2, 1], "inflate": 0.01, "uv": [24, 12]}
					]
				},
				{
					"name": "eyelid_left",
					"parent": "eye_left",
					"pivot": [4.5, 16, -28],
					"cubes": [
						{"origin": [3.41, 14, -29.5], "size": [1, 4, 3], "inflate": 0.03, "uv": [1, 12]}
					]
				},
				{
					"name": "head_lines",
					"parent": "forehead",
					"pivot": [-0.5, 13.5, -21.5],
					"cubes": [
						{"origin": [-4.5, 8.5, -30], "size": [0, 5, 6], "inflate": 0.01, "uv": [42, 72]},
						{"origin": [4.5, 8.5, -30], "size": [0, 5, 6], "inflate": 0.01, "uv": [42, 77]}
					]
				},
				{
					"name": "moustache",
					"parent": "forehead",
					"pivot": [-0.75, 13.25, -30.5]
				},
				{
					"name": "moustache_left",
					"parent": "moustache",
					"pivot": [4.75, 13.25, -29.5]
				},
				{
					"name": "moustache_left_rotation",
					"parent": "moustache_left",
					"pivot": [7.25, 13.25, -29.5],
					"rotation": [0, 0, -45],
					"cubes": [
						{"origin": [5.25, 11.25, -29.5], "size": [4, 4, 0], "inflate": 0.01, "uv": [41, 67]}
					]
				},
				{
					"name": "moustache_left2",
					"parent": "moustache_left_rotation",
					"pivot": [9.25, 13.75, -29.5],
					"cubes": [
						{"origin": [9.25, 11.75, -29.5], "size": [3, 2, 0], "uv": [42, 65]}
					]
				},
				{
					"name": "moustache_left3",
					"parent": "moustache_left2",
					"pivot": [12.25, 11.75, -29.5],
					"cubes": [
						{"origin": [12.25, 11.75, -29.5], "size": [2, 1, 0], "inflate": 0.01, "uv": [43, 64]}
					]
				},
				{
					"name": "moustache_left4",
					"parent": "moustache_left3",
					"pivot": [14.25, 12.75, -29.5],
					"cubes": [
						{"origin": [14.25, 11.75, -29.5], "size": [3, 1, 0], "uv": [42, 63]}
					]
				},
				{
					"name": "moustache_right",
					"parent": "moustache",
					"pivot": [-4.75, 13.25, -29.5]
				},
				{
					"name": "moustache_right_rotation",
					"parent": "moustache_right",
					"pivot": [-7.25, 13.25, -29.5],
					"rotation": [0, 0, 45],
					"cubes": [
						{"origin": [-9.25, 11.25, -29.5], "size": [4, 4, 0], "inflate": 0.01, "uv": [31, 67]}
					]
				},
				{
					"name": "moustache_right2",
					"parent": "moustache_right_rotation",
					"pivot": [-9.25, 13.75, -29.5],
					"cubes": [
						{"origin": [-12.25, 11.75, -29.5], "size": [3, 2, 0], "uv": [32, 65]}
					]
				},
				{
					"name": "moustache_right3",
					"parent": "moustache_right2",
					"pivot": [-12.25, 11.75, -29.5],
					"cubes": [
						{"origin": [-14.25, 11.75, -29.5], "size": [2, 1, 0], "inflate": 0.01, "uv": [33, 64]}
					]
				},
				{
					"name": "moustache_right4",
					"parent": "moustache_right3",
					"pivot": [-14.25, 12.75, -29.5],
					"cubes": [
						{"origin": [-17.25, 11.75, -29.5], "size": [3, 1, 0], "uv": [32, 63]}
					]
				},
				{
					"name": "jaw",
					"parent": "head",
					"pivot": [0, 8.5, -21.5],
					"cubes": [
						{"origin": [-4, 3.5, -28.5], "size": [8, 4, 4], "uv": [54, 68]},
						{"origin": [-4.5, 3.5, -24.5], "size": [9, 4, 5], "uv": [0, 69]},
						{"origin": [4.5, 7.5, -24.5], "size": [0, 4, 5], "uv": [0, 18]},
						{"origin": [-4.5, 7.5, -24.5], "size": [0, 4, 5], "uv": [0, 14]},
						{"origin": [-4, 7.5, -28.5], "size": [0, 2, 4], "uv": [16, 79]},
						{"origin": [-4, 7.5, -28.5], "size": [8, 2, 0], "uv": [10, 25]},
						{"origin": [4, 7.5, -28.5], "size": [0, 2, 4], "uv": [16, 81]}
					]
				},
				{
					"name": "locator_jaw_lower",
					"parent": "jaw",
					"pivot": [0, 7.5, -27.5],
					"rotation": [-90, 0, 0],
					"locators": {
						"jaw2": [0, 7.5, -27.5]
					}
				},
				{
					"name": "lower_teeth",
					"parent": "jaw",
					"pivot": [-1, 0, -3.5],
					"cubes": [
						{"origin": [-3.5, 7.5, -27], "size": [0, 2, 1], "pivot": [-3.5, 7.5, -26.5], "rotation": [0, -45, 0], "uv": [12, 20]},
						{"origin": [3.5, 7.5, -27], "size": [0, 2, 1], "pivot": [3.5, 7.5, -26.5], "rotation": [0, 45, 0], "uv": [10, 20]}
					]
				},
				{
					"name": "tail",
					"parent": "torso",
					"pivot": [0, 10.5, 10],
					"cubes": [
						{"origin": [-5.5, 0.5, 8], "size": [11, 18, 16], "uv": [0, 94]}
					]
				},
				{
					"name": "lower_fin",
					"parent": "tail",
					"pivot": [0, 3, 17],
					"cubes": [
						{"origin": [0, -7, 7.35], "size": [0, 11, 18], "pivot": [0, 3, 17], "rotation": [25, 0, 0], "uv": [50, 39]}
					]
				},
				{
					"name": "tail2",
					"parent": "tail",
					"pivot": [0, 11, 21.5],
					"cubes": [
						{"origin": [-3.5, 2.25, 19], "size": [7, 15, 14], "uv": [79, 0]}
					]
				},
				{
					"name": "small_tail_smoke",
					"parent": "tail2",
					"pivot": [0, 17.25, 30.25],
					"cubes": [
						{"origin": [0, 15.75, 28.25], "size": [0, 6, 4], "uv": [82, 25]}
					]
				},
				{
					"name": "small_tail_smoke2",
					"parent": "small_tail_smoke",
					"pivot": [0, 20.75, 31.25],
					"cubes": [
						{"origin": [0, 17.75, 31.25], "size": [0, 4, 2], "inflate": 0.01, "uv": [84, 33]}
					]
				},
				{
					"name": "small_tail_smoke3",
					"parent": "small_tail_smoke2",
					"pivot": [0, 18.75, 33.25],
					"cubes": [
						{"origin": [0, 17.75, 33.25], "size": [0, 3, 2], "inflate": 0.01, "uv": [84, 37]}
					]
				},
				{
					"name": "tail3",
					"parent": "tail2",
					"pivot": [0, 11, 31.83333],
					"cubes": [
						{"origin": [-2.5, 3.75, 29], "size": [5, 13, 13], "uv": [78, 29]}
					]
				},
				{
					"name": "tail4",
					"parent": "tail3",
					"pivot": [0, 11, 42],
					"cubes": [
						{"origin": [-2, 5, 40.25], "size": [4, 10, 7], "uv": [86, 55]}
					]
				},
				{
					"name": "tail5",
					"parent": "tail4",
					"pivot": [0, 14.5, 47.5],
					"cubes": [
						{"origin": [-1, 7.5, 46.25], "size": [2, 7, 8], "uv": [86, 72]}
					]
				},
				{
					"name": "tail6",
					"parent": "tail5",
					"pivot": [0, 11, 53.25],
					"cubes": [
						{"origin": [-0.5, 8, 53.25], "size": [1, 6, 7], "inflate": 0.01, "uv": [80, 89]}
					]
				},
				{
					"name": "tail7",
					"parent": "tail6",
					"pivot": [0, 8, 60.25],
					"cubes": [
						{"origin": [0, 6, 58.25], "size": [0, 9, 7], "uv": [95, 80]}
					]
				},
				{
					"name": "tail8",
					"parent": "tail7",
					"pivot": [0, 10.25, 65.25],
					"cubes": [
						{"origin": [0, 6.5, 65.25], "size": [0, 7, 5], "inflate": 0.01, "uv": [97, 91]}
					]
				},
				{
					"name": "tail9",
					"parent": "tail8",
					"pivot": [0, 11.5, 70.25],
					"cubes": [
						{"origin": [0, 7.5, 70.25], "size": [0, 6, 7], "uv": [95, 96]}
					]
				},
				{
					"name": "tail10",
					"parent": "tail9",
					"pivot": [0, 9.5, 77.25],
					"cubes": [
						{"origin": [0, 9.5, 77.25], "size": [0, 3, 5], "uv": [97, 104]}
					]
				},
				{
					"name": "tail11",
					"parent": "tail10",
					"pivot": [0, 10, 81.25],
					"cubes": [
						{"origin": [0, 7, 81.25], "size": [0, 7, 5], "inflate": 0.01, "uv": [97, 107]}
					]
				},
				{
					"name": "locator_tail_tip",
					"parent": "tail11",
					"pivot": [0, 10.5, 82.5],
					"rotation": [-180, 0, 180],
					"locators": {
						"tail_tip": [0, 10.5, 82.5]
					}
				},
				{
					"name": "upper_tail_smoke1",
					"parent": "tail3",
					"pivot": [0, 14.75, 40.5],
					"cubes": [
						{"origin": [-1, 12.5, 36], "size": [2, 6, 8], "uv": [106, 47]}
					]
				},
				{
					"name": "upper_tail_smoke2",
					"parent": "upper_tail_smoke1",
					"pivot": [0, 18.75, 37],
					"cubes": [
						{"origin": [-0.5, 18.5, 37], "size": [1, 7, 6], "uv": [108, 61]}
					]
				},
				{
					"name": "upper_tail_smoke3",
					"parent": "upper_tail_smoke2",
					"pivot": [0, 25.75, 38.5],
					"cubes": [
						{"origin": [0, 19.5, 36], "size": [0, 9, 8], "uv": [106, 66]}
					]
				},
				{
					"name": "upper_tail_smoke4",
					"parent": "upper_tail_smoke3",
					"pivot": [0, 21.75, 44],
					"cubes": [
						{"origin": [0, 19.5, 44], "size": [0, 8, 3], "uv": [111, 80]}
					]
				},
				{
					"name": "upper_tail_smoke5",
					"parent": "upper_tail_smoke4",
					"pivot": [0, 21.75, 47],
					"cubes": [
						{"origin": [0, 20.5, 47], "size": [0, 5, 3], "uv": [111, 88]}
					]
				},
				{
					"name": "upper_tail_smoke6",
					"parent": "upper_tail_smoke5",
					"pivot": [0, 21.75, 50],
					"cubes": [
						{"origin": [0, 20.5, 50], "size": [0, 3, 2], "uv": [112, 94]}
					]
				},
				{
					"name": "lower_tail_smoke",
					"parent": "tail3",
					"pivot": [0, 5.25, 40.5],
					"cubes": [
						{"origin": [-1, 3, 37], "size": [2, 3, 7], "uv": [104, 118]}
					]
				},
				{
					"name": "lower_tail_smoke2",
					"parent": "lower_tail_smoke",
					"pivot": [0, 3.25, 37.75],
					"cubes": [
						{"origin": [-0.5, -3, 37.75], "size": [1, 6, 5], "uv": [114, 94]}
					]
				},
				{
					"name": "lower_tail_smoke3",
					"parent": "lower_tail_smoke2",
					"pivot": [0, -3.75, 38.75],
					"cubes": [
						{"origin": [0, -7, 36.25], "size": [0, 9, 9], "uv": [109, 96]}
					]
				},
				{
					"name": "lower_tail_smoke4",
					"parent": "lower_tail_smoke3",
					"pivot": [0, 0.25, 45.25],
					"cubes": [
						{"origin": [0, -5, 45.25], "size": [0, 7, 3], "inflate": 0.01, "uv": [115, 111]}
					]
				},
				{
					"name": "lower_tail_smoke5",
					"parent": "lower_tail_smoke4",
					"pivot": [0, -1, 48.25],
					"cubes": [
						{"origin": [0, -2, 48.25], "size": [0, 3, 2], "uv": [116, 119]}
					]
				}
			]
		}
	]
}