{
	"format_version": "1.12.0",
	"minecraft:geometry": [
		{
			"description": {
				"identifier": "geometry.araquanid",
				"texture_width": 256,
				"texture_height": 128,
				"visible_bounds_width": 10,
				"visible_bounds_height": 5.5,
				"visible_bounds_offset": [0, 2.25, 0]
			},
			"bones": [
				{
					"name": "araquanid",
					"pivot": [0, 0, 0]
				},
				{
					"name": "body",
					"parent": "araquanid",
					"pivot": [0, 28, 0]
				},
				{
                    "name": "locator_seat_1",
                    "parent": "body",
                    "pivot": [0, 38, -22],
                    "locators": {
                        "seat_1": [0, 38, -22]
                    }
                },
				{
					"name": "legs",
					"parent": "body",
					"pivot": [0, 27.5, 0.5]
				},
				{
					"name": "legs_front",
					"parent": "legs",
					"pivot": [0, 27.5, -2.5]
				},
				{
					"name": "leg_front_left",
					"parent": "legs_front",
					"pivot": [7, 27.5, -2.5],
					"cubes": [
						{"origin": [3.5, 27.5, -4], "size": [25, 0, 3], "uv": [-3, 116]}
					]
				},
				{
					"name": "leg_front_bubble_left",
					"parent": "leg_front_left",
					"pivot": [27.5, 27.5, -2.5],
					"cubes": [
						{"origin": [24.5, 23.5, -6.5], "size": [8, 8, 8], "uv": [160, 96]}
					]
				},
				{
					"name": "leg_front_left2",
					"parent": "leg_front_left",
					"pivot": [29.5, 27.5, -2.5],
					"cubes": [
						{"origin": [28.5, 27.5, -4], "size": [17, 0, 3], "uv": [47, 116]},
						{"origin": [45.5, 26.5, -5.05], "size": [4, 2, 5], "uv": [0, 82]}
					]
				},
				{
					"name": "leg_front_left3",
					"parent": "leg_front_left2",
					"pivot": [49.5, 28.5, -2.5],
					"cubes": [
						{"origin": [49.5, 26.5, -5.05], "size": [4, 2, 5], "inflate": 0.02, "uv": [0, 89]},
						{"origin": [53.5, 27.5, -4], "size": [12, 0, 3], "uv": [21, 75]}
					]
				},
				{
					"name": "foot_front_left",
					"parent": "leg_front_left3",
					"pivot": [65.5, 27.5, -2.5],
					"cubes": [
						{"origin": [65.5, 27.5, -4], "size": [5, 0, 3], "uv": [55, 105]}
					]
				},
				{
					"name": "leg_front_right",
					"parent": "legs_front",
					"pivot": [-7, 27.5, -2.5],
					"cubes": [
						{"origin": [-28.5, 27.5, -4], "size": [25, 0, 3], "uv": [-3, 125]}
					]
				},
				{
					"name": "leg_front_bubble_right",
					"parent": "leg_front_right",
					"pivot": [-27.5, 27.5, -2.5],
					"cubes": [
						{"origin": [-32.5, 23.5, -6.5], "size": [8, 8, 8], "uv": [160, 112]}
					]
				},
				{
					"name": "leg_front_right2",
					"parent": "leg_front_right",
					"pivot": [-29.5, 27.5, -2.5],
					"cubes": [
						{"origin": [-45.5, 27.5, -4], "size": [17, 0, 3], "uv": [47, 125]},
						{"origin": [-49.5, 26.5, -5.05], "size": [4, 2, 5], "uv": [0, 96]}
					]
				},
				{
					"name": "leg_front_right3",
					"parent": "leg_front_right2",
					"pivot": [-49.5, 28.5, -2.5],
					"cubes": [
						{"origin": [-53.5, 26.5, -5.05], "size": [4, 2, 5], "inflate": 0.02, "uv": [0, 103]},
						{"origin": [-65.5, 27.5, -4], "size": [12, 0, 3], "uv": [-3, 75]}
					]
				},
				{
					"name": "foot_front_right",
					"parent": "leg_front_right3",
					"pivot": [-65.5, 27.5, -2.5],
					"cubes": [
						{"origin": [-70.5, 27.5, -4], "size": [5, 0, 3], "uv": [43, 105]}
					]
				},
				{
					"name": "legs_middle",
					"parent": "legs",
					"pivot": [0, 27.5, 0.5]
				},
				{
					"name": "leg_middle_left",
					"parent": "legs_middle",
					"pivot": [7, 27, 0.5],
					"cubes": [
						{"origin": [3.5, 27, -1], "size": [25, 0, 3], "uv": [-3, 113]}
					]
				},
				{
					"name": "leg_middle_bubble_left",
					"parent": "leg_middle_left",
					"pivot": [27.5, 27, 0.5],
					"cubes": [
						{"origin": [24.5, 23, -3.5], "size": [8, 8, 8], "uv": [192, 96]}
					]
				},
				{
					"name": "leg_middle_left2",
					"parent": "leg_middle_left",
					"pivot": [29.5, 27, 0.5],
					"cubes": [
						{"origin": [28.5, 27, -1], "size": [17, 0, 3], "uv": [47, 113]},
						{"origin": [45.5, 26, -1.95], "size": [4, 2, 5], "uv": [13, 80]}
					]
				},
				{
					"name": "leg_middle_left3",
					"parent": "leg_middle_left2",
					"pivot": [49.5, 28, 0.5],
					"cubes": [
						{"origin": [49.5, 26, -1.95], "size": [4, 2, 5], "inflate": 0.02, "uv": [13, 87]},
						{"origin": [53.5, 27, -1], "size": [12, 0, 3], "uv": [21, 72]}
					]
				},
				{
					"name": "foot_middle_left",
					"parent": "leg_middle_left3",
					"pivot": [65.5, 27, 0.5],
					"cubes": [
						{"origin": [65.5, 27, -1], "size": [5, 0, 3], "uv": [55, 100]}
					]
				},
				{
					"name": "leg_middle_right",
					"parent": "legs_middle",
					"pivot": [-7, 27, 0.5],
					"cubes": [
						{"origin": [-28.5, 27, -1], "size": [25, 0, 3], "uv": [-3, 122]}
					]
				},
				{
					"name": "leg_middle_bubble_right",
					"parent": "leg_middle_right",
					"pivot": [-27.5, 27, 0.5],
					"cubes": [
						{"origin": [-32.5, 23, -3.5], "size": [8, 8, 8], "uv": [192, 112]}
					]
				},
				{
					"name": "leg_middle_right2",
					"parent": "leg_middle_right",
					"pivot": [-29.5, 27, 0.5],
					"cubes": [
						{"origin": [-45.5, 27, -1], "size": [17, 0, 3], "uv": [47, 122]},
						{"origin": [-49.5, 26, -1.95], "size": [4, 2, 5], "uv": [13, 94]}
					]
				},
				{
					"name": "leg_middle_right3",
					"parent": "leg_middle_right2",
					"pivot": [-49.5, 28, 0.5],
					"cubes": [
						{"origin": [-53.5, 26, -1.95], "size": [4, 2, 5], "inflate": 0.02, "uv": [13, 101]},
						{"origin": [-65.5, 27, -1], "size": [12, 0, 3], "uv": [-3, 72]}
					]
				},
				{
					"name": "foot_middle_right",
					"parent": "leg_middle_right3",
					"pivot": [-65.5, 27, 0.5],
					"cubes": [
						{"origin": [-70.5, 27, -1], "size": [5, 0, 3], "uv": [43, 100]}
					]
				},
				{
					"name": "legs_back",
					"parent": "legs",
					"pivot": [0, 27.5, 3.5]
				},
				{
					"name": "leg_back_left",
					"parent": "legs_back",
					"pivot": [7, 27.5, 3.5],
					"cubes": [
						{"origin": [3.5, 27.5, 2], "size": [25, 0, 3], "uv": [-3, 110]}
					]
				},
				{
					"name": "leg_back_bubble_left",
					"parent": "leg_back_left",
					"pivot": [27.5, 27.5, 3.5],
					"cubes": [
						{"origin": [24.5, 23.5, -0.5], "size": [8, 8, 8], "uv": [224, 96]}
					]
				},
				{
					"name": "leg_back_left2",
					"parent": "leg_back_left",
					"pivot": [29.5, 27.5, 3.5],
					"cubes": [
						{"origin": [28.5, 27.5, 2], "size": [17, 0, 3], "uv": [47, 110]},
						{"origin": [45.5, 26.5, 1.05], "size": [4, 2, 5], "uv": [26, 82]}
					]
				},
				{
					"name": "leg_back_left3",
					"parent": "leg_back_left2",
					"pivot": [49.5, 28.5, 3.5],
					"cubes": [
						{"origin": [49.5, 26.5, 1.05], "size": [4, 2, 5], "inflate": 0.02, "uv": [26, 89]},
						{"origin": [53.5, 27.5, 2], "size": [12, 0, 3], "uv": [21, 69]}
					]
				},
				{
					"name": "foot_back_left",
					"parent": "leg_back_left3",
					"pivot": [65.5, 27.5, 3.5],
					"cubes": [
						{"origin": [65.5, 27.5, 2], "size": [5, 0, 3], "uv": [55, 95]}
					]
				},
				{
					"name": "leg_back_right",
					"parent": "legs_back",
					"pivot": [-7, 27.5, 3.5],
					"cubes": [
						{"origin": [-28.5, 27.5, 2], "size": [25, 0, 3], "uv": [-3, 119]}
					]
				},
				{
					"name": "leg_back_bubble_right",
					"parent": "leg_back_right",
					"pivot": [-27.5, 27.5, 3.5],
					"cubes": [
						{"origin": [-32.5, 23.5, -0.5], "size": [8, 8, 8], "uv": [224, 112]}
					]
				},
				{
					"name": "leg_back_right2",
					"parent": "leg_back_right",
					"pivot": [-29.5, 27.5, 3.5],
					"cubes": [
						{"origin": [-45.5, 27.5, 2], "size": [17, 0, 3], "uv": [47, 119]},
						{"origin": [-49.5, 26.5, 1.05], "size": [4, 2, 5], "uv": [26, 96]}
					]
				},
				{
					"name": "leg_back_right3",
					"parent": "leg_back_right2",
					"pivot": [-49.5, 28.5, 3.5],
					"cubes": [
						{"origin": [-65.5, 27.5, 2], "size": [12, 0, 3], "uv": [-3, 69]},
						{"origin": [-53.5, 26.5, 1.05], "size": [4, 2, 5], "inflate": 0.02, "uv": [26, 103]}
					]
				},
				{
					"name": "foot_back_right",
					"parent": "leg_back_right3",
					"pivot": [-65.5, 27.5, 3.5],
					"cubes": [
						{"origin": [-70.5, 27.5, 2], "size": [5, 0, 3], "uv": [43, 95]}
					]
				},
				{
					"name": "torso",
					"parent": "body",
					"pivot": [0, 27.5, 0.1],
					"cubes": [
						{"origin": [-7, 22.5, -7.4], "size": [14, 10, 15], "uv": [0, 31]}
					]
				},
				{
					"name": "seat1",
					"parent": "torso",
					"pivot": [0, 32.9, -2.5],
					"locators": {
						"seat1": [0, 32.9, -2.5]
					}
				},
				{
					"name": "seat2",
					"parent": "torso",
					"pivot": [0, 32.9, 2.5],
					"locators": {
						"seat2": [0, 32.9, 2.5]
					}
				},
				{
					"name": "tail",
					"parent": "torso",
					"pivot": [0, 27.7, 7.6],
					"cubes": [
						{"origin": [-2.5, 25.7, 6.6], "size": [5, 4, 5], "uv": [67, 10]}
					]
				},
				{
					"name": "neck",
					"parent": "torso",
					"pivot": [0, 27.5, -7.2],
					"cubes": [
						{"origin": [-5, 24.5, -10.2], "size": [10, 6, 4], "uv": [43, 31]}
					]
				},
				{
					"name": "head",
					"parent": "neck",
					"pivot": [0, 27.5, -9.5]
				},
				{
					"name": "head_correction",
					"parent": "head",
					"pivot": [0, 27.5, -9.5]
				},
				{
					"name": "head_ai",
					"parent": "head_correction",
					"pivot": [0, 27.5, -9.5]
				},
				{
					"name": "head_angle",
					"parent": "head_ai",
					"pivot": [0, 27.5, -9.5],
					"cubes": [
						{"origin": [-12, 21.5, -28.5], "size": [24, 12, 19], "uv": [0, 0]}
					]
				},
				{
					"name": "eyes",
					"parent": "head_angle",
					"pivot": [0, 28, -28]
				},
				{
					"name": "eye_left",
					"parent": "eyes",
					"pivot": [7, 27.5, -22],
					"cubes": [
						{"origin": [2, 24.5, -28.5], "size": [10, 6, 13], "inflate": 0.5, "uv": [83, 37]}
					]
				},
				{
					"name": "eye_left_inactive",
					"parent": "eyes",
					"pivot": [6.25, 27.5, -21.25],
					"cubes": [
						{"origin": [1.25, 24.5, -27.75], "size": [10, 6, 13], "inflate": 0.5, "uv": [83, 57]}
					]
				},
				{
					"name": "eye_right",
					"parent": "eyes",
					"pivot": [-7, 27.5, -22],
					"cubes": [
						{"origin": [-12, 24.5, -28.5], "size": [10, 6, 13], "inflate": 0.5, "uv": [49, 44]}
					]
				},
				{
					"name": "eye_right_inactive",
					"parent": "eyes",
					"pivot": [-6.25, 27.5, -21.25],
					"cubes": [
						{"origin": [-11.25, 24.5, -27.75], "size": [10, 6, 13], "inflate": 0.5, "uv": [49, 64]}
					]
				},
				{
					"name": "collar",
					"parent": "head_angle",
					"pivot": [0, 27.5, -8.2],
					"cubes": [
						{"origin": [-12.5, 16, -9.2], "size": [25, 23, 0], "uv": [116, 1]}
					]
				},
				{
					"name": "bubble",
					"parent": "head_angle",
					"pivot": [0, 27.5, -9.4],
					"cubes": [
						{"origin": [-16, 16.5, -34.4], "size": [32, 22, 25], "inflate": -0.03, "uv": [142, 0]},
						{"origin": [16, 38.5, -9.4], "size": [-32, -22, -25], "inflate": 0.02, "uv": [256, 94]}
					]
				},
				{
					"name": "bump_front",
					"parent": "head_angle",
					"pivot": [0, 33.5, -23.5],
					"cubes": [
						{"origin": [-3.5, 32, -27], "size": [7, 3, 7], "pivot": [0, 34.5, -23.5], "rotation": [0, 45, 0], "uv": [67, 0]}
					]
				},
				{
					"name": "bump_left",
					"parent": "head_angle",
					"pivot": [5.5, 33.5, -16],
					"cubes": [
						{"origin": [3, 32, -18.5], "size": [6, 4, 6], "uv": [0, 56]}
					]
				},
				{
					"name": "bump_right",
					"parent": "head_angle",
					"pivot": [-5.5, 33.5, -16],
					"cubes": [
						{"origin": [-9, 32, -18.5], "size": [6, 4, 6], "uv": [24, 56]}
					]
				},
				{
					"name": "teeth",
					"parent": "head_angle",
					"pivot": [-0.054, 21.896, -18.754]
				},
				{
					"name": "teeth_front",
					"parent": "teeth",
					"pivot": [0, 21.5, -22.75]
				},
				{
					"name": "tooth_front_left",
					"parent": "teeth_front",
					"pivot": [5.7, 21.6, -22.75],
					"rotation": [0, -45, 0],
					"cubes": [
						{"origin": [2.7, 17.9, -22.75], "size": [6, 4, 0], "uv": [84, 104]}
					]
				},
				{
					"name": "tooth_front_right",
					"parent": "teeth_front",
					"pivot": [-5.7, 21.6, -22.75],
					"rotation": [0, 45, 0],
					"cubes": [
						{"origin": [-8.7, 17.9, -22.75], "size": [6, 4, 0], "uv": [70, 104]}
					]
				},
				{
					"name": "teeth_back",
					"parent": "teeth",
					"pivot": [0, 21.5, -15.25]
				},
				{
					"name": "tooth_back_left",
					"parent": "teeth_back",
					"pivot": [5.7, 21.5, -15.25],
					"rotation": [0, 45, 0],
					"cubes": [
						{"origin": [2.7, 17.9, -15.25], "size": [6, 4, 0], "uv": [84, 98]}
					]
				},
				{
					"name": "tooth_back_right",
					"parent": "teeth_back",
					"pivot": [-5.7, 21.5, -15.25],
					"rotation": [0, -45, 0],
					"cubes": [
						{"origin": [-8.7, 17.9, -15.25], "size": [6, 4, 0], "uv": [70, 98]}
					]
				}
			]
		}
	]
}