{
  "species": "cobblemon:leafeon",
  "order": 22,
  "variations": [
    {
      "aspects": ["kazeran"],
      "poser": "cobblemon:leafeon_kazeran",
      "model": "cobblemon:leafeon_kazeran.geo",
      "texture": "cobblemon:textures/pokemon/leafeon/leafeon_kazeran.png",
      "layers": [
        {
              "name": "emissive",
              "emissive": true,
              "texture": "cobblemon:textures/pokemon/leafeon/leafeon_kazeran_emissive.png",
              "translucent": true
        },
        {
          "name": "leaf",
          "texture": {
            "frames": [
              "cobblemon:textures/pokemon/leafeon/leaf/leaf1.png",
              "cobblemon:textures/pokemon/leafeon/leaf/leaf2.png",
              "cobblemon:textures/pokemon/leafeon/leaf/leaf3.png",
              "cobblemon:textures/pokemon/leafeon/leaf/leaf4.png",
              "cobblemon:textures/pokemon/leafeon/leaf/leaf5.png",
              "cobblemon:textures/pokemon/leafeon/leaf/leaf6.png",
              "cobblemon:textures/pokemon/leafeon/leaf/leaf7.png",
              "cobblemon:textures/pokemon/leafeon/leaf/leaf8.png",
              "cobblemon:textures/pokemon/leafeon/leaf/leaf9.png",
              "cobblemon:textures/pokemon/leafeon/leaf/leaf10.png",
              "cobblemon:textures/pokemon/leafeon/leaf/leaf11.png",
              "cobblemon:textures/pokemon/leafeon/leaf/leaf12.png"
            ],
            "fps": 6,
            "loop": true
          },
          "emissive": true,
          "translucent": true
        }
      ]
    },
    {
      "aspects": [
        "shiny", "kazeran"
      ],
      "texture": "cobblemon:textures/pokemon/leafeon/leafeon_kazeran_shiny.png",
      "layers": [
        {
              "name": "emissive",
              "emissive": true,
              "texture": "cobblemon:textures/pokemon/leafeon/leafeon_kazeran_shiny_emissive.png",
              "translucent": true
        },
        {
          "name": "leaf",
          "texture": {
            "frames": [
              "cobblemon:textures/pokemon/leafeon/leaf/leaf1_shiny.png",
              "cobblemon:textures/pokemon/leafeon/leaf/leaf2_shiny.png",
              "cobblemon:textures/pokemon/leafeon/leaf/leaf3_shiny.png",
              "cobblemon:textures/pokemon/leafeon/leaf/leaf4_shiny.png",
              "cobblemon:textures/pokemon/leafeon/leaf/leaf5_shiny.png",
              "cobblemon:textures/pokemon/leafeon/leaf/leaf6_shiny.png",
              "cobblemon:textures/pokemon/leafeon/leaf/leaf7_shiny.png",
              "cobblemon:textures/pokemon/leafeon/leaf/leaf8_shiny.png",
              "cobblemon:textures/pokemon/leafeon/leaf/leaf9_shiny.png",
              "cobblemon:textures/pokemon/leafeon/leaf/leaf10_shiny.png",
              "cobblemon:textures/pokemon/leafeon/leaf/leaf11_shiny.png",
              "cobblemon:textures/pokemon/leafeon/leaf/leaf12_shiny.png"
            ],
            "fps": 6,
            "loop": true
          },
          "emissive": true,
          "translucent": true
        }
      ]
    }
  ]
}