{
	"format_version": "1.12.0",
	"minecraft:geometry": [
		{
			"description": {
				"identifier": "geometry.unknown",
				"texture_width": 128,
				"texture_height": 128,
				"visible_bounds_width": 5,
				"visible_bounds_height": 4.5,
				"visible_bounds_offset": [0, 1.75, 0]
			},
			"bones": [
				{
					"name": "cobalion",
					"pivot": [0, 0, 0]
				},
				{
				"name": "body",
				"parent": "cobalion",
				"pivot": [0, 21, 3],
				"locators": {
					"seat_1": [0, 24, 6]
				}
				},
				{
					"name": "torso",
					"parent": "body",
					"pivot": [0, 20.21667, 4.025],
					"cubes": [
						{"origin": [-5, 15.55, -3.425], "size": [10, 10, 14], "uv": [0, 0]},
						{"origin": [-5.5, 14.55, -10.5], "size": [11, 11, 10], "inflate": 0.05, "uv": [0, 24]},
						{"origin": [-5.5, 16.55, 9.5], "size": [11, 9, 9], "inflate": 0.05, "uv": [42, 24]},
						{"origin": [0, 21.55, 12.5], "size": [0, 11, 14], "uv": [0, 45]}
					]
				},
				{
					"name": "neck",
					"parent": "torso",
					"pivot": [0, 24.6, -10.575],
					"cubes": [
						{"origin": [-3.5, 24.55, -10.5], "size": [7, 7, 7], "inflate": 0.01, "uv": [54, 79]},
						{"origin": [-3.5, 22.225, -5.175], "size": [7, 7, 11], "pivot": [-2, 27.725, -0.675], "rotation": [-35, 0, 0], "uv": [42, 42]},
						{"origin": [-3.5, 31.55, -3.5], "size": [7, 11, 0], "uv": [28, 45]},
						{"origin": [-3.5, 42.55, -3.5], "size": [7, 5, 0], "pivot": [0, 42.55, -3.5], "rotation": [-50, 0, 0], "uv": [114, 113]},
						{"origin": [3.5, 31.55, -10.5], "size": [0, 11, 7], "inflate": 0.01, "uv": [72, 102]},
						{"origin": [-3.5, 31.55, -10.5], "size": [0, 11, 7], "inflate": 0.01, "uv": [86, 102]}
					]
				},
				{
					"name": "neck_2",
					"parent": "neck",
					"pivot": [0, 32.05, -7.5],
					"cubes": [
						{"origin": [-3, 31.55, -10.5], "size": [6, 7, 6], "uv": [0, 89]}
					]
				},
				{
					"name": "head",
					"parent": "neck_2",
					"pivot": [0, 39.74543, -6.94563],
					"rotation": [10, 0, 0],
					"cubes": [
						{"origin": [-3.5, 38.03061, -10.42234], "size": [7, 6, 6], "uv": [82, 18]},
						{"origin": [-3, 38.03061, -13.42234], "size": [6, 6, 3], "inflate": 0.01, "uv": [106, 71]},
						{"origin": [-3, 41.68061, -12.77234], "size": [6, 3, 3], "inflate": 0.01, "pivot": [0, 43.18061, -11.27234], "rotation": [21.5, 0, 0], "uv": [106, 88]},
						{"origin": [-3, 42.93061, -10.49734], "size": [6, 2, 6], "inflate": 0.01, "pivot": [0, 44.43061, -8.99734], "rotation": [-9, 0, 0], "uv": [82, 30]}
					]
				},
				{
					"name": "right_horn",
					"parent": "head",
					"pivot": [-2.23986, 43.72377, -14.33022],
					"rotation": [10, -5, 0],
					"cubes": [
						{"origin": [-3.83643, 42.64877, -14.27848], "size": [2, 2, 6], "inflate": -0.125, "pivot": [-2.58643, 44.64877, -9.77848], "rotation": [0, -7.5, 0], "uv": [106, 94]}
					]
				},
				{
					"name": "right_horn2",
					"parent": "right_horn",
					"pivot": [-2.83435, 43.72377, -7.81488],
					"rotation": [10, 0, 0],
					"cubes": [
						{"origin": [-3.38679, 42.72377, -8.98109], "size": [2, 2, 3], "inflate": 0.01, "pivot": [-2.38679, 43.72377, -5.48109], "rotation": [0, 12.5, 0], "uv": [0, 116]},
						{"origin": [-3.86748, 42.72377, -6.76042], "size": [2, 2, 4], "pivot": [-2.86748, 43.72377, -5.76042], "rotation": [0, -27.5, 0], "uv": [34, 115]},
						{"origin": [-5.70453, 42.72377, -3.71831], "size": [2, 2, 2], "inflate": 0.01, "pivot": [-4.70453, 43.72377, -6.21831], "rotation": [0, 12.5, 0], "uv": [28, 56]},
						{"origin": [-4.92384, 42.72377, -2.51753], "size": [2, 2, 8], "inflate": -0.2, "pivot": [-3.64858, 43.72377, -1.11629], "rotation": [0, -17.5, 0], "uv": [106, 51]}
					]
				},
				{
					"name": "left_horn",
					"parent": "head",
					"pivot": [2.23986, 43.72377, -14.33022],
					"rotation": [10, 5, 0],
					"cubes": [
						{"origin": [1.83643, 42.64877, -14.27848], "size": [2, 2, 6], "inflate": -0.125, "pivot": [2.58643, 44.64877, -9.77848], "rotation": [0, 7.5, 0], "uv": [106, 30]}
					]
				},
				{
					"name": "left_horn2",
					"parent": "left_horn",
					"pivot": [2.83435, 43.72377, -7.81488],
					"rotation": [10, 0, 0],
					"cubes": [
						{"origin": [1.38679, 42.72377, -8.98109], "size": [2, 2, 3], "inflate": 0.01, "pivot": [2.38679, 43.72377, -5.48109], "rotation": [0, -12.5, 0], "uv": [10, 116]},
						{"origin": [1.86748, 42.72377, -6.76042], "size": [2, 2, 4], "pivot": [2.86748, 43.72377, -5.76042], "rotation": [0, 27.5, 0], "uv": [46, 115]},
						{"origin": [3.70453, 42.72377, -3.71831], "size": [2, 2, 2], "inflate": 0.01, "pivot": [4.70453, 43.72377, -6.21831], "rotation": [0, -12.5, 0], "uv": [74, 18]},
						{"origin": [2.92384, 42.72377, -2.51753], "size": [2, 2, 8], "inflate": -0.2, "pivot": [3.64858, 43.72377, -1.11629], "rotation": [0, 17.5, 0], "uv": [106, 61]}
					]
				},
				{
					"name": "eye_right",
					"parent": "head",
					"pivot": [-2.035, 42.0406, -11.95734],
					"cubes": [
						{"origin": [-3.035, 41.0406, -13.45734], "size": [2, 2, 3], "uv": [114, 118]},
						{"origin": [-3.045, 41.0406, -13.08234], "size": [0, 2, 1], "uv": [38, 56]},
						{"origin": [-3.035, 42.7906, -13.45734], "size": [1, 1, 3], "inflate": 0.045, "uv": [82, 38]}
					]
				},
				{
					"name": "eye_close2",
					"parent": "eye_right",
					"pivot": [-1.985, 42.0406, -11.90734],
					"cubes": [
						{"origin": [-2.985, 41.0406, -13.40734], "size": [2, 2, 3], "inflate": 0.025, "uv": [27, 122], "mirror": true}
					]
				},
				{
					"name": "eye_left",
					"parent": "head",
					"pivot": [2.035, 42.0406, -11.95734],
					"cubes": [
						{"origin": [1.035, 41.0406, -13.45734], "size": [2, 2, 3], "uv": [20, 119]},
						{"origin": [3.045, 41.0406, -13.08234], "size": [0, 2, 1], "uv": [36, 56]},
						{"origin": [2.035, 42.7906, -13.45734], "size": [1, 1, 3], "inflate": 0.045, "uv": [90, 38]}
					]
				},
				{
					"name": "eye_close",
					"parent": "eye_left",
					"pivot": [1.985, 42.0406, -11.90734],
					"cubes": [
						{"origin": [0.985, 41.0406, -13.40734], "size": [2, 2, 3], "inflate": 0.025, "uv": [27, 122]}
					]
				},
				{
					"name": "muzzle",
					"parent": "head",
					"pivot": [0, 39.53061, -12.82234],
					"rotation": [-90, 0, 0],
					"cubes": [
						{"origin": [-2, 36.32946, -16.84848], "size": [4, 4, 4], "uv": [106, 80]}
					]
				},
				{
					"name": "muzzle2",
					"parent": "muzzle",
					"pivot": [0, 37.31731, -13.76968],
					"rotation": [-10, 0, 0],
					"cubes": [
						{"origin": [-1.5, 34.64662, -16.63288], "size": [3, 3, 3], "uv": [58, 115]}
					]
				},
				{
					"name": "muzzle3",
					"parent": "muzzle2",
					"pivot": [0, 33.92917, -15.51846],
					"rotation": [25.5, 0, 0],
					"cubes": [
						{"origin": [-1, 34.05855, -16.22986], "size": [2, 1, 2], "uv": [100, 14]}
					]
				},
				{
					"name": "mouth",
					"parent": "muzzle",
					"pivot": [0, 40.03061, -12.67234],
					"cubes": [
						{"origin": [-2, 37.32946, -12.84848], "size": [4, 4, 1], "uv": [100, 119]}
					]
				},
				{
					"name": "fur",
					"parent": "torso",
					"pivot": [-0.5, 21.925, -10.875],
					"cubes": [
						{"origin": [0, 32.275, -17.175], "size": [0, 5, 4], "pivot": [-3, 32.25, -15.175], "rotation": [-47.5, 0, 0], "uv": [72, 93]},
						{"origin": [-2.5, 30.075, -15.15], "size": [5, 5, 3], "pivot": [-0.5, 30.05, -13.15], "rotation": [-47.5, 0, 0], "uv": [108, 14]},
						{"origin": [3.175, 24.55, -13.5], "size": [3, 7, 0], "pivot": [1.175, 28.05, -13.5], "rotation": [0, -27.5, 0], "uv": [44, 97]},
						{"origin": [-3, 24.55, -14.5], "size": [6, 7, 4], "uv": [100, 102]},
						{"origin": [-6.175, 24.55, -13.5], "size": [3, 7, 0], "pivot": [-1.175, 28.05, -13.5], "rotation": [0, 27.5, 0], "uv": [120, 0]},
						{"origin": [-2.5, 16.9, -12.875], "size": [5, 9, 4], "pivot": [-0.5, 21.925, -10.875], "rotation": [27.5, 0, 0], "uv": [104, 38]}
					]
				},
				{
					"name": "bone",
					"parent": "fur",
					"pivot": [0, 17.00353, -10.54483],
					"cubes": [
						{"origin": [-2, 14.57853, -13.59483], "size": [4, 0, 5], "pivot": [0, 14.57853, -11.09483], "rotation": [77.5, 0, 0], "uv": [108, 22]}
					]
				},
				{
					"name": "right_leg_back",
					"parent": "body",
					"pivot": [-5, 18.87106, 12.00948],
					"cubes": [
						{"origin": [-7.5, 12.05, 10.175], "size": [5, 10, 9], "pivot": [-6.5, 12.05, 11.175], "rotation": [17.5, 0, 0], "uv": [54, 60], "mirror": true}
					]
				},
				{
					"name": "right_leg5",
					"parent": "right_leg_back",
					"pivot": [-5, 14.05, 14.175],
					"cubes": [
						{"origin": [-7, 4.05, 11.175], "size": [4, 10, 6], "uv": [52, 93], "mirror": true}
					]
				},
				{
					"name": "right_leg6",
					"parent": "right_leg5",
					"pivot": [-5, 5.55, 12.625],
					"cubes": [
						{"origin": [-7.5, 0.05, 10.625], "size": [5, 7, 7], "uv": [82, 74], "mirror": true},
						{"origin": [-7, 0.05, 7.625], "size": [4, 3, 3], "uv": [58, 109], "mirror": true}
					]
				},
				{
					"name": "right_leg",
					"parent": "body",
					"pivot": [6.42185, 21.00274, -6.46079],
					"cubes": [
						{"origin": [2.5, 12.05, -9], "size": [5, 10, 8], "uv": [78, 42]},
						{"origin": [7, 18.85747, -9.62055], "size": [0, 12, 16], "pivot": [7, 22.85747, -3.62055], "rotation": [8.05688, 1.9371, 20.45116], "uv": [34, -16], "mirror": true}
					]
				},
				{
					"name": "right_leg2",
					"parent": "right_leg",
					"pivot": [5, 12.05, -6],
					"cubes": [
						{"origin": [3, 4.05, -7.825], "size": [4, 10, 6], "uv": [52, 93]}
					]
				},
				{
					"name": "right_leg3",
					"parent": "right_leg2",
					"pivot": [5, 5.55, -5.55],
					"cubes": [
						{"origin": [2.5, 0.05, -8.55], "size": [5, 7, 7], "uv": [82, 74]},
						{"origin": [3, 0.05, -11.55], "size": [4, 3, 3], "uv": [58, 109]}
					]
				},
				{
					"name": "left_leg",
					"parent": "body",
					"pivot": [-6.42185, 21.00274, -6.46079],
					"cubes": [
						{"origin": [-7.5, 12.05, -9], "size": [5, 10, 8], "uv": [78, 42], "mirror": true},
						{"origin": [-7, 18.85747, -9.62055], "size": [0, 12, 16], "pivot": [-7, 22.85747, -3.62055], "rotation": [8.05688, -1.9371, -20.45116], "uv": [34, -16]}
					]
				},
				{
					"name": "left_leg2",
					"parent": "left_leg",
					"pivot": [-5, 12.05, -6],
					"cubes": [
						{"origin": [-7, 4.05, -7.825], "size": [4, 10, 6], "uv": [52, 93], "mirror": true}
					]
				},
				{
					"name": "left_leg3",
					"parent": "left_leg2",
					"pivot": [-5, 5.55, -5.55],
					"cubes": [
						{"origin": [-7.5, 0.05, -8.55], "size": [5, 7, 7], "uv": [82, 74], "mirror": true},
						{"origin": [-7, 0.05, -11.55], "size": [4, 3, 3], "uv": [58, 109], "mirror": true}
					]
				},
				{
					"name": "left_leg_back",
					"parent": "body",
					"pivot": [5, 18.87106, 12.00948],
					"cubes": [
						{"origin": [2.5, 12.05, 10.175], "size": [5, 10, 9], "pivot": [6.5, 12.05, 11.175], "rotation": [17.5, 0, 0], "uv": [54, 60]}
					]
				},
				{
					"name": "left_leg5",
					"parent": "left_leg_back",
					"pivot": [5, 14.05, 14.175],
					"cubes": [
						{"origin": [3, 4.05, 11.175], "size": [4, 10, 6], "uv": [52, 93]}
					]
				},
				{
					"name": "left_leg6",
					"parent": "left_leg5",
					"pivot": [5, 5.55, 12.625],
					"cubes": [
						{"origin": [2.5, 0.05, 10.625], "size": [5, 7, 7], "uv": [82, 74]},
						{"origin": [3, 0.05, 7.625], "size": [4, 3, 3], "uv": [58, 109]}
					]
				}
			]
		}
	]
}