{
	"format_version": "1.8.0",
	"animations": {
		"animation.espeon_kazeran.ground_idle": {
			"loop": true,
			"bones": {
				"body": {
					"position": [
						0,
						"-0.2 + 10+2.25*math.sin(q.anim_time*90*2)*0.1-2.25*math.sin(q.anim_time*90*2-30)*0.4-2.25*math.sin(q.anim_time*90*2-60)*0.4+2.25*math.sin(q.anim_time*90*2-90)*0.4",
						0
					]
				},
				"tail": {
					"rotation": ["35-math.sin(query.anim_time*90*2-160)*4", "0-math.sin(query.anim_time*90*1-160)*14", 0]
				},
				"tail2": {
					"rotation": [-4.8089, "1.38955-math.sin(query.anim_time*90*1-220)*8", -1.04339]
				},
				"tail3": {
					"rotation": ["10-math.sin(query.anim_time*90*2-280)*6", "0-math.sin(query.anim_time*90*1-280)*6", 0]
				},
				"front_leg_left": {
					"rotation": [2.4905, -0.21782, 2.99527],
					"position": [0, -0.25, 0]
				},
				"elbow_left": {
					"rotation": ["15 + math.sin(query.anim_time * 140) * 5 ", 0, 0],
					"position": [0, 1, 0]
				},
				"frontpaw_left": {
					"rotation": [7.43656, 0.9762, -5.43656],
					"position": [0, 0.25, 0]
				},
				"front_leg_right": {
					"rotation": [2.4905, 0.21782, -2.99527]
				},
				"elbow_right": {
					"rotation": ["10 + math.sin(query.anim_time * 160) * 5 ", 0, 0],
					"position": [0, 1, 0]
				},
				"frontpaw_right": {
					"rotation": [7.47178, -0.65182, 2.95744]
				},
				"back_leg_left": {
					"rotation": [2.9886, "-0.2614-math.sin(query.anim_time*90*2-0)*1.5", 0.99318]
				},
				"ankle_left": {
					"rotation": ["7.5 + math.sin(query.anim_time * 150) * 5 ", 0, 0]
				},
				"foot_left": {
					"rotation": [2.49768, "-0.3266275607+math.sin(query.anim_time*90*2-0)*1", "2.4833738216-math.sin(query.anim_time*90*2-0)*0.5"],
					"position": ["0+math.sin(query.anim_time*90*2-0)*0.05", 0.2, 0]
				},
				"back_leg_right": {
					"rotation": [2.9886, "0.2614-math.sin(query.anim_time*90*2-0)*1.5", -0.99318]
				},
				"ankle_right": {
					"rotation": ["15 + 7.5 + math.sin(query.anim_time * 150) * 5 ", 0, 0]
				},
				"foot_right": {
					"rotation": [2.49768, "0.3266+math.sin(query.anim_time*90*2-0)*1", "-2.4834+math.sin(query.anim_time*90*2-0)*0.5"],
					"position": ["0+math.sin(query.anim_time*90*2-0)*0.05", 0.2, 0]
				},
				"torso": {
					"rotation": ["-math.sin(query.anim_time*90*2-80)*1", 0, 0],
					"position": [0, "0-math.sin(query.anim_time*90*2)*0.3", 0]
				},
				"neck": {
					"rotation": ["0-math.sin(query.anim_time*90*2-140)*1", 0, 0]
				},
				"head_angle": {
					"rotation": ["2.1766-math.sin(query.anim_time*90*2-230)*2", 2.12289, -1.15078]
				},
				"tail4": {
					"rotation": [7.5, "0+math.sin(query.anim_time*90*1-140)*8", 0]
				},
				"tail5": {
					"rotation": [0, "0+math.sin(query.anim_time*90*1-180)*10", 0]
				},
				"tail_left": {
					"rotation": [0, "0-math.sin(query.anim_time*90*1-260)*12", 0]
				},
				"tail_left2": {
					"rotation": [0, "0+math.sin(query.anim_time*90*1-120)*14", 0]
				},
				"tail_right": {
					"rotation": [0, "0-math.sin(query.anim_time*90*1-240)*10", 0]
				},
				"tail_right2": {
					"rotation": [0, "0+math.sin(query.anim_time*90*1-100)*10", 0]
				},
				"knee_left": {
					"rotation": ["math.sin(query.anim_time * 150) * 5 ", 0, 0]
				},
				"knee_right": {
					"rotation": ["math.sin(query.anim_time * 140) * 5 ", 0, 0]
				},
				"gem": {
					"rotation": ["query.anim_time * 30 ", "query.anim_time * 30", "query.anim_time * 30"],
					"position": [0, "math.sin(query.anim_time * 200) * 0.2", 0]
				}
			}
		},
		"animation.espeon_kazeran.ground_walk": {
			"loop": true,
			"bones": {
				"torso": {
					"rotation": ["0+math.sin(query.anim_time*90*6-80)*1", "0+math.sin(query.anim_time*90*3-100)*3", "0-math.sin(query.anim_time*90*3-160)*2"],
					"position": [0, "0-math.sin(query.anim_time*90*6+20)*0.3", 0]
				},
				"torso2": {
					"rotation": [0, "0-math.sin(query.anim_time*90*3-100)*3", "0+math.sin(query.anim_time*90*3-160)*2"]
				},
				"torso3": {
					"rotation": [0, "0-math.sin(query.anim_time*90*3-80)*2", "0+math.sin(query.anim_time*90*3-80)*2"]
				},
				"head_angle": {
					"rotation": ["2.1766-math.sin(query.anim_time*90*2-230)*2", 2.12289, -1.15078]
				},
				"ear_left2": {
					"rotation": ["-7.5+math.sin(query.anim_time*90*6-260)*1", 0, 0]
				},
				"ear_left3": {
					"rotation": ["-10+math.sin(query.anim_time*90*6-280)*2", 0, 0]
				},
				"ear_right2": {
					"rotation": ["-7.5+math.sin(query.anim_time*90*6-240)*1", 0, 0]
				},
				"ear_right3": {
					"rotation": ["-10+math.sin(query.anim_time*90*6-260)*2", 0, 0]
				},
				"tail": {
					"rotation": ["35-math.sin(query.anim_time*90*2-160)*4", "0-math.sin(query.anim_time*90*1-160)*14", 0]
				},
				"tail2": {
					"rotation": [-4.8089, "1.38955-math.sin(query.anim_time*90*1-220)*8", -1.04339]
				},
				"tail3": {
					"rotation": ["10-math.sin(query.anim_time*90*2-280)*6", "0-math.sin(query.anim_time*90*1-280)*6", 0]
				},
				"tail4": {
					"rotation": [7.5, "0+math.sin(query.anim_time*90*1-140)*8", 0]
				},
				"front_leg_left": {
					"rotation": ["22.5 + math.sin(query.anim_time * 120) * 10  ", 0, 0]
				},
				"elbow_left": {
					"rotation": ["15 + math.sin(query.anim_time * 140) * 5 ", 0, 0],
					"position": [0, 1, 0]
				},
				"front_leg_right": {
					"rotation": ["17.5 + math.sin(query.anim_time * 130) * 5 ", 0, 0]
				},
				"elbow_right": {
					"rotation": ["10 + math.sin(query.anim_time * 160) * 5 ", 0, 0],
					"position": [0, 1, 0]
				},
				"back_leg_left": {
					"rotation": ["12.5 + math.sin(query.anim_time * 150) * 5 ", 0, 0]
				},
				"ankle_left": {
					"rotation": ["7.5 + math.sin(query.anim_time * 150) * 5 ", 0, 0]
				},
				"back_leg_right": {
					"rotation": ["15 + math.sin(query.anim_time * 160) * 5 ", 0, 0]
				},
				"ankle_right": {
					"rotation": ["15 + 7.5 + math.sin(query.anim_time * 150) * 5 ", 0, 0]
				},
				"espeon_kazeran": {
					"position": [0, -0.5, 0]
				},
				"tail5": {
					"rotation": [0, "0+math.sin(query.anim_time*90*1-180)*10", 0]
				},
				"tail_left": {
					"rotation": [0, "0-math.sin(query.anim_time*90*1-260)*12", 0]
				},
				"tail_left2": {
					"rotation": [0, "0+math.sin(query.anim_time*90*1-120)*14", 0]
				},
				"tail_right": {
					"rotation": [0, "0-math.sin(query.anim_time*90*1-240)*10", 0]
				},
				"tail_right2": {
					"rotation": [0, "0+math.sin(query.anim_time*90*1-100)*10", 0]
				},
				"body": {
					"rotation": [2.5, 0, 0],
					"position": [
						0,
						"10+2.25*math.sin(q.anim_time*90*2)*0.1-2.25*math.sin(q.anim_time*90*2-30)*0.4-2.25*math.sin(q.anim_time*90*2-60)*0.4+2.25*math.sin(q.anim_time*90*2-90)*0.4",
						0
					]
				},
				"knee_left": {
					"rotation": ["math.sin(query.anim_time * 150) * 5 ", 0, 0]
				},
				"knee_right": {
					"rotation": ["math.sin(query.anim_time * 140) * 5 ", 0, 0]
				},
				"gem": {
					"rotation": ["query.anim_time * 30 ", "query.anim_time * 30", "query.anim_time * 30"],
					"position": [0, "math.sin(query.anim_time * 200) * 0.2", 0]
				}
			}
		},
		"animation.espeon_kazeran.battle_idle": {
			"loop": true,
			"bones": {
				"body": {
					"position": [
						0,
						"-0.2+10+2.25*math.sin(q.anim_time*90*2)*0.1-2.25*math.sin(q.anim_time*90*2-30)*0.4-2.25*math.sin(q.anim_time*90*2-60)*0.4+2.25*math.sin(q.anim_time*90*2-90)*0.4",
						0
					]
				},
				"ear_left2": {
					"rotation": ["-2.5-math.sin(query.anim_time*90*2-290)*1", 0, 0]
				},
				"ear_right2": {
					"rotation": ["-2.5-math.sin(query.anim_time*90*2-270)*1", 0, 0]
				},
				"tail": {
					"rotation": ["50-math.sin(query.anim_time*90*2-160)*4", "-math.sin(query.anim_time*90*1-160)*14", 0]
				},
				"tail2": {
					"rotation": [12.6911, "1.3896-math.sin(query.anim_time*90*1-220)*8", -1.04339]
				},
				"tail3": {
					"rotation": ["40-math.sin(query.anim_time*90*2-280)*6", "-math.sin(query.anim_time*90*1-280)*6", 0]
				},
				"front_leg_left": {
					"rotation": [2.4905, -0.21782, 2.99527],
					"position": [0, -0.25, 0]
				},
				"elbow_left": {
					"rotation": ["15 + math.sin(query.anim_time * 140) * 5 ", 0, 0],
					"position": [0, 1, 0]
				},
				"frontpaw_left": {
					"rotation": [7.43656, 0.9762, -5.43656],
					"position": [0, 0.25, 0]
				},
				"front_leg_right": {
					"rotation": [2.4905, 0.21782, -2.99527]
				},
				"elbow_right": {
					"rotation": ["10 + math.sin(query.anim_time * 160) * 5 ", 0, 0],
					"position": [0, 1, 0]
				},
				"frontpaw_right": {
					"rotation": [7.47178, -0.65182, 2.95744]
				},
				"back_leg_left": {
					"rotation": [2.9886, "-0.2614-math.sin(query.anim_time*90*2-0)*1.5", 0.99318]
				},
				"ankle_left": {
					"rotation": ["7.5 + math.sin(query.anim_time * 150) * 5 ", 0, 0]
				},
				"foot_left": {
					"rotation": [2.49768, "-0.3266275607+math.sin(query.anim_time*90*2-0)*1", "2.4833738216-math.sin(query.anim_time*90*2-0)*0.5"],
					"position": ["0+math.sin(query.anim_time*90*2-0)*0.05", 0.2, 0]
				},
				"back_leg_right": {
					"rotation": [2.9886, "0.2614-math.sin(query.anim_time*90*2-0)*1.5", -0.99318]
				},
				"ankle_right": {
					"rotation": ["15 + 7.5 + math.sin(query.anim_time * 150) * 5 ", 0, 0]
				},
				"foot_right": {
					"rotation": [2.49768, "0.3266+math.sin(query.anim_time*90*2-0)*1", "-2.4834+math.sin(query.anim_time*90*2-0)*0.5"],
					"position": ["0+math.sin(query.anim_time*90*2-0)*0.05", 0.2, 0]
				},
				"umbreon": {
					"position": [0, -0.25, 0]
				},
				"torso": {
					"rotation": ["-math.sin(query.anim_time*90*2-80)*1", 0, 0],
					"position": [0, "0-math.sin(query.anim_time*90*2)*0.3", 0]
				},
				"neck": {
					"rotation": ["0-math.sin(query.anim_time*90*2-140)*1", 0, 0]
				},
				"head_angle": {
					"rotation": ["2.1766-math.sin(query.anim_time*90*2-230)*2", 2.12289, -1.15078]
				},
				"ear_left3": {
					"rotation": ["0+math.sin(query.anim_time*90*2-150)*2", 0, 0]
				},
				"ear_right3": {
					"rotation": ["0+math.sin(query.anim_time*90*2-120)*2", 0, 0]
				},
				"tail4": {
					"rotation": [15, "math.sin(query.anim_time*90*1-140)*8", 0]
				},
				"tail5": {
					"rotation": [7.5, "math.sin(query.anim_time*90*1-180)*10", 0]
				},
				"tail_left": {
					"rotation": [7.5, "-math.sin(query.anim_time*90*1-260)*12", 0]
				},
				"tail_left2": {
					"rotation": [0, "0+math.sin(query.anim_time*90*1-120)*14", 0]
				},
				"tail_right": {
					"rotation": [7.5, "-math.sin(query.anim_time*90*1-240)*10", 0]
				},
				"tail_right2": {
					"rotation": [0, "0+math.sin(query.anim_time*90*1-100)*10", 0]
				},
				"knee_left": {
					"rotation": ["math.sin(query.anim_time * 150) * 5 ", 0, 0]
				},
				"knee_right": {
					"rotation": ["math.sin(query.anim_time * 140) * 5 ", 0, 0]
				},
				"gem": {
					"rotation": ["query.anim_time * 100", "query.anim_time * 100", "query.anim_time * 100"],
					"position": [0, "math.sin(query.anim_time * 300) * 0.3", 0]
				},
				"eyes_battle": {
					"position": [0, 0, -0.13]
				},
				"eye_right2": {
					"position": [-0.05, 0, 0]
				},
				"eye_left2": {
					"position": [0.05, 0, 0]
				}
			}
		},
		"animation.espeon_kazeran.cry": {
			"animation_length": 1.5,
			"bones": {
				"mouth": {
					"position": {
						"0.0": [0, 0, 0],
						"0.125": [0, 0, 0],
						"0.1667": [0, 0, -0.1],
						"0.7083": [0, 0, -0.1],
						"0.75": [0, 0, 0]
					}
				},
				"eyelid_left": {
					"position": {
						"0.0": [0, 0, 0],
						"0.0833": {
							"pre": [0, 0, 0],
							"post": [0.1, 0, -0.1]
						},
						"0.7083": {
							"pre": [0.1, 0, -0.1],
							"post": [0, 0, 0]
						}
					}
				},
				"eyelid_right": {
					"position": {
						"0.0": [0, 0, 0],
						"0.0833": {
							"pre": [0, 0, 0],
							"post": [-0.1, 0, -0.1]
						},
						"0.7083": {
							"pre": [-0.1, 0, -0.1],
							"post": [0, 0, 0]
						}
					}
				},
				"eye_left": {
					"position": {
						"0.0": [0, 0, 0],
						"0.0833": {
							"pre": [0, 0, 0],
							"post": [-0.1, 0, 0.1]
						},
						"0.7083": {
							"pre": [-0.1, 0, 0.1],
							"post": [0, 0, 0]
						}
					}
				},
				"eye_right": {
					"position": {
						"0.0": [0, 0, 0],
						"0.0833": {
							"pre": [0, 0, 0],
							"post": [0.1, 0, 0.1]
						},
						"0.7083": {
							"pre": [0.1, 0, 0.1],
							"post": [0, 0, 0]
						}
					}
				},
				"eye_bottom_right": {
					"position": {
						"0.0": [0, 0, 0],
						"0.0833": [0, 0, 0],
						"0.125": [0.1, 0, 0],
						"0.6667": [0.1, 0, 0],
						"0.7083": [0, 0, 0]
					}
				},
				"eye_bottom_left": {
					"position": {
						"0.0": [0, 0, 0],
						"0.0833": [0, 0, 0],
						"0.125": [-0.1, 0, 0],
						"0.6667": [-0.1, 0, 0],
						"0.7083": [0, 0, 0]
					}
				}
			},
			"sound_effects": {
				"0.1667": {
					"effect": "pokemon.espeon_kazeran.cry"
				}
			}
		},
		"animation.espeon_kazeran.blink": {
			"animation_length": 0.1667,
			"bones": {
				"eye_right": {
					"position": {
						"0.0": [0.1, 0, 0.1],
						"0.1667": {
							"pre": [0.1, 0, 0.1],
							"post": [0, 0, 0]
						}
					}
				},
				"eye_left": {
					"position": {
						"0.0": [-0.1, 0, 0.1],
						"0.1667": {
							"pre": [-0.1, 0, 0.1],
							"post": [0, 0, 0]
						}
					}
				},
				"eyelid_right": {
					"position": {
						"0.0": [0, 0, 0],
						"0.1667": {
							"pre": [0, 0, 0],
							"post": [0, 0, 0]
						}
					}
				},
				"eyelid_left": {
					"position": {
						"0.0": [0, 0, 0],
						"0.1667": {
							"pre": [0, 0, 0],
							"post": [0, 0, 0]
						}
					}
				}
			}
		},
		"animation.espeon_kazeran.glow": {
			"loop": true,
			"bones": {
				"head_gem": {
					"scale": 1.035
				}
			}
		},
		"animation.espeon_kazeran.pose": {
			"loop": true,
			"bones": {
				"body": {
					"rotation": [0, 22.5, 0]
				},
				"torso": {
					"rotation": [-2.5, 0, 0]
				},
				"torso2": {
					"rotation": [-12.5, 0, 0]
				},
				"torso3": {
					"rotation": [-2.5, 0, 0]
				},
				"neck": {
					"rotation": [0, 0, 0]
				},
				"head_angle": {
					"rotation": [20.3, -15, -1.5],
					"position": [0, 0, 0.5]
				},
				"tail": {
					"rotation": [-6.6945, 22.92358, 33.3055]
				},
				"tail2": {
					"rotation": [25, 0, 0]
				},
				"tail3": {
					"rotation": [30, 0, 0]
				},
				"tail4": {
					"rotation": [25, 0, 0]
				},
				"tail5": {
					"rotation": [30, 0, 0]
				},
				"front_leg_left": {
					"rotation": [-5, 0, 2.5],
					"position": [0, 1, 0]
				},
				"elbow_left": {
					"rotation": [0, 0, 5]
				},
				"frontpaw_left": {
					"rotation": [15, 0, 0]
				},
				"front_leg_right": {
					"rotation": [5, 0, -7.5],
					"position": [0, 1, 0]
				},
				"elbow_right": {
					"rotation": [-7.5, 0, 0]
				},
				"frontpaw_right": {
					"rotation": [22.5, 0, 0]
				},
				"back_leg_left": {
					"rotation": [12.41834, -7.61516, -11.90917]
				},
				"ankle_left": {
					"rotation": [12.5, 0, 0]
				},
				"foot_left": {
					"rotation": [2.41492, -0.64686, 14.98637]
				},
				"back_leg_right": {
					"rotation": [7.5, 0, 10]
				},
				"ankle_right": {
					"rotation": [20, 0, 0]
				},
				"foot_right": {
					"rotation": [12.5, 0, 0]
				}
			}
		},
		"animation.espeon_kazeran.sleep": {
			"loop": true,
			"bones": {
				"body": {
					"position": [0, "5.8 + math.sin(q.anim_time*90*1)", 0]
				},
				"tail": {
					"rotation": ["20.0201-math.sin(query.anim_time*90*2-160)*4", "-math.sin(query.anim_time*90*1-160)*2", 0]
				},
				"tail2": {
					"rotation": [-14.80084, "1.3896-math.sin(query.anim_time*90*1-220)*2", -1.04339],
					"position": [0, 0, -0.25]
				},
				"tail3": {
					"rotation": ["-14.9799-math.sin(query.anim_time*90*2-280)*6", "-math.sin(query.anim_time*90*1-280)*3", 0]
				},
				"front_leg_left": {
					"rotation": [2.4905, -0.21782, 2.99527],
					"position": [0, -0.25, 0]
				},
				"elbow_left": {
					"rotation": ["15 + math.sin(query.anim_time * 140) * 2 ", 0, 0],
					"position": [0, 1, 0]
				},
				"frontpaw_left": {
					"rotation": [7.43656, 0.9762, -5.43656],
					"position": [0, 0.25, 0]
				},
				"front_leg_right": {
					"rotation": [2.4905, 0.21782, -2.99527]
				},
				"elbow_right": {
					"rotation": ["10 + math.sin(query.anim_time * 160) * 2", 0, 0],
					"position": [0, 1, 0]
				},
				"frontpaw_right": {
					"rotation": [7.47178, -0.65182, 2.95744]
				},
				"back_leg_left": {
					"rotation": [2.9886, "-0.2614-math.sin(query.anim_time*90*2-0)*1.5", 0.99318]
				},
				"ankle_left": {
					"rotation": ["7.5 + math.sin(query.anim_time * 150) * 2", 0, 0]
				},
				"foot_left": {
					"rotation": [2.49768, "-0.3266275607+math.sin(query.anim_time*90*2-0)*1", "2.4833738216-math.sin(query.anim_time*90*2-0)*0.5"],
					"position": ["0+math.sin(query.anim_time*90*2-0)*0.05", 0.2, 0]
				},
				"back_leg_right": {
					"rotation": [2.9886, "0.2614-math.sin(query.anim_time*90*2-0)*1.5", -0.99318]
				},
				"ankle_right": {
					"rotation": ["7.5 + math.sin(query.anim_time * 150) * 2", 0, 0]
				},
				"foot_right": {
					"rotation": [2.49768, "0.3266+math.sin(query.anim_time*90*2-0)*1", "-2.4834+math.sin(query.anim_time*90*2-0)*0.5"],
					"position": ["0+math.sin(query.anim_time*90*2-0)*0.05", 0.2, 0]
				},
				"torso": {
					"rotation": ["-math.sin(query.anim_time*90*2-80)*1", 0, 0],
					"position": [0, "0-math.sin(query.anim_time*90*2)*0.3", 0]
				},
				"neck": {
					"rotation": ["22.5-math.sin(query.anim_time*90*2-140)*1", 0, 0]
				},
				"head_angle": {
					"rotation": ["2.1766-math.sin(query.anim_time*90*2-230)*2", 2.12289, -1.15078]
				},
				"tail4": {
					"rotation": [-12.46242, "math.sin(query.anim_time*90*1-140)*2", 0]
				},
				"tail5": {
					"rotation": [-17.47181, "math.sin(query.anim_time*90*1-180)*3", 0]
				},
				"tail_left": {
					"rotation": [0, "0-math.sin(query.anim_time*90*1-260)*4", 0]
				},
				"tail_left2": {
					"rotation": [0, "0+math.sin(query.anim_time*90*1-120)*3", 0]
				},
				"tail_right": {
					"rotation": [0, "0-math.sin(query.anim_time*90*1-240)*4", 0]
				},
				"tail_right2": {
					"rotation": [0, "0+math.sin(query.anim_time*90*1-100)*5", 0]
				},
				"knee_left": {
					"rotation": ["math.sin(query.anim_time * 150) * 5 ", 0, 0]
				},
				"knee_right": {
					"rotation": ["math.sin(query.anim_time * 140) * 5 ", 0, 0]
				},
				"gem": {
					"rotation": ["query.anim_time * 10 ", "query.anim_time * 10", "query.anim_time * 10"],
					"position": [0, "math.sin(query.anim_time * 10) * 0.2", 0]
				},
				"head": {
					"rotation": [37.5, 0, 0]
				},
				"eye_right": {
					"position": [0.1, 0, 0.1]
				},
				"eye_left": {
					"position": [-0.1, 0, 0.1]
				},
				"eyelid_right": {
					"position": [-0.1, 0, -0.1]
				},
				"eyelid_left": {
					"position": [0.1, 0, -0.1]
				}
			}
		}
	}
}