{
	"format_version": "1.12.0",
	"minecraft:geometry": [
		{
			"description": {
				"identifier": "geometry.drampa",
				"texture_width": 256,
				"texture_height": 128,
				"visible_bounds_width": 7,
				"visible_bounds_height": 8.5,
				"visible_bounds_offset": [0, 3.75, 0]
			},
			"bones": [
				{
					"name": "drampa",
					"pivot": [0, 0, 0]
				},
				{
					"name": "body",
					"parent": "drampa",
					"pivot": [0, 11, 0],
					"cubes": [
						{"origin": [-6, 0, -1.5], "size": [12, 20, 14], "inflate": 0.02, "uv": [122, 94]}
					]
				},
				{
                    "name": "locator_seat_1",
                    "parent": "body",
                    "pivot": [0, 21, 0],
                    "locators": {
                        "seat_1": [0, 21, 0]
                    }
                },
				{
					"name": "torso_fur",
					"parent": "body",
					"pivot": [0, 0, 6]
				},
				{
					"name": "torso_fur_back",
					"parent": "torso_fur",
					"pivot": [0, 0, 12.5],
					"cubes": [
						{"origin": [-3.5, 0, 9.5], "size": [7, 5, 8], "inflate": 0.01, "uv": [218, 53]}
					]
				},
				{
					"name": "torso_fur_back2",
					"parent": "torso_fur_back",
					"pivot": [0, 1.5, 17.5],
					"cubes": [
						{"origin": [-2.5, 0, 16.5], "size": [5, 3, 5], "uv": [190, 60]}
					]
				},
				{
					"name": "torso_fur_front_left",
					"parent": "torso_fur",
					"pivot": [7, 0, -3.25],
					"rotation": [0, 45, 0],
					"cubes": [
						{"origin": [1.5, 0, -4], "size": [6, 6, 8], "inflate": 0.01, "uv": [228, 12]}
					]
				},
				{
					"name": "torso_fur_front_left2",
					"parent": "torso_fur_front_left",
					"pivot": [4.5, 2, 4.25],
					"cubes": [
						{"origin": [2.5, 0, 3.25], "size": [4, 4, 5], "uv": [186, 38]}
					]
				},
				{
					"name": "torso_fur_back_left",
					"parent": "torso_fur",
					"pivot": [6, 0, 4.25],
					"rotation": [0, 35, 0],
					"cubes": [
						{"origin": [0, 0, 4.25], "size": [6, 5, 8], "inflate": 0.01, "uv": [196, 39]}
					]
				},
				{
					"name": "torso_fur_back_left2",
					"parent": "torso_fur_back_left",
					"pivot": [3, 1.5, 12.5],
					"cubes": [
						{"origin": [1, 0, 11.5], "size": [4, 3, 5], "uv": [190, 52]}
					]
				},
				{
					"name": "torso_fur_front_right",
					"parent": "torso_fur",
					"pivot": [-7, 0, -3.25],
					"rotation": [0, -45, 0],
					"cubes": [
						{"origin": [-7.5, 0, -4], "size": [6, 6, 8], "inflate": 0.01, "uv": [224, 26], "mirror": true}
					]
				},
				{
					"name": "torso_fur_front_right2",
					"parent": "torso_fur_front_right",
					"pivot": [-4.5, 2, 4.25],
					"cubes": [
						{"origin": [-6.5, 0, 3.25], "size": [4, 4, 5], "uv": [175, 47], "mirror": true}
					]
				},
				{
					"name": "torso_fur_back_right",
					"parent": "torso_fur",
					"pivot": [-6, 0, 4.25],
					"rotation": [0, -35, 0],
					"cubes": [
						{"origin": [-6, 0, 4.25], "size": [6, 5, 8], "inflate": 0.01, "uv": [224, 40], "mirror": true}
					]
				},
				{
					"name": "torso_fur_back_right2",
					"parent": "torso_fur_back_right",
					"pivot": [-3, 1.5, 12.5],
					"cubes": [
						{"origin": [-5, 0, 11.5], "size": [4, 3, 5], "uv": [208, 52], "mirror": true}
					]
				},
				{
					"name": "body2",
					"parent": "body",
					"pivot": [0, 0, -1.5],
					"rotation": [-20, 0, 0],
					"cubes": [
						{"origin": [-7.5, 0, -12.5], "size": [15, 20, 11], "uv": [70, 95]}
					]
				},
				{
					"name": "chest",
					"parent": "body2",
					"pivot": [0, 3.5, -12.5],
					"rotation": [44, 0, 0],
					"cubes": [
						{"origin": [-6, 3.5, -12.5], "size": [12, 15, 13], "uv": [2, 92]}
					]
				},
				{
					"name": "chest_fluff_left1",
					"parent": "chest",
					"pivot": [3, 13, -12.5],
					"rotation": [0, 2.5, -45]
				},
				{
					"name": "chest_fluff_left1_rotation",
					"parent": "chest_fluff_left1",
					"pivot": [3, 13, -12.5],
					"cubes": [
						{"origin": [3, 12.5, -12.5], "size": [4, 4, 0], "uv": [111, 94]}
					]
				},
				{
					"name": "chest_fluff_left1_2",
					"parent": "chest_fluff_left1_rotation",
					"pivot": [7, 14.5, -12.5],
					"cubes": [
						{"origin": [7, 12.5, -12.5], "size": [4, 4, 0], "uv": [119, 94]}
					]
				},
				{
					"name": "chest_fluff_right1",
					"parent": "chest",
					"pivot": [-3, 13, -12.5],
					"rotation": [0, -2.5, 45]
				},
				{
					"name": "chest_fluff_right1_rotation",
					"parent": "chest_fluff_right1",
					"pivot": [-3, 13, -12.5],
					"cubes": [
						{"origin": [-7, 12.5, -12.5], "size": [4, 4, 0], "uv": [111, 98], "mirror": true}
					]
				},
				{
					"name": "chest_fluff_right1_2",
					"parent": "chest_fluff_right1_rotation",
					"pivot": [-7, 14.5, -12.5],
					"cubes": [
						{"origin": [-11, 12.5, -12.5], "size": [4, 4, 0], "uv": [119, 98], "mirror": true}
					]
				},
				{
					"name": "chest_fluff_left2",
					"parent": "chest",
					"pivot": [3, 10.5, -12.5],
					"rotation": [0, 2.5, -10]
				},
				{
					"name": "chest_fluff_left2_rotation",
					"parent": "chest_fluff_left2",
					"pivot": [3, 10.5, -12.5],
					"cubes": [
						{"origin": [3, 10, -12.5], "size": [5, 4, 0], "uv": [95, 77]}
					]
				},
				{
					"name": "chest_fluff_left2_2",
					"parent": "chest_fluff_left2_rotation",
					"pivot": [8, 12, -12.5],
					"cubes": [
						{"origin": [8, 10, -12.5], "size": [4, 4, 0], "uv": [73, 68]}
					]
				},
				{
					"name": "chest_fluff_right2",
					"parent": "chest",
					"pivot": [-3, 10.5, -12.5],
					"rotation": [0, -2.5, 10]
				},
				{
					"name": "chest_fluff_right2_rotation",
					"parent": "chest_fluff_right2",
					"pivot": [-3, 10.5, -12.5],
					"cubes": [
						{"origin": [-8, 10, -12.5], "size": [5, 4, 0], "uv": [95, 81], "mirror": true}
					]
				},
				{
					"name": "chest_fluff_right2_2",
					"parent": "chest_fluff_right2_rotation",
					"pivot": [-8, 12, -12.5],
					"cubes": [
						{"origin": [-12, 10, -12.5], "size": [4, 4, 0], "uv": [73, 72], "mirror": true}
					]
				},
				{
					"name": "neck",
					"parent": "chest",
					"pivot": [0, 18.5, -5.75],
					"rotation": [-2, 0, 0],
					"cubes": [
						{"origin": [-5, 16.5, -11.25], "size": [10, 9, 11], "uv": [39, 85]}
					]
				},
				{
					"name": "neck2",
					"parent": "neck",
					"pivot": [0, 25.5, -5.5],
					"cubes": [
						{"origin": [-4, 23.5, -10], "size": [8, 9, 9], "uv": [70, 77]}
					]
				},
				{
					"name": "neck3",
					"parent": "neck2",
					"pivot": [0, 32.5, -1.5],
					"cubes": [
						{"origin": [-3.5, 32.5, -9.5], "size": [7, 9, 8], "inflate": 0.01, "uv": [81, 60]}
					]
				},
				{
					"name": "neck4",
					"parent": "neck3",
					"pivot": [0, 41.5, -2],
					"cubes": [
						{"origin": [-3.5, 41.5, -9], "size": [7, 9, 7], "uv": [50, 69]}
					]
				},
				{
					"name": "neck5",
					"parent": "neck4",
					"pivot": [0, 50.5, -2],
					"cubes": [
						{"origin": [-3, 50.5, -9], "size": [6, 9, 7], "inflate": 0.01, "uv": [24, 73]}
					]
				},
				{
					"name": "neck6",
					"parent": "neck5",
					"pivot": [0, 59.5, -2.5],
					"cubes": [
						{"origin": [-3, 59.5, -8.5], "size": [6, 8, 6], "uv": [0, 73]}
					]
				},
				{
					"name": "neck7",
					"parent": "neck6",
					"pivot": [0, 67.5, -5.5],
					"cubes": [
						{"origin": [-3, 66.5, -8.5], "size": [6, 7, 6], "inflate": 0.01, "uv": [65, 55]}
					]
				},
				{
					"name": "neck8",
					"parent": "neck7",
					"pivot": [0, 71.5, -5.25],
					"cubes": [
						{"origin": [-3.5, 71.5, -8.75], "size": [7, 7, 7], "uv": [37, 55]}
					]
				},
				{
					"name": "head",
					"parent": "neck8",
					"pivot": [0, 77.5, -5],
					"rotation": [-90, 0, 0]
				},
				{
					"name": "head_ai",
					"parent": "head",
					"pivot": [0, 76, -5]
				},
				{
					"name": "head_rotation",
					"parent": "head_ai",
					"pivot": [0, 76, -5],
					"cubes": [
						{"origin": [-6, 72, -14], "size": [12, 12, 10], "inflate": 0.01, "uv": [0, 0]},
						{"origin": [-5.5, 76, -18.5], "size": [11, 9, 5], "uv": [44, 10]}
					]
				},
				{
					"name": "eyes",
					"parent": "head_rotation",
					"pivot": [0, 83.5, -18.5]
				},
				{
					"name": "eye_left",
					"parent": "eyes",
					"pivot": [3.5, 82.25, -18.51],
					"cubes": [
						{"origin": [2, 80.75, -18.51], "size": [3, 3, 0], "uv": [57, 0]}
					]
				},
				{
					"name": "eye_right",
					"parent": "eyes",
					"pivot": [-3.5, 82.25, -18.51],
					"cubes": [
						{"origin": [-5, 80.75, -18.51], "size": [3, 3, 0], "uv": [77, 0], "mirror": true}
					]
				},
				{
					"name": "eyebrow_left",
					"parent": "eyes",
					"pivot": [0.5, 83.5, -18.5],
					"cubes": [
						{"origin": [0.5, 82.5, -19.5], "size": [3, 2, 2], "uv": [0, 0]}
					]
				},
				{
					"name": "eyebrow_left2",
					"parent": "eyebrow_left",
					"pivot": [3, 83.5, -18.5],
					"cubes": [
						{"origin": [3, 82.5, -19.5], "size": [3, 2, 2], "inflate": 0.05, "uv": [7, 37]}
					]
				},
				{
					"name": "eyebrow_left3",
					"parent": "eyebrow_left2",
					"pivot": [5.5, 83.5, -18.5],
					"cubes": [
						{"origin": [5.5, 82.5, -19.5], "size": [3, 2, 2], "inflate": 0.1, "uv": [47, 35]}
					]
				},
				{
					"name": "eyebrow_right",
					"parent": "eyes",
					"pivot": [-0.5, 83.5, -18.5],
					"cubes": [
						{"origin": [-3.5, 82.5, -19.5], "size": [3, 2, 2], "uv": [0, 4], "mirror": true}
					]
				},
				{
					"name": "eyebrow_right2",
					"parent": "eyebrow_right",
					"pivot": [-3, 83.5, -18.5],
					"cubes": [
						{"origin": [-6, 82.5, -19.5], "size": [3, 2, 2], "inflate": 0.05, "uv": [2, 41], "mirror": true}
					]
				},
				{
					"name": "eyebrow_right3",
					"parent": "eyebrow_right2",
					"pivot": [-5.5, 83.5, -18.5],
					"cubes": [
						{"origin": [-8.5, 82.5, -19.5], "size": [3, 2, 2], "inflate": 0.1, "uv": [47, 45], "mirror": true}
					]
				},
				{
					"name": "eyebrow_closed_left",
					"parent": "eyes",
					"pivot": [-0.5, 83.5, -17.5],
					"rotation": [0, -5, 34],
					"cubes": [
						{"origin": [-0.5, 82.75, -18.5], "size": [2, 2, 2], "uv": [69, 35]}
					]
				},
				{
					"name": "eyebrow_closed_left2",
					"parent": "eyebrow_closed_left",
					"pivot": [1, 83.5, -17.5],
					"rotation": [0, 0, -17.5],
					"cubes": [
						{"origin": [1, 82, -18.5], "size": [2, 3, 2], "inflate": 0.05, "uv": [0, 22]}
					]
				},
				{
					"name": "eyebrow_closed_left3",
					"parent": "eyebrow_closed_left2",
					"pivot": [3, 81.5, -17.5],
					"rotation": [0, 0, -17.5],
					"cubes": [
						{"origin": [3, 82, -18.5], "size": [3, 3, 2], "inflate": 0.1, "uv": [18, 73]}
					]
				},
				{
					"name": "eyebrow_closed_right",
					"parent": "eyes",
					"pivot": [0.5, 83.5, -17.5],
					"rotation": [0, 5, -34],
					"cubes": [
						{"origin": [-1.5, 82.75, -18.5], "size": [2, 2, 2], "uv": [69, 45], "mirror": true}
					]
				},
				{
					"name": "eyebrow_closed_right2",
					"parent": "eyebrow_closed_right",
					"pivot": [-1, 83.5, -17.5],
					"rotation": [0, 0, 17.5],
					"cubes": [
						{"origin": [-3, 82, -18.5], "size": [2, 3, 2], "inflate": 0.05, "uv": [28, 35], "mirror": true}
					]
				},
				{
					"name": "eyebrow_closed_right3",
					"parent": "eyebrow_closed_right2",
					"pivot": [-3, 81.5, -17.5],
					"rotation": [0, 0, 17.5],
					"cubes": [
						{"origin": [-6, 82, -18.5], "size": [3, 3, 2], "inflate": 0.1, "uv": [16, 87], "mirror": true}
					]
				},
				{
					"name": "ear_left",
					"parent": "head_rotation",
					"pivot": [6, 79.25, -12.25],
					"cubes": [
						{"origin": [5.5, 76.25, -13.75], "size": [4, 3, 3], "uv": [0, 58]}
					]
				},
				{
					"name": "ear_left2",
					"parent": "ear_left",
					"pivot": [9.5, 79.25, -12.25],
					"cubes": [
						{"origin": [9.5, 76.25, -13.75], "size": [4, 3, 3], "inflate": 0.01, "uv": [11, 61]}
					]
				},
				{
					"name": "ear_left3",
					"parent": "ear_left2",
					"pivot": [13.5, 79.25, -12.25],
					"cubes": [
						{"origin": [13.5, 76.25, -13.75], "size": [3, 3, 3], "inflate": 0.02, "uv": [25, 61]}
					]
				},
				{
					"name": "ear_right",
					"parent": "head_rotation",
					"pivot": [-6, 79.25, -12.25],
					"cubes": [
						{"origin": [-9.5, 76.25, -13.75], "size": [4, 3, 3], "uv": [0, 64], "mirror": true}
					]
				},
				{
					"name": "ear_right2",
					"parent": "ear_right",
					"pivot": [-9.5, 79.25, -12.25],
					"cubes": [
						{"origin": [-13.5, 76.25, -13.75], "size": [4, 3, 3], "inflate": 0.01, "uv": [11, 67], "mirror": true}
					]
				},
				{
					"name": "ear_right3",
					"parent": "ear_right2",
					"pivot": [-13.5, 79.25, -12.25],
					"cubes": [
						{"origin": [-16.5, 76.25, -13.75], "size": [3, 3, 3], "inflate": 0.02, "uv": [25, 67], "mirror": true}
					]
				},
				{
					"name": "hair",
					"parent": "head_rotation",
					"pivot": [0, 83, -6],
					"rotation": [2.5, 0, 0],
					"cubes": [
						{"origin": [-2.5, 82.5, -16.5], "size": [5, 4, 10], "uv": [12, 47]}
					]
				},
				{
					"name": "hair_front_left",
					"parent": "hair",
					"pivot": [1, 84, -13],
					"rotation": [0, 0, -5],
					"cubes": [
						{"origin": [1, 81.5, -15.5], "size": [6, 5, 5], "inflate": 0.01, "uv": [100, 6]}
					]
				},
				{
					"name": "hair_front_left2",
					"parent": "hair_front_left",
					"pivot": [7, 86.5, -13],
					"rotation": [0, 0, 5],
					"cubes": [
						{"origin": [7, 81.5, -15.5], "size": [6, 5, 5], "inflate": 0.02, "uv": [117, 1]}
					]
				},
				{
					"name": "hair_front_left3",
					"parent": "hair_front_left2",
					"pivot": [13, 86.5, -13],
					"cubes": [
						{"origin": [13, 81.5, -15.5], "size": [6, 5, 5], "inflate": 0.1, "uv": [117, 11]}
					]
				},
				{
					"name": "hair_front_left4",
					"parent": "hair_front_left3",
					"pivot": [19, 86.5, -13],
					"cubes": [
						{"origin": [19, 81.5, -15.5], "size": [5, 5, 5], "inflate": 0.11, "uv": [106, 45]}
					]
				},
				{
					"name": "hair_back_left",
					"parent": "hair",
					"pivot": [1, 84, -11.5],
					"rotation": [0, -5, -5],
					"cubes": [
						{"origin": [1, 81.5, -11.5], "size": [5, 5, 5], "uv": [74, 35]}
					]
				},
				{
					"name": "hair_back_left2",
					"parent": "hair_back_left",
					"pivot": [6, 86.5, -11.5],
					"rotation": [0, 0, 5],
					"cubes": [
						{"origin": [6, 81.5, -11.5], "size": [6, 5, 5], "inflate": 0.01, "uv": [52, 35]}
					]
				},
				{
					"name": "hair_back_left3",
					"parent": "hair_back_left2",
					"pivot": [12, 86.5, -9],
					"cubes": [
						{"origin": [12, 81.5, -11.5], "size": [5, 5, 5], "inflate": 0.09, "uv": [32, 35]}
					]
				},
				{
					"name": "hair_back_left4",
					"parent": "hair_back_left3",
					"pivot": [17, 86.5, -9],
					"cubes": [
						{"origin": [17, 81.5, -11.5], "size": [5, 5, 5], "inflate": 0.1, "uv": [12, 37]}
					]
				},
				{
					"name": "hair_front_right",
					"parent": "hair",
					"pivot": [-1, 84, -13],
					"rotation": [0, 0, 5],
					"cubes": [
						{"origin": [-7, 81.5, -15.5], "size": [6, 5, 5], "inflate": 0.01, "uv": [87, 17], "mirror": true}
					]
				},
				{
					"name": "hair_front_right2",
					"parent": "hair_front_right",
					"pivot": [-7, 86.5, -13],
					"rotation": [0, 0, -5],
					"cubes": [
						{"origin": [-13, 81.5, -15.5], "size": [6, 5, 5], "inflate": 0.02, "uv": [62, 25], "mirror": true}
					]
				},
				{
					"name": "hair_front_right3",
					"parent": "hair_front_right2",
					"pivot": [-13, 86.5, -13],
					"cubes": [
						{"origin": [-19, 81.5, -15.5], "size": [6, 5, 5], "inflate": 0.1, "uv": [89, 40], "mirror": true}
					]
				},
				{
					"name": "hair_front_right4",
					"parent": "hair_front_right3",
					"pivot": [-19, 86.5, -13],
					"cubes": [
						{"origin": [-24, 81.5, -15.5], "size": [5, 5, 5], "inflate": 0.11, "uv": [91, 50], "mirror": true}
					]
				},
				{
					"name": "hair_back_right",
					"parent": "hair",
					"pivot": [-1, 84, -11.5],
					"rotation": [0, 5, 5],
					"cubes": [
						{"origin": [-6, 81.5, -11.5], "size": [5, 5, 5], "uv": [74, 45], "mirror": true}
					]
				},
				{
					"name": "hair_back_right2",
					"parent": "hair_back_right",
					"pivot": [-6, 86.5, -11.5],
					"rotation": [0, 0, -5],
					"cubes": [
						{"origin": [-12, 81.5, -11.5], "size": [6, 5, 5], "inflate": 0.01, "uv": [52, 45], "mirror": true}
					]
				},
				{
					"name": "hair_back_right3",
					"parent": "hair_back_right2",
					"pivot": [-12, 86.5, -9],
					"cubes": [
						{"origin": [-17, 81.5, -11.5], "size": [5, 5, 5], "inflate": 0.09, "uv": [32, 45], "mirror": true}
					]
				},
				{
					"name": "hair_back_right4",
					"parent": "hair_back_right3",
					"pivot": [-17, 86.5, -9],
					"cubes": [
						{"origin": [-22, 81.5, -11.5], "size": [5, 5, 5], "inflate": 0.1, "uv": [2, 47], "mirror": true}
					]
				},
				{
					"name": "muzzle",
					"parent": "head_rotation",
					"pivot": [0, 76, -18.5],
					"rotation": [-2.5, 0, 0],
					"cubes": [
						{"origin": [-4.5, 76, -23.5], "size": [9, 5, 5], "inflate": 0.01, "uv": [34, 0]}
					]
				},
				{
					"name": "muzzle2",
					"parent": "muzzle",
					"pivot": [0, 76, -23.5],
					"rotation": [-8.5, 0, 0],
					"cubes": [
						{"origin": [-3.5, 76, -31.5], "size": [7, 7, 8], "inflate": 0.02, "uv": [0, 22]},
						{"origin": [1, 80, -31.51], "size": [1, 2, 0], "inflate": 0.02, "uv": [4, 28]},
						{"origin": [-2, 80, -31.51], "size": [1, 2, 0], "inflate": 0.02, "uv": [6, 28], "mirror": true}
					]
				},
				{
					"name": "nose_left",
					"parent": "muzzle2",
					"pivot": [3, 76.5, -28.5],
					"cubes": [
						{"origin": [0.5, 75, -30], "size": [5, 3, 3], "inflate": 0.01, "uv": [76, 10]}
					]
				},
				{
					"name": "nose_left2",
					"parent": "nose_left",
					"pivot": [5.5, 75, -30],
					"cubes": [
						{"origin": [5.5, 75, -30], "size": [3, 3, 3], "uv": [22, 22]}
					]
				},
				{
					"name": "nose_left3",
					"parent": "nose_left2",
					"pivot": [8.5, 75, -28.5],
					"cubes": [
						{"origin": [8.5, 75, -30], "size": [3, 3, 3], "inflate": 0.01, "uv": [86, 0]}
					]
				},
				{
					"name": "nose_left4",
					"parent": "nose_left3",
					"pivot": [11.5, 75, -28.5],
					"cubes": [
						{"origin": [11.5, 75, -30], "size": [3, 3, 3], "inflate": 0.02, "uv": [110, 0]}
					]
				},
				{
					"name": "nose_right",
					"parent": "muzzle2",
					"pivot": [-3, 76.5, -28.5],
					"cubes": [
						{"origin": [-5.5, 75, -30], "size": [5, 3, 3], "inflate": 0.01, "uv": [76, 16], "mirror": true}
					]
				},
				{
					"name": "nose_right2",
					"parent": "nose_right",
					"pivot": [-5.5, 75, -30],
					"cubes": [
						{"origin": [-8.5, 75, -30], "size": [3, 3, 3], "uv": [55, 24], "mirror": true}
					]
				},
				{
					"name": "nose_right3",
					"parent": "nose_right2",
					"pivot": [-8.5, 75, -28.5],
					"cubes": [
						{"origin": [-11.5, 75, -30], "size": [3, 3, 3], "inflate": 0.01, "uv": [104, 16], "mirror": true}
					]
				},
				{
					"name": "nose_right4",
					"parent": "nose_right3",
					"pivot": [-11.5, 75, -28.5],
					"cubes": [
						{"origin": [-14.5, 75, -30], "size": [3, 3, 3], "inflate": 0.02, "uv": [98, 0], "mirror": true}
					]
				},
				{
					"name": "jaw",
					"parent": "head_rotation",
					"pivot": [0, 72, -14],
					"rotation": [-5, 0, 0]
				},
				{
					"name": "jaw_rotation",
					"parent": "jaw",
					"pivot": [0, 76, -14],
					"cubes": [
						{"origin": [-4.5, 72, -21], "size": [9, 4, 7], "uv": [30, 24]}
					]
				},
				{
					"name": "tongue",
					"parent": "jaw_rotation",
					"pivot": [0, 76.1, -14.5],
					"rotation": [-5, 0, 0],
					"cubes": [
						{"origin": [-3, 76.1, -21.5], "size": [6, 0, 7], "uv": [77, 27]}
					]
				},
				{
					"name": "tongue2",
					"parent": "tongue",
					"pivot": [0, 76.1, -22.5],
					"cubes": [
						{"origin": [-2, 76.1, -27.5], "size": [4, 0, 6], "uv": [103, 22]}
					]
				},
				{
					"name": "jaw2",
					"parent": "jaw_rotation",
					"pivot": [0, 72, -21],
					"rotation": [-2.5, 0, 0],
					"cubes": [
						{"origin": [-3.5, 72, -29], "size": [7, 4, 8], "uv": [89, 28]}
					]
				},
				{
					"name": "jaw_hair",
					"parent": "jaw2",
					"pivot": [0, 72, -25.5],
					"cubes": [
						{"origin": [-2.5, 67.1, -28], "size": [5, 5, 5], "inflate": -0.1, "uv": [62, 0]}
					]
				},
				{
					"name": "arms",
					"parent": "body2",
					"pivot": [0, 6, -10],
					"rotation": [27.5, 0, 0]
				},
				{
					"name": "arm_left",
					"parent": "arms",
					"pivot": [7.5, 5.5, -8],
					"rotation": [0, -40, 0],
					"cubes": [
						{"origin": [3.5, 3, -15], "size": [4, 5, 7], "uv": [149, 66]}
					]
				},
				{
					"name": "arm_fur1_left",
					"parent": "arm_left",
					"pivot": [5.5, 3, -12.5],
					"cubes": [
						{"origin": [4, -1, -15], "size": [3, 5, 5], "uv": [210, 82]}
					]
				},
				{
					"name": "arm_fur1_left2",
					"parent": "arm_fur1_left",
					"pivot": [5.5, -1, -12.5],
					"cubes": [
						{"origin": [4.5, -3.5, -14.5], "size": [2, 3, 4], "uv": [239, 76]}
					]
				},
				{
					"name": "arm_left2",
					"parent": "arm_left",
					"pivot": [7.5, 3, -15],
					"rotation": [-25, 0, 0]
				},
				{
					"name": "arm_left2_rotation",
					"parent": "arm_left2",
					"pivot": [7.5, 3, -15],
					"cubes": [
						{"origin": [3.5, 2.5, -21], "size": [4, 6, 6], "inflate": 0.01, "uv": [171, 66]}
					]
				},
				{
					"name": "arm_fur2_left",
					"parent": "arm_left2_rotation",
					"pivot": [5.5, 2.5, -18],
					"rotation": [10, 0, 0],
					"cubes": [
						{"origin": [4, -2, -20.5], "size": [3, 6, 5], "uv": [174, 105]}
					]
				},
				{
					"name": "arm_fur2_left2",
					"parent": "arm_fur2_left",
					"pivot": [5.5, -1.5, -18],
					"cubes": [
						{"origin": [4.5, -4.5, -20], "size": [2, 4, 4], "uv": [208, 92]}
					]
				},
				{
					"name": "arm_left3",
					"parent": "arm_left2_rotation",
					"pivot": [7.5, 2.5, -21],
					"rotation": [-42.5, 0, 0]
				},
				{
					"name": "arm_left3_rotation",
					"parent": "arm_left3",
					"pivot": [7.5, 2.5, -21],
					"cubes": [
						{"origin": [3, 1.5, -28], "size": [5, 9, 7], "uv": [191, 68]}
					]
				},
				{
					"name": "arm_fur3_left",
					"parent": "arm_left3_rotation",
					"pivot": [5.5, 1.5, -25],
					"rotation": [-42.5, 0, 0]
				},
				{
					"name": "arm_fur3_left_rotation",
					"parent": "arm_fur3_left",
					"pivot": [5.5, 1.5, -25],
					"cubes": [
						{"origin": [4, 1.5, -26], "size": [3, 5, 7], "inflate": 0.01, "uv": [213, 93]}
					]
				},
				{
					"name": "arm_fur3_left2",
					"parent": "arm_fur3_left_rotation",
					"pivot": [5.5, 4, -19],
					"cubes": [
						{"origin": [4.5, 2, -20], "size": [2, 4, 4], "inflate": 0.01, "uv": [228, 90]}
					]
				},
				{
					"name": "arm_left4",
					"parent": "arm_left3_rotation",
					"pivot": [8, 1.75, -28],
					"cubes": [
						{"origin": [3, 1.75, -35], "size": [5, 8, 7], "inflate": 0.01, "uv": [160, 90]}
					]
				},
				{
					"name": "claw_inner_left",
					"parent": "arm_left4",
					"pivot": [3, 7, -33.5],
					"cubes": [
						{"origin": [1.75, 6, -33.5], "size": [2, 2, 2], "uv": [185, 68]},
						{"origin": [0.75, 6.5, -33], "size": [1, 1, 1], "uv": [191, 68]}
					]
				},
				{
					"name": "claw_outer_left",
					"parent": "arm_left4",
					"pivot": [3, 4.75, -33.5],
					"cubes": [
						{"origin": [1.75, 3.75, -33.5], "size": [2, 2, 2], "uv": [164, 78]},
						{"origin": [0.75, 4.25, -33], "size": [1, 1, 1], "uv": [164, 82]}
					]
				},
				{
					"name": "arm_right",
					"parent": "arms",
					"pivot": [-7.5, 5.5, -8],
					"rotation": [0, 40, 0],
					"cubes": [
						{"origin": [-7.5, 3, -15], "size": [4, 5, 7], "uv": [149, 78], "mirror": true}
					]
				},
				{
					"name": "arm_fur1_right",
					"parent": "arm_right",
					"pivot": [-5.5, 3, -12.5],
					"cubes": [
						{"origin": [-7, -1, -15], "size": [3, 5, 5], "uv": [239, 66], "mirror": true}
					]
				},
				{
					"name": "arm_fur1_right2",
					"parent": "arm_fur1_right",
					"pivot": [-5.5, -1, -12.5],
					"cubes": [
						{"origin": [-6.5, -3.5, -14.5], "size": [2, 3, 4], "uv": [226, 82], "mirror": true}
					]
				},
				{
					"name": "arm_right2",
					"parent": "arm_right",
					"pivot": [-7.5, 3, -15],
					"rotation": [-25, 0, 0]
				},
				{
					"name": "arm_right2_rotation",
					"parent": "arm_right2",
					"pivot": [-7.5, 3, -15],
					"cubes": [
						{"origin": [-7.5, 2.5, -21], "size": [4, 6, 6], "inflate": 0.01, "uv": [171, 78], "mirror": true}
					]
				},
				{
					"name": "arm_fur2_right",
					"parent": "arm_right2_rotation",
					"pivot": [-5.5, 2.5, -18],
					"rotation": [10, 0, 0],
					"cubes": [
						{"origin": [-7, -2, -20.5], "size": [3, 6, 5], "uv": [185, 99], "mirror": true}
					]
				},
				{
					"name": "arm_fur2_right2",
					"parent": "arm_fur2_right",
					"pivot": [-5.5, -1.5, -18],
					"cubes": [
						{"origin": [-6.5, -4.5, -20], "size": [2, 4, 4], "uv": [238, 83], "mirror": true}
					]
				},
				{
					"name": "arm_right3",
					"parent": "arm_right2_rotation",
					"pivot": [-7.5, 2.5, -21],
					"rotation": [-42.5, 0, 0]
				},
				{
					"name": "arm_right3_rotation",
					"parent": "arm_right3",
					"pivot": [-7.5, 2.5, -21],
					"cubes": [
						{"origin": [-8, 1.5, -28], "size": [5, 9, 7], "uv": [215, 66], "mirror": true}
					]
				},
				{
					"name": "arm_fur3_right",
					"parent": "arm_right3_rotation",
					"pivot": [-5.5, 1.5, -25],
					"rotation": [-42.5, 0, 0]
				},
				{
					"name": "arm_fur3_right_rotation",
					"parent": "arm_fur3_right",
					"pivot": [-5.5, 1.5, -25],
					"cubes": [
						{"origin": [-7, 1.5, -26], "size": [3, 5, 7], "inflate": 0.01, "uv": [233, 91], "mirror": true}
					]
				},
				{
					"name": "arm_fur3_right2",
					"parent": "arm_fur3_right_rotation",
					"pivot": [-5.5, 4, -19],
					"cubes": [
						{"origin": [-6.5, 2, -20], "size": [2, 4, 4], "inflate": 0.01, "uv": [201, 100], "mirror": true}
					]
				},
				{
					"name": "arm_right4",
					"parent": "arm_right3_rotation",
					"pivot": [-8, 1.75, -28],
					"cubes": [
						{"origin": [-8, 1.75, -35], "size": [5, 8, 7], "inflate": 0.01, "uv": [184, 84], "mirror": true}
					]
				},
				{
					"name": "claw_inner_right",
					"parent": "arm_right4",
					"pivot": [-3, 7, -33.5],
					"cubes": [
						{"origin": [-3.75, 6, -33.5], "size": [2, 2, 2], "uv": [164, 66], "mirror": true},
						{"origin": [-1.75, 6.5, -33], "size": [1, 1, 1], "uv": [164, 70], "mirror": true}
					]
				},
				{
					"name": "claw_outer_right",
					"parent": "arm_right4",
					"pivot": [-3, 4.75, -33.5],
					"cubes": [
						{"origin": [-3.75, 3.75, -33.5], "size": [2, 2, 2], "uv": [149, 90], "mirror": true},
						{"origin": [-1.75, 4.25, -33], "size": [1, 1, 1], "uv": [155, 90], "mirror": true}
					]
				},
				{
					"name": "torso_back",
					"parent": "body",
					"pivot": [0, 1, 12.5],
					"rotation": [-20, 0, 0],
					"cubes": [
						{"origin": [-4, 1, 1.5], "size": [8, 26, 11], "uv": [111, 57]}
					]
				},
				{
					"name": "back_fur",
					"parent": "torso_back",
					"pivot": [0, 20.5, 1.5],
					"rotation": [60, 0, 0],
					"cubes": [
						{"origin": [-2, 20.5, 1.5], "size": [4, 4, 4], "uv": [52, 105]}
					]
				},
				{
					"name": "back_fur2",
					"parent": "back_fur",
					"pivot": [0, 24.5, 5],
					"rotation": [-42.5, 0, 0],
					"cubes": [
						{"origin": [-1, 21.5, 0.5], "size": [2, 3, 5], "uv": [52, 113]}
					]
				},
				{
					"name": "back_fur3",
					"parent": "back_fur2",
					"pivot": [0, 24.5, 0.5],
					"rotation": [-50, 0, 0],
					"cubes": [
						{"origin": [0, 20.5, 0.5], "size": [0, 4, 3], "uv": [61, 111]}
					]
				},
				{
					"name": "tail",
					"parent": "torso_back",
					"pivot": [0, 25, 7],
					"rotation": [45, 0, 0]
				},
				{
					"name": "tail_rotation",
					"parent": "tail",
					"pivot": [0, 25, 7],
					"cubes": [
						{"origin": [-8, 17.5, 3.25], "size": [16, 21, 20], "uv": [119, 1]}
					]
				},
				{
					"name": "tail2",
					"parent": "tail_rotation",
					"pivot": [0, 17.5, 4.75],
					"rotation": [10, 0, 0],
					"cubes": [
						{"origin": [-5.5, 8.5, 4.5], "size": [11, 9, 15], "uv": [138, 42]}
					]
				},
				{
					"name": "tail_top",
					"parent": "tail2",
					"pivot": [0, 8.5, 15.5],
					"rotation": [52.5, 0, 0],
					"cubes": [
						{"origin": [-2, 1.5, 15.5], "size": [5, 7, 4], "uv": [126, 42]}
					]
				},
				{
					"name": "tail_top2",
					"parent": "tail_top",
					"pivot": [0, 1.5, 15.5],
					"rotation": [47.5, 0, 0],
					"cubes": [
						{"origin": [-1, -3.5, 15.5], "size": [2, 5, 4], "uv": [107, 56]}
					]
				},
				{
					"name": "tail_top3",
					"parent": "tail_top2",
					"pivot": [0, -3.5, 15.5],
					"rotation": [47.5, 0, 0],
					"cubes": [
						{"origin": [0, -9.5, 15.5], "size": [0, 6, 3], "uv": [144, 39]}
					]
				},
				{
					"name": "tail_middle",
					"parent": "tail2",
					"pivot": [0, 8.5, 9.5],
					"rotation": [20, 0, 0],
					"cubes": [
						{"origin": [-4.5, 1.5, 9.5], "size": [9, 7, 8], "uv": [171, 0]}
					]
				},
				{
					"name": "tail_middle2",
					"parent": "tail_middle",
					"pivot": [0, 1.5, 9.5],
					"rotation": [30, 0, 0],
					"cubes": [
						{"origin": [-3.5, -6.5, 9.5], "size": [7, 8, 7], "uv": [205, 0]}
					]
				},
				{
					"name": "tail_middle3",
					"parent": "tail_middle2",
					"pivot": [0, -6.5, 10.5],
					"rotation": [40, 0, 0],
					"cubes": [
						{"origin": [-2.5, -12.5, 10.5], "size": [5, 6, 5], "uv": [191, 15]}
					]
				},
				{
					"name": "tail_middle4",
					"parent": "tail_middle3",
					"pivot": [0, -12.5, 11.5],
					"rotation": [40, 0, 0],
					"cubes": [
						{"origin": [-1.5, -18, 11.5], "size": [3, 6, 3], "uv": [211, 15]}
					]
				},
				{
					"name": "tail_bottom",
					"parent": "tail2",
					"pivot": [0, 8.5, 4.5],
					"rotation": [10, 0, 0],
					"cubes": [
						{"origin": [-3, 2.5, 4.5], "size": [6, 6, 6], "uv": [191, 26]}
					]
				},
				{
					"name": "tail_bottom2",
					"parent": "tail_bottom",
					"pivot": [0, 2.5, 5],
					"rotation": [35, 0, 0],
					"cubes": [
						{"origin": [-2, -4.5, 5], "size": [4, 7, 5], "uv": [233, 0]}
					]
				},
				{
					"name": "tail_bottom3",
					"parent": "tail_bottom2",
					"pivot": [0, -4.5, 5.5],
					"rotation": [22.5, 0, 0],
					"cubes": [
						{"origin": [-1, -10.5, 5.5], "size": [2, 6, 4], "uv": [220, 22]}
					]
				}
			]
		}
	]
}