{
	"format_version": "1.12.0",
	"minecraft:geometry": [
		{
			"description": {
				"identifier": "geometry.flareon",
				"texture_width": 128,
				"texture_height": 128,
				"visible_bounds_width": 9,
				"visible_bounds_height": 4.5,
				"visible_bounds_offset": [0, 1.75, 0]
			},
			"bones": [
				{
					"name": "flareon_kazeran",
					"pivot": [0, 0, 0]
				},
				{
					"name": "locator_root",
					"parent": "flareon_kazeran",
					"pivot": [0, 0, 0],
					"locators": {
						"root": [0, 0, 0]
					}
				},
				{
					"name": "locator_top",
					"parent": "flareon_kazeran",
					"pivot": [0, 21.9, 0],
					"locators": {
						"top": [0, 21.9, 0]
					}
				},
				{
					"name": "body",
					"parent": "flareon_kazeran",
					"pivot": [0, 11.65, -1]
				},
				{
					"name": "locator_target",
					"parent": "body",
					"pivot": [0, 8.9, -16],
					"locators": {
						"target": [0, 8.9, -16]
					}
				},
				{
					"name": "locator_middle",
					"parent": "body",
					"pivot": [0, 11.9, 0],
					"locators": {
						"middle": [0, 12.9, 0]
					}
				},
				{
					"name": "waist",
					"parent": "body",
					"pivot": [0, 11.65, 4.75]
				},
				{
					"name": "torso",
					"parent": "waist",
					"pivot": [0, 11.65, 4.75],
					"cubes": [
						{"origin": [-4.5, 8.3, 1.5], "size": [9, 7, 6], "inflate": 0.01, "uv": [0, 14]},
						{"origin": [-0.5, 14.3, -0.5], "size": [1, 4, 4], "inflate": -0.2, "pivot": [0, 14.3, 0.5], "rotation": [-45, 0, 0], "uv": [61, 27]},
						{"origin": [-0.5, 14.55, 2.75], "size": [1, 4, 4], "inflate": -0.2, "pivot": [0, 14.55, 3.75], "rotation": [-45, 0, 0], "uv": [61, 27]}
					]
				},
				{
					"name": "torso2",
					"parent": "torso",
					"pivot": [0, 11.3, 1.75],
					"cubes": [
						{"origin": [-4, 8.05, -2.5], "size": [8, 7, 5], "uv": [0, 40]},
						{"origin": [-0.525, 14.3, -4], "size": [1, 4, 4], "inflate": -0.2, "pivot": [-0.025, 14.3, -3], "rotation": [-45, 0, 0], "uv": [61, 27]}
					]
				},
				{
					"name": "wing_right",
					"parent": "torso2",
					"pivot": [-3.5, 14.8, -0.5],
					"cubes": [
						{"origin": [-11.5, 14.8, -0.5], "size": [8, 8, 0], "pivot": [-3.5, 14.8, -0.5], "rotation": [16.51538, 37.95614, 17.96609], "uv": [93, 20], "mirror": true}
					]
				},
				{
					"name": "wing_left",
					"parent": "torso2",
					"pivot": [3.5, 14.8, -0.5],
					"cubes": [
						{"origin": [3.5, 14.8, -0.5], "size": [8, 8, 0], "pivot": [3.5, 14.8, -0.5], "rotation": [16.51538, -37.95614, -17.96609], "uv": [93, 20]}
					]
				},
				{
					"name": "torso3",
					"parent": "torso2",
					"pivot": [0, 11.55, -2],
					"cubes": [
						{"origin": [-4, 8.06, -7.5], "size": [8, 7, 6], "inflate": 0.01, "uv": [0, 27]}
					]
				},
				{
					"name": "neck",
					"parent": "torso3",
					"pivot": [0, 11.05, -6.5],
					"rotation": [47, 0, 0],
					"cubes": [
						{"origin": [-2.5, 10.05, -8.4], "size": [5, 6, 5], "uv": [28, 0]}
					]
				},
				{
					"name": "mane_main",
					"parent": "neck",
					"pivot": [0, 11.5, -6.25],
					"rotation": [15, 0, 0],
					"cubes": [
						{"origin": [-4, 8.9, -10], "size": [8, 6, 6], "inflate": 0.2, "uv": [53, 74]},
						{"origin": [-4, 8.9, -10], "size": [8, 6, 9], "inflate": 0.5, "uv": [87, 112]},
						{"origin": [-4, 9.8, -3], "size": [8, 4, 2], "inflate": 0.25, "uv": [57, 67]}
					]
				},
				{
					"name": "mane_back",
					"parent": "mane_main",
					"pivot": [0, 13.8, -0.75],
					"rotation": [-5, 0, 0]
				},
				{
					"name": "manefur",
					"parent": "mane_back",
					"pivot": [0, 13.3, -0.75],
					"rotation": [-22.5, 0, 0],
					"cubes": [
						{"origin": [-3.5, 13.3, -0.75], "size": [7, 0, 2], "uv": [83, 65]}
					]
				},
				{
					"name": "manefur2",
					"parent": "mane_back",
					"pivot": [0, 12.4, -0.75],
					"rotation": [-27.5, 0, 0],
					"cubes": [
						{"origin": [-3.5, 12.4, -0.75], "size": [7, 0, 4], "uv": [71, 87]}
					]
				},
				{
					"name": "manefur3",
					"parent": "mane_back",
					"pivot": [0, 10.8, -0.75],
					"rotation": [-10, 0, 0],
					"cubes": [
						{"origin": [-3.5, 10.8, -0.75], "size": [7, 0, 1], "uv": [84, 69]}
					]
				},
				{
					"name": "head",
					"parent": "neck",
					"pivot": [0, 13.7, -7.15]
				},
				{
					"name": "head_ai",
					"parent": "head",
					"pivot": [0, 13.7, -7.15]
				},
				{
					"name": "head_angle",
					"parent": "head_ai",
					"pivot": [0, 13.7, -7.15],
					"rotation": [-47.5, 0, 0],
					"cubes": [
						{"origin": [-3.5, 13.15, -12], "size": [7, 7, 7], "uv": [0, 0]}
					]
				},
				{
					"name": "locator_face",
					"parent": "head_angle",
					"pivot": [0, 16.40004, -12],
					"locators": {
						"face": [0, 16.40004, -12]
					}
				},
				{
					"name": "locator_item_face",
					"parent": "head_angle",
					"pivot": [0, 16.40004, -12],
					"locators": {
						"item_face": [0, 16.40004, -12]
					}
				},
				{
					"name": "locator_mouth",
					"parent": "head_angle",
					"pivot": [0, 13.45004, -12.28996],
					"locators": {
						"mouth": [0, 13.45004, -12.28996],
						"physical": [0, 13.45004, -12.28996],
						"special": [0, 13.45004, -12.28996]
					}
				},
				{
					"name": "locator_head",
					"parent": "head_angle",
					"pivot": [0, 21.15004, -12.5],
					"locators": {
						"head": [0, 21.15004, -12.5]
					}
				},
				{
					"name": "item_hat",
					"parent": "head_angle",
					"pivot": [0, 20.15004, -8.5],
					"locators": {
						"item_hat": [0, 20.15004, -8.5]
					}
				},
				{
					"name": "muzzle",
					"parent": "head_angle",
					"pivot": [0, 13.05, -12.25],
					"rotation": [27.5, 0, 0],
					"cubes": [
						{"origin": [-3.5, 13.05, -12], "size": [7, 2, 2], "inflate": -0.01, "uv": [43, 0]},
						{"origin": [-0.5, 14.05, -12], "size": [1, 1, 1], "inflate": 0.01, "uv": [28, 1]}
					]
				},
				{
					"name": "locator_item",
					"parent": "muzzle",
					"pivot": [0, 13.5, -12],
					"locators": {
						"item": [0, 13.5, -12]
					}
				},
				{
					"name": "mouth",
					"parent": "muzzle",
					"pivot": [0, 14.3, -12]
				},
				{
					"name": "mouth_open_wide",
					"parent": "mouth",
					"pivot": [0, 14.05, -11.9],
					"cubes": [
						{"origin": [-1.5, 13.55, -11.92], "size": [3, 1, 0], "uv": [49, 16]}
					]
				},
				{
					"name": "mouth_open_wide_tongue",
					"parent": "mouth_open_wide",
					"pivot": [0, 13.55, -11.9],
					"cubes": [
						{"origin": [-1.5, 13.05, -11.93], "size": [3, 1, 0], "uv": [49, 17], "mirror": true}
					]
				},
				{
					"name": "mouth_open_thin",
					"parent": "mouth",
					"pivot": [0, 14.05, -11.9],
					"cubes": [
						{"origin": [-1, 13.55, -11.92], "size": [2, 1, 0], "uv": [44, 16]}
					]
				},
				{
					"name": "mouth_open_thin_tongue",
					"parent": "mouth_open_thin",
					"pivot": [0, 13.55, -11.9],
					"cubes": [
						{"origin": [-1, 13.05, -11.93], "size": [2, 1, 0], "uv": [44, 17]}
					]
				},
				{
					"name": "mouth_open_happy",
					"parent": "mouth",
					"pivot": [0, 14.4, -11.9],
					"cubes": [
						{"origin": [-1.5, 13.55, -11.92], "size": [3, 1, 0], "uv": [50, 22]}
					]
				},
				{
					"name": "mouth_open_happy_tongue",
					"parent": "mouth_open_happy",
					"pivot": [0, 13.65, -11.9],
					"cubes": [
						{"origin": [-1, 13.15, -11.93], "size": [2, 1, 0], "uv": [50, 23]}
					]
				},
				{
					"name": "locator_jaw_upper",
					"parent": "mouth",
					"pivot": [0, 14.05, -12],
					"locators": {
						"jaw1": [0, 14.05, -12]
					}
				},
				{
					"name": "locator_jaw_lower",
					"parent": "mouth",
					"pivot": [0, 12.65, -12],
					"locators": {
						"jaw2": [0, 12.65, -12]
					}
				},
				{
					"name": "eyes",
					"parent": "head_angle",
					"pivot": [-1, 16.15, -11.5]
				},
				{
					"name": "eye_right",
					"parent": "eyes",
					"pivot": [-3.5, 16.4, -12]
				},
				{
					"name": "eye_bottom_right",
					"parent": "eye_right",
					"pivot": [-3.5, 16.4, -12],
					"cubes": [
						{"origin": [-3.5, 15.4, -12], "size": [1, 1, 1], "inflate": 0.01, "uv": [32, 19]}
					]
				},
				{
					"name": "eye_top_right",
					"parent": "eye_right",
					"pivot": [-3.5, 16.4, -12],
					"cubes": [
						{"origin": [-3.5, 16.4, -12], "size": [1, 1, 2], "inflate": 0.015, "uv": [31, 21]},
						{"origin": [-3.25, 16.4, -12], "size": [1, 1, 1], "inflate": 0.015, "uv": [35, 21]}
					]
				},
				{
					"name": "eye_emote_right",
					"parent": "eye_right",
					"pivot": [-2.5, 16.4, -12],
					"cubes": [
						{"origin": [-2.5, 15.39, -12.01], "size": [1, 1, 0], "uv": [45, 22], "mirror": true},
						{"origin": [-2.25, 15.39, -12.01], "size": [1, 1, 0], "uv": [45, 23], "mirror": true}
					]
				},
				{
					"name": "eye_emote_right2",
					"parent": "eye_right",
					"pivot": [-2.25, 16.39, -11.91],
					"cubes": [
						{"origin": [-2.25, 16.39, -11.91], "size": [1, 1, 0], "uv": [45, 21], "mirror": true}
					]
				},
				{
					"name": "eyeshine_right",
					"parent": "eye_right",
					"pivot": [-2, 16.65, -11.5],
					"cubes": [
						{"origin": [-2.5, 15.4, -12.22], "size": [1, 2, 1], "inflate": -0.2, "uv": [42, 18]}
					]
				},
				{
					"name": "locator_eye_right",
					"parent": "eyeshine_right",
					"pivot": [-2, 16.65, -12],
					"locators": {
						"eye1": [-2, 16.65, -12]
					}
				},
				{
					"name": "eye_left",
					"parent": "eyes",
					"pivot": [3.5, 16.4, -12]
				},
				{
					"name": "eye_bottom_left",
					"parent": "eye_left",
					"pivot": [3.5, 16.4, -12],
					"cubes": [
						{"origin": [2.5, 15.4, -12], "size": [1, 1, 1], "inflate": 0.01, "uv": [38, 19]}
					]
				},
				{
					"name": "eye_top_left",
					"parent": "eye_left",
					"pivot": [3.5, 16.4, -12],
					"cubes": [
						{"origin": [2.5, 16.4, -12], "size": [1, 1, 2], "inflate": 0.015, "uv": [37, 21]},
						{"origin": [2.25, 16.4, -12], "size": [1, 1, 1], "inflate": 0.015, "uv": [41, 21]}
					]
				},
				{
					"name": "eye_emote_left",
					"parent": "eye_left",
					"pivot": [2.5, 16.4, -12],
					"cubes": [
						{"origin": [1.5, 15.39, -12.01], "size": [1, 1, 0], "uv": [47, 22]},
						{"origin": [1.25, 15.39, -12.01], "size": [1, 1, 0], "uv": [47, 23]}
					]
				},
				{
					"name": "eye_emote_left2",
					"parent": "eye_left",
					"pivot": [2.25, 16.39, -11.91],
					"cubes": [
						{"origin": [1.25, 16.39, -11.91], "size": [1, 1, 0], "uv": [47, 21]}
					]
				},
				{
					"name": "eyeshine_left",
					"parent": "eye_left",
					"pivot": [2, 16.65, -11.5],
					"cubes": [
						{"origin": [1.75, 15.4, -12.22], "size": [1, 2, 1], "inflate": -0.2, "uv": [45, 18]},
						{"origin": [1.75, 15.4, -12.22], "size": [1, 2, 1], "inflate": -0.2, "uv": [45, 18]}
					]
				},
				{
					"name": "locator_eye_left",
					"parent": "eyeshine_left",
					"pivot": [2, 16.65, -12],
					"locators": {
						"eye2": [2, 16.65, -12]
					}
				},
				{
					"name": "eyelid_right",
					"parent": "eyes",
					"pivot": [-1.8, 16.4, -10.8],
					"cubes": [
						{"origin": [-3.4, 15.4, -11.9], "size": [2, 2, 1], "inflate": 0.01, "uv": [31, 15]}
					]
				},
				{
					"name": "eyelid_hurt_right",
					"parent": "eyes",
					"pivot": [-1.8, 16.5, -10.8],
					"cubes": [
						{"origin": [-2.9, 15.4, -11.9], "size": [2, 2, 0], "inflate": 0.01, "uv": [39, 13]},
						{"origin": [-3.4, 15.4, -11.9], "size": [1, 2, 1], "inflate": 0.01, "uv": [31, 12]}
					]
				},
				{
					"name": "eyelid_left",
					"parent": "eyes",
					"pivot": [1.8, 16.4, -10.8],
					"cubes": [
						{"origin": [1.4, 15.4, -11.9], "size": [2, 2, 1], "inflate": 0.01, "uv": [37, 15]}
					]
				},
				{
					"name": "eyelid_hurt_left",
					"parent": "eyes",
					"pivot": [1.8, 16.5, -10.8],
					"cubes": [
						{"origin": [0.9, 15.4, -11.9], "size": [2, 2, 0], "inflate": 0.01, "uv": [43, 13]},
						{"origin": [2.4, 15.4, -11.9], "size": [1, 2, 1], "inflate": 0.01, "uv": [35, 12]}
					]
				},
				{
					"name": "ear_left",
					"parent": "head_angle",
					"pivot": [2.75, 19.1, -9.1],
					"rotation": [70, -45, -47.5],
					"cubes": [
						{"origin": [2.75, 16.6, -9.1], "size": [5, 5, 0], "uv": [116, 10]}
					]
				},
				{
					"name": "ear2_right",
					"parent": "ear_left",
					"pivot": [7.75, 19.1, -9.1],
					"cubes": [
						{"origin": [7.75, 16.6, -9.1], "size": [8, 6, 0], "uv": [110, 2]}
					]
				},
				{
					"name": "ear_right",
					"parent": "head_angle",
					"pivot": [-2.75, 19.1, -9.1],
					"rotation": [70, 45, 47.5],
					"cubes": [
						{"origin": [-7.75, 16.6, -9.1], "size": [5, 5, 0], "uv": [104, 10]}
					]
				},
				{
					"name": "ear2_left",
					"parent": "ear_right",
					"pivot": [-7.75, 19.1, -9.1],
					"cubes": [
						{"origin": [-15.75, 16.6, -9.1], "size": [8, 6, 0], "uv": [92, 2]}
					]
				},
				{
					"name": "head_fur",
					"parent": "head_angle",
					"pivot": [0.25, 19.63266, -11.95315],
					"cubes": [
						{"origin": [-2.5, 19.70766, -12.10315], "size": [5, 4, 0], "pivot": [0, 19.70766, -12.10315], "rotation": [-12.5, 0, 0], "uv": [118, 29]},
						{"origin": [-2.5, 17.71601, -12.1], "size": [5, 2, 0], "pivot": [0, 19.71601, -12.11219], "rotation": [2.5, 0, 0], "uv": [118, 26]}
					]
				},
				{
					"name": "horns",
					"parent": "head_angle",
					"pivot": [1.75, 19.13266, -11.95315]
				},
				{
					"name": "horn_left",
					"parent": "horns",
					"pivot": [2.75, 19.43353, -12.15315],
					"rotation": [-45.89642, 0.74008, 8.50709],
					"cubes": [
						{"origin": [1.25, 20.10087, -12.35], "size": [2, 3, 2], "pivot": [2.75, 20.10087, -11.85], "rotation": [27.5, 0, 0], "uv": [120, 44]}
					]
				},
				{
					"name": "horn_left2",
					"parent": "horn_left",
					"pivot": [2.75, 22.30087, -13.25],
					"rotation": [-7.5, 0, 0],
					"cubes": [
						{"origin": [1.25, 22.30087, -13.75], "size": [2, 3, 2], "inflate": -0.1, "pivot": [2.75, 22.30087, -13.25], "rotation": [-2.5, 0, 0], "uv": [112, 44]}
					]
				},
				{
					"name": "horn_left3",
					"parent": "horn_left2",
					"pivot": [2.76762, 24.50619, -12.33783],
					"rotation": [-17.5, 0, 0],
					"cubes": [
						{"origin": [1.26762, 24.50619, -13.83783], "size": [2, 3, 2], "inflate": -0.2, "pivot": [2.76762, 24.50619, -13.33783], "rotation": [-15, 0, 0], "uv": [104, 44]}
					]
				},
				{
					"name": "horn_left4",
					"parent": "horn_left3",
					"pivot": [2.73539, 26.28666, -12.65627],
					"rotation": [30, 0, 0],
					"cubes": [
						{"origin": [1.23539, 26.28666, -13.15627], "size": [2, 3, 2], "inflate": -0.3, "pivot": [2.73539, 26.28666, -12.65627], "rotation": [-10, 0, 0], "uv": [120, 49]},
						{"origin": [1.23539, 29.93666, -12.65627], "size": [2, 3, 2], "inflate": -0.7, "pivot": [2.73539, 29.93666, -12.15627], "rotation": [7.5, 0, 0], "uv": [104, 49]},
						{"origin": [1.23539, 28.28666, -12.65627], "size": [2, 3, 2], "inflate": -0.5, "uv": [112, 49]}
					]
				},
				{
					"name": "horn_right",
					"parent": "horns",
					"pivot": [-1.8, 19.43353, -12.15315],
					"rotation": [-46.56418, 0.10272, -7.46674],
					"cubes": [
						{"origin": [-3.3, 20.10087, -12.35], "size": [2, 3, 2], "pivot": [-1.8, 20.10087, -11.85], "rotation": [27.5, 0, 0], "uv": [120, 44]}
					]
				},
				{
					"name": "horn_right2",
					"parent": "horn_right",
					"pivot": [-1.8, 22.30087, -13.25],
					"rotation": [-7.5, 0, 0],
					"cubes": [
						{"origin": [-3.3, 22.30087, -13.75], "size": [2, 3, 2], "inflate": -0.1, "pivot": [-1.8, 22.30087, -13.25], "rotation": [-2.5, 0, 0], "uv": [112, 44]}
					]
				},
				{
					"name": "horn_right3",
					"parent": "horn_right2",
					"pivot": [-1.78238, 24.50619, -13.33783],
					"rotation": [-17.5, 0, 0],
					"cubes": [
						{"origin": [-3.28238, 24.50619, -13.83783], "size": [2, 3, 2], "inflate": -0.2, "pivot": [-1.78238, 24.50619, -13.33783], "rotation": [-15, 0, 0], "uv": [104, 44]}
					]
				},
				{
					"name": "horn_right4",
					"parent": "horn_right3",
					"pivot": [-1.81461, 26.28666, -12.65627],
					"rotation": [30, 0, 0],
					"cubes": [
						{"origin": [-3.31461, 26.28666, -13.15627], "size": [2, 3, 2], "inflate": -0.3, "pivot": [-1.81461, 26.28666, -12.65627], "rotation": [-10, 0, 0], "uv": [120, 49]},
						{"origin": [-3.31461, 28.28666, -12.65627], "size": [2, 3, 2], "inflate": -0.5, "uv": [112, 49]},
						{"origin": [-3.31461, 29.93666, -12.65627], "size": [2, 3, 2], "inflate": -0.7, "pivot": [-1.81461, 29.93666, -12.15627], "rotation": [7.5, 0, 0], "uv": [104, 49]}
					]
				},
				{
					"name": "small_horns_right",
					"parent": "horns",
					"pivot": [-3.75, 17.95, -9.15],
					"cubes": [
						{"origin": [-6.2, 16.95, -9.4], "size": [3, 2, 0], "pivot": [-3.7, 17.95, -9.4], "rotation": [32.97195, 53.22531, 27.96963], "uv": [113, 38]}
					]
				},
				{
					"name": "small_horns_left",
					"parent": "horns",
					"pivot": [3.25, 17.95, -9.15],
					"cubes": [
						{"origin": [3.1, 16.95, -9.4], "size": [3, 2, 0], "pivot": [3.6, 17.95, -9.4], "rotation": [23.90975, -48.84426, -26.74259], "uv": [113, 36]}
					]
				},
				{
					"name": "head_scale",
					"parent": "head_angle",
					"pivot": [0, 20.2, -6.65],
					"cubes": [
						{"origin": [0, 17.45, -11.65], "size": [0, 8, 10], "uv": [57, 5]}
					]
				},
				{
					"name": "tail",
					"parent": "torso",
					"pivot": [0, 13.9, 7.5],
					"cubes": [
						{"origin": [-4, 9.4, 6.5], "size": [8, 6, 6], "uv": [0, 116]},
						{"origin": [-2, 11.45, 8.75], "size": [4, 5, 4], "uv": [40, 66]}
					]
				},
				{
					"name": "tail2",
					"parent": "tail",
					"pivot": [0, 13.4, 10.5],
					"cubes": [
						{"origin": [-2.5, 10.15, 12], "size": [5, 5, 7], "uv": [0, 103]},
						{"origin": [-1.5, 13.9, 12.5], "size": [3, 3, 7], "uv": [19, 66]}
					]
				},
				{
					"name": "tail3",
					"parent": "tail2",
					"pivot": [1.09905, 14.05883, 18.9606],
					"cubes": [
						{"origin": [-1.8789, 11.86038, 18.99296], "size": [4, 3, 7], "uv": [0, 92]},
						{"origin": [-0.8789, 14.36038, 19.49296], "size": [2, 2, 7], "uv": [41, 80]}
					]
				},
				{
					"name": "tail4",
					"parent": "tail3",
					"pivot": [0.1211, 13.61038, 25.49296],
					"cubes": [
						{"origin": [-1.65495, 13.01279, 25.44368], "size": [3, 2, 9], "uv": [1, 80]},
						{"origin": [-0.65495, 12.01279, 25.69368], "size": [1, 4, 9], "uv": [23, 87]}
					]
				},
				{
					"name": "tail5",
					"parent": "tail4",
					"pivot": [-0.23027, 14.01488, 34.30606],
					"cubes": [
						{"origin": [-1.12975, 13.01279, 33.92921], "size": [2, 2, 7], "inflate": -0.4, "uv": [0, 70]},
						{"origin": [-0.12975, 12.01279, 34.67921], "size": [0, 4, 6], "uv": [17, 76]}
					]
				},
				{
					"name": "tail6",
					"parent": "tail5",
					"pivot": [-0.19956, 13.41835, 40.48211],
					"cubes": [
						{"origin": [-0.14076, 12.0434, 40.49095], "size": [0, 3, 4], "uv": [30, 78]}
					]
				},
				{
					"name": "tail7",
					"parent": "tail6",
					"pivot": [-0.14076, 13.7934, 44.49095],
					"cubes": [
						{"origin": [-0.14076, 12.7934, 44.49095], "size": [0, 2, 4], "uv": [39, 78]}
					]
				},
				{
					"name": "fur8",
					"parent": "tail7",
					"pivot": [-0.14076, 13.7934, 48.49095],
					"cubes": [
						{"origin": [-0.14076, 13.2934, 48.49095], "size": [0, 1, 3], "uv": [39, 82]}
					]
				},
				{
					"name": "ftorso2",
					"parent": "waist",
					"pivot": [0, 11.3, 1.75]
				},
				{
					"name": "ftorso3",
					"parent": "ftorso2",
					"pivot": [0, 11.55, -2]
				},
				{
					"name": "front_legs",
					"parent": "ftorso3",
					"pivot": [0, 10.2, -5.25]
				},
				{
					"name": "front_leg_left",
					"parent": "front_legs",
					"pivot": [3.25, 10.2, -5.25],
					"cubes": [
						{"origin": [1.75, 6.55, -6.75], "size": [3, 5, 3], "inflate": 0.25, "uv": [48, 57]}
					]
				},
				{
					"name": "elbow_left",
					"parent": "front_leg_left",
					"pivot": [3.25, 6.3, -3.5],
					"cubes": [
						{"origin": [1.75, 1.3, -6.5], "size": [3, 5, 3], "uv": [40, 29]},
						{"origin": [1.75, 1.3, -6.5], "size": [3, 3, 3], "inflate": 0.15, "uv": [82, 45]},
						{"origin": [3.25, 1.05, -4.25], "size": [0, 5, 3], "uv": [63, -2]}
					]
				},
				{
					"name": "frontpaw_left",
					"parent": "elbow_left",
					"pivot": [3.25, 1.05, -5.25],
					"cubes": [
						{"origin": [1.75, 0.25, -7.2], "size": [3, 1, 3], "inflate": 0.25, "uv": [69, 56]},
						{"origin": [2.75, 0.25, -5.7], "size": [1, 1, 1], "inflate": 0.26, "uv": [87, 55]}
					]
				},
				{
					"name": "claws",
					"parent": "frontpaw_left",
					"pivot": [2.25, -0.7, -3.45],
					"cubes": [
						{"origin": [3.45, 0.05, -8.95], "size": [2, 1, 2], "inflate": -0.5, "pivot": [4.45, 0.55, -7.95], "rotation": [0, 0, 90], "uv": [48, 8]},
						{"origin": [2.25, 0.05, -8.95], "size": [2, 1, 2], "inflate": -0.5, "pivot": [3.25, 0.55, -7.95], "rotation": [0, 0, 90], "uv": [48, 8]},
						{"origin": [1.1, 0.05, -8.95], "size": [2, 1, 2], "inflate": -0.5, "pivot": [2.1, 0.55, -7.95], "rotation": [0, 0, 90], "uv": [48, 8]}
					]
				},
				{
					"name": "locator_foot_secondary1",
					"parent": "frontpaw_left",
					"pivot": [3.25, 0.6, -5.7],
					"rotation": [90, 0, 0],
					"locators": {
						"foot_secondary1": [3.25, 0.6, -5.7]
					}
				},
				{
					"name": "front_leg_right",
					"parent": "front_legs",
					"pivot": [-3.25, 10.2, -5.25],
					"cubes": [
						{"origin": [-4.75, 6.55, -6.75], "size": [3, 5, 3], "inflate": 0.25, "uv": [36, 57]}
					]
				},
				{
					"name": "elbow_right",
					"parent": "front_leg_right",
					"pivot": [-3.25, 6.3, -3.5],
					"cubes": [
						{"origin": [-4.75, 1.3, -6.5], "size": [3, 5, 3], "uv": [28, 29]},
						{"origin": [-4.75, 1.3, -6.5], "size": [3, 3, 3], "inflate": 0.15, "uv": [82, 45]},
						{"origin": [-3.25, 1.05, -4.25], "size": [0, 5, 3], "uv": [70, -2]}
					]
				},
				{
					"name": "frontpaw_right",
					"parent": "elbow_right",
					"pivot": [-3.25, 1.05, -5.25],
					"cubes": [
						{"origin": [-4.75, 0.25, -7.2], "size": [3, 1, 3], "inflate": 0.25, "uv": [60, 57]},
						{"origin": [-3.75, 0.25, -5.7], "size": [1, 1, 1], "inflate": 0.26, "uv": [83, 55]}
					]
				},
				{
					"name": "claws2",
					"parent": "frontpaw_right",
					"pivot": [-4.25, -0.7, -3.45],
					"cubes": [
						{"origin": [-3.05, 0.05, -8.95], "size": [2, 1, 2], "inflate": -0.5, "pivot": [-2.05, 0.55, -7.95], "rotation": [0, 0, 90], "uv": [48, 8]},
						{"origin": [-4.25, 0.05, -8.95], "size": [2, 1, 2], "inflate": -0.5, "pivot": [-3.25, 0.55, -7.95], "rotation": [0, 0, 90], "uv": [48, 8]},
						{"origin": [-5.4, 0.05, -8.95], "size": [2, 1, 2], "inflate": -0.5, "pivot": [-4.4, 0.55, -7.95], "rotation": [0, 0, 90], "uv": [48, 8]}
					]
				},
				{
					"name": "locator_foot_primary",
					"parent": "frontpaw_right",
					"pivot": [-3.25, 0.6, -5.7],
					"rotation": [90, 0, 0],
					"locators": {
						"foot_primary": [-3.25, 0.6, -5.7]
					}
				},
				{
					"name": "back_legs",
					"parent": "body",
					"pivot": [0, 11.65, 4.75]
				},
				{
					"name": "back_leg_left",
					"parent": "back_legs",
					"pivot": [3.75, 11.65, 4.75],
					"cubes": [
						{"origin": [1.75, 6.3, 2.25], "size": [4, 8, 5], "inflate": 0.01, "uv": [18, 52]}
					]
				},
				{
					"name": "knee_left",
					"parent": "back_leg_left",
					"pivot": [3.75, 6.3, 2.25],
					"rotation": [47.5, 0, 0],
					"cubes": [
						{"origin": [2.25, 2.2, 2.35], "size": [3, 4, 3], "inflate": 0.11, "uv": [38, 45]}
					]
				},
				{
					"name": "ankle_left",
					"parent": "knee_left",
					"pivot": [3.75, 2.1, 5.2],
					"rotation": [-62.5, 0, 0],
					"cubes": [
						{"origin": [2.25, -2.9, 2.1], "size": [3, 5, 3], "inflate": 0.1, "uv": [40, 37]},
						{"origin": [2.25, -2.725, 2], "size": [3, 3, 3], "inflate": 0.3, "uv": [82, 45]},
						{"origin": [3.75, -2.95, 4.75], "size": [0, 5, 3], "uv": [63, 4]}
					]
				},
				{
					"name": "foot_left",
					"parent": "ankle_left",
					"pivot": [3.75, -3.15, 3.45],
					"rotation": [15, 0, 0],
					"cubes": [
						{"origin": [2.25, -3.9, 1.45], "size": [3, 1, 3], "inflate": 0.25, "uv": [69, 60]},
						{"origin": [3.25, -3.9, 2.95], "size": [1, 1, 1], "inflate": 0.26, "uv": [87, 57]}
					]
				},
				{
					"name": "claws3",
					"parent": "foot_left",
					"pivot": [2.75, -4.8, 5.3],
					"cubes": [
						{"origin": [3.95, -4.05, -0.2], "size": [2, 1, 2], "inflate": -0.5, "pivot": [4.95, -3.55, 0.8], "rotation": [0, 0, 90], "uv": [48, 8]},
						{"origin": [2.75, -4.05, -0.2], "size": [2, 1, 2], "inflate": -0.5, "pivot": [3.75, -3.55, 0.8], "rotation": [0, 0, 90], "uv": [48, 8]},
						{"origin": [1.6, -4.05, -0.2], "size": [2, 1, 2], "inflate": -0.5, "pivot": [2.6, -3.55, 0.8], "rotation": [0, 0, 90], "uv": [48, 8]}
					]
				},
				{
					"name": "locator_foot_secondary3",
					"parent": "foot_left",
					"pivot": [3.75, -3.5, 2.8],
					"rotation": [90, 0, 0],
					"locators": {
						"foot_secondary3": [3.75, -3.5, 2.8]
					}
				},
				{
					"name": "back_leg_right",
					"parent": "back_legs",
					"pivot": [-3.75, 11.65, 4.75],
					"cubes": [
						{"origin": [-5.75, 6.3, 2.25], "size": [4, 8, 5], "inflate": 0.01, "uv": [0, 52]}
					]
				},
				{
					"name": "knee_right",
					"parent": "back_leg_right",
					"pivot": [-3.75, 6.3, 2.25],
					"rotation": [47.5, 0, 0],
					"cubes": [
						{"origin": [-5.25, 2.2, 2.35], "size": [3, 4, 3], "inflate": 0.11, "uv": [26, 45]}
					]
				},
				{
					"name": "ankle_right",
					"parent": "knee_right",
					"pivot": [-3.75, 2.1, 5.2],
					"rotation": [-62.5, 0, 0],
					"cubes": [
						{"origin": [-5.25, -2.9, 2.1], "size": [3, 5, 3], "inflate": 0.1, "uv": [28, 37]},
						{"origin": [-5.25, -2.725, 2], "size": [3, 3, 3], "inflate": 0.3, "uv": [82, 45]},
						{"origin": [-3.75, -2.95, 4.75], "size": [0, 5, 3], "uv": [70, 4]}
					]
				},
				{
					"name": "foot_right",
					"parent": "ankle_right",
					"pivot": [-3.75, -3.15, 3.45],
					"rotation": [15, 0, 0],
					"cubes": [
						{"origin": [-5.25, -3.9, 1.45], "size": [3, 1, 3], "inflate": 0.25, "uv": [60, 61]},
						{"origin": [-4.25, -3.9, 2.95], "size": [1, 1, 1], "inflate": 0.26, "uv": [83, 57]}
					]
				},
				{
					"name": "locator_foot_secondary2",
					"parent": "foot_right",
					"pivot": [-3.75, -3.5, 2.8],
					"rotation": [90, 0, 0],
					"locators": {
						"foot_secondary2": [-3.75, -3.5, 2.8]
					}
				},
				{
					"name": "claws4",
					"parent": "foot_right",
					"pivot": [-4.75, -4.8, 5.3],
					"cubes": [
						{"origin": [-3.55, -4.05, -0.2], "size": [2, 1, 2], "inflate": -0.5, "pivot": [-2.55, -3.55, 0.8], "rotation": [0, 0, 90], "uv": [48, 8]},
						{"origin": [-4.75, -4.05, -0.2], "size": [2, 1, 2], "inflate": -0.5, "pivot": [-3.75, -3.55, 0.8], "rotation": [0, 0, 90], "uv": [48, 8]},
						{"origin": [-5.9, -4.05, -0.2], "size": [2, 1, 2], "inflate": -0.5, "pivot": [-4.9, -3.55, 0.8], "rotation": [0, 0, 90], "uv": [48, 8]}
					]
				}
			]
		}
	]
}