{
  "species": "cobblemon:glaceon",
  "order": 22,
  "variations": [
    {
      "aspects": ["kazeran"],
      "poser": "cobblemon:glaceon_kazeran",
      "model": "cobblemon:glaceon_kazeran.geo",
      "texture": "cobblemon:textures/pokemon/glaceon/glaceon_kazeran.png",
      "layers": [
        {
              "name": "emissive",
              "emissive": true,
              "texture": "cobblemon:textures/pokemon/glaceon/glaceon_kazeran_emissive.png",
              "translucent": true
        },
        {
          "name": "flame",
          "texture": {
            "frames": [
              "cobblemon:textures/pokemon/glaceon/flame/flame1.png",
              "cobblemon:textures/pokemon/glaceon/flame/flame2.png",
              "cobblemon:textures/pokemon/glaceon/flame/flame3.png",
              "cobblemon:textures/pokemon/glaceon/flame/flame4.png"
            ],
            "fps": 6,
            "loop": true
          },
          "emissive": true,
          "translucent": true
        },
        {
          "name": "glow",
          "texture": {
            "frames": [
              "cobblemon:textures/pokemon/glaceon/glow/glow1.png",
              "cobblemon:textures/pokemon/glaceon/glow/glow2.png",
              "cobblemon:textures/pokemon/glaceon/glow/glow3.png",
              "cobblemon:textures/pokemon/glaceon/glow/glow4.png",
              "cobblemon:textures/pokemon/glaceon/glow/glow5.png",
              "cobblemon:textures/pokemon/glaceon/glow/glow6.png",
              "cobblemon:textures/pokemon/glaceon/glow/glow7.png",
              "cobblemon:textures/pokemon/glaceon/glow/glow8.png",
              "cobblemon:textures/pokemon/glaceon/glow/glow9.png"
            ],
            "fps": 3,
            "loop": true
          },
          "emissive": true,
          "translucent": true
        }
      ]
    },
    {
      "aspects": [
        "shiny", "kazeran"
      ],
      "texture": "cobblemon:textures/pokemon/glaceon/glaceon_kazeran_shiny.png",
      "layers": [
        {
              "name": "emissive",
              "emissive": true,
              "texture": "cobblemon:textures/pokemon/glaceon/glaceon_kazeran_shiny_emissive.png",
              "translucent": true
        },
        {
          "name": "flame",
          "texture": {
            "frames": [
              "cobblemon:textures/pokemon/glaceon/flame/flame1_shiny.png",
              "cobblemon:textures/pokemon/glaceon/flame/flame2_shiny.png",
              "cobblemon:textures/pokemon/glaceon/flame/flame3_shiny.png",
              "cobblemon:textures/pokemon/glaceon/flame/flame4_shiny.png"
            ],
            "fps": 6,
            "loop": true
          },
          "emissive": true,
          "translucent": true
        },
        {
          "name": "glow",
          "texture": {
            "frames": [
              "cobblemon:textures/pokemon/glaceon/glow/glow1_shiny.png",
              "cobblemon:textures/pokemon/glaceon/glow/glow2_shiny.png",
              "cobblemon:textures/pokemon/glaceon/glow/glow3_shiny.png",
              "cobblemon:textures/pokemon/glaceon/glow/glow4_shiny.png",
              "cobblemon:textures/pokemon/glaceon/glow/glow5_shiny.png",
              "cobblemon:textures/pokemon/glaceon/glow/glow6_shiny.png",
              "cobblemon:textures/pokemon/glaceon/glow/glow7_shiny.png",
              "cobblemon:textures/pokemon/glaceon/glow/glow8_shiny.png",
              "cobblemon:textures/pokemon/glaceon/glow/glow9_shiny.png"
            ],
            "fps": 3,
            "loop": true
          },
          "emissive": true,
          "translucent": true
        }
      ]
    }
  ]
}