{
	"format_version": "1.12.0",
	"minecraft:geometry": [
		{
			"description": {
				"identifier": "geometry.unknown",
				"texture_width": 128,
				"texture_height": 64,
				"visible_bounds_width": 10,
				"visible_bounds_height": 4,
				"visible_bounds_offset": [0, 1, 0]
			},
			"bones": [
				{
					"name": "spidops",
					"pivot": [0, 0, 0]
				},
				{
					"name": "body",
					"parent": "spidops",
					"pivot": [0, 0, 0]
				},
				{
                    "name": "locator_seat_1",
                    "parent": "body",
                    "pivot": [0, 20, 9],
                    "locators": {
                        "seat_1": [0, 20, 9]
                    }
                },
				{
					"name": "torso",
					"parent": "body",
					"pivot": [0, 19.5, 0],
					"cubes": [
						{"origin": [-5.5, 18.5, -5], "size": [11, 3, 11], "uv": [0, 0]},
						{"origin": [-4.5, 10.5, -4], "size": [9, 8, 9], "uv": [0, 30]},
						{"origin": [-3.5, 9, -3], "size": [7, 2, 7], "uv": [36, 45]},
						{"origin": [-1.5, 6, -1], "size": [3, 3, 3], "uv": [64, 47]}
					]
				},
				{
					"name": "upper_torso",
					"parent": "torso",
					"pivot": [0, 20.5, 0],
					"cubes": [
						{"origin": [-5, 22.5, -4], "size": [10, 7, 9], "uv": [0, 14]},
						{"origin": [-4.5, 20.5, -4], "size": [9, 2, 9], "uv": [38, 14]}
					]
				},
				{
					"name": "head",
					"parent": "upper_torso",
					"pivot": [0, 32.5, 0.5]
				},
				{
					"name": "head_correction",
					"parent": "head",
					"pivot": [0, 32.5, 0.5]
				},
				{
					"name": "head_ai",
					"parent": "head_correction",
					"pivot": [0, 32.5, 0.5]
				},
				{
					"name": "head_angle",
					"parent": "head_ai",
					"pivot": [0, 32.5, 0.5],
					"cubes": [
						{"origin": [-4, 29.5, -4.5], "size": [8, 6, 9], "uv": [36, 30]},
						{"origin": [-5, 31, -4], "size": [1, 3, 3], "uv": [32, 15]},
						{"origin": [4, 31, -4], "size": [1, 3, 3], "uv": [33, 0]},
						{"origin": [-5, 31, -0.5], "size": [1, 3, 3], "uv": [0, 14]},
						{"origin": [4, 31, -0.5], "size": [1, 3, 3], "uv": [1, 0]},
						{"origin": [-3.5, 30, -5], "size": [7, 6, 6], "uv": [44, 0]},
						{"origin": [0.1, 31, -5.01], "size": [3, 4, 0], "uv": [30, 47]},
						{"origin": [-3.1, 31, -5.01], "size": [3, 4, 0], "uv": [30, 51]}
					]
				},
				{
					"name": "eyes",
					"parent": "head_angle",
					"pivot": [0, 32.5, -5]
				},
				{
					"name": "left_eye",
					"parent": "eyes",
					"pivot": [1.6, 32.25, -5.02],
					"rotation": [0, 0, -10],
					"cubes": [
						{"origin": [0.6, 31.75, -5.02], "size": [2, 1, 0], "uv": [38, 29]}
					]
				},
				{
					"name": "left_eye_detail",
					"parent": "left_eye",
					"pivot": [1.6, 31.75, -4.93],
					"cubes": [
						{"origin": [1.1, 31.25, -4.93], "size": [1, 1, 0], "uv": [35, 34]}
					]
				},
				{
					"name": "left_eye_shocked",
					"parent": "eyes",
					"pivot": [1.6, 33, -4.92],
					"cubes": [
						{"origin": [0.6, 31.5, -4.92], "size": [2, 3, 0], "uv": [34, 7]}
					]
				},
				{
					"name": "left_eye_closed",
					"parent": "eyes",
					"pivot": [1.6, 32.15, -4.92],
					"rotation": [0, 0, -10],
					"cubes": [
						{"origin": [0.6, 31.9, -4.92], "size": [2, 1, 0], "uv": [46, 29]},
						{"origin": [0.6, 32.4, -4.92], "size": [2, 1, 0], "inflate": 0.01, "uv": [40, 31]}
					]
				},
				{
					"name": "right_eye",
					"parent": "eyes",
					"pivot": [-1.6, 32.25, -5.02],
					"rotation": [0, 0, 10],
					"cubes": [
						{"origin": [-2.6, 31.75, -5.02], "size": [2, 1, 0], "uv": [42, 29]}
					]
				},
				{
					"name": "right_eye_detail",
					"parent": "right_eye",
					"pivot": [-1.6, 31.75, -4.93],
					"cubes": [
						{"origin": [-2.1, 31.25, -4.93], "size": [1, 1, 0], "uv": [37, 34], "mirror": true}
					]
				},
				{
					"name": "right_eye_shocked",
					"parent": "eyes",
					"pivot": [-1.6, 33, -4.92],
					"cubes": [
						{"origin": [-2.6, 31.5, -4.92], "size": [2, 3, 0], "uv": [38, 7]}
					]
				},
				{
					"name": "right_eye_closed",
					"parent": "eyes",
					"pivot": [-1.6, 32.15, -4.92],
					"rotation": [0, 0, 10],
					"cubes": [
						{"origin": [-2.6, 31.9, -4.92], "size": [2, 1, 0], "uv": [52, 12]},
						{"origin": [-2.6, 32.4, -4.92], "size": [2, 1, 0], "inflate": 0.01, "uv": [34, 31]}
					]
				},
				{
					"name": "mandibles",
					"parent": "head_angle",
					"pivot": [0, 30, -5],
					"cubes": [
						{"origin": [-3, 27, -5], "size": [6, 3, 0], "uv": [70, 11]},
						{"origin": [-0.5, 27, -5], "size": [1, 3, 0], "inflate": 0.01, "uv": [68, 25]}
					]
				},
				{
					"name": "left_mandible",
					"parent": "head_angle",
					"pivot": [2.25, 30.45, -5],
					"rotation": [0, 5, 35],
					"cubes": [
						{"origin": [1.75, 29.95, -5], "size": [1, 1, 0], "uv": [54, 29]},
						{"origin": [2.75, 29.45, -5], "size": [2, 2, 0], "uv": [44, 12]},
						{"origin": [4.75, 29.95, -5], "size": [1, 1, 0], "uv": [56, 12]}
					]
				},
				{
					"name": "right_mandible",
					"parent": "head_angle",
					"pivot": [-2.25, 30.45, -5],
					"rotation": [0, -5, -35],
					"cubes": [
						{"origin": [-2.75, 29.95, -5], "size": [1, 1, 0], "uv": [56, 13]},
						{"origin": [-4.75, 29.45, -5], "size": [2, 2, 0], "uv": [48, 12]},
						{"origin": [-5.75, 29.95, -5], "size": [1, 1, 0], "uv": [56, 29]}
					]
				},
				{
					"name": "mouth",
					"parent": "head_angle",
					"pivot": [0, 32.6, 0.6],
					"cubes": [
						{"origin": [-1, 29.6, -4.4], "size": [2, 1, 1], "inflate": 0.01, "uv": [2, 8]}
					]
				},
				{
					"name": "arms",
					"parent": "upper_torso",
					"pivot": [0, 26, 0]
				},
				{
					"name": "left_shoulder",
					"parent": "arms",
					"pivot": [5, 26, 0.5],
					"cubes": [
						{"origin": [4, 23, -2.5], "size": [4, 6, 6], "uv": [96, 21]}
					]
				},
				{
					"name": "left_arms",
					"parent": "left_shoulder",
					"pivot": [8, 26, 0.5]
				},
				{
					"name": "left_upper_arm",
					"parent": "left_arms",
					"pivot": [8, 26, -0.7],
					"cubes": [
						{"origin": [7.5, 25, -1.7], "size": [13, 2, 2], "inflate": 0.21, "uv": [38, 25]}
					]
				},
				{
					"name": "left_lower_arm",
					"parent": "left_upper_arm",
					"pivot": [20.75, 26.5, -0.7],
					"cubes": [
						{"origin": [20.75, 25, -1.7], "size": [13, 2, 2], "inflate": 0.22, "uv": [0, 47]}
					]
				},
				{
					"name": "left_hand",
					"parent": "left_lower_arm",
					"pivot": [34, 27.2, -0.7],
					"cubes": [
						{"origin": [34.15, 25, -1.7], "size": [1, 2, 2], "inflate": 0.21, "uv": [84, 33]},
						{"origin": [35.36, 25.5, -1.2], "size": [0, 1, 1], "inflate": 0.01, "uv": [79, 41]}
					]
				},
				{
					"name": "left_web",
					"parent": "left_hand",
					"pivot": [35.35, 26, -0.7],
					"cubes": [
						{"origin": [35.35, 26, -1.2], "size": [30, 0, 1], "uv": [67, 63]}
					]
				},
				{
					"name": "left_upper_arm2",
					"parent": "left_arms",
					"pivot": [8, 26, 1.7],
					"cubes": [
						{"origin": [7.5, 25, 0.7], "size": [13, 2, 2], "inflate": 0.2, "uv": [0, 51]}
					]
				},
				{
					"name": "left_lower_arm2",
					"parent": "left_upper_arm2",
					"pivot": [20.75, 26.5, 1.7],
					"cubes": [
						{"origin": [20.75, 25, 0.7], "size": [13, 2, 2], "inflate": 0.21, "uv": [0, 55]}
					]
				},
				{
					"name": "left_hand2",
					"parent": "left_lower_arm2",
					"pivot": [34, 27.2, 1.7],
					"cubes": [
						{"origin": [34.15, 25, 0.7], "size": [1, 2, 2], "inflate": 0.2, "uv": [90, 33]},
						{"origin": [35.36, 25.5, 1.2], "size": [0, 1, 1], "inflate": 0.01, "uv": [81, 41]}
					]
				},
				{
					"name": "left_web2",
					"parent": "left_hand2",
					"pivot": [35.35, 26, 1.7],
					"cubes": [
						{"origin": [35.35, 26, 1.2], "size": [30, 0, 1], "uv": [67, 61]}
					]
				},
				{
					"name": "right_shoulder",
					"parent": "arms",
					"pivot": [-5, 26, 0.5],
					"cubes": [
						{"origin": [-8, 23, -2.5], "size": [4, 6, 6], "uv": [78, 12]}
					]
				},
				{
					"name": "right_arms",
					"parent": "right_shoulder",
					"pivot": [-8, 26, 0.5]
				},
				{
					"name": "right_upper_arm",
					"parent": "right_arms",
					"pivot": [-8, 26, -0.7],
					"cubes": [
						{"origin": [-20.5, 25, -1.7], "size": [13, 2, 2], "inflate": 0.21, "uv": [30, 55]}
					]
				},
				{
					"name": "right_lower_arm",
					"parent": "right_upper_arm",
					"pivot": [-20.75, 26.5, -0.7],
					"cubes": [
						{"origin": [-33.75, 25, -1.7], "size": [13, 2, 2], "inflate": 0.22, "uv": [0, 59]}
					]
				},
				{
					"name": "right_hand",
					"parent": "right_lower_arm",
					"pivot": [-34, 27.2, -0.7],
					"cubes": [
						{"origin": [-35.15, 25, -1.7], "size": [1, 2, 2], "inflate": 0.21, "uv": [78, 37], "mirror": true},
						{"origin": [-35.36, 25.5, -1.2], "size": [0, 1, 1], "inflate": 0.01, "uv": [79, 42], "mirror": true}
					]
				},
				{
					"name": "right_web",
					"parent": "right_hand",
					"pivot": [-35.35, 26, -0.7],
					"cubes": [
						{"origin": [-65.35, 26, -1.2], "size": [30, 0, 1], "uv": [67, 62], "mirror": true}
					]
				},
				{
					"name": "right_upper_arm2",
					"parent": "right_arms",
					"pivot": [-8, 26, 1.7],
					"cubes": [
						{"origin": [-20.5, 25, 0.7], "size": [13, 2, 2], "inflate": 0.2, "uv": [30, 59]}
					]
				},
				{
					"name": "right_lower_arm2",
					"parent": "right_upper_arm2",
					"pivot": [-20.75, 26.5, 1.7],
					"cubes": [
						{"origin": [-33.75, 25, 0.7], "size": [13, 2, 2], "inflate": 0.21, "uv": [60, 54]}
					]
				},
				{
					"name": "right_hand2",
					"parent": "right_lower_arm2",
					"pivot": [-34, 27.2, 1.7],
					"cubes": [
						{"origin": [-35.15, 25, 0.7], "size": [1, 2, 2], "inflate": 0.2, "uv": [84, 37], "mirror": true},
						{"origin": [-35.36, 25.5, 1.2], "size": [0, 1, 1], "inflate": 0.01, "uv": [81, 42], "mirror": true}
					]
				},
				{
					"name": "right_web2",
					"parent": "right_hand2",
					"pivot": [-35.35, 26, 1.7],
					"cubes": [
						{"origin": [-65.35, 26, 1.2], "size": [30, 0, 1], "uv": [67, 60], "mirror": true}
					]
				},
				{
					"name": "butt_web",
					"parent": "torso",
					"pivot": [0, 6, 0.5],
					"cubes": [
						{"origin": [-0.5, -4, 0.5], "size": [1, 10, 0], "uv": [109, 49]}
					]
				},
				{
					"name": "butt_web2",
					"parent": "butt_web",
					"pivot": [0, -4, 0.5],
					"cubes": [
						{"origin": [-0.5, -14, 0.5], "size": [1, 10, 0], "uv": [111, 49]}
					]
				},
				{
					"name": "butt_web3",
					"parent": "butt_web2",
					"pivot": [0, -14, 0.5],
					"cubes": [
						{"origin": [-0.5, -24, 0.5], "size": [1, 10, 0], "uv": [113, 49]}
					]
				},
				{
					"name": "legs",
					"parent": "body",
					"pivot": [0, 20, 0]
				},
				{
					"name": "left_hip",
					"parent": "legs",
					"pivot": [5, 20, 0.5],
					"cubes": [
						{"origin": [3.5, 18, -2], "size": [4, 4, 5], "uv": [98, 12]}
					]
				},
				{
					"name": "left_legs",
					"parent": "left_hip",
					"pivot": [5.75, 18, 0.5]
				},
				{
					"name": "left_upper_leg",
					"parent": "left_legs",
					"pivot": [5.75, 18, -0.5],
					"cubes": [
						{"origin": [4.75, 10, -1.5], "size": [2, 9, 2], "inflate": 0.01, "uv": [70, 0]}
					]
				},
				{
					"name": "left_lower_leg",
					"parent": "left_upper_leg",
					"pivot": [6.25, 10, -0.5],
					"cubes": [
						{"origin": [4.75, 1, -1.5], "size": [2, 9, 2], "inflate": 0.02, "uv": [70, 36]}
					]
				},
				{
					"name": "left_foot",
					"parent": "left_lower_leg",
					"pivot": [6.75, 1, -0.5],
					"cubes": [
						{"origin": [4.75, 0, -1.5], "size": [2, 1, 2], "uv": [61, 30]},
						{"origin": [5.25, -0.01, -1], "size": [1, 0, 1], "uv": [80, 44]}
					]
				},
				{
					"name": "left_upper_leg2",
					"parent": "left_legs",
					"pivot": [5.25, 18, 1.5],
					"cubes": [
						{"origin": [4.75, 10, 0.5], "size": [2, 9, 2], "uv": [70, 25]}
					]
				},
				{
					"name": "left_lower_leg2",
					"parent": "left_upper_leg2",
					"pivot": [6.25, 10, 1.5],
					"cubes": [
						{"origin": [4.75, 1, 0.5], "size": [2, 9, 2], "inflate": 0.01, "uv": [78, 0]}
					]
				},
				{
					"name": "left_foot2",
					"parent": "left_lower_leg2",
					"pivot": [6.75, 1, 1.5],
					"cubes": [
						{"origin": [4.75, 0, 0.5], "size": [2, 1, 2], "uv": [61, 33]},
						{"origin": [5.25, -0.01, 1], "size": [1, 0, 1], "uv": [78, 45]}
					]
				},
				{
					"name": "right_hip",
					"parent": "legs",
					"pivot": [-5, 20, 0.5],
					"cubes": [
						{"origin": [-7.5, 18, -2], "size": [4, 4, 5], "uv": [78, 24]}
					]
				},
				{
					"name": "right_legs",
					"parent": "right_hip",
					"pivot": [-5.75, 18, 0.5]
				},
				{
					"name": "right_upper_leg",
					"parent": "right_legs",
					"pivot": [-5.75, 18, -0.5],
					"cubes": [
						{"origin": [-6.75, 10, -1.5], "size": [2, 9, 2], "inflate": 0.01, "uv": [86, 0]}
					]
				},
				{
					"name": "right_lower_leg",
					"parent": "right_upper_leg",
					"pivot": [-6.25, 10, -0.5],
					"cubes": [
						{"origin": [-6.75, 1, -1.5], "size": [2, 9, 2], "inflate": 0.02, "uv": [94, 0]}
					]
				},
				{
					"name": "right_foot",
					"parent": "right_lower_leg",
					"pivot": [-6.75, 1, -0.5],
					"cubes": [
						{"origin": [-6.75, 0, -1.5], "size": [2, 1, 2], "uv": [76, 34], "mirror": true},
						{"origin": [-6.25, -0.01, -1], "size": [1, 0, 1], "uv": [78, 44], "mirror": true}
					]
				},
				{
					"name": "right_upper_leg2",
					"parent": "right_legs",
					"pivot": [-5.25, 18, 1.5],
					"cubes": [
						{"origin": [-6.75, 10, 0.5], "size": [2, 9, 2], "uv": [102, 0]}
					]
				},
				{
					"name": "right_lower_leg2",
					"parent": "right_upper_leg2",
					"pivot": [-6.25, 10, 1.5],
					"cubes": [
						{"origin": [-6.75, 1, 0.5], "size": [2, 9, 2], "inflate": 0.01, "uv": [110, 0]}
					]
				},
				{
					"name": "right_foot2",
					"parent": "right_lower_leg2",
					"pivot": [-6.75, 1, 1.5],
					"cubes": [
						{"origin": [-6.75, 0, 0.5], "size": [2, 1, 2], "uv": [61, 36], "mirror": true},
						{"origin": [-6.25, -0.01, 1], "size": [1, 0, 1], "uv": [80, 45], "mirror": true}
					]
				},
				{
					"name": "body_web",
					"parent": "spidops",
					"pivot": [0, 0, 0]
				},
				{
					"name": "torso_web",
					"parent": "body_web",
					"pivot": [0, 19.5, 0]
				},
				{
					"name": "upper_torso_web",
					"parent": "torso_web",
					"pivot": [0, 20.5, 0]
				},
				{
					"name": "arms_web",
					"parent": "upper_torso_web",
					"pivot": [0, 26, 0]
				},
				{
					"name": "middle_webs",
					"parent": "arms_web",
					"pivot": [0, 26, 0]
				},
				{
					"name": "middle_web",
					"parent": "middle_webs",
					"pivot": [0, 1, 0.5],
					"cubes": [
						{"origin": [-0.5, -4, 0.5], "size": [1, 10, 0], "uv": [107, 49]}
					]
				},
				{
					"name": "middle_web2",
					"parent": "middle_webs",
					"pivot": [0, 1, 0.5],
					"cubes": [
						{"origin": [-0.5, -4, 0.5], "size": [1, 10, 0], "uv": [105, 49]}
					]
				},
				{
					"name": "middle_web3",
					"parent": "middle_webs",
					"pivot": [0, 1, 0.5],
					"cubes": [
						{"origin": [-0.5, -4, 0.5], "size": [1, 10, 0], "uv": [103, 49]}
					]
				},
				{
					"name": "middle_web4",
					"parent": "middle_webs",
					"pivot": [0, 1, 0.5],
					"cubes": [
						{"origin": [-0.5, -4, 0.5], "size": [1, 10, 0], "uv": [101, 49]}
					]
				}
			]
		}
	]
}