{
	"format_version": "1.12.0",
	"minecraft:geometry": [
		{
			"description": {
				"identifier": "geometry.excadrill",
				"texture_width": 128,
				"texture_height": 128,
				"visible_bounds_width": 5,
				"visible_bounds_height": 3.5,
				"visible_bounds_offset": [0, 1.25, 0]
			},
			"bones": [
				{
					"name": "excadrill",
					"pivot": [0, 0, 0]
				},
				{
					"name": "locator_root",
					"parent": "excadrill",
					"pivot": [0, 0, 0],
					"locators": {
						"root": [0, 0, 0]
					}
				},
				{
					"name": "locator_top",
					"parent": "excadrill",
					"pivot": [0, 26, 0],
					"locators": {
						"top": [0, 26, 0]
					}
				},
				{
					"name": "body",
					"parent": "excadrill",
					"pivot": [0, 12, 0]
				},
				{
                    "name": "locator_seat_1",
                    "parent": "body",
                    "pivot": [0, 21, 5],
                    "locators": {
                        "seat_1": [0, 21, 5]
                    }
                },
				{
					"name": "body2",
					"parent": "body",
					"pivot": [0, 12, 0]
				},
				{
					"name": "locator_target",
					"parent": "body2",
					"pivot": [0, 12, -9.5],
					"locators": {
						"target": [0, 12, -9.5]
					}
				},
				{
					"name": "locator_middle",
					"parent": "body2",
					"pivot": [0, 13, 0],
					"locators": {
						"middle": [0, 13, 0]
					}
				},
				{
					"name": "torso",
					"parent": "body2",
					"pivot": [0, 4, 0],
					"cubes": [
						{"origin": [-6.5, 2, -6.5], "size": [13, 11, 13], "uv": [0, 0]}
					]
				},
				{
					"name": "drill_form",
					"parent": "torso",
					"pivot": [0, 13, 0],
					"cubes": [
						{"origin": [0, 17, -7.5], "size": [0, 4, 2], "uv": [62, 86]},
						{"origin": [0, 22, -11], "size": [0, 13, 17], "pivot": [0, 33, 0], "rotation": [0, 45, 0], "uv": [93, 83]},
						{"origin": [-4.5, 21, -4.5], "size": [9, 6, 9], "uv": [48, 113]},
						{"origin": [-2.5, 27, -2.5], "size": [5, 4, 5], "uv": [55, 104]},
						{"origin": [0, 22, -11], "size": [0, 13, 17], "pivot": [0, 33, 0], "rotation": [0, -45, 0], "uv": [93, 97]},
						{"origin": [-5.5, 17, 5.5], "size": [0, 4, 2], "pivot": [-5.5, 19, 5.5], "rotation": [0, -45, 0], "uv": [67, 86]},
						{"origin": [0, 22, 0], "size": [0, 13, 10], "uv": [107, 36]},
						{"origin": [5.5, 17, 5.5], "size": [0, 4, 2], "pivot": [5.5, 19, 5.5], "rotation": [0, 45, 0], "uv": [72, 86], "mirror": true},
						{"origin": [-5.5, 12, -5.5], "size": [11, 9, 11], "uv": [31, 31]}
					]
				},
				{
					"name": "tail",
					"parent": "torso",
					"pivot": [0, 4.5, 6.5],
					"cubes": [
						{"origin": [0, 3, 5.5], "size": [0, 3, 3], "uv": [72, 90]}
					]
				},
				{
					"name": "locator_tail",
					"parent": "tail",
					"pivot": [0, 4.5, 7.5],
					"rotation": [-180, 0, 180],
					"locators": {
						"tail": [0, 4.5, 7.5]
					}
				},
				{
					"name": "locator_tail_tip",
					"parent": "tail",
					"pivot": [0, 4.5, 8.45],
					"rotation": [-180, 0, 180],
					"locators": {
						"tail_tip": [0, 4.5, 8.45]
					}
				},
				{
					"name": "torso2",
					"parent": "torso",
					"pivot": [0, 12.5, 0],
					"cubes": [
						{"origin": [-5, 11.5, -5.1], "size": [10, 7, 11], "inflate": 0.01, "uv": [0, 24]}
					]
				},
				{
					"name": "head",
					"parent": "torso2",
					"pivot": [0, 18, -0.5]
				},
				{
					"name": "head_ai",
					"parent": "head",
					"pivot": [0, 18, -0.5]
				},
				{
					"name": "head_angle",
					"parent": "head_ai",
					"pivot": [0, 18, -0.5],
					"cubes": [
						{"origin": [-4, 17, -7], "size": [8, 8, 11], "inflate": 0.01, "uv": [0, 42]},
						{"origin": [-6, 21.5, -6], "size": [2, 0, 4], "uv": [58, 83]},
						{"origin": [4, 21.5, -6], "size": [2, 0, 4], "uv": [63, 83], "mirror": true}
					]
				},
				{
					"name": "locator_item_hat",
					"parent": "head_angle",
					"pivot": [0, 25, -4],
					"locators": {
						"item_hat": [0, 25, -4]
					}
				},
				{
					"name": "head_blade",
					"parent": "head_angle",
					"pivot": [0, 24.5, -7],
					"cubes": [
						{"origin": [-4, 21.5, -12], "size": [8, 3, 5], "uv": [0, 89]},
						{"origin": [-2, 21.5, -16], "size": [4, 2, 4], "inflate": 0.01, "uv": [21, 88]},
						{"origin": [0, 21.5, -18], "size": [0, 7, 11], "uv": [105, 49]}
					]
				},
				{
					"name": "locator_head",
					"parent": "head_blade",
					"pivot": [0, 23.5, -16],
					"locators": {
						"head": [0, 23.5, -16]
					}
				},
				{
					"name": "head2",
					"parent": "head_angle",
					"pivot": [0, 20, -7],
					"cubes": [
						{"origin": [-3, 18, -11], "size": [6, 5, 5], "uv": [40, 0]},
						{"origin": [-1.5, 17.98, -10.4], "size": [3, 1, 3], "inflate": -0.01, "uv": [47, 26]},
						{"origin": [-2, 18, -14], "size": [4, 3, 3], "uv": [64, 2]},
						{"origin": [-1, 19.2, -15.8], "size": [2, 2, 2], "inflate": -0.2, "uv": [58, 0]},
						{"origin": [-3, 21.6, -11], "size": [6, 1, 5], "inflate": 0.025, "uv": [39, 52]}
					]
				},
				{
					"name": "locator_face",
					"parent": "head2",
					"pivot": [0, 20.2, -15.6],
					"locators": {
						"face": [0, 20.2, -15.6]
					}
				},
				{
					"name": "locator_item_face",
					"parent": "head2",
					"pivot": [0, 20.6, -11],
					"locators": {
						"item_face": [0, 20.6, -11]
					}
				},
				{
					"name": "locator_mouth",
					"parent": "head2",
					"pivot": [0, 18, -7.6],
					"locators": {
						"mouth": [0, 18, -7.6]
					}
				},
				{
					"name": "locator_jaw_upper",
					"parent": "head2",
					"pivot": [0, 18, -10.2],
					"locators": {
						"jaw1": [0, 18, -10.2]
					}
				},
				{
					"name": "eyes",
					"parent": "head2",
					"pivot": [-3.01, 21, -10]
				},
				{
					"name": "eye_right",
					"parent": "eyes",
					"pivot": [-3.01, 21, -10],
					"cubes": [
						{"origin": [-3.01, 20, -11], "size": [0, 1, 2], "uv": [1, 0]}
					]
				},
				{
					"name": "eye_emote_right",
					"parent": "eye_right",
					"pivot": [-3.01, 21, -9],
					"cubes": [
						{"origin": [-3.01, 21, -11], "size": [0, 1, 2], "uv": [1, -1]}
					]
				},
				{
					"name": "eye_emote_right2",
					"parent": "eye_right",
					"pivot": [-3.01, 21, -9],
					"cubes": [
						{"origin": [-3.01, 21, -9], "size": [0, 1, 1], "uv": [1, 2]}
					]
				},
				{
					"name": "pupil_right",
					"parent": "eye_right",
					"pivot": [-3.02, 21.1, -10.2],
					"cubes": [
						{"origin": [-3.02, 20.6, -10.7], "size": [0, 1, 1], "uv": [1, 4]}
					]
				},
				{
					"name": "locator_eye_right",
					"parent": "pupil_right",
					"pivot": [-3, 21.1, -10.2],
					"locators": {
						"eye1": [-3, 21.1, -10.2]
					}
				},
				{
					"name": "eye_left",
					"parent": "eyes",
					"pivot": [3.01, 21, -10],
					"cubes": [
						{"origin": [3.01, 20, -11], "size": [0, 1, 2], "uv": [6, 0], "mirror": true}
					]
				},
				{
					"name": "eye_emote_left",
					"parent": "eye_left",
					"pivot": [3.01, 21, -9],
					"cubes": [
						{"origin": [3.01, 21, -11], "size": [0, 1, 2], "uv": [6, -1], "mirror": true}
					]
				},
				{
					"name": "eye_emote_left2",
					"parent": "eye_left",
					"pivot": [3.01, 21, -9],
					"cubes": [
						{"origin": [3.01, 21, -9], "size": [0, 1, 1], "uv": [6, 2], "mirror": true}
					]
				},
				{
					"name": "pupil_left",
					"parent": "eye_left",
					"pivot": [3.02, 21.1, -10.2],
					"cubes": [
						{"origin": [3.02, 20.6, -10.7], "size": [0, 1, 1], "uv": [6, 4], "mirror": true}
					]
				},
				{
					"name": "locator_eye_left",
					"parent": "pupil_left",
					"pivot": [3, 21.1, -10.2],
					"locators": {
						"eye2": [3, 21.1, -10.2]
					}
				},
				{
					"name": "eyelid_right",
					"parent": "eyes",
					"pivot": [-2.91, 21, -9.4],
					"cubes": [
						{"origin": [-2.91, 20, -10.9], "size": [0, 2, 3], "uv": [53, 8]}
					]
				},
				{
					"name": "eyelid_left",
					"parent": "eyes",
					"pivot": [2.91, 21, -9.4],
					"cubes": [
						{"origin": [2.91, 20, -10.9], "size": [0, 2, 3], "uv": [60, 8], "mirror": true}
					]
				},
				{
					"name": "eyelid_hurt_right",
					"parent": "eyes",
					"pivot": [-2.91, 21, -9.4],
					"cubes": [
						{"origin": [-2.91, 20, -10.9], "size": [0, 2, 3], "uv": [53, 11]}
					]
				},
				{
					"name": "eyelid_hurt_left",
					"parent": "eyes",
					"pivot": [2.91, 21, -9.4],
					"cubes": [
						{"origin": [2.91, 20, -10.9], "size": [0, 2, 3], "uv": [60, 11], "mirror": true}
					]
				},
				{
					"name": "eyelid_happy_right",
					"parent": "eyes",
					"pivot": [-2.91, 21, -9.4],
					"cubes": [
						{"origin": [-2.91, 20, -10.9], "size": [0, 2, 3], "uv": [53, 14]}
					]
				},
				{
					"name": "eyelid_happy_left",
					"parent": "eyes",
					"pivot": [2.91, 21, -9.4],
					"cubes": [
						{"origin": [2.91, 20, -10.9], "size": [0, 2, 3], "uv": [60, 14], "mirror": true}
					]
				},
				{
					"name": "jaw",
					"parent": "head2",
					"pivot": [0.5, 18, -7.5],
					"cubes": [
						{"origin": [-1.5, 17.3, -10.5], "size": [3, 1, 4], "uv": [32, 25]}
					]
				},
				{
					"name": "locator_jaw_lower",
					"parent": "jaw",
					"pivot": [0, 18.3, -10.2],
					"locators": {
						"jaw2": [0, 18.3, -10.2]
					}
				},
				{
					"name": "arms",
					"parent": "torso2",
					"pivot": [0, 14.75, -1]
				},
				{
					"name": "arm_right",
					"parent": "arms",
					"pivot": [-5, 14.75, -1],
					"cubes": [
						{"origin": [-9, 13.75, -3.5], "size": [4, 2, 5], "uv": [21, 63]}
					]
				},
				{
					"name": "hand_right",
					"parent": "arm_right",
					"pivot": [-8, 14.75, -1],
					"cubes": [
						{"origin": [-14, 13.5, -5.5], "size": [6, 3, 9], "inflate": 0.02, "uv": [0, 61]},
						{"origin": [-14, 13.5, -7.5], "size": [4, 0, 2], "uv": [60, 97]},
						{"origin": [-14, 13.5, 3.5], "size": [4, 0, 2], "uv": [60, 100]}
					]
				},
				{
					"name": "locator_hand_primary",
					"parent": "hand_right",
					"pivot": [-14, 15, -1],
					"rotation": [0, 90, 0],
					"locators": {
						"hand_primary": [-14, 15, -1]
					}
				},
				{
					"name": "locator_item",
					"parent": "hand_right",
					"pivot": [-14, 13.5, -1],
					"locators": {
						"item": [-14, 13.5, -1]
					}
				},
				{
					"name": "claws_right",
					"parent": "hand_right",
					"pivot": [-14, 16.5, -1]
				},
				{
					"name": "claws_combined_right",
					"parent": "claws_right",
					"pivot": [-14, 16.5, -1],
					"cubes": [
						{"origin": [-18, 13.5, -5.5], "size": [4, 3, 9], "inflate": 0.01, "uv": [5, 106]},
						{"origin": [-22, 13.5, -4.5], "size": [4, 2, 7], "inflate": 0.01, "uv": [0, 118]},
						{"origin": [-25, 13.5, -3.5], "size": [3, 0, 5], "uv": [72, 108], "mirror": true},
						{"origin": [-25, 13.5, -1], "size": [11, 7, 0], "uv": [105, 68]}
					]
				},
				{
					"name": "claws_separate_right",
					"parent": "claws_right",
					"pivot": [-14, 16.5, -1]
				},
				{
					"name": "claw_front_right",
					"parent": "claws_separate_right",
					"pivot": [-14, 16.5, -4],
					"cubes": [
						{"origin": [-18, 13.5, -5.5], "size": [4, 3, 3], "uv": [0, 97]},
						{"origin": [-24, 13.5, -3.75], "size": [2, 2, 0], "uv": [86, 113]},
						{"origin": [-22, 13.5, -4.75], "size": [4, 2, 2], "uv": [36, 94]}
					]
				},
				{
					"name": "claw_middle_right",
					"parent": "claws_separate_right",
					"pivot": [-14, 16.5, -1],
					"cubes": [
						{"origin": [-18, 13.5, -2.5], "size": [4, 3, 3], "inflate": 0.01, "uv": [0, 103]},
						{"origin": [-25, 13.5, -1], "size": [11, 7, 0], "uv": [105, 84]},
						{"origin": [-22, 13.5, -2], "size": [4, 2, 2], "inflate": 0.01, "uv": [36, 98]}
					]
				},
				{
					"name": "locator_physical",
					"parent": "claw_middle_right",
					"pivot": [-19.35, 14.5, -1],
					"locators": {
						"physical": [-19.35, 14.5, -1],
						"special": [-19.35, 14.5, -1],
						"blade": [-19.35, 14.5, -1]
					}
				},
				{
					"name": "claw_back_right",
					"parent": "claws_separate_right",
					"pivot": [-14, 16.5, 2],
					"cubes": [
						{"origin": [-18, 13.5, 0.5], "size": [4, 3, 3], "uv": [0, 109]},
						{"origin": [-22, 13.5, 0.75], "size": [4, 2, 2], "uv": [36, 102]},
						{"origin": [-24, 13.5, 1.75], "size": [2, 2, 0], "uv": [86, 117]}
					]
				},
				{
					"name": "arm_left",
					"parent": "arms",
					"pivot": [5, 14.75, -1],
					"cubes": [
						{"origin": [5, 13.75, -3.5], "size": [4, 2, 5], "uv": [51, 63], "mirror": true}
					]
				},
				{
					"name": "hand_left",
					"parent": "arm_left",
					"pivot": [8, 14.75, -1],
					"cubes": [
						{"origin": [8, 13.5, -5.5], "size": [6, 3, 9], "inflate": 0.02, "uv": [30, 61], "mirror": true},
						{"origin": [10, 13.5, -7.5], "size": [4, 0, 2], "uv": [69, 97], "mirror": true},
						{"origin": [10, 13.5, 3.5], "size": [4, 0, 2], "uv": [69, 100], "mirror": true}
					]
				},
				{
					"name": "locator_hand_secondary",
					"parent": "hand_left",
					"pivot": [14, 15, -1],
					"rotation": [0, -90, 0],
					"locators": {
						"hand_secondary": [14, 15, -1]
					}
				},
				{
					"name": "claws_left",
					"parent": "hand_left",
					"pivot": [14, 16.5, -1]
				},
				{
					"name": "claws_combined_left",
					"parent": "claws_left",
					"pivot": [14, 16.5, -1],
					"cubes": [
						{"origin": [14, 13.5, -5.5], "size": [4, 3, 9], "inflate": 0.01, "uv": [31, 106], "mirror": true},
						{"origin": [18, 13.5, -4.5], "size": [4, 2, 7], "inflate": 0.01, "uv": [22, 118], "mirror": true},
						{"origin": [22, 13.5, -3.5], "size": [3, 0, 5], "uv": [72, 115], "mirror": true},
						{"origin": [14, 13.5, -1], "size": [11, 7, 0], "uv": [105, 76], "mirror": true}
					]
				},
				{
					"name": "claws_separate_left",
					"parent": "claws_left",
					"pivot": [14, 16.5, -1]
				},
				{
					"name": "claw_front_left",
					"parent": "claws_separate_left",
					"pivot": [14, 16.5, -4],
					"cubes": [
						{"origin": [14, 13.5, -5.5], "size": [4, 3, 3], "uv": [22, 97], "mirror": true},
						{"origin": [22, 13.5, -3.75], "size": [2, 2, 0], "uv": [86, 121], "mirror": true},
						{"origin": [18, 13.5, -4.75], "size": [4, 2, 2], "uv": [48, 94], "mirror": true}
					]
				},
				{
					"name": "claw_middle_left",
					"parent": "claws_separate_left",
					"pivot": [14, 16.5, -1],
					"cubes": [
						{"origin": [14, 13.5, -2.5], "size": [4, 3, 3], "inflate": 0.01, "uv": [22, 103], "mirror": true},
						{"origin": [14, 13.5, -1], "size": [11, 7, 0], "uv": [105, 92], "mirror": true},
						{"origin": [18, 13.5, -2], "size": [4, 2, 2], "inflate": 0.01, "uv": [48, 98], "mirror": true}
					]
				},
				{
					"name": "locator_blade2",
					"parent": "claw_middle_left",
					"pivot": [19.35, 14.5, -1],
					"locators": {
						"blade2": [19.35, 14.5, -1]
					}
				},
				{
					"name": "claw_back_left",
					"parent": "claws_separate_left",
					"pivot": [14, 16.5, 2],
					"cubes": [
						{"origin": [14, 13.5, 0.5], "size": [4, 3, 3], "uv": [22, 109], "mirror": true},
						{"origin": [18, 13.5, 0.75], "size": [4, 2, 2], "uv": [48, 102], "mirror": true},
						{"origin": [22, 13.5, 1.75], "size": [2, 2, 0], "uv": [86, 125], "mirror": true}
					]
				},
				{
					"name": "legs",
					"parent": "body2",
					"pivot": [0, 5.5, -1]
				},
				{
					"name": "leg_right",
					"parent": "legs",
					"pivot": [-6.5, 5.5, -1],
					"cubes": [
						{"origin": [-9, 1, -4.5], "size": [5, 7, 7], "uv": [0, 73]},
						{"origin": [-6.5, 2, -6.5], "size": [0, 3, 2], "uv": [62, 91]}
					]
				},
				{
					"name": "foot_right",
					"parent": "leg_right",
					"pivot": [-6.5, 1, -1.5],
					"cubes": [
						{"origin": [-8, 0, -3.5], "size": [3, 1, 4], "inflate": 0.01, "uv": [17, 73]}
					]
				},
				{
					"name": "locator_foot_primary",
					"parent": "foot_right",
					"pivot": [-6.5, 0.5, -2.5],
					"rotation": [90, 0, 0],
					"locators": {
						"foot_primary": [-6.5, 0.5, -2.5]
					}
				},
				{
					"name": "toes_right",
					"parent": "foot_right",
					"pivot": [-6.5, 0, -3.5],
					"cubes": [
						{"origin": [-8, 0, -5.5], "size": [3, 1, 2], "uv": [48, 78]}
					]
				},
				{
					"name": "leg_left",
					"parent": "legs",
					"pivot": [6.5, 5.5, -1],
					"cubes": [
						{"origin": [4, 1, -4.5], "size": [5, 7, 7], "uv": [24, 73], "mirror": true},
						{"origin": [6.5, 2, -6.5], "size": [0, 3, 2], "uv": [67, 91], "mirror": true}
					]
				},
				{
					"name": "foot_left",
					"parent": "leg_left",
					"pivot": [6.5, 1, -1.5],
					"cubes": [
						{"origin": [5, 0, -3.5], "size": [3, 1, 4], "inflate": 0.01, "uv": [41, 73], "mirror": true}
					]
				},
				{
					"name": "locator_foot_secondary",
					"parent": "foot_left",
					"pivot": [6.5, 0.5, -2.5],
					"rotation": [90, 0, 0],
					"locators": {
						"foot_secondary": [6.5, 0.5, -2.5]
					}
				},
				{
					"name": "toes_left",
					"parent": "foot_left",
					"pivot": [6.5, 0, -3.5],
					"cubes": [
						{"origin": [5, 0, -5.5], "size": [3, 1, 2], "uv": [48, 81], "mirror": true}
					]
				}
			]
		}
	]
}