{
	"format_version": "1.12.0",
	"minecraft:geometry": [
		{
			"description": {
				"identifier": "geometry.swellow",
				"texture_width": 128,
				"texture_height": 128,
				"visible_bounds_width": 6,
				"visible_bounds_height": 2.5,
				"visible_bounds_offset": [0, 0.75, 0]
			},
			"bones": [
				{
					"name": "swellow",
					"pivot": [0, -0.075, 0]
				},
				{
					"name": "body",
					"parent": "swellow",
					"pivot": [0, -1.075, 2]
				},
				{
					"name": "torso",
					"parent": "body",
					"pivot": [0, 5.425, 3.75],
					"rotation": [-2.5, 0, 0],
					"cubes": [
						{"origin": [-4, 3.42529, -0.98691], "size": [8, 8, 7], "uv": [48, 7]}
					]
				},
				{
                    "name": "locator_seat_1",
                    "parent": "body",
                    "pivot": [0, 10, 2],
                    "locators": {
                        "seat_1": [0, 10, 2]
                    }
                },
				{
					"name": "chest",
					"parent": "torso",
					"pivot": [0, 7.925, 1],
					"rotation": [-7.5, 0, 0],
					"cubes": [
						{"origin": [-4.5, 2.925, -7], "size": [9, 9, 8], "uv": [42, 26]}
					]
				},
				{
					"name": "neck",
					"parent": "chest",
					"pivot": [0, 3.425, -7],
					"rotation": [35, 0, 0],
					"cubes": [
						{"origin": [-3.5, 2.925, -7], "size": [7, 6, 6], "uv": [64, 58]}
					]
				},
				{
					"name": "neck2",
					"parent": "neck",
					"pivot": [0, 8.925, -4.5],
					"cubes": [
						{"origin": [-2.5, 7.925, -6.5], "size": [5, 5, 5], "inflate": -0.02, "uv": [76, 22]}
					]
				},
				{
					"name": "head",
					"parent": "neck2",
					"pivot": [0, 11.925, -4.2],
					"rotation": [0, 0, 0],
					"cubes": [
						{"origin": [-2.5, 11.925, -7.7], "size": [5, 4, 6], "inflate": -0.01, "uv": [20, 74]},
						{"origin": [-1, 13.525, -7.7], "size": [2, 2, 2], "inflate": 0.04, "uv": [96, 51]},
						{"origin": [-1.5, 12.775, -9.2], "size": [3, 1, 3], "inflate": 0.01, "pivot": [0, 13.675, -7.7], "rotation": [0, -45, 0], "uv": [48, 22]}
					]
				},
				{
					"name": "mouth_open",
					"parent": "head",
					"pivot": [0.5, 11.825, -4.2],
					"cubes": [
						{"origin": [-1.5, 12.225, -7.7], "size": [3, 1, 0], "uv": [36, 84]}
					]
				},
				{
					"name": "hair",
					"parent": "head",
					"pivot": [0, 15.425, -1.7]
				},
				{
					"name": "hair1",
					"parent": "hair",
					"pivot": [0, 14.425, -1.7],
					"cubes": [
						{"origin": [0, 13.425, -3.2], "size": [0, 2, 5], "uv": [90, 0]}
					]
				},
				{
					"name": "hair2",
					"parent": "hair",
					"pivot": [0, 13.425, -1.7],
					"cubes": [
						{"origin": [0, 11.925, -2.7], "size": [0, 3, 5], "inflate": 0.01, "uv": [84, 94]}
					]
				},
				{
					"name": "hair3",
					"parent": "hair2",
					"pivot": [0, 12.925, 2.3],
					"cubes": [
						{"origin": [0, 12.925, 2.3], "size": [0, 2, 3], "inflate": 0.01, "uv": [100, 0]}
					]
				},
				{
					"name": "hair_left",
					"parent": "hair",
					"pivot": [1.1, 13.425, -1.7],
					"rotation": [0, 7.5, 0],
					"cubes": [
						{"origin": [1.1, 12.425, -2.2], "size": [0, 2, 5], "uv": [90, 74]}
					]
				},
				{
					"name": "hair_right",
					"parent": "hair",
					"pivot": [-1.1, 13.425, -1.7],
					"rotation": [0, -7.5, 0],
					"cubes": [
						{"origin": [-1.1, 12.425, -2.2], "size": [0, 2, 5], "uv": [94, 94]}
					]
				},
				{
					"name": "hair_left2",
					"parent": "hair",
					"pivot": [2.1, 14.425, -1.7],
					"rotation": [0, 15, 0],
					"cubes": [
						{"origin": [2.1, 13.425, -2.2], "size": [0, 2, 3], "uv": [42, 74]}
					]
				},
				{
					"name": "hair_right2",
					"parent": "hair",
					"pivot": [-2.1, 14.425, -1.7],
					"rotation": [0, -15, 0],
					"cubes": [
						{"origin": [-2.1, 13.425, -2.2], "size": [0, 2, 3], "uv": [42, 79]}
					]
				},
				{
					"name": "jaw",
					"parent": "head",
					"pivot": [0, 13.175, -7.1],
					"cubes": [
						{"origin": [-1.5, 12.175, -8.7], "size": [3, 1, 3], "inflate": 0.01, "pivot": [0, 12.675, -7.2], "rotation": [0, 45, 0], "uv": [60, 22]}
					]
				},
				{
					"name": "eye_left",
					"parent": "head",
					"pivot": [-1, 11.59564, -3.09165],
					"cubes": [
						{"origin": [0.5, 13.825, -7.7], "size": [2, 1, 1], "uv": [48, 68]},
						{"origin": [0.5, 14.325, -7.7], "size": [2, 1, 2], "inflate": 0.01, "uv": [96, 55]}
					]
				},
				{
					"name": "pupil_left",
					"parent": "eye_left",
					"pivot": [1.4, 14.725, -7.2],
					"cubes": [
						{"origin": [1.2, 14.225, -7.7], "size": [1, 1, 1], "inflate": 0.02, "uv": [60, 68]}
					]
				},
				{
					"name": "eyelid_left",
					"parent": "eye_left",
					"pivot": [-1, 11.325, -4.3],
					"cubes": [
						{"origin": [0.4, 13.825, -7.61], "size": [2, 1, 2], "inflate": 0.04, "uv": [76, 40]}
					]
				},
				{
					"name": "eyelid_unamused_left",
					"parent": "eye_left",
					"pivot": [-1.9, 12.025, -4.3],
					"cubes": [
						{"origin": [0.5, 14.85, -7.7], "size": [2, 1, 2], "inflate": 0.03, "uv": [84, 47]}
					]
				},
				{
					"name": "eyelid_angry_left",
					"parent": "eye_left",
					"pivot": [-1.9, 12.025, -4.3],
					"cubes": [
						{"origin": [0.5, 14.525, -7.7], "size": [1, 1, 2], "inflate": 0.05, "uv": [14, 100]}
					]
				},
				{
					"name": "eyelid_sad_left",
					"parent": "eye_left",
					"pivot": [-1.9, 12.025, -4.3],
					"cubes": [
						{"origin": [1.4, 14.825, -7.6], "size": [1, 1, 2], "inflate": 0.03, "uv": [20, 100]}
					]
				},
				{
					"name": "eyelid_happy_left",
					"parent": "eye_left",
					"pivot": [-1, 11.325, -4.2],
					"cubes": [
						{"origin": [0.4, 13.825, -7.6], "size": [2, 2, 2], "inflate": 0.04, "uv": [96, 27]},
						{"origin": [1.4, 14.325, -7.6], "size": [1, 1, 1], "inflate": 0.05, "uv": [42, 84]}
					]
				},
				{
					"name": "eyelid_recoil_left",
					"parent": "eye_left",
					"pivot": [-1, 11.625, -4.2],
					"cubes": [
						{"origin": [0.4, 13.825, -7.6], "size": [2, 2, 2], "inflate": 0.04, "uv": [96, 47]},
						{"origin": [1.4, 14.325, -7.6], "size": [1, 1, 2], "inflate": 0.05, "uv": [100, 74]}
					]
				},
				{
					"name": "eye_right",
					"parent": "head",
					"pivot": [1, 11.59564, -3.09165],
					"cubes": [
						{"origin": [-2.5, 13.825, -7.7], "size": [2, 1, 1], "uv": [54, 68]},
						{"origin": [-2.5, 14.325, -7.7], "size": [2, 1, 2], "inflate": 0.01, "uv": [100, 5]}
					]
				},
				{
					"name": "pupil_right",
					"parent": "eye_right",
					"pivot": [-1.4, 14.725, -7.2],
					"cubes": [
						{"origin": [-2.2, 14.225, -7.7], "size": [1, 1, 1], "inflate": 0.02, "uv": [92, 47]}
					]
				},
				{
					"name": "eyelid_right",
					"parent": "eye_right",
					"pivot": [1, 11.325, -4.2],
					"cubes": [
						{"origin": [-2.4, 13.825, -7.61], "size": [2, 1, 2], "inflate": 0.04, "uv": [100, 8]}
					]
				},
				{
					"name": "eyelid_unamused_right",
					"parent": "eye_right",
					"pivot": [1.9, 12.025, -4.3],
					"cubes": [
						{"origin": [-2.5, 14.85, -7.7], "size": [2, 1, 2], "inflate": 0.03, "uv": [100, 11]}
					]
				},
				{
					"name": "eyelid_angry_right",
					"parent": "eye_right",
					"pivot": [1.9, 12.025, -4.3],
					"cubes": [
						{"origin": [-1.5, 14.525, -7.7], "size": [1, 1, 2], "inflate": 0.05, "uv": [100, 77]}
					]
				},
				{
					"name": "eyelid_sad_right",
					"parent": "eye_right",
					"pivot": [1.9, 12.025, -4.3],
					"cubes": [
						{"origin": [-2.4, 14.825, -7.6], "size": [1, 1, 2], "inflate": 0.03, "uv": [100, 80]}
					]
				},
				{
					"name": "eyelid_happy_right",
					"parent": "eye_right",
					"pivot": [1, 11.325, -4.2],
					"cubes": [
						{"origin": [-2.4, 13.825, -7.6], "size": [2, 2, 2], "inflate": 0.04, "uv": [46, 99]},
						{"origin": [-2.4, 14.325, -7.6], "size": [1, 1, 1], "inflate": 0.05, "uv": [14, 93]}
					]
				},
				{
					"name": "eyelid_recoil_right",
					"parent": "eye_right",
					"pivot": [1, 11.625, -4.2],
					"cubes": [
						{"origin": [-2.4, 13.825, -7.6], "size": [2, 2, 2], "inflate": 0.04, "uv": [54, 99]},
						{"origin": [-2.4, 14.325, -7.6], "size": [1, 1, 2], "inflate": 0.05, "uv": [100, 83]}
					]
				},
				{
					"name": "wings_open",
					"parent": "chest",
					"pivot": [0, 10.225, -5.25]
				},
				{
					"name": "wing_open_left",
					"parent": "wings_open",
					"pivot": [4, 9.725, -6.25],
					"rotation": [-10, 0, 0],
					"cubes": [
						{"origin": [3, 8.725, -8], "size": [10, 2, 6], "uv": [0, 58]},
						{"origin": [0, 9.725, -3.25], "size": [14, 0, 7], "pivot": [9.5, 9.825, 3.75], "rotation": [0, -10, 0], "uv": [42, 43]}
					]
				},
				{
					"name": "wing_open_left2",
					"parent": "wing_open_left",
					"pivot": [13, 9.775, -8],
					"cubes": [
						{"origin": [12, 9.225, -8.25], "size": [7, 1, 7], "inflate": 0.01, "uv": [20, 66]},
						{"origin": [12, 9.225, -1.249], "size": [7, 1, 0], "inflate": 0.01, "pivot": [15.5, 9.725, -1.25], "rotation": [0.5, 0, 0], "uv": [48, 66]},
						{"origin": [19.001, 9.225, -8.25], "size": [0, 1, 7], "inflate": 0.01, "pivot": [19, 9.725, -4.25], "rotation": [0, 0, -0.5], "uv": [90, 58]},
						{"origin": [11.9999, 9.225, -8.25], "size": [0, 1, 7], "inflate": 0.01, "pivot": [12, 9.725, -4.25], "rotation": [0, 0, 0.5], "uv": [0, 93]},
						{"origin": [11, 9.825, -2.25], "size": [9, 0, 8], "pivot": [16.5, 9.825, 2.25], "rotation": [0, -20, 0], "uv": [0, 50]}
					]
				},
				{
					"name": "wing_open_left3",
					"parent": "wing_open_left2",
					"pivot": [19, 9.825, -8.25],
					"cubes": [
						{"origin": [19, 9.83, -8.25], "size": [11, 0, 13], "uv": [0, 0]}
					]
				},
				{
					"name": "wing_open_left4",
					"parent": "wing_open_left3",
					"pivot": [30, 9.825, -2.25],
					"cubes": [
						{"origin": [30, 9.825, -7.25], "size": [9, 0, 12], "uv": [0, 26]}
					]
				},
				{
					"name": "wing_open_right",
					"parent": "wings_open",
					"pivot": [-4, 9.725, -6.25],
					"rotation": [-10, 0, 0],
					"cubes": [
						{"origin": [-13, 8.725, -8], "size": [10, 2, 6], "uv": [32, 58]},
						{"origin": [-14, 9.725, -3.25], "size": [14, 0, 7], "pivot": [-9.5, 9.825, 3.75], "rotation": [0, 10, 0], "uv": [48, 0]}
					]
				},
				{
					"name": "wing_open_right2",
					"parent": "wing_open_right",
					"pivot": [-13, 9.775, -8],
					"cubes": [
						{"origin": [-19, 9.225, -8.25], "size": [7, 1, 7], "inflate": 0.01, "uv": [68, 50]},
						{"origin": [-19, 9.225, -1.249], "size": [7, 1, 0], "inflate": 0.01, "pivot": [-15.5, 9.725, -1.25], "rotation": [0.5, 0, 0], "uv": [48, 67]},
						{"origin": [-19.001, 9.225, -8.25], "size": [0, 1, 7], "inflate": 0.01, "pivot": [-19, 9.725, -4.25], "rotation": [0, 0, 0.5], "uv": [90, 66]},
						{"origin": [-20, 9.825, -2.25], "size": [9, 0, 8], "pivot": [-16.5, 9.825, 2.25], "rotation": [0, 20, 0], "uv": [34, 50]}
					]
				},
				{
					"name": "wing_open_right3",
					"parent": "wing_open_right2",
					"pivot": [-19, 9.825, -8.25],
					"cubes": [
						{"origin": [-30, 9.83, -8.25], "size": [11, 0, 13], "uv": [0, 13]}
					]
				},
				{
					"name": "wing_open_right4",
					"parent": "wing_open_right3",
					"pivot": [-30, 9.825, -2.25],
					"cubes": [
						{"origin": [-39, 9.825, -7.25], "size": [9, 0, 12], "uv": [0, 38]}
					]
				},
				{
					"name": "wings_closed",
					"parent": "chest",
					"pivot": [0, 8.575, -5]
				},
				{
					"name": "wing_closed_left",
					"parent": "wings_closed",
					"pivot": [4.5, 8.525, -4.15],
					"rotation": [-10, 2.5, -7.5],
					"cubes": [
						{"origin": [4, 3.725, -6.25], "size": [2, 8, 8], "uv": [0, 66]}
					]
				},
				{
					"name": "wing_closed_left4",
					"parent": "wing_closed_left",
					"pivot": [5.5, 4.025, 1.85],
					"rotation": [7.5, -2.5, 7.5],
					"cubes": [
						{"origin": [5.5, 4.025, 0.85], "size": [0, 2, 9], "uv": [0, 82]}
					]
				},
				{
					"name": "wing_closed_left5",
					"parent": "wing_closed_left4",
					"pivot": [5.5, 4.025, 9.85],
					"rotation": [2.5, -2.5, 0],
					"cubes": [
						{"origin": [5.5, 4.025, 9.85], "size": [0, 2, 7], "uv": [36, 86]}
					]
				},
				{
					"name": "wing_closed_left2",
					"parent": "wing_closed_left",
					"pivot": [5, 8.325, 1.85],
					"rotation": [0, -7.5, 0],
					"cubes": [
						{"origin": [4.5, 4.825, -0.25], "size": [1, 6, 7], "uv": [68, 81]}
					]
				},
				{
					"name": "wing_closed_left3",
					"parent": "wing_closed_left2",
					"pivot": [5, 7.825, 6.85],
					"cubes": [
						{"origin": [5, 5.025, 5.75], "size": [0, 5, 5], "uv": [64, 94]}
					]
				},
				{
					"name": "wing_closed_right",
					"parent": "wings_closed",
					"pivot": [-4.5, 8.525, -4.15],
					"rotation": [-10, -2.5, 7.5],
					"cubes": [
						{"origin": [-6, 3.725, -6.25], "size": [2, 8, 8], "uv": [48, 70]}
					]
				},
				{
					"name": "wing_closed_right4",
					"parent": "wing_closed_right",
					"pivot": [-5.5, 4.025, 1.85],
					"rotation": [7.5, 2.5, -7.5],
					"cubes": [
						{"origin": [-5.5, 4.025, 0.85], "size": [0, 2, 9], "uv": [18, 84]}
					]
				},
				{
					"name": "wing_closed_right5",
					"parent": "wing_closed_right4",
					"pivot": [-5.5, 4.025, 9.85],
					"rotation": [2.5, 2.5, 0],
					"cubes": [
						{"origin": [-5.5, 4.025, 9.85], "size": [0, 2, 7], "uv": [50, 86]}
					]
				},
				{
					"name": "wing_closed_right2",
					"parent": "wing_closed_right",
					"pivot": [-5, 8.325, 1.85],
					"rotation": [0, 7.5, 0],
					"cubes": [
						{"origin": [-5.5, 4.825, -0.25], "size": [1, 6, 7], "uv": [84, 81]}
					]
				},
				{
					"name": "wing_closed_right3",
					"parent": "wing_closed_right2",
					"pivot": [-5, 7.825, 6.85],
					"cubes": [
						{"origin": [-5, 5.025, 5.75], "size": [0, 5, 5], "uv": [74, 94]}
					]
				},
				{
					"name": "tail",
					"parent": "torso",
					"pivot": [0, 7.99043, 6.49857],
					"rotation": [2.5, 0, 0],
					"cubes": [
						{"origin": [-3, 4.49043, 5.49857], "size": [6, 6, 5], "uv": [68, 70]}
					]
				},
				{
					"name": "tail2",
					"parent": "tail",
					"pivot": [0, 8.49043, 10.49857]
				},
				{
					"name": "tail_left",
					"parent": "tail2",
					"pivot": [1.5, 8.49043, 10.49857],
					"rotation": [25, 15, -0.00002],
					"cubes": [
						{"origin": [0, 8.49043, 9.49857], "size": [3, 0, 8], "uv": [76, 32]}
					]
				},
				{
					"name": "tail_left2",
					"parent": "tail_left",
					"pivot": [1.8, 8.49043, 17.49857],
					"cubes": [
						{"origin": [0.8, 8.49043, 17.49857], "size": [2, 0, 7], "uv": [78, 15]}
					]
				},
				{
					"name": "tail_left3",
					"parent": "tail_left2",
					"pivot": [1.8, 8.49043, 24.49857],
					"cubes": [
						{"origin": [1.3, 8.49043, 24.49857], "size": [1, 0, 5], "uv": [14, 95]}
					]
				},
				{
					"name": "tail_right",
					"parent": "tail2",
					"pivot": [-1.5, 8.49043, 10.49857],
					"rotation": [25, -15, 0.00002],
					"cubes": [
						{"origin": [-3, 8.49043, 9.49857], "size": [3, 0, 8], "uv": [78, 7]}
					]
				},
				{
					"name": "tail_right2",
					"parent": "tail_right",
					"pivot": [-1.8, 8.49043, 17.49857],
					"cubes": [
						{"origin": [-2.8, 8.49043, 17.49857], "size": [2, 0, 7], "uv": [84, 40]}
					]
				},
				{
					"name": "tail_right3",
					"parent": "tail_right2",
					"pivot": [-1.8, 8.49043, 24.49857],
					"cubes": [
						{"origin": [-2.3, 8.49043, 24.49857], "size": [1, 0, 5], "uv": [26, 95]}
					]
				},
				{
					"name": "leg_left",
					"parent": "body",
					"pivot": [2.5, 4.425, 3.75],
					"rotation": [30, 0, 0],
					"cubes": [
						{"origin": [2, 1.675, 3.75], "size": [1, 4, 1], "inflate": 0.01, "uv": [64, 86]}
					]
				},
				{
					"name": "leg_left2",
					"parent": "leg_left",
					"pivot": [2.5, 1.675, 4.75],
					"rotation": [-47.5, 0, 0],
					"cubes": [
						{"origin": [2, -0.325, 3.75], "size": [1, 2, 1], "uv": [72, 22]}
					]
				},
				{
					"name": "foot_left",
					"parent": "leg_left2",
					"pivot": [2.5, 0.075, 4.75],
					"rotation": [17.5, 0, 0],
					"cubes": [
						{"origin": [1.5, -0.95135, 2.01519], "size": [2, 1, 3], "uv": [38, 95]}
					]
				},
				{
					"name": "toe_back_left",
					"parent": "foot_left",
					"pivot": [2.5, 0.04865, 5.01519],
					"cubes": [
						{"origin": [2, -0.95135, 5.01519], "size": [1, 1, 2], "inflate": 0.01, "uv": [58, 95]}
					]
				},
				{
					"name": "claw_back_left",
					"parent": "toe_back_left",
					"pivot": [2.5, 0.04865, 7.01519],
					"cubes": [
						{"origin": [2.5, -1.15135, 7.01519], "size": [0, 1, 1], "uv": [62, 66]}
					]
				},
				{
					"name": "toe_inner_left",
					"parent": "foot_left",
					"pivot": [2, 0.04865, 2.76519],
					"rotation": [0, 12.5, 0],
					"cubes": [
						{"origin": [1, -0.95135, -0.23481], "size": [1, 1, 3], "inflate": 0.01, "uv": [96, 15]}
					]
				},
				{
					"name": "claw_inner_left",
					"parent": "toe_inner_left",
					"pivot": [1.5, 0.04865, -0.23481],
					"cubes": [
						{"origin": [1.5, -1.15135, -1.23481], "size": [0, 1, 1], "uv": [18, 82]}
					]
				},
				{
					"name": "toe_middle_left",
					"parent": "foot_left",
					"pivot": [2.5, 0.04865, 2.51519],
					"cubes": [
						{"origin": [2, -0.95135, -0.48481], "size": [1, 1, 3], "inflate": 0.01, "uv": [96, 19]}
					]
				},
				{
					"name": "claw_middle_left",
					"parent": "toe_middle_left",
					"pivot": [2.5, 0.04865, -0.48481],
					"cubes": [
						{"origin": [2.5, -1.15135, -1.48481], "size": [0, 1, 1], "uv": [46, 84]}
					]
				},
				{
					"name": "toe_outer_left",
					"parent": "foot_left",
					"pivot": [3, 0.04865, 2.76519],
					"rotation": [0, -12.5, 0],
					"cubes": [
						{"origin": [3, -0.95135, -0.23481], "size": [1, 1, 3], "inflate": 0.01, "uv": [96, 23]}
					]
				},
				{
					"name": "claw_outer_left",
					"parent": "toe_outer_left",
					"pivot": [3.5, 0.04865, -0.23481],
					"cubes": [
						{"origin": [3.5, -1.15135, -1.23481], "size": [0, 1, 1], "uv": [62, 98]}
					]
				},
				{
					"name": "leg_right",
					"parent": "body",
					"pivot": [-2.5, 4.425, 3.75],
					"rotation": [30, 0, 0],
					"cubes": [
						{"origin": [-3, 1.675, 3.75], "size": [1, 4, 1], "inflate": 0.01, "uv": [26, 100]}
					]
				},
				{
					"name": "leg_right2",
					"parent": "leg_right",
					"pivot": [-2.5, 1.675, 4.75],
					"rotation": [-47.5, 0, 0],
					"cubes": [
						{"origin": [-3, -0.325, 3.75], "size": [1, 2, 1], "uv": [64, 91]}
					]
				},
				{
					"name": "foot_right",
					"parent": "leg_right2",
					"pivot": [-2.5, 0.075, 4.75],
					"rotation": [17.5, 0, 0],
					"cubes": [
						{"origin": [-3.5, -0.95135, 2.01519], "size": [2, 1, 3], "uv": [48, 95]}
					]
				},
				{
					"name": "toe_back_right",
					"parent": "foot_right",
					"pivot": [-2.5, 0.04865, 5.01519],
					"cubes": [
						{"origin": [-3, -0.95135, 5.01519], "size": [1, 1, 2], "inflate": 0.01, "uv": [30, 100]}
					]
				},
				{
					"name": "claw_back_right",
					"parent": "toe_back_right",
					"pivot": [-2.5, 0.04865, 7.01519],
					"cubes": [
						{"origin": [-2.5, -1.15135, 7.01519], "size": [0, 1, 1], "uv": [36, 100]}
					]
				},
				{
					"name": "toe_inner_right",
					"parent": "foot_right",
					"pivot": [-2, 0.04865, 2.76519],
					"rotation": [0, -12.5, 0],
					"cubes": [
						{"origin": [-2, -0.95135, -0.23481], "size": [1, 1, 3], "inflate": 0.01, "uv": [98, 31]}
					]
				},
				{
					"name": "claw_inner_right",
					"parent": "toe_inner_right",
					"pivot": [-1.5, 0.04865, -0.23481],
					"cubes": [
						{"origin": [-1.5, -1.15135, -1.23481], "size": [0, 1, 1], "uv": [62, 100]}
					]
				},
				{
					"name": "toe_middle_right",
					"parent": "foot_right",
					"pivot": [-2.5, 0.04865, 2.51519],
					"cubes": [
						{"origin": [-3, -0.95135, -0.48481], "size": [1, 1, 3], "inflate": 0.01, "uv": [98, 35]}
					]
				},
				{
					"name": "claw_middle_right",
					"parent": "toe_middle_right",
					"pivot": [-2.5, 0.04865, -0.48481],
					"cubes": [
						{"origin": [-2.5, -1.15135, -1.48481], "size": [0, 1, 1], "uv": [100, 86]}
					]
				},
				{
					"name": "toe_outer_right",
					"parent": "foot_right",
					"pivot": [-3, 0.04865, 2.76519],
					"rotation": [0, 12.5, 0],
					"cubes": [
						{"origin": [-4, -0.95135, -0.23481], "size": [1, 1, 3], "inflate": 0.01, "uv": [38, 99]}
					]
				},
				{
					"name": "claw_outer_right",
					"parent": "toe_outer_right",
					"pivot": [-3.5, 0.04865, -0.23481],
					"cubes": [
						{"origin": [-3.5, -1.15135, -1.23481], "size": [0, 1, 1], "uv": [100, 88]}
					]
				}
			]
		}
	]
}