{
	"format_version": "1.12.0",
	"minecraft:geometry": [
		{
			"description": {
				"identifier": "geometry.magmortar",
				"texture_width": 128,
				"texture_height": 128,
				"visible_bounds_width": 6,
				"visible_bounds_height": 4.5,
				"visible_bounds_offset": [0, 1.75, 0]
			},
			"bones": [
				{
					"name": "magmortar",
					"pivot": [0, 0, 0]
				},
				{
					"name": "body",
					"parent": "magmortar",
					"pivot": [0, 18, -0.5]
				},
				{
					"name": "torso",
					"parent": "body",
					"pivot": [0.5, 12.5, 0],
					"cubes": [
						{"origin": [-9.5, 8.5, -8.5], "size": [19, 18, 17], "uv": [0, 1]},
						{"origin": [-7.5, 26.5, -6.5], "size": [15, 4, 13], "uv": [0, 36]},
						{"origin": [4.5, 26, 6.6], "size": [0, 5, 9], "pivot": [4.5, 26, 6.6], "rotation": [40, 6, 0], "uv": [27, 44]},
						{"origin": [-4.5, 26, 6.6], "size": [0, 5, 9], "pivot": [-4.5, 26, 6.6], "rotation": [40, -6, 0], "uv": [27, 49]},
						{"origin": [4.5, 17.5, 8.5], "size": [0, 5, 10], "pivot": [4.5, 17.5, 8.5], "rotation": [40, 6, 0], "uv": [108, 11]},
						{"origin": [-4.5, 17.5, 8.5], "size": [0, 5, 10], "pivot": [-4.5, 17.5, 8.5], "rotation": [40, -6, 0], "uv": [43, 26]}
					]
				},
				{
                    "name": "locator_seat_1",
                    "parent": "body",
                    "pivot": [0, 31, 5],
                    "locators": {
                        "seat_1": [0, 31, 5]
                    }
                },
				{
					"name": "tail",
					"parent": "torso",
					"pivot": [0, 12.5, 7.5],
					"cubes": [
						{"origin": [-4.5, 7.5, 5.5], "size": [9, 9, 11], "uv": [45, 45]}
					]
				},
				{
					"name": "tail_flame",
					"parent": "tail",
					"pivot": [0, 13.5, 16.5],
					"cubes": [
						{"origin": [0, 8.5, 14.5], "size": [0, 8, 7], "uv": [52, 103]}
					]
				},
				{
					"name": "tail2",
					"parent": "tail",
					"pivot": [0, 16.5, 16.5],
					"cubes": [
						{"origin": [-2.5, 14.5, 14.5], "size": [5, 7, 8], "uv": [85, 48]}
					]
				},
				{
					"name": "tail_flame2",
					"parent": "tail2",
					"pivot": [0, 19, 19],
					"cubes": [
						{"origin": [0, 16.5, 16.5], "size": [0, 10, 13], "uv": [40, 105]}
					]
				},
				{
					"name": "head",
					"parent": "torso",
					"pivot": [-0.5, 30.5, -3],
					"cubes": [
						{"origin": [-4, 32.3, -8.5], "size": [8, 4, 5], "uv": [89, 73]},
						{"origin": [-4.5, 29.5, -5], "size": [9, 10, 6], "inflate": 0.01, "uv": [0, 112]}
					]
				},
				{
					"name": "eyes",
					"parent": "head",
					"pivot": [1, 4.8, -8.5]
				},
				{
					"name": "eye_right",
					"parent": "eyes",
					"pivot": [-3, 33.4, -7.5],
					"cubes": [
						{"origin": [-4, 32.4, -8.5], "size": [2, 1, 2], "inflate": 0.01, "uv": [82, 0]}
					]
				},
				{
					"name": "eye_emote_right",
					"parent": "eye_right",
					"pivot": [-3, 33.9, -7.5],
					"cubes": [
						{"origin": [-4, 33.4, -8.5], "size": [2, 1, 2], "inflate": 0.01, "uv": [55, 0]}
					]
				},
				{
					"name": "pupil_right",
					"parent": "eye_right",
					"pivot": [-2.7, 33.4, -8],
					"cubes": [
						{"origin": [-3.2, 32.9, -8.5], "size": [1, 1, 1], "inflate": 0.02, "uv": [0, 10]}
					]
				},
				{
					"name": "eyelid_right",
					"parent": "eye_right",
					"pivot": [-2.9, 33.4, -7.4],
					"cubes": [
						{"origin": [-3.9, 32.4, -8.4], "size": [2, 2, 2], "inflate": 0.02, "uv": [26, 94]}
					]
				},
				{
					"name": "eye_left",
					"parent": "eyes",
					"pivot": [3, 33.4, -7.5],
					"cubes": [
						{"origin": [2, 32.4, -8.5], "size": [2, 1, 2], "inflate": 0.01, "uv": [82, 3]}
					]
				},
				{
					"name": "eye_emote_left",
					"parent": "eye_left",
					"pivot": [3, 33.9, -7.5],
					"cubes": [
						{"origin": [2, 33.4, -8.5], "size": [2, 1, 2], "inflate": 0.01, "uv": [55, 3]}
					]
				},
				{
					"name": "pupil_left",
					"parent": "eye_left",
					"pivot": [2.7, 33.4, -8],
					"cubes": [
						{"origin": [2.2, 32.9, -8.5], "size": [1, 1, 1], "inflate": 0.02, "uv": [4, 10]}
					]
				},
				{
					"name": "eyelid_left",
					"parent": "eye_left",
					"pivot": [2.9, 33.4, -7.4],
					"cubes": [
						{"origin": [1.9, 32.4, -8.4], "size": [2, 2, 2], "inflate": 0.02, "uv": [26, 98], "mirror": true}
					]
				},
				{
					"name": "head_flap",
					"parent": "head",
					"pivot": [-0.5, 39.5, -5],
					"rotation": [9, 0, 0],
					"cubes": [
						{"origin": [-4.5, 34.5, -11], "size": [9, 5, 6], "uv": [87, 82]}
					]
				},
				{
					"name": "head_flame_right",
					"parent": "head",
					"pivot": [-4.5, 36.5, -1],
					"rotation": [0, 10, 0],
					"cubes": [
						{"origin": [-5.5, 35, -2], "size": [2, 3, 4], "inflate": 0.01, "uv": [0, 36], "mirror": true}
					]
				},
				{
					"name": "head_flame_right2",
					"parent": "head_flame_right",
					"pivot": [-4.5, 37, 1.5],
					"rotation": [-10, -45, 10],
					"cubes": [
						{"origin": [-4.5, 36, 1], "size": [0, 4, 3], "uv": [31, 115], "mirror": true}
					]
				},
				{
					"name": "head_flame_left",
					"parent": "head",
					"pivot": [4.5, 36.5, -1],
					"rotation": [0, -10, 0],
					"cubes": [
						{"origin": [3.5, 35, -2], "size": [2, 3, 4], "inflate": 0.01, "uv": [43, 42]}
					]
				},
				{
					"name": "head_flame_left2",
					"parent": "head_flame_left",
					"pivot": [4.5, 37, 1.5],
					"rotation": [-10, 45, -10],
					"cubes": [
						{"origin": [4.5, 36, 1], "size": [0, 4, 3], "uv": [31, 120]}
					]
				},
				{
					"name": "head_flame_top",
					"parent": "head",
					"pivot": [-0.5, 39.2, -2.4],
					"rotation": [-8, 0, 0],
					"cubes": [
						{"origin": [-2.5, 39.2, -4.9], "size": [5, 4, 6], "inflate": 0.01, "uv": [72, 68]},
						{"origin": [-1.5, 43.2, -3.4], "size": [3, 2, 3], "inflate": 0.01, "uv": [0, 44]}
					]
				},
				{
					"name": "head_flame_top2",
					"parent": "head",
					"pivot": [0, 44.2, -1.9],
					"cubes": [
						{"origin": [-3.5, 43.2, -1.9], "size": [7, 5, 0], "uv": [37, 113]}
					]
				},
				{
					"name": "lips",
					"parent": "head",
					"pivot": [-4, 32.7, -5.7]
				},
				{
					"name": "lip_top",
					"parent": "lips",
					"pivot": [-4, 32.7, -5.7],
					"cubes": [
						{"origin": [-5, 30.5, -7.7], "size": [2, 2, 5], "inflate": -0.09, "pivot": [-4.5, 30.59, -7.58], "rotation": [35, 0, 0], "uv": [78, 78]},
						{"origin": [-5, 30.5, -2.9], "size": [1, 2, 2], "inflate": -0.09, "pivot": [-4.5, 30.59, -7.58], "rotation": [35, 0, 0], "uv": [0, 57]},
						{"origin": [4, 30.5, -2.9], "size": [1, 2, 2], "inflate": -0.09, "pivot": [4.5, 30.59, -7.58], "rotation": [35, 0, 0], "uv": [0, 61], "mirror": true},
						{"origin": [3, 30.5, -7.7], "size": [2, 2, 5], "inflate": -0.09, "pivot": [4.5, 30.59, -7.58], "rotation": [35, 0, 0], "uv": [114, 66]}
					]
				},
				{
					"name": "lip_right",
					"parent": "lip_top",
					"pivot": [-4.5, 31.5, -8.5],
					"cubes": [
						{"origin": [-5, 30.5, -9.5], "size": [3, 2, 2], "inflate": -0.08, "uv": [118, 0]}
					]
				},
				{
					"name": "lip_left",
					"parent": "lip_top",
					"pivot": [4.5, 31.5, -8.5],
					"cubes": [
						{"origin": [2, 30.5, -9.5], "size": [3, 2, 2], "inflate": -0.08, "uv": [118, 4]}
					]
				},
				{
					"name": "lip_middle",
					"parent": "lip_top",
					"pivot": [0, 31.5, -8.5],
					"cubes": [
						{"origin": [-2.5, 30.5, -9.5], "size": [5, 2, 2], "inflate": -0.08, "uv": [95, 93]}
					]
				},
				{
					"name": "tooth",
					"parent": "lip_middle",
					"pivot": [0, 31.6, -8.4],
					"cubes": [
						{"origin": [-2, 30.6, -8.4], "size": [4, 1, 0], "uv": [55, 6]}
					]
				},
				{
					"name": "lip_bottom",
					"parent": "lips",
					"pivot": [0, 32.1, -4.1],
					"cubes": [
						{"origin": [-5, 29.05, -9], "size": [10, 2, 2], "inflate": -0.1, "uv": [0, 53]},
						{"origin": [-4, 29.7, -7.1], "size": [8, 0, 5], "pivot": [0, 29.15, -7.1], "rotation": [35, 0, 0], "uv": [-5, 13]},
						{"origin": [-4, 29.15, -7.1], "size": [8, 0, 5], "pivot": [0, 29.15, -7.1], "rotation": [35, 0, 0], "uv": [-5, 13]},
						{"origin": [-2.5, 29.6, -7.1], "size": [5, 1, 3], "pivot": [0, 29.15, -7.1], "rotation": [35, 0, 0], "uv": [107, 101]},
						{"origin": [-5, 29.05, -7.2], "size": [2, 2, 5], "inflate": -0.11, "pivot": [-4.5, 29.15, -7.1], "rotation": [35, 0, 0], "uv": [86, 20]},
						{"origin": [-5, 29.05, -2.45], "size": [1, 2, 2], "inflate": -0.11, "pivot": [-4.5, 29.15, -7.1], "rotation": [35, 0, 0], "uv": [36, 63]},
						{"origin": [4, 29.05, -2.45], "size": [1, 2, 2], "inflate": -0.11, "pivot": [4.5, 29.15, -7.1], "rotation": [35, 0, 0], "uv": [36, 67], "mirror": true},
						{"origin": [3, 29.05, -7.2], "size": [2, 2, 5], "inflate": -0.11, "pivot": [4.5, 29.15, -7.1], "rotation": [35, 0, 0], "uv": [72, 20]},
						{"origin": [-4.5, 29.5, -7], "size": [9, 2, 4], "inflate": 0.01, "uv": [102, 105]}
					]
				},
				{
					"name": "arm_right",
					"parent": "torso",
					"pivot": [-10, 30.5, -1],
					"cubes": [
						{"origin": [-14.5, 26, -5.5], "size": [9, 9, 9], "uv": [55, 0]}
					]
				},
				{
					"name": "arm_flame_right",
					"parent": "arm_right",
					"pivot": [-8.5, 35, -1],
					"cubes": [
						{"origin": [-13.5, 34, -3], "size": [6, 6, 4], "uv": [0, 102]}
					]
				},
				{
					"name": "arm_flame_right2",
					"parent": "arm_flame_right",
					"pivot": [-10.5, 38, -1],
					"cubes": [
						{"origin": [-19.5, 33, -1], "size": [15, 17, 0], "uv": [67, 111]}
					]
				},
				{
					"name": "arm_right2",
					"parent": "arm_right",
					"pivot": [-14.5, 30.5, -1],
					"cubes": [
						{"origin": [-19.25, 28, -3.5], "size": [6, 5, 5], "uv": [103, 46]},
						{"origin": [-20, 26, -5.5], "size": [3, 9, 9], "uv": [36, 85]}
					]
				},
				{
					"name": "arm_right3",
					"parent": "arm_right2",
					"pivot": [-20, 30.5, 3],
					"cubes": [
						{"origin": [-24, 26.5, -5], "size": [4, 8, 8], "uv": [79, 93]}
					]
				},
				{
					"name": "arm_right4",
					"parent": "arm_right3",
					"pivot": [-24, 34.5, 3],
					"cubes": [
						{"origin": [-29, 26.5, -5], "size": [5, 8, 8], "inflate": 0.01, "uv": [0, 86]}
					]
				},
				{
					"name": "cannon_flap_top_right",
					"parent": "arm_right4",
					"pivot": [-29, 33.5, -1],
					"cubes": [
						{"origin": [-34, 33.5, -5], "size": [5, 1, 8], "inflate": 0.015, "uv": [100, 1]}
					]
				},
				{
					"name": "cannon_flap_front_right",
					"parent": "arm_right4",
					"pivot": [-29, 30.5, -4],
					"cubes": [
						{"origin": [-34, 26.5, -5], "size": [5, 8, 1], "inflate": 0.01, "uv": [63, 65]}
					]
				},
				{
					"name": "cannon_flap_bottom_right",
					"parent": "arm_right4",
					"pivot": [-29, 27.5, -1],
					"cubes": [
						{"origin": [-34, 26.5, -5], "size": [5, 1, 8], "inflate": 0.015, "uv": [82, 0]}
					]
				},
				{
					"name": "cannon_flap_back_right",
					"parent": "arm_right4",
					"pivot": [-29, 30.5, 2],
					"cubes": [
						{"origin": [-34, 26.5, 2], "size": [5, 8, 1], "inflate": 0.01, "uv": [12, 77]}
					]
				},
				{
					"name": "hand_right",
					"parent": "arm_right4",
					"pivot": [-31, 30.5, -1],
					"cubes": [
						{"origin": [-33, 27.5, -4], "size": [2, 6, 6], "inflate": 0.01, "uv": [111, 88]}
					]
				},
				{
					"name": "claw_back_right",
					"parent": "hand_right",
					"pivot": [-33, 28, 1.5],
					"rotation": [35, 0, 0],
					"cubes": [
						{"origin": [-36, 28, 1.5], "size": [3, 2, 0], "uv": [0, 2]}
					]
				},
				{
					"name": "claw_top_right",
					"parent": "hand_right",
					"pivot": [-33, 33, -1],
					"cubes": [
						{"origin": [-36, 31, -1], "size": [3, 2, 0], "uv": [0, 0]}
					]
				},
				{
					"name": "claw_front_right",
					"parent": "hand_right",
					"pivot": [-33, 28, -3.5],
					"rotation": [-35, 0, 0],
					"cubes": [
						{"origin": [-36, 28, -3.5], "size": [3, 2, 0], "uv": [0, 4]}
					]
				},
				{
					"name": "arm_left",
					"parent": "torso",
					"pivot": [10, 30.5, -1],
					"cubes": [
						{"origin": [5.5, 26, -5.5], "size": [9, 9, 9], "uv": [63, 27]}
					]
				},
				{
					"name": "arm_flame_left",
					"parent": "arm_left",
					"pivot": [8.5, 35, -1],
					"cubes": [
						{"origin": [7.5, 34, -3], "size": [6, 6, 4], "uv": [20, 102]}
					]
				},
				{
					"name": "arm_flame_left2",
					"parent": "arm_flame_left",
					"pivot": [10.5, 38, -1],
					"cubes": [
						{"origin": [4.5, 33, -1], "size": [15, 17, 0], "uv": [98, 111]}
					]
				},
				{
					"name": "arm_left2",
					"parent": "arm_left",
					"pivot": [14.5, 30.5, -1],
					"cubes": [
						{"origin": [13.25, 28, -3.5], "size": [6, 5, 5], "uv": [99, 36]},
						{"origin": [17, 26, -5.5], "size": [3, 9, 9], "uv": [63, 78]}
					]
				},
				{
					"name": "arm_left3",
					"parent": "arm_left2",
					"pivot": [20, 30.5, 3],
					"cubes": [
						{"origin": [20, 26.5, -5], "size": [4, 8, 8], "uv": [92, 20]}
					]
				},
				{
					"name": "arm_left4",
					"parent": "arm_left3",
					"pivot": [24, 34.5, 3],
					"cubes": [
						{"origin": [24, 26.5, -5], "size": [5, 8, 8], "inflate": 0.01, "uv": [18, 78]}
					]
				},
				{
					"name": "cannon_flap_top_left",
					"parent": "arm_left4",
					"pivot": [29, 33.5, -1],
					"cubes": [
						{"origin": [29, 33.5, -5], "size": [5, 1, 8], "inflate": 0.015, "uv": [83, 10]}
					]
				},
				{
					"name": "cannon_flap_front_left",
					"parent": "arm_left4",
					"pivot": [29, 30.5, -4],
					"cubes": [
						{"origin": [29, 26.5, -5], "size": [5, 8, 1], "inflate": 0.01, "uv": [51, 85]}
					]
				},
				{
					"name": "cannon_flap_bottom_left",
					"parent": "arm_left4",
					"pivot": [29, 27.5, -1],
					"cubes": [
						{"origin": [29, 26.5, -5], "size": [5, 1, 8], "inflate": 0.015, "uv": [101, 11]}
					]
				},
				{
					"name": "cannon_flap_back_left",
					"parent": "arm_left4",
					"pivot": [29, 30.5, 2],
					"cubes": [
						{"origin": [29, 26.5, 2], "size": [5, 8, 1], "inflate": 0.01, "uv": [0, 77]}
					]
				},
				{
					"name": "hand_left",
					"parent": "arm_left4",
					"pivot": [31, 30.5, -1],
					"cubes": [
						{"origin": [31, 27.5, -4], "size": [2, 6, 6], "inflate": 0.01, "uv": [111, 76], "mirror": true}
					]
				},
				{
					"name": "claw_back_left",
					"parent": "hand_left",
					"pivot": [33, 28, 1.5],
					"rotation": [35, 0, 0],
					"cubes": [
						{"origin": [33, 28, 1.5], "size": [3, 2, 0], "uv": [6, 2], "mirror": true}
					]
				},
				{
					"name": "claw_top_left",
					"parent": "hand_left",
					"pivot": [33, 33, -1],
					"cubes": [
						{"origin": [33, 31, -1], "size": [3, 2, 0], "uv": [6, 0], "mirror": true}
					]
				},
				{
					"name": "claw_front_left",
					"parent": "hand_left",
					"pivot": [33, 28, -3.5],
					"rotation": [-35, 0, 0],
					"cubes": [
						{"origin": [33, 28, -3.5], "size": [3, 2, 0], "uv": [6, 4], "mirror": true}
					]
				},
				{
					"name": "leg_right",
					"parent": "body",
					"pivot": [-10, 13, -0.5],
					"cubes": [
						{"origin": [-14.5, 7.5, -4.5], "size": [9, 11, 9], "uv": [36, 65]}
					]
				},
				{
					"name": "leg_right2",
					"parent": "leg_right",
					"pivot": [-10, 7.5, -2],
					"cubes": [
						{"origin": [-12, 2, -2], "size": [4, 6, 4], "uv": [74, 45]}
					]
				},
				{
					"name": "foot_right",
					"parent": "leg_right2",
					"pivot": [-10, 3, 0],
					"cubes": [
						{"origin": [-13, 0, -4], "size": [6, 3, 7], "uv": [53, 98]}
					]
				},
				{
					"name": "toes_right",
					"parent": "foot_right",
					"pivot": [-10, 0, -4]
				},
				{
					"name": "toe_inner_right",
					"parent": "toes_right",
					"pivot": [-8.2, 2, -4],
					"cubes": [
						{"origin": [-8.2, 0, -8], "size": [0, 2, 4], "uv": [0, 4]}
					]
				},
				{
					"name": "toe_outer_right",
					"parent": "toes_right",
					"pivot": [-11.8, 2, -4],
					"cubes": [
						{"origin": [-11.8, 0, -8], "size": [0, 2, 4], "uv": [0, 2]}
					]
				},
				{
					"name": "leg_left",
					"parent": "body",
					"pivot": [10, 13, -0.5],
					"cubes": [
						{"origin": [5.5, 7.5, -4.5], "size": [9, 11, 9], "uv": [0, 57]}
					]
				},
				{
					"name": "leg_left2",
					"parent": "leg_left",
					"pivot": [10, 7.5, -2],
					"cubes": [
						{"origin": [8, 2, -2], "size": [4, 6, 4], "uv": [111, 56]}
					]
				},
				{
					"name": "foot_left",
					"parent": "leg_left2",
					"pivot": [10, 3, 0],
					"cubes": [
						{"origin": [7, 0, -4], "size": [6, 3, 7], "uv": [88, 63]}
					]
				},
				{
					"name": "toes_left",
					"parent": "foot_left",
					"pivot": [10, 0, -4]
				},
				{
					"name": "toe_inner_left",
					"parent": "toes_left",
					"pivot": [8.2, 2, -4],
					"cubes": [
						{"origin": [8.2, 0, -8], "size": [0, 2, 4], "uv": [8, 4]}
					]
				},
				{
					"name": "toe_outer_left",
					"parent": "toes_left",
					"pivot": [11.8, 2, -4],
					"cubes": [
						{"origin": [11.8, 0, -8], "size": [0, 2, 4], "uv": [8, 2]}
					]
				}
			]
		}
	]
}