{
	"format_version": "1.12.0",
	"minecraft:geometry": [
		{
			"description": {
				"identifier": "geometry.annihilape",
				"texture_width": 128,
				"texture_height": 64,
				"visible_bounds_width": 3,
				"visible_bounds_height": 3.5,
				"visible_bounds_offset": [0, 1.25, 0]
			},
			"bones": [
				{
					"name": "annihilape",
					"pivot": [0, 0, 0]
				},
				{
					"name": "body",
					"parent": "annihilape",
					"pivot": [0, 7.25, 1.5]
				},
				{
                    "name": "locator_seat_1",
                    "parent": "body",
                    "pivot": [0, 19, 2],
                    "locators": {
                        "seat_1": [0, 19, 2]
                    }
                },
				{
					"name": "torso",
					"parent": "body",
					"pivot": [0, 9, 1.5],
					"cubes": [
						{"origin": [-5.5, 8, -5], "size": [11, 11, 10], "uv": [0, 0]},
						{"origin": [0.75, 16.25, -5.03], "size": [2, 2, 0], "inflate": 0.01, "pivot": [2, 17, -5.03], "rotation": [0, 0, 15], "uv": [0, 0]},
						{"origin": [-4.5, 16.5, -5.03], "size": [2, 2, 0], "inflate": 0.01, "pivot": [-3, 17, -5.03], "rotation": [0, 0, -45], "uv": [0, 2], "mirror": true}
					]
				},
				{
					"name": "nose",
					"parent": "torso",
					"pivot": [0, 14.5, -5],
					"cubes": [
						{"origin": [-1.5, 13.5, -6], "size": [3, 2, 1], "uv": [48, 0]}
					]
				},
				{
					"name": "eyes",
					"parent": "torso",
					"pivot": [0, 9, 1.5]
				},
				{
					"name": "eye_left",
					"parent": "eyes",
					"pivot": [2.5, 15, -5.01],
					"cubes": [
						{"origin": [1, 14.5, -5.01], "size": [3, 1, 0], "uv": [4, 0]}
					]
				},
				{
					"name": "eyebrow_left",
					"parent": "eye_left",
					"pivot": [1, 15.5, -5.01],
					"rotation": [0, 0, -10],
					"cubes": [
						{"origin": [1, 15, -5.02], "size": [3, 2, 0], "inflate": 0.01, "uv": [4, 1]}
					]
				},
				{
					"name": "eyelid_left",
					"parent": "eye_left",
					"pivot": [2.5, 15, -4.42],
					"cubes": [
						{"origin": [1, 14.5, -4.92], "size": [3, 1, 1], "uv": [52, 31]}
					]
				},
				{
					"name": "locator_eye_left",
					"parent": "eye_left",
					"pivot": [2.25, 15, -5],
					"locators": {
						"eye_left": [2.25, 15, -5]
					}
				},
				{
					"name": "eye_right",
					"parent": "eyes",
					"pivot": [-2.5, 15, -5.01],
					"cubes": [
						{"origin": [-4, 14.5, -5.01], "size": [3, 1, 0], "uv": [4, 3], "mirror": true}
					]
				},
				{
					"name": "eyebrow_right",
					"parent": "eye_right",
					"pivot": [-1, 15.5, -5.01],
					"rotation": [0, 0, 10],
					"cubes": [
						{"origin": [-4, 15, -5.02], "size": [3, 2, 0], "inflate": 0.01, "uv": [4, 4], "mirror": true}
					]
				},
				{
					"name": "eyelid_right",
					"parent": "eye_right",
					"pivot": [-2.5, 15, -4.42],
					"cubes": [
						{"origin": [-4, 14.5, -4.92], "size": [3, 1, 1], "uv": [52, 33], "mirror": true}
					]
				},
				{
					"name": "locator_eye_right",
					"parent": "eye_right",
					"pivot": [-2.25, 15, -5],
					"locators": {
						"eye_right": [-2.25, 15, -5]
					}
				},
				{
					"name": "ears",
					"parent": "torso",
					"pivot": [0, 18, -5]
				},
				{
					"name": "ear_left",
					"parent": "ears",
					"pivot": [1.25, 18, -5],
					"rotation": [30, 0, 10],
					"cubes": [
						{"origin": [1.25, 18, -5], "size": [4, 4, 0], "inflate": 0.01, "uv": [36, 22]}
					]
				},
				{
					"name": "ear_left_fur",
					"parent": "ear_left",
					"pivot": [3.25, 22, -5],
					"cubes": [
						{"origin": [0.25, 22, -5], "size": [6, 4, 0], "uv": [44, 21]}
					]
				},
				{
					"name": "ear_left_fur2",
					"parent": "ear_left_fur",
					"pivot": [0.25, 26, -5],
					"cubes": [
						{"origin": [-0.75, 26, -5], "size": [8, 6, 0], "uv": [44, 25]}
					]
				},
				{
					"name": "ear_right",
					"parent": "ears",
					"pivot": [-1.25, 18, -5],
					"rotation": [30, 0, -10],
					"cubes": [
						{"origin": [-5.25, 18, -5], "size": [4, 4, 0], "inflate": 0.01, "uv": [36, 26], "mirror": true}
					]
				},
				{
					"name": "ear_right_fur",
					"parent": "ear_right",
					"pivot": [-3.25, 22, -5],
					"cubes": [
						{"origin": [-6.25, 22, -5], "size": [6, 4, 0], "uv": [52, 17], "mirror": true}
					]
				},
				{
					"name": "ear_right_fur2",
					"parent": "ear_right_fur",
					"pivot": [-0.25, 26, -5],
					"cubes": [
						{"origin": [-7.25, 26, -5], "size": [8, 6, 0], "uv": [36, 31], "mirror": true}
					]
				},
				{
					"name": "arms",
					"parent": "torso",
					"pivot": [0, 14.5, 0]
				},
				{
					"name": "arm_left",
					"parent": "arms",
					"pivot": [5.5, 14, 0],
					"cubes": [
						{"origin": [4.5, 13.5, -1], "size": [5, 1, 2], "uv": [0, 43]}
					]
				},
				{
					"name": "arm_left2",
					"parent": "arm_left",
					"pivot": [9.5, 14, 1],
					"cubes": [
						{"origin": [9.5, 13, -2], "size": [2, 2, 3], "inflate": 0.01, "uv": [24, 33]},
						{"origin": [11, 12.5, -2.5], "size": [7, 3, 4], "inflate": 0.01, "uv": [14, 43]},
						{"origin": [13, 15.51, -2], "size": [5, 0, 3], "inflate": 0.01, "uv": [31, 37]},
						{"origin": [15, 11.5, -3], "size": [3, 5, 5], "inflate": 0.02, "uv": [36, 43]},
						{"origin": [15, 14.5, 0], "size": [3, 2, 0], "inflate": 0.02, "uv": [32, 43]},
						{"origin": [15, 14.5, -1], "size": [3, 2, 0], "inflate": 0.02, "uv": [32, 45]}
					]
				},
				{
					"name": "hand_left",
					"parent": "arm_left2",
					"pivot": [18, 15.5, 1.5],
					"cubes": [
						{"origin": [18, 13.5, -2.5], "size": [4, 2, 4], "inflate": 0.02, "uv": [0, 57]}
					]
				},
				{
					"name": "fingers_left",
					"parent": "hand_left",
					"pivot": [22, 15.5, -0.5],
					"cubes": [
						{"origin": [22, 14.5, -2.5], "size": [2, 1, 4], "inflate": 0.01, "uv": [28, 54]}
					]
				},
				{
					"name": "fingers_left2",
					"parent": "fingers_left",
					"pivot": [24, 15.5, -0.5],
					"cubes": [
						{"origin": [24, 14.5, -2.5], "size": [2, 1, 4], "uv": [36, 53]}
					]
				},
				{
					"name": "thumb_left",
					"parent": "hand_left",
					"pivot": [20, 14, -2.5],
					"cubes": [
						{"origin": [19.5, 13, -3], "size": [2, 2, 1], "inflate": 0.01, "uv": [18, 50]}
					]
				},
				{
					"name": "thumb_left2",
					"parent": "thumb_left",
					"pivot": [21.5, 14, -3],
					"cubes": [
						{"origin": [21.5, 13, -3], "size": [2, 2, 1], "uv": [12, 57]}
					]
				},
				{
					"name": "locator_hand_secondary",
					"parent": "hand_left",
					"pivot": [22, 14.5, -0.5],
					"locators": {
						"hand_secondary": [22, 14.5, -0.5]
					}
				},
				{
					"name": "arm_right",
					"parent": "arms",
					"pivot": [-5.5, 14, 0],
					"cubes": [
						{"origin": [-9.5, 13.5, -1], "size": [5, 1, 2], "uv": [0, 46], "mirror": true}
					]
				},
				{
					"name": "arm_right2",
					"parent": "arm_right",
					"pivot": [-9.5, 14, 1],
					"cubes": [
						{"origin": [-11.5, 13, -2], "size": [2, 2, 3], "inflate": 0.01, "uv": [27, 38], "mirror": true},
						{"origin": [-18, 12.5, -2.5], "size": [7, 3, 4], "inflate": 0.01, "uv": [0, 50], "mirror": true},
						{"origin": [-18, 15.51, -2], "size": [5, 0, 3], "inflate": 0.01, "uv": [34, 40], "mirror": true}
					]
				},
				{
					"name": "hand_right",
					"parent": "arm_right2",
					"pivot": [-18, 15.5, 1.5],
					"cubes": [
						{"origin": [-22, 13.5, -2.5], "size": [4, 2, 4], "inflate": 0.02, "uv": [16, 57], "mirror": true}
					]
				},
				{
					"name": "fingers_right",
					"parent": "hand_right",
					"pivot": [-22, 15.5, -0.5],
					"cubes": [
						{"origin": [-24, 14.5, -2.5], "size": [2, 1, 4], "inflate": 0.01, "uv": [28, 59], "mirror": true}
					]
				},
				{
					"name": "fingers_right2",
					"parent": "fingers_right",
					"pivot": [-24, 15.5, -0.5],
					"cubes": [
						{"origin": [-26, 14.5, -2.5], "size": [2, 1, 4], "uv": [36, 58], "mirror": true}
					]
				},
				{
					"name": "thumb_right",
					"parent": "hand_right",
					"pivot": [-20, 14, -2.5],
					"cubes": [
						{"origin": [-21.5, 13, -3], "size": [2, 2, 1], "inflate": 0.01, "uv": [24, 50], "mirror": true}
					]
				},
				{
					"name": "thumb_right2",
					"parent": "thumb_right",
					"pivot": [-21.5, 14, -3],
					"cubes": [
						{"origin": [-23.5, 13, -3], "size": [2, 2, 1], "uv": [22, 54], "mirror": true}
					]
				},
				{
					"name": "locator_hand_primary",
					"parent": "hand_right",
					"pivot": [-22, 14.5, -0.5],
					"rotation": [0, 90, 0],
					"locators": {
						"hand_primary": [-22, 14.5, -0.5],
						"physical": [-22, 14.5, -0.5]
					}
				},
				{
					"name": "locator_special",
					"parent": "hand_right",
					"pivot": [-22, 15.5, -0.5],
					"locators": {
						"special": [-22, 15.5, -0.5]
					}
				},
				{
					"name": "locator_item",
					"parent": "hand_right",
					"pivot": [-21, 13.5, -0.5],
					"rotation": [90, 0, 0],
					"locators": {
						"item": [-21, 13.5, -0.5]
					}
				},
				{
					"name": "hair",
					"parent": "torso",
					"pivot": [0, 19, 0]
				},
				{
					"name": "hair_front",
					"parent": "hair",
					"pivot": [0, 19, -0.5],
					"cubes": [
						{"origin": [-2, 19, -4.5], "size": [4, 4, 4], "inflate": 0.03, "uv": [58, 0]}
					]
				},
				{
					"name": "hair_front2",
					"parent": "hair_front",
					"pivot": [0, 22.5, -2.5],
					"cubes": [
						{"origin": [-1.5, 22.5, -4.5], "size": [3, 3, 4], "inflate": 0.02, "uv": [74, 0]}
					]
				},
				{
					"name": "hair_front3",
					"parent": "hair_front2",
					"pivot": [0, 25, -2.5],
					"cubes": [
						{"origin": [-1, 25, -4.5], "size": [2, 3, 4], "inflate": 0.01, "uv": [65, 10]}
					]
				},
				{
					"name": "hair_front4",
					"parent": "hair_front3",
					"pivot": [0, 27.5, -2.5],
					"cubes": [
						{"origin": [-1, 27.5, -4], "size": [2, 3, 3], "uv": [59, 8]}
					]
				},
				{
					"name": "hair_front5",
					"parent": "hair_front4",
					"pivot": [0, 30, -2.5],
					"cubes": [
						{"origin": [-0.5, 30, -3.5], "size": [1, 3, 2], "uv": [60, 26]}
					]
				},
				{
					"name": "hair_front_end",
					"parent": "hair_front5",
					"pivot": [0, 32.5, -2.5],
					"cubes": [
						{"origin": [0, 32.5, -3.5], "size": [0, 4, 3], "uv": [72, -3]}
					]
				},
				{
					"name": "hair_back",
					"parent": "hair",
					"pivot": [0, 19, 2],
					"rotation": [-40, 0, 0]
				},
				{
					"name": "hair_back_rotation",
					"parent": "hair_back",
					"pivot": [0, 19, 2],
					"cubes": [
						{"origin": [-1.5, 19, 2], "size": [3, 4, 4], "inflate": 0.02, "uv": [114, 20]}
					]
				},
				{
					"name": "hair_back2",
					"parent": "hair_back_rotation",
					"pivot": [0, 22.5, 4],
					"cubes": [
						{"origin": [-1, 22.5, 2], "size": [2, 4, 4], "uv": [102, 22]}
					]
				},
				{
					"name": "hair_back3",
					"parent": "hair_back2",
					"pivot": [0, 26, 4],
					"cubes": [
						{"origin": [-0.5, 26, 2.5], "size": [1, 3, 3], "inflate": 0.01, "uv": [94, 24]}
					]
				},
				{
					"name": "hair_back_end",
					"parent": "hair_back3",
					"pivot": [0, 28.5, 4],
					"cubes": [
						{"origin": [0, 28.5, 3], "size": [0, 3, 2], "inflate": 0.01, "uv": [114, 18]}
					]
				},
				{
					"name": "hair_left",
					"parent": "hair",
					"pivot": [0.5, 19, 1],
					"rotation": [0, 0, 10]
				},
				{
					"name": "hair_left_rotation",
					"parent": "hair_left",
					"pivot": [0.5, 19, 1],
					"cubes": [
						{"origin": [0.5, 19, -3], "size": [4, 5, 4], "inflate": 0.01, "uv": [88, 0]}
					]
				},
				{
					"name": "hair_left2",
					"parent": "hair_left_rotation",
					"pivot": [2.5, 23.5, -3],
					"cubes": [
						{"origin": [1, 23.5, -3], "size": [3, 3, 4], "uv": [73, 7]}
					]
				},
				{
					"name": "hair_left3",
					"parent": "hair_left2",
					"pivot": [2.5, 26, -2.5],
					"cubes": [
						{"origin": [1.5, 26, -2.5], "size": [2, 3, 3], "inflate": 0.01, "uv": [97, 9]}
					]
				},
				{
					"name": "hair_left4",
					"parent": "hair_left3",
					"pivot": [2.5, 28.5, -2.5],
					"cubes": [
						{"origin": [2, 28.5, -2.5], "size": [1, 3, 3], "uv": [120, 0]}
					]
				},
				{
					"name": "hair_left_end",
					"parent": "hair_left4",
					"pivot": [2.5, 31, -2],
					"cubes": [
						{"origin": [2.5, 31, -2], "size": [0, 3, 2], "inflate": 0.01, "uv": [84, -1]}
					]
				},
				{
					"name": "hair_back_left",
					"parent": "hair",
					"pivot": [2.5, 19, 1.5],
					"rotation": [0, 0, 35]
				},
				{
					"name": "hair_back_left_rotation",
					"parent": "hair_back_left",
					"pivot": [2.5, 19, 1.5],
					"cubes": [
						{"origin": [2.5, 18.5, -0.5], "size": [3, 5, 4], "inflate": 0.02, "uv": [60, 17]}
					]
				},
				{
					"name": "hair_back_left2",
					"parent": "hair_back_left_rotation",
					"pivot": [4, 23, 0],
					"cubes": [
						{"origin": [3, 23, 0], "size": [2, 4, 3], "uv": [88, 17]}
					]
				},
				{
					"name": "hair_back_left3",
					"parent": "hair_back_left2",
					"pivot": [4, 26.5, 0.5],
					"cubes": [
						{"origin": [3.5, 26.5, 0.5], "size": [1, 3, 2], "inflate": 0.01, "uv": [108, 15]}
					]
				},
				{
					"name": "hair_back_left_end2",
					"parent": "hair_back_left3",
					"pivot": [3.5, 29.5, 1.5],
					"rotation": [0, 0, -30],
					"cubes": [
						{"origin": [3.5, 29.5, 1.5], "size": [0, 3, 2], "uv": [120, 15]}
					]
				},
				{
					"name": "hair_back_left4",
					"parent": "hair_back_left3",
					"pivot": [4, 29, 0.5],
					"cubes": [
						{"origin": [4, 29, 0.5], "size": [0, 3, 2], "inflate": 0.01, "uv": [117, 10]}
					]
				},
				{
					"name": "hair_back_left_end",
					"parent": "hair_back_left4",
					"pivot": [4, 32, 0.5],
					"cubes": [
						{"origin": [4, 32, 0.5], "size": [0, 2, 2], "uv": [118, 13]}
					]
				},
				{
					"name": "hair_right",
					"parent": "hair",
					"pivot": [-0.5, 19, 1],
					"rotation": [0, 0, -10]
				},
				{
					"name": "hair_right_rotation",
					"parent": "hair_right",
					"pivot": [-0.5, 19, 1],
					"cubes": [
						{"origin": [-4.5, 19, -3], "size": [4, 5, 4], "inflate": 0.01, "uv": [104, 0], "mirror": true}
					]
				},
				{
					"name": "hair_right2",
					"parent": "hair_right_rotation",
					"pivot": [-2.5, 23.5, -3],
					"cubes": [
						{"origin": [-4, 23.5, -3], "size": [3, 3, 4], "uv": [83, 10], "mirror": true}
					]
				},
				{
					"name": "hair_right3",
					"parent": "hair_right2",
					"pivot": [-2.5, 26, -2.5],
					"cubes": [
						{"origin": [-3.5, 26, -2.5], "size": [2, 3, 3], "inflate": 0.01, "uv": [107, 9], "mirror": true}
					]
				},
				{
					"name": "hair_right4",
					"parent": "hair_right3",
					"pivot": [-2.5, 28.5, -2.5],
					"cubes": [
						{"origin": [-3, 28.5, -2.5], "size": [1, 3, 3], "uv": [117, 6], "mirror": true}
					]
				},
				{
					"name": "hair_right_end",
					"parent": "hair_right4",
					"pivot": [-2.5, 31, -2],
					"cubes": [
						{"origin": [-2.5, 31, -2], "size": [0, 3, 2], "inflate": 0.01, "uv": [88, -1], "mirror": true}
					]
				},
				{
					"name": "hair_back_right",
					"parent": "hair",
					"pivot": [-2.5, 19, 1.5],
					"rotation": [0, 0, -35]
				},
				{
					"name": "hair_back_right_rotation",
					"parent": "hair_back_right",
					"pivot": [-2.5, 19, 1.5],
					"cubes": [
						{"origin": [-5.5, 18.5, -0.5], "size": [3, 5, 4], "inflate": 0.02, "uv": [74, 17], "mirror": true}
					]
				},
				{
					"name": "hair_back_right2",
					"parent": "hair_back_right_rotation",
					"pivot": [-4, 23, 0],
					"cubes": [
						{"origin": [-5, 23, 0], "size": [2, 4, 3], "uv": [98, 15], "mirror": true}
					]
				},
				{
					"name": "hair_back_right3",
					"parent": "hair_back_right2",
					"pivot": [-4, 26.5, 0.5],
					"cubes": [
						{"origin": [-4.5, 26.5, 0.5], "size": [1, 3, 2], "inflate": 0.01, "uv": [114, 15], "mirror": true}
					]
				},
				{
					"name": "hair_back_right_end2",
					"parent": "hair_back_right3",
					"pivot": [-3.5, 29.5, 1.5],
					"rotation": [0, 0, 30],
					"cubes": [
						{"origin": [-3.5, 29.5, 1.5], "size": [0, 3, 2], "uv": [124, 15], "mirror": true}
					]
				},
				{
					"name": "hair_back_right4",
					"parent": "hair_back_right3",
					"pivot": [-4, 29, 0.5],
					"cubes": [
						{"origin": [-4, 29, 0.5], "size": [0, 3, 2], "inflate": 0.01, "uv": [121, 10], "mirror": true}
					]
				},
				{
					"name": "hair_back_right_end",
					"parent": "hair_back_right4",
					"pivot": [-4, 32, 0.5],
					"cubes": [
						{"origin": [-4, 32, 0.5], "size": [0, 2, 2], "uv": [122, 13], "mirror": true}
					]
				},
				{
					"name": "floating_hair_root",
					"parent": "torso",
					"pivot": [0, 19, -2]
				},
				{
					"name": "floating_hair",
					"parent": "floating_hair_root",
					"pivot": [0, 32.5, -6.5],
					"cubes": [
						{"origin": [0, 32.5, -7.5], "size": [0, 3, 2], "uv": [100, -2]}
					]
				},
				{
					"name": "floating_hair2",
					"parent": "floating_hair",
					"pivot": [0, 35.5, -5.5],
					"cubes": [
						{"origin": [0, 35.5, -7.5], "size": [0, 4, 2], "uv": [104, -2]}
					]
				},
				{
					"name": "floating_hair_left_root",
					"parent": "torso",
					"pivot": [0, 19, -2]
				},
				{
					"name": "floating_hair_left",
					"parent": "floating_hair_left_root",
					"pivot": [7, 32.5, -2.5],
					"rotation": [0, 0, 20],
					"cubes": [
						{"origin": [7, 32.5, -3.5], "size": [0, 3, 2], "uv": [70, 15]}
					]
				},
				{
					"name": "floating_hair_left2",
					"parent": "floating_hair_left",
					"pivot": [7, 35.5, -3.5],
					"cubes": [
						{"origin": [7, 35.5, -3.5], "size": [0, 3, 2], "uv": [88, 22]}
					]
				},
				{
					"name": "floating_hair_right_root",
					"parent": "torso",
					"pivot": [0, 19, -2]
				},
				{
					"name": "floating_hair_right",
					"parent": "floating_hair_right_root",
					"pivot": [-7, 32.5, -2.5],
					"rotation": [0, 0, -20],
					"cubes": [
						{"origin": [-7, 32.5, -3.5], "size": [0, 3, 2], "uv": [74, 15], "mirror": true}
					]
				},
				{
					"name": "floating_hair_right2",
					"parent": "floating_hair_right",
					"pivot": [-7, 35.5, -3.5],
					"cubes": [
						{"origin": [-7, 35.5, -3.5], "size": [0, 3, 2], "uv": [92, 22], "mirror": true}
					]
				},
				{
					"name": "fur",
					"parent": "torso",
					"pivot": [0, 14, 1.5]
				},
				{
					"name": "shoulder_fur_left",
					"parent": "fur",
					"pivot": [5.5, 15, 0]
				},
				{
					"name": "shoulder_fur_top_left",
					"parent": "shoulder_fur_left",
					"pivot": [5.5, 15, 0],
					"rotation": [0, 0, -25],
					"cubes": [
						{"origin": [5, 15, -1.5], "size": [3, 0, 3], "uv": [-3, 22]}
					]
				},
				{
					"name": "shoulder_fur_bottom_left",
					"parent": "shoulder_fur_left",
					"pivot": [5.5, 13, 0],
					"rotation": [0, 0, 25],
					"cubes": [
						{"origin": [5, 13, -1.5], "size": [3, 0, 3], "uv": [-3, 25]}
					]
				},
				{
					"name": "shoulder_fur_front_left",
					"parent": "shoulder_fur_left",
					"pivot": [5.5, 14, -1.05],
					"rotation": [0, 20, 0],
					"cubes": [
						{"origin": [5, 12.5, -1.05], "size": [3, 3, 0], "uv": [12, 22]}
					]
				},
				{
					"name": "shoulder_fur_back_left",
					"parent": "shoulder_fur_left",
					"pivot": [5.5, 14, 1.05],
					"rotation": [0, -20, 0],
					"cubes": [
						{"origin": [5, 12.5, 1.05], "size": [3, 3, 0], "uv": [12, 25]}
					]
				},
				{
					"name": "shoulder_fur_right",
					"parent": "fur",
					"pivot": [-5.5, 15, 0]
				},
				{
					"name": "shoulder_fur_top_right",
					"parent": "shoulder_fur_right",
					"pivot": [-5.5, 15, 0],
					"rotation": [0, 0, 25],
					"cubes": [
						{"origin": [-8, 15, -1.5], "size": [3, 0, 3], "uv": [3, 22], "mirror": true}
					]
				},
				{
					"name": "shoulder_fur_bottom_right",
					"parent": "shoulder_fur_right",
					"pivot": [-5.5, 13, 0],
					"rotation": [0, 0, -25],
					"cubes": [
						{"origin": [-8, 13, -1.5], "size": [3, 0, 3], "uv": [3, 25], "mirror": true}
					]
				},
				{
					"name": "shoulder_fur_front_right",
					"parent": "shoulder_fur_right",
					"pivot": [-5.5, 14, -1.05],
					"rotation": [0, -20, 0],
					"cubes": [
						{"origin": [-8, 12.5, -1.05], "size": [3, 3, 0], "uv": [18, 22], "mirror": true}
					]
				},
				{
					"name": "shoulder_fur_back_right",
					"parent": "shoulder_fur_right",
					"pivot": [-5.5, 14, 1.05],
					"rotation": [0, 20, 0],
					"cubes": [
						{"origin": [-8, 12.5, 1.05], "size": [3, 3, 0], "uv": [18, 25], "mirror": true}
					]
				},
				{
					"name": "leg_fur_left",
					"parent": "fur",
					"pivot": [5, 8, 0],
					"rotation": [0, 0, -10],
					"cubes": [
						{"origin": [5, 5.5, -2.5], "size": [0, 3, 5], "uv": [48, -2]}
					]
				},
				{
					"name": "leg_fur_right",
					"parent": "fur",
					"pivot": [-5, 8, 0],
					"rotation": [0, 0, 10],
					"cubes": [
						{"origin": [-5, 5.5, -2.5], "size": [0, 3, 5], "uv": [44, 1], "mirror": true}
					]
				},
				{
					"name": "fur_front",
					"parent": "fur",
					"pivot": [0, 11.5, -5],
					"rotation": [-10, 0, 0],
					"cubes": [
						{"origin": [-3, 7.5, -5], "size": [6, 4, 0], "uv": [32, 5]}
					]
				},
				{
					"name": "fur_back",
					"parent": "fur",
					"pivot": [0, 14, 5],
					"rotation": [10, 0, 0],
					"cubes": [
						{"origin": [-4, 9, 5], "size": [8, 5, 0], "uv": [32, 0]}
					]
				},
				{
					"name": "fur_bottom",
					"parent": "fur",
					"pivot": [0, 7.25, 0],
					"cubes": [
						{"origin": [-3, 6, -2.5], "size": [6, 3, 5], "uv": [42, 9]}
					]
				},
				{
					"name": "fur_bottom2",
					"parent": "fur_bottom",
					"pivot": [0, 5.5, 0],
					"cubes": [
						{"origin": [-2.5, 2, 0], "size": [5, 4, 0], "uv": [42, 17]}
					]
				},
				{
					"name": "head_locators",
					"parent": "torso",
					"pivot": [0, 15, 0]
				},
				{
					"name": "locator_item_face",
					"parent": "head_locators",
					"pivot": [0, 15, 0],
					"locators": {
						"item_face": [0, 15, 0]
					}
				},
				{
					"name": "locator_head",
					"parent": "head_locators",
					"pivot": [0, 19, -2.5],
					"locators": {
						"head": [0, 19, -2.5]
					}
				},
				{
					"name": "locator_item_hat",
					"parent": "head_locators",
					"pivot": [0, 19, -2.5],
					"locators": {
						"item_hat": [0, 19, -2.5]
					}
				},
				{
					"name": "locator_face",
					"parent": "head_locators",
					"pivot": [0, 15, -6],
					"locators": {
						"face": [0, 15, -6]
					}
				},
				{
					"name": "legs",
					"parent": "body",
					"pivot": [0, 8.25, 0.25]
				},
				{
					"name": "leg_left",
					"parent": "legs",
					"pivot": [4, 8.25, 0.25],
					"rotation": [-15, 0, 0],
					"cubes": [
						{"origin": [3.5, 5.25, -0.75], "size": [1, 4, 2], "uv": [24, 22]}
					]
				},
				{
					"name": "leg_left2",
					"parent": "leg_left",
					"pivot": [4, 5.25, -0.75],
					"rotation": [27.5, 0, 0],
					"cubes": [
						{"origin": [3.5, 0.25, -0.75], "size": [1, 5, 2], "inflate": 0.02, "uv": [0, 28]}
					]
				},
				{
					"name": "chain_knee_left",
					"parent": "leg_left2",
					"pivot": [4, 2.25, 0.25],
					"rotation": [-10, 0, 0],
					"cubes": [
						{"origin": [2.5, 1.25, -1.25], "size": [3, 2, 3], "inflate": 0.01, "uv": [12, 28]}
					]
				},
				{
					"name": "foot_left",
					"parent": "leg_left2",
					"pivot": [4, 1.25, 0.25],
					"rotation": [-12.5, 0, 0],
					"cubes": [
						{"origin": [2.5, -0.75, -4], "size": [3, 2, 6], "uv": [0, 35]}
					]
				},
				{
					"name": "leg_right",
					"parent": "legs",
					"pivot": [-4, 8.25, 0.25],
					"rotation": [-15, 0, 0],
					"cubes": [
						{"origin": [-4.5, 5.25, -0.75], "size": [1, 4, 2], "uv": [30, 22], "mirror": true}
					]
				},
				{
					"name": "leg_right2",
					"parent": "leg_right",
					"pivot": [-4, 5.25, -0.75],
					"rotation": [27.5, 0, 0],
					"cubes": [
						{"origin": [-4.5, 0.25, -0.75], "size": [1, 5, 2], "inflate": 0.02, "uv": [6, 28], "mirror": true}
					]
				},
				{
					"name": "chain_knee_right",
					"parent": "leg_right2",
					"pivot": [-4, 2.25, 0.25],
					"rotation": [-10, 0, 0],
					"cubes": [
						{"origin": [-5.5, 1.25, -1.25], "size": [3, 2, 3], "inflate": 0.01, "uv": [24, 28], "mirror": true}
					]
				},
				{
					"name": "foot_right",
					"parent": "leg_right2",
					"pivot": [-4, 1.25, 0.25],
					"rotation": [-12.5, 0, 0],
					"cubes": [
						{"origin": [-5.5, -0.75, -4], "size": [3, 2, 6], "uv": [12, 33], "mirror": true}
					]
				},
				{
					"name": "locator_foot_primary",
					"parent": "foot_right",
					"pivot": [-4, 0.25, -2],
					"rotation": [90, 0, 0],
					"locators": {
						"foot_primary": [-4, 0.25, -2]
					}
				},
				{
					"name": "locator_foot_secondary",
					"parent": "foot_right",
					"pivot": [4, 0.25, -2],
					"rotation": [90, 0, 0],
					"locators": {
						"foot_secondary": [4, 0.25, -2]
					}
				},
				{
					"name": "locator_middle",
					"parent": "body",
					"pivot": [0, 15.5, 0],
					"locators": {
						"middle": [0, 15.5, 0]
					}
				},
				{
					"name": "locator_target",
					"parent": "body",
					"pivot": [0, 14.5, -7],
					"locators": {
						"target": [0, 14.5, -7]
					}
				},
				{
					"name": "locator_root",
					"parent": "annihilape",
					"pivot": [0, 0, 0],
					"locators": {
						"root": [0, 0, 0]
					}
				},
				{
					"name": "locator_top",
					"parent": "annihilape",
					"pivot": [0, 31, 0],
					"locators": {
						"top": [0, 31, 0]
					}
				}
			]
		}
	]
}