{
	"format_version": "1.12.0",
	"minecraft:geometry": [
		{
			"description": {
				"identifier": "geometry.crabominable",
				"texture_width": 256,
				"texture_height": 256,
				"visible_bounds_width": 10,
				"visible_bounds_height": 5.5,
				"visible_bounds_offset": [0, 2.25, 0]
			},
			"bones": [
				{
					"name": "crabominable",
					"pivot": [0, 0, 0]
				},
				{
					"name": "body",
					"parent": "crabominable",
					"pivot": [0, 22, 0]
				},
				{
                    "name": "locator_seat_1",
                    "parent": "body",
                    "pivot": [0, 44, 9],
                    "locators": {
                        "seat_1": [0, 44, 9]
                    }
                },
				{
					"name": "torso",
					"parent": "body",
					"pivot": [0, 11.5, -1.5],
					"cubes": [
						{"origin": [-16, 7, -16], "size": [32, 23, 29], "uv": [0, 0]}
					]
				},
				{
					"name": "arm_right",
					"parent": "torso",
					"pivot": [-15, 20.5, -3.5],
					"cubes": [
						{"origin": [-27, 16, -8], "size": [13, 9, 9], "uv": [0, 131]},
						{"origin": [-17, 15, -13], "size": [0, 11, 5], "pivot": [-17, 20.5, -8], "rotation": [0, 35, 0], "uv": [108, 120]},
						{"origin": [-17, 15, 1], "size": [0, 11, 5], "pivot": [-17, 20.5, 1], "rotation": [0, -35, 0], "uv": [64, 86]},
						{"origin": [-17, 25, -9], "size": [0, 5, 11], "pivot": [-17, 25, -3.5], "rotation": [0, 0, -35], "uv": [61, 120]},
						{"origin": [-17, 11, -9], "size": [0, 5, 11], "pivot": [-17, 16, -3.5], "rotation": [0, 0, 35], "uv": [35, 120]},
						{"origin": [-32, 17, -7], "size": [5, 7, 7], "uv": [164, 123]}
					]
				},
				{
					"name": "arm_right2",
					"parent": "arm_right",
					"pivot": [-29.75, 20.5, -3.5],
					"cubes": [
						{"origin": [-44, 15, -10], "size": [15, 11, 13], "uv": [122, 24]},
						{"origin": [-41.5, 13, -7.5], "size": [10, 2, 8], "uv": [152, 113]},
						{"origin": [-48, 16, -9], "size": [4, 9, 11], "uv": [80, 154]}
					]
				},
				{
					"name": "hand_right",
					"parent": "arm_right2",
					"pivot": [-45, 20.5, -3.5],
					"cubes": [
						{"origin": [-67, 10.5, -13.5], "size": [22, 20, 20], "uv": [0, 91]},
						{"origin": [-63, 3.5, -20.5], "size": [0, 7, 34], "uv": [84, 84]},
						{"origin": [-63, 10.5, -20.5], "size": [0, 20, 7], "uv": [0, 84]},
						{"origin": [-63, 10.5, 6.5], "size": [0, 20, 7], "uv": [0, 45]},
						{"origin": [-63, 30.5, -20.5], "size": [0, 7, 34], "uv": [84, 77]}
					]
				},
				{
					"name": "claw_right",
					"parent": "hand_right",
					"pivot": [-63, 10, -3.5],
					"cubes": [
						{"origin": [-68, 12, -10], "size": [2, 10, 13], "uv": [61, 141]},
						{"origin": [-68, 10, -10], "size": [5, 2, 13], "uv": [152, 98]}
					]
				},
				{
					"name": "arm_left",
					"parent": "torso",
					"pivot": [15, 20.5, -3.5],
					"cubes": [
						{"origin": [14, 16, -8], "size": [13, 9, 9], "uv": [120, 125]},
						{"origin": [17, 15, -13], "size": [0, 11, 5], "pivot": [17, 20.5, -8], "rotation": [0, -35, 0], "uv": [14, 58]},
						{"origin": [17, 15, 1], "size": [0, 11, 5], "pivot": [17, 20.5, 1], "rotation": [0, 35, 0], "uv": [14, 47]},
						{"origin": [17, 25, -9], "size": [0, 5, 11], "pivot": [17, 25, -3.5], "rotation": [0, 0, 35], "uv": [93, 13]},
						{"origin": [17, 11, -9], "size": [0, 5, 11], "pivot": [17, 16, -3.5], "rotation": [0, 0, -35], "uv": [72, 60]},
						{"origin": [27, 17, -7], "size": [5, 7, 7], "uv": [160, 84]}
					]
				},
				{
					"name": "arm_left2",
					"parent": "arm_left",
					"pivot": [29.75, 20.5, -3.5],
					"cubes": [
						{"origin": [29, 15, -10], "size": [15, 11, 13], "uv": [113, 0]},
						{"origin": [31.5, 13, -7.5], "size": [10, 2, 8], "uv": [140, 54]},
						{"origin": [44, 16, -9], "size": [4, 9, 11], "uv": [29, 154]}
					]
				},
				{
					"name": "hand_left",
					"parent": "arm_left2",
					"pivot": [45, 20.5, -3.5],
					"cubes": [
						{"origin": [45, 10.5, -13.5], "size": [22, 20, 20], "uv": [76, 71]},
						{"origin": [63, 3.5, -20.5], "size": [0, 7, 34], "uv": [72, 25]},
						{"origin": [63, 10.5, -20.5], "size": [0, 20, 7], "uv": [14, 0]},
						{"origin": [63, 10.5, 6.5], "size": [0, 20, 7], "uv": [0, 0]},
						{"origin": [63, 30.5, -20.5], "size": [0, 7, 34], "uv": [72, 18]}
					]
				},
				{
					"name": "claw_left",
					"parent": "hand_left",
					"pivot": [63, 10, -3.5],
					"cubes": [
						{"origin": [66, 12, -10], "size": [2, 10, 13], "uv": [44, 131]},
						{"origin": [63, 10, -10], "size": [5, 2, 13], "uv": [145, 143]}
					]
				},
				{
					"name": "head",
					"parent": "torso",
					"pivot": [0, 30, 0],
					"cubes": [
						{"origin": [-12, 28, -13], "size": [24, 15, 24], "uv": [0, 52]},
						{"origin": [-12, 43, -18], "size": [24, 0, 5], "pivot": [0, 43, -13], "rotation": [40, 0, 0], "uv": [115, 66]},
						{"origin": [-12, 43, 11], "size": [24, 0, 5], "pivot": [0, 43, 11], "rotation": [-40, 0, 0], "uv": [67, 66]},
						{"origin": [12, 43, -13], "size": [5, 0, 24], "pivot": [12, 43, -1], "rotation": [0, 0, 40], "uv": [79, 0]},
						{"origin": [-17, 43, -13], "size": [5, 0, 24], "pivot": [-12, 43, -1], "rotation": [0, 0, -40], "uv": [69, 0]},
						{"origin": [-6, 43, -7], "size": [12, 4, 12], "uv": [72, 125]}
					]
				},
				{
					"name": "hair_left",
					"parent": "head",
					"pivot": [0.5, 47, -1],
					"cubes": [
						{"origin": [0.5, 47, -2.5], "size": [0, 5, 3], "uv": [14, 93]}
					]
				},
				{
					"name": "hair_left2",
					"parent": "hair_left",
					"pivot": [0.5, 52, -1],
					"cubes": [
						{"origin": [0.5, 52, -3], "size": [0, 7, 4], "uv": [113, 0]}
					]
				},
				{
					"name": "hair_left3",
					"parent": "hair_left2",
					"pivot": [0.5, 59, -1],
					"cubes": [
						{"origin": [0.5, 59, -2.5], "size": [0, 4, 3], "uv": [6, 0]}
					]
				},
				{
					"name": "hair_right",
					"parent": "head",
					"pivot": [-0.5, 47, -1],
					"cubes": [
						{"origin": [-0.5, 47, -2.5], "size": [0, 5, 3], "uv": [14, 88]}
					]
				},
				{
					"name": "hair_right2",
					"parent": "hair_right",
					"pivot": [-0.5, 52, -1],
					"cubes": [
						{"origin": [-0.5, 52, -3], "size": [0, 7, 4], "uv": [64, 98]}
					]
				},
				{
					"name": "hair_right3",
					"parent": "hair_right2",
					"pivot": [-0.5, 59, -1],
					"cubes": [
						{"origin": [-0.5, 59, -2.5], "size": [0, 4, 3], "uv": [0, 0]}
					]
				},
				{
					"name": "eye_left",
					"parent": "head",
					"pivot": [-6, 5, 0],
					"cubes": [
						{"origin": [2, 38, -13.01], "size": [3, 3, 1], "uv": [19, 3]},
						{"origin": [2.5, 39, -13.015], "size": [2, 1, 1], "uv": [5, 1]}
					]
				},
				{
					"name": "eyelid_left",
					"parent": "eye_left",
					"pivot": [-6, 5, 0.1],
					"cubes": [
						{"origin": [2, 38, -12.91], "size": [3, 3, 1], "inflate": 0.01, "uv": [122, 28]}
					]
				},
				{
					"name": "eye_right",
					"parent": "head",
					"pivot": [6, 5, 0],
					"cubes": [
						{"origin": [-5, 38, -13.01], "size": [3, 3, 1], "uv": [12, 0]},
						{"origin": [-4.5, 39, -13.015], "size": [2, 1, 1], "uv": [0, 0]}
					]
				},
				{
					"name": "eyelid_right",
					"parent": "eye_right",
					"pivot": [6, 5, 0.1],
					"cubes": [
						{"origin": [-5, 38, -12.91], "size": [3, 3, 1], "inflate": 0.01, "uv": [122, 24]}
					]
				},
				{
					"name": "mouth_hair",
					"parent": "torso",
					"pivot": [0, 30, -14],
					"cubes": [
						{"origin": [-13.5, 30, -14], "size": [27, 6, 0], "uv": [140, 48]},
						{"origin": [13.5, 28, -14], "size": [0, 5, 2], "uv": [72, 100]},
						{"origin": [-13.5, 28, -14], "size": [0, 5, 2], "uv": [14, 99]}
					]
				},
				{
					"name": "leg_front_left",
					"parent": "body",
					"pivot": [13, 12, -13],
					"rotation": [0, 45, 0],
					"cubes": [
						{"origin": [10, 8, -16], "size": [14, 7, 6], "inflate": 0.01, "uv": [0, 149]}
					]
				},
				{
					"name": "leg_front_left2",
					"parent": "leg_front_left",
					"pivot": [24, 15, -13],
					"cubes": [
						{"origin": [19, 0, -15.5], "size": [5, 15, 5], "uv": [0, 162]}
					]
				},
				{
					"name": "leg_front_right",
					"parent": "body",
					"pivot": [-13, 12, -13],
					"rotation": [0, -45, 0],
					"cubes": [
						{"origin": [-24, 8, -16], "size": [14, 7, 6], "inflate": 0.01, "uv": [118, 143]}
					]
				},
				{
					"name": "leg_front_right2",
					"parent": "leg_front_right",
					"pivot": [-24, 15, -13],
					"cubes": [
						{"origin": [-24, 0, -15.5], "size": [5, 15, 5], "uv": [150, 158]}
					]
				},
				{
					"name": "leg_back_right",
					"parent": "body",
					"pivot": [-13, 12, 13],
					"rotation": [0, 45, 0],
					"cubes": [
						{"origin": [-23.64645, 8, 10.35355], "size": [14, 7, 6], "inflate": 0.01, "uv": [78, 141]}
					]
				},
				{
					"name": "leg_back_right2",
					"parent": "leg_back_right",
					"pivot": [-24, 15, 13],
					"cubes": [
						{"origin": [-23.64645, 0, 10.85355], "size": [5, 15, 5], "uv": [130, 156]}
					]
				},
				{
					"name": "leg_back_left",
					"parent": "body",
					"pivot": [13, 12, 13],
					"rotation": [0, -45, 0],
					"cubes": [
						{"origin": [10, 8, 10], "size": [14, 7, 6], "inflate": 0.01, "uv": [140, 71]}
					]
				},
				{
					"name": "leg_back_left2",
					"parent": "leg_back_left",
					"pivot": [24, 15, 13],
					"cubes": [
						{"origin": [19, 0, 10.5], "size": [5, 15, 5], "uv": [110, 156]}
					]
				}
			]
		}
	]
}