{
	"format_version": "1.12.0",
	"minecraft:geometry": [
		{
			"description": {
				"identifier": "geometry.oinkologne_male",
				"texture_width": 64,
				"texture_height": 64,
				"visible_bounds_width": 6,
				"visible_bounds_height": 3.5,
				"visible_bounds_offset": [0, 1.25, 0]
			},
			"bones": [
				{
					"name": "oinkologne",
					"pivot": [0, 0, 0]
				},
				{
					"name": "body",
					"parent": "oinkologne",
					"pivot": [0, 0, 0]
				},
				{
                    "name": "locator_seat_1",
                    "parent": "body",
                    "pivot": [0, 13, 0],
                    "locators": {
                        "seat_1": [0, 13, 0]
                    }
                },
				{
					"name": "torso",
					"parent": "body",
					"pivot": [0, 9.5, -0.25],
					"cubes": [
						{"origin": [-4.5, 5, -7.25], "size": [9, 9, 13], "uv": [0, 0]}
					]
				},
				{
					"name": "tail",
					"parent": "torso",
					"pivot": [0, 12.5, 5.75],
					"cubes": [
						{"origin": [0, 12, 4.75], "size": [0, 1, 8], "inflate": 0.01, "uv": [25, 20]}
					]
				},
				{
					"name": "tail2",
					"parent": "tail",
					"pivot": [0, 12, 12.75],
					"cubes": [
						{"origin": [0, 12, 12.75], "size": [0, 1, 4], "uv": [0, 25]}
					]
				},
				{
					"name": "tail3",
					"parent": "tail2",
					"pivot": [0, 12, 16.75],
					"cubes": [
						{"origin": [0, 12, 16.75], "size": [0, 1, 4], "inflate": 0.01, "uv": [0, 24]}
					]
				},
				{
					"name": "tail4",
					"parent": "tail3",
					"pivot": [0, 12, 20.75],
					"cubes": [
						{"origin": [0, 12, 20.75], "size": [0, 1, 4], "uv": [0, 23]}
					]
				},
				{
					"name": "tail5",
					"parent": "tail4",
					"pivot": [0, 12, 24.75],
					"cubes": [
						{"origin": [0, 12, 24.75], "size": [0, 1, 6], "uv": [0, 0]}
					]
				},
				{
					"name": "tail6",
					"parent": "tail5",
					"pivot": [0, 12.5, 29.75],
					"cubes": [
						{"origin": [-1, 11.5, 29.75], "size": [2, 2, 3], "uv": [13, 38]},
						{"origin": [-0.5, 12, 32.75], "size": [1, 1, 1], "uv": [31, 0]}
					]
				},
				{
					"name": "neck",
					"parent": "torso",
					"pivot": [0, 9.25, -4.75],
					"rotation": [55, 0, 0],
					"cubes": [
						{"origin": [-4, 8.25, -8.75], "size": [8, 7, 9], "uv": [0, 22]}
					]
				},
				{
					"name": "head_rot",
					"parent": "neck",
					"pivot": [0, 14.75, -5],
					"rotation": [-55, 0, 0]
				},
				{
					"name": "head",
					"parent": "head_rot",
					"pivot": [0, 14.75, -5],
					"cubes": [
						{"origin": [-4, 11.75, -9], "size": [8, 8, 8], "inflate": 0.01, "uv": [26, 30]}
					]
				},
				{
					"name": "mouth_open",
					"parent": "head",
					"pivot": [-1, 1.75, -2],
					"cubes": [
						{"origin": [-2, 11.75, -8.91], "size": [4, 2, 0], "inflate": 0.01, "uv": [41, 28]}
					]
				},
				{
					"name": "nose",
					"parent": "head",
					"pivot": [0, 14.75, -9],
					"cubes": [
						{"origin": [-2, 13.25, -10], "size": [4, 2, 1], "uv": [49, 5]},
						{"origin": [-1.5, 15.25, -9.99], "size": [3, 1, 1], "uv": [25, 29]},
						{"origin": [-1.5, 14, -10.01], "size": [1, 2, 0], "pivot": [-1, 14.5, -10.01], "rotation": [0, 0, 12.5], "uv": [0, 7]},
						{"origin": [0.5, 14, -10.01], "size": [1, 2, 0], "pivot": [1, 14.5, -10.01], "rotation": [0, 0, -12.5], "uv": [0, 0]}
					]
				},
				{
					"name": "eye_left",
					"parent": "head",
					"pivot": [3.5, 15.75, -9.01],
					"cubes": [
						{"origin": [1.75, 15.75, -9.02], "size": [2, 1, 0], "inflate": 0.01, "uv": [31, 3]},
						{"origin": [2, 15.25, -9.01], "size": [2, 1, 0], "inflate": 0.01, "uv": [31, 2]},
						{"origin": [2.5, 14.25, -9.01], "size": [1, 1, 0], "pivot": [3.25, 15.25, -9.01], "rotation": [-50, 0, 0], "uv": [31, 4]},
						{"origin": [3.5, 14.25, -9.01], "size": [1, 1, 0], "pivot": [3.5, 15.25, -9.01], "rotation": [-50, -5, -10], "uv": [4, 30]}
					]
				},
				{
					"name": "pupil_left",
					"parent": "eye_left",
					"pivot": [-1, 1.75, -2],
					"cubes": [
						{"origin": [2.25, 15.75, -9.03], "size": [1, 1, 0], "inflate": 0.01, "uv": [31, 12]}
					]
				},
				{
					"name": "eyelid_half_left",
					"parent": "eye_left",
					"pivot": [-1, 1.75, -2],
					"cubes": [
						{"origin": [1.75, 16.75, -9.03], "size": [2, 1, 0], "inflate": 0.02, "uv": [25, 24]}
					]
				},
				{
					"name": "eyelid_left",
					"parent": "eye_left",
					"pivot": [-1, 1.75, -1.9],
					"cubes": [
						{"origin": [1.75, 15.5, -8.93], "size": [2, 2, 0], "inflate": 0.02, "uv": [9, 8]}
					]
				},
				{
					"name": "eye_right",
					"parent": "head",
					"pivot": [-3.5, 15.75, -9.01],
					"cubes": [
						{"origin": [-3.75, 15.75, -9.02], "size": [2, 1, 0], "inflate": 0.01, "uv": [0, 30]},
						{"origin": [-4, 15.25, -9.01], "size": [2, 1, 0], "inflate": 0.01, "uv": [29, 27]},
						{"origin": [-3.5, 14.25, -9.01], "size": [1, 1, 0], "pivot": [-3.25, 15.25, -9.01], "rotation": [-50, 0, 0], "uv": [0, 2]},
						{"origin": [-4.5, 14.25, -9.01], "size": [1, 1, 0], "pivot": [-3.5, 15.25, -9.01], "rotation": [-50, 5, 10], "uv": [25, 27]}
					]
				},
				{
					"name": "pupil_right",
					"parent": "eye_right",
					"pivot": [-1, 1.75, -2],
					"cubes": [
						{"origin": [-3.25, 15.75, -9.03], "size": [1, 1, 0], "inflate": 0.01, "uv": [0, 9]}
					]
				},
				{
					"name": "eyelid_half_right",
					"parent": "eye_right",
					"pivot": [-1, 1.75, -2],
					"cubes": [
						{"origin": [-3.75, 16.75, -9.03], "size": [2, 1, 0], "inflate": 0.02, "uv": [25, 22]}
					]
				},
				{
					"name": "eyelid_right",
					"parent": "eye_right",
					"pivot": [-1, 1.75, -1.9],
					"cubes": [
						{"origin": [-3.75, 15.5, -8.93], "size": [2, 2, 0], "inflate": 0.02, "uv": [9, 1]}
					]
				},
				{
					"name": "ear_left",
					"parent": "head",
					"pivot": [2, 19.75, -6],
					"cubes": [
						{"origin": [0, 18.75, -6], "size": [4, 5, 0], "uv": [56, 48]}
					]
				},
				{
					"name": "ear_left2",
					"parent": "ear_left",
					"pivot": [2, 23.75, -6],
					"cubes": [
						{"origin": [0, 23.75, -6], "size": [4, 6, 0], "uv": [50, 28]}
					]
				},
				{
					"name": "ear_right",
					"parent": "head",
					"pivot": [-2, 19.75, -6],
					"cubes": [
						{"origin": [-4, 18.75, -6], "size": [4, 4, 0], "uv": [24, 46]}
					]
				},
				{
					"name": "ear_right2",
					"parent": "ear_right",
					"pivot": [-2, 22.75, -6],
					"cubes": [
						{"origin": [-4, 22.75, -6], "size": [4, 5, 0], "uv": [0, 22]}
					]
				},
				{
					"name": "leg_back_right",
					"parent": "body",
					"pivot": [-3.5, 9.5, 3.75],
					"cubes": [
						{"origin": [-5.5, 4, 1.25], "size": [4, 7, 5], "uv": [0, 38]}
					]
				},
				{
					"name": "leg_back_right2",
					"parent": "leg_back_right",
					"pivot": [-3.5, 4, 6.25],
					"cubes": [
						{"origin": [-5, 1, 4], "size": [3, 3, 3], "uv": [0, 7]}
					]
				},
				{
					"name": "foot_back_right",
					"parent": "leg_back_right2",
					"pivot": [-3.5, 1, 4],
					"cubes": [
						{"origin": [-5, 0, 3], "size": [3, 1, 4], "inflate": 0.01, "uv": [44, 0]}
					]
				},
				{
					"name": "leg_back_left",
					"parent": "body",
					"pivot": [3.5, 9.5, 3.75],
					"cubes": [
						{"origin": [1.5, 4, 1.25], "size": [4, 7, 5], "uv": [31, 0]}
					]
				},
				{
					"name": "leg_back_left2",
					"parent": "leg_back_left",
					"pivot": [3.5, 4, 6.25],
					"cubes": [
						{"origin": [2, 1, 4], "size": [3, 3, 3], "uv": [0, 0]}
					]
				},
				{
					"name": "foot_back_left",
					"parent": "leg_back_left2",
					"pivot": [3.5, 1, 4],
					"cubes": [
						{"origin": [2, 0, 3], "size": [3, 1, 4], "inflate": 0.01, "uv": [25, 22]}
					]
				},
				{
					"name": "leg_front_right",
					"parent": "body",
					"pivot": [-3, 9, -4.75],
					"cubes": [
						{"origin": [-5, 4, -6.75], "size": [4, 6, 4], "uv": [45, 8]}
					]
				},
				{
					"name": "leg_front_right2",
					"parent": "leg_front_right",
					"pivot": [-2.75, 4, -6.75],
					"cubes": [
						{"origin": [-4.25, 1, -6.75], "size": [3, 3, 3], "uv": [0, 50]}
					]
				},
				{
					"name": "foot_front_right",
					"parent": "leg_front_right2",
					"pivot": [-2.75, 1, -6.75],
					"cubes": [
						{"origin": [-4.25, 0, -7.75], "size": [3, 1, 4], "inflate": 0.01, "uv": [28, 46]}
					]
				},
				{
					"name": "leg_front_left",
					"parent": "body",
					"pivot": [3, 9, -4.75],
					"cubes": [
						{"origin": [1, 4, -6.75], "size": [4, 6, 4], "uv": [40, 18]}
					]
				},
				{
					"name": "leg_front_left2",
					"parent": "leg_front_left",
					"pivot": [2.75, 4, -6.75],
					"cubes": [
						{"origin": [1.25, 1, -6.75], "size": [3, 3, 3], "uv": [42, 46]}
					]
				},
				{
					"name": "foot_front_left",
					"parent": "leg_front_left2",
					"pivot": [2.75, 1, -6.75],
					"cubes": [
						{"origin": [1.25, 0, -7.75], "size": [3, 1, 4], "inflate": 0.01, "uv": [14, 46]}
					]
				}
			]
		}
	]
}