{
	"format_version": "1.12.0",
	"minecraft:geometry": [
		{
			"description": {
				"identifier": "geometry.salazzle",
				"texture_width": 128,
				"texture_height": 64,
				"visible_bounds_width": 5,
				"visible_bounds_height": 5,
				"visible_bounds_offset": [0, 0.5, 0]
			},
			"bones": [
				{
					"name": "salazzle",
					"pivot": [0, 0, 0]
				},
				{
					"name": "body",
					"parent": "salazzle",
					"pivot": [0, 11, 0]
				},
				{
					"name": "torso",
					"parent": "body",
					"pivot": [0, 8, 0],
					"cubes": [
						{"origin": [-3.5, 7, -3], "size": [7, 7, 6], "inflate": 0.01, "uv": [0, 15]},
						{"origin": [2, 9, -3.02], "size": [1, 1, 0], "uv": [46, 22]},
						{"origin": [2, 13, -3.02], "size": [1, 1, 0], "uv": [46, 23]},
						{"origin": [-3, 9, -3.02], "size": [1, 1, 0], "uv": [48, 22], "mirror": true},
						{"origin": [-3, 13, -3.02], "size": [1, 1, 0], "uv": [48, 23], "mirror": true}
					]
				},
				{
					"name": "back_trails",
					"parent": "torso",
					"pivot": [0, 13, 3]
				},
				{
					"name": "back_trail_left",
					"parent": "back_trails",
					"pivot": [0, 13, 3],
					"rotation": [0, 15, 0],
					"cubes": [
						{"origin": [0, 13, 3], "size": [2, 0, 5], "uv": [-5, 58]}
					]
				},
				{
					"name": "back_trail_left2",
					"parent": "back_trail_left",
					"pivot": [0, 13, 8],
					"cubes": [
						{"origin": [0, 13, 8], "size": [2, 0, 5], "uv": [3, 58]}
					]
				},
				{
					"name": "back_trail_left3",
					"parent": "back_trail_left2",
					"pivot": [0, 13, 13],
					"cubes": [
						{"origin": [0, 13, 13], "size": [2, 0, 5], "uv": [13, 57]}
					]
				},
				{
					"name": "back_trail_left4",
					"parent": "back_trail_left3",
					"pivot": [0, 13, 18],
					"cubes": [
						{"origin": [0, 13, 18], "size": [2, 0, 5], "uv": [50, 48]}
					]
				},
				{
					"name": "back_trail_left5",
					"parent": "back_trail_left4",
					"pivot": [0, 13, 23],
					"cubes": [
						{"origin": [0, 13, 23], "size": [2, 0, 4], "uv": [51, 53]}
					]
				},
				{
					"name": "back_trail_right",
					"parent": "back_trails",
					"pivot": [0, 13, 3],
					"rotation": [0, -15, 0],
					"cubes": [
						{"origin": [-2, 13, 3], "size": [2, 0, 5], "uv": [-1, 58], "mirror": true}
					]
				},
				{
					"name": "back_trail_right2",
					"parent": "back_trail_right",
					"pivot": [0, 13, 8],
					"cubes": [
						{"origin": [-2, 13, 8], "size": [2, 0, 5], "uv": [7, 58], "mirror": true}
					]
				},
				{
					"name": "back_trail_right3",
					"parent": "back_trail_right2",
					"pivot": [0, 13, 13],
					"cubes": [
						{"origin": [-2, 13, 13], "size": [2, 0, 5], "uv": [17, 57], "mirror": true}
					]
				},
				{
					"name": "back_trail_right4",
					"parent": "back_trail_right3",
					"pivot": [0, 13, 18],
					"cubes": [
						{"origin": [-2, 13, 18], "size": [2, 0, 5], "uv": [54, 48], "mirror": true}
					]
				},
				{
					"name": "back_trail_right5",
					"parent": "back_trail_right4",
					"pivot": [0, 13, 23],
					"cubes": [
						{"origin": [-2, 13, 23], "size": [2, 0, 4], "uv": [55, 53], "mirror": true}
					]
				},
				{
					"name": "waist",
					"parent": "torso",
					"pivot": [0, 14, -2],
					"cubes": [
						{"origin": [-2.5, 13.5, -2], "size": [5, 6, 4], "uv": [46, 22]},
						{"origin": [0.5, 14, -2.01], "size": [1, 1, 0], "uv": [46, 25]},
						{"origin": [1.5, 16, -2.01], "size": [1, 1, 0], "uv": [46, 24]},
						{"origin": [-1.5, 14, -2.01], "size": [1, 1, 0], "uv": [48, 25], "mirror": true},
						{"origin": [-2.5, 16, -2.01], "size": [1, 1, 0], "uv": [48, 24], "mirror": true}
					]
				},
				{
					"name": "chest",
					"parent": "waist",
					"pivot": [0, 18.5, 0],
					"cubes": [
						{"origin": [-3, 18.5, -2.75], "size": [6, 6, 5], "inflate": 0.01, "uv": [42, 11]},
						{"origin": [-0.5, 18.5, -2.77], "size": [1, 1, 0], "uv": [60, 24]},
						{"origin": [3.02, 18.5, -2.25], "size": [0, 1, 1], "uv": [60, 21]},
						{"origin": [1, 21, -2.77], "size": [1, 1, 0], "uv": [60, 23]},
						{"origin": [-2, 21, -2.77], "size": [1, 1, 0], "uv": [62, 23], "mirror": true},
						{"origin": [-3.02, 18.5, -2.25], "size": [0, 1, 1], "uv": [62, 21], "mirror": true}
					]
				},
				{
					"name": "arms",
					"parent": "chest",
					"pivot": [0, 22.5, 0]
				},
				{
					"name": "arm_left",
					"parent": "arms",
					"pivot": [3, 23.5, 1.5],
					"cubes": [
						{"origin": [3, 21.5, -0.5], "size": [6, 2, 2], "uv": [20, 14]}
					]
				},
				{
					"name": "arm_left2",
					"parent": "arm_left",
					"pivot": [9, 23, 1.5],
					"cubes": [
						{"origin": [9, 22, -0.5], "size": [6, 1, 2], "inflate": 0.01, "uv": [26, 22]}
					]
				},
				{
					"name": "hand_left",
					"parent": "arm_left2",
					"pivot": [15, 22.5, 0.5],
					"rotation": [0, 0, 45],
					"cubes": [
						{"origin": [15, 22, -1], "size": [0, 4, 3], "inflate": 0.02, "uv": [35, 5]}
					]
				},
				{
					"name": "finger_left1",
					"parent": "hand_left",
					"pivot": [15, 25, 2],
					"rotation": [-30, 0, 0]
				},
				{
					"name": "finger_left1_rotation",
					"parent": "finger_left1",
					"pivot": [15, 25, 2],
					"cubes": [
						{"origin": [15, 25, 1], "size": [0, 2, 1], "uv": [29, -1]}
					]
				},
				{
					"name": "finger_left1_2",
					"parent": "finger_left1_rotation",
					"pivot": [15, 27, 1.5],
					"cubes": [
						{"origin": [15, 27, 1], "size": [0, 2, 1], "inflate": 0.01, "uv": [33, -1]}
					]
				},
				{
					"name": "finger_left2",
					"parent": "hand_left",
					"pivot": [15, 26, 0.5],
					"rotation": [-10, 0, 0],
					"cubes": [
						{"origin": [15, 26, 0.5], "size": [0, 2, 1], "uv": [29, 1]}
					]
				},
				{
					"name": "finger_left2_2",
					"parent": "finger_left2",
					"pivot": [15, 28, 1],
					"cubes": [
						{"origin": [15, 28, 0.5], "size": [0, 2, 1], "inflate": 0.01, "uv": [33, 1]}
					]
				},
				{
					"name": "finger_left3",
					"parent": "hand_left",
					"pivot": [15, 26, 0.5],
					"rotation": [10, 0, 0],
					"cubes": [
						{"origin": [15, 26, -0.5], "size": [0, 2, 1], "uv": [46, -1]}
					]
				},
				{
					"name": "finger_left3_2",
					"parent": "finger_left3",
					"pivot": [15, 28, 0],
					"cubes": [
						{"origin": [15, 28, -0.5], "size": [0, 2, 1], "inflate": 0.01, "uv": [50, -1]}
					]
				},
				{
					"name": "finger_left4",
					"parent": "hand_left",
					"pivot": [15, 25, -1],
					"rotation": [30, 0, 0]
				},
				{
					"name": "finger_left4_rotation",
					"parent": "finger_left4",
					"pivot": [15, 25, -1],
					"cubes": [
						{"origin": [15, 25, -1], "size": [0, 2, 1], "uv": [54, -1]}
					]
				},
				{
					"name": "finger_left4_2",
					"parent": "finger_left4_rotation",
					"pivot": [15, 27, -0.5],
					"cubes": [
						{"origin": [15, 27, -1], "size": [0, 2, 1], "inflate": 0.01, "uv": [58, -1]}
					]
				},
				{
					"name": "finger_left5",
					"parent": "hand_left",
					"pivot": [15, 23, -1],
					"rotation": [70, 0, 0]
				},
				{
					"name": "finger_left5_rotation",
					"parent": "finger_left5",
					"pivot": [15, 23, -1],
					"cubes": [
						{"origin": [15, 23, -1], "size": [0, 2, 1], "uv": [57, 1]}
					]
				},
				{
					"name": "finger_left5_2",
					"parent": "finger_left5_rotation",
					"pivot": [15, 25, -0.5],
					"cubes": [
						{"origin": [15, 25, -1], "size": [0, 2, 1], "inflate": 0.01, "uv": [57, 3]}
					]
				},
				{
					"name": "arm_right",
					"parent": "arms",
					"pivot": [-3, 23.5, 1.5],
					"cubes": [
						{"origin": [-9, 21.5, -0.5], "size": [6, 2, 2], "uv": [26, 18], "mirror": true}
					]
				},
				{
					"name": "arm_right2",
					"parent": "arm_right",
					"pivot": [-9, 23, 1.5],
					"cubes": [
						{"origin": [-15, 22, -0.5], "size": [6, 1, 2], "inflate": 0.01, "uv": [26, 25], "mirror": true}
					]
				},
				{
					"name": "hand_right",
					"parent": "arm_right2",
					"pivot": [-15, 22.5, 0.5],
					"rotation": [0, 0, -45],
					"cubes": [
						{"origin": [-15, 22, -1], "size": [0, 4, 3], "inflate": 0.02, "uv": [41, 8], "mirror": true}
					]
				},
				{
					"name": "finger_right1",
					"parent": "hand_right",
					"pivot": [-15, 25, 2],
					"rotation": [-30, 0, 0]
				},
				{
					"name": "finger_right1_rotation",
					"parent": "finger_right1",
					"pivot": [-15, 25, 2],
					"cubes": [
						{"origin": [-15, 25, 1], "size": [0, 2, 1], "uv": [31, -1], "mirror": true}
					]
				},
				{
					"name": "finger_right1_2",
					"parent": "finger_right1_rotation",
					"pivot": [-15, 27, 1.5],
					"cubes": [
						{"origin": [-15, 27, 1], "size": [0, 2, 1], "inflate": 0.01, "uv": [35, -1], "mirror": true}
					]
				},
				{
					"name": "finger_right2",
					"parent": "hand_right",
					"pivot": [-15, 26, 0.5],
					"rotation": [-10, 0, 0],
					"cubes": [
						{"origin": [-15, 26, 0.5], "size": [0, 2, 1], "uv": [31, 1], "mirror": true}
					]
				},
				{
					"name": "finger_right2_2",
					"parent": "finger_right2",
					"pivot": [-15, 28, 1],
					"cubes": [
						{"origin": [-15, 28, 0.5], "size": [0, 2, 1], "inflate": 0.01, "uv": [35, 1], "mirror": true}
					]
				},
				{
					"name": "finger_right3",
					"parent": "hand_right",
					"pivot": [-15, 26, 0.5],
					"rotation": [10, 0, 0],
					"cubes": [
						{"origin": [-15, 26, -0.5], "size": [0, 2, 1], "uv": [48, -1], "mirror": true}
					]
				},
				{
					"name": "finger_right3_2",
					"parent": "finger_right3",
					"pivot": [-15, 28, 0],
					"cubes": [
						{"origin": [-15, 28, -0.5], "size": [0, 2, 1], "inflate": 0.01, "uv": [52, -1], "mirror": true}
					]
				},
				{
					"name": "finger_right4",
					"parent": "hand_right",
					"pivot": [-15, 25, -1],
					"rotation": [30, 0, 0]
				},
				{
					"name": "finger_right4_rotation",
					"parent": "finger_right4",
					"pivot": [-15, 25, -1],
					"cubes": [
						{"origin": [-15, 25, -1], "size": [0, 2, 1], "uv": [56, -1], "mirror": true}
					]
				},
				{
					"name": "finger_right4_2",
					"parent": "finger_right4_rotation",
					"pivot": [-15, 27, -0.5],
					"cubes": [
						{"origin": [-15, 27, -1], "size": [0, 2, 1], "inflate": 0.01, "uv": [60, -1], "mirror": true}
					]
				},
				{
					"name": "finger_right5",
					"parent": "hand_right",
					"pivot": [-15, 23, -1],
					"rotation": [70, 0, 0]
				},
				{
					"name": "finger_right5_rotation",
					"parent": "finger_right5",
					"pivot": [-15, 23, -1],
					"cubes": [
						{"origin": [-15, 23, -1], "size": [0, 2, 1], "uv": [59, 1], "mirror": true}
					]
				},
				{
					"name": "finger_right5_2",
					"parent": "finger_right5_rotation",
					"pivot": [-15, 25, -0.5],
					"cubes": [
						{"origin": [-15, 25, -1], "size": [0, 2, 1], "inflate": 0.01, "uv": [59, 3], "mirror": true}
					]
				},
				{
					"name": "neck",
					"parent": "chest",
					"pivot": [0, 24.5, 0],
					"cubes": [
						{"origin": [-2, 23.5, -2], "size": [4, 4, 4], "inflate": 0.01, "uv": [45, 3]}
					]
				},
				{
					"name": "neck2",
					"parent": "neck",
					"pivot": [0, 27.5, 1.5],
					"cubes": [
						{"origin": [-1.5, 27.5, -1.5], "size": [3, 4, 3], "uv": [37, 0]}
					]
				},
				{
					"name": "head",
					"parent": "neck2",
					"pivot": [0.5, 31.5, 0],
					"cubes": [
						{"origin": [-2.5, 30.5, -1.5], "size": [5, 5, 3], "inflate": 0.01, "uv": [0, 0]},
						{"origin": [-2.5, 31.5, -4.5], "size": [5, 4, 3], "inflate": 0.01, "uv": [0, 8]}
					]
				},
				{
                    "name": "locator_seat_1",
                    "parent": "head",
                    "pivot": [0, 16, 7],
                    "locators": {
                        "seat_1": [0, 16, 7]
                    }
                },
				{
					"name": "jaw_teeth_left",
					"parent": "head",
					"pivot": [2.5, 30.5, -0.5],
					"rotation": [-55, 0, 0],
					"cubes": [
						{"origin": [2.51, 30.5, -2.5], "size": [0, 3, 2], "pivot": [2.5, 30.5, -0.5], "rotation": [0, 0, 7.5], "uv": [13, -2]}
					]
				},
				{
					"name": "jaw_teeth_right",
					"parent": "head",
					"pivot": [-2.5, 30.5, -0.5],
					"rotation": [-55, 0, 0],
					"cubes": [
						{"origin": [-2.51, 30.5, -2.5], "size": [0, 3, 2], "pivot": [-2.5, 30.5, -0.5], "rotation": [0, 0, -7.5], "uv": [17, -2], "mirror": true}
					]
				},
				{
					"name": "eyes",
					"parent": "head",
					"pivot": [0.5, 33, -2]
				},
				{
					"name": "eye_left",
					"parent": "eyes",
					"pivot": [2.53, 33.5, -2.25],
					"cubes": [
						{"origin": [2.53, 32.5, -3.75], "size": [0, 2, 3], "uv": [51, 55]}
					]
				},
				{
					"name": "eyelash_left",
					"parent": "eye_left",
					"pivot": [2.52, 33.5, -2.25],
					"rotation": [2.5, 0, 0],
					"cubes": [
						{"origin": [2.52, 32.75, -4.25], "size": [0, 2, 4], "pivot": [2.52, 34.75, -4.25], "rotation": [2.5, 0, 0], "uv": [32, 47]},
						{"origin": [2.52, 34.25, -0.25], "size": [0, 1, 1], "uv": [32, 52]}
					]
				},
				{
					"name": "pupil_left",
					"parent": "eye_left",
					"pivot": [2.54, 33.5, -3],
					"cubes": [
						{"origin": [2.54, 32.5, -3.5], "size": [0, 2, 1], "uv": [45, 58]}
					]
				},
				{
					"name": "eyelid_left",
					"parent": "eye_left",
					"pivot": [1.93, 33.5, -2.25],
					"cubes": [
						{"origin": [1.44, 32.5, -4.25], "size": [1, 2, 4], "inflate": 0.01, "uv": [45, 58]},
						{"origin": [2.42, 32.75, -0.25], "size": [0, 1, 1], "uv": [34, 52]}
					]
				},
				{
					"name": "eye_right",
					"parent": "eyes",
					"pivot": [-2.53, 33.5, -2.25],
					"cubes": [
						{"origin": [-2.53, 32.5, -3.75], "size": [0, 2, 3], "uv": [51, 57], "mirror": true}
					]
				},
				{
					"name": "eyelash_right",
					"parent": "eye_right",
					"pivot": [-2.52, 33.5, -2.25],
					"rotation": [2.5, 0, 0],
					"cubes": [
						{"origin": [-2.52, 32.75, -4.25], "size": [0, 2, 4], "pivot": [-2.52, 34.75, -4.25], "rotation": [2.5, 0, 0], "uv": [16, 58], "mirror": true},
						{"origin": [-2.52, 34.25, -0.25], "size": [0, 1, 1], "uv": [24, 61], "mirror": true}
					]
				},
				{
					"name": "pupil_right",
					"parent": "eye_right",
					"pivot": [-2.54, 33.5, -3],
					"cubes": [
						{"origin": [-2.54, 32.5, -3.5], "size": [0, 2, 1], "uv": [47, 58], "mirror": true}
					]
				},
				{
					"name": "eyelid_right",
					"parent": "eye_right",
					"pivot": [-1.93, 33.5, -2.25],
					"cubes": [
						{"origin": [-2.44, 32.5, -4.25], "size": [1, 2, 4], "inflate": 0.01, "uv": [45, 58], "mirror": true},
						{"origin": [-2.42, 32.75, -0.25], "size": [0, 1, 1], "uv": [24, 62], "mirror": true}
					]
				},
				{
					"name": "muzzle",
					"parent": "head",
					"pivot": [0, 33.5, -4.5],
					"cubes": [
						{"origin": [-1.5, 31.49, -9], "size": [3, 2, 5], "inflate": 0.01, "uv": [13, 3]}
					]
				},
				{
					"name": "muzzle2",
					"parent": "muzzle",
					"pivot": [0, 33.5, -9.5],
					"cubes": [
						{"origin": [-1.5, 31.49, -10.2], "size": [2, 2, 2], "pivot": [0, 32.5, -9.7], "rotation": [0, 45, 0], "uv": [16, 10]},
						{"origin": [0.5, 31.49, -10.2], "size": [0, 1, 2], "pivot": [0, 32.5, -9.7], "rotation": [0, 45, 0], "uv": [14, 8]},
						{"origin": [-0.5, 31.49, -10.2], "size": [0, 1, 2], "pivot": [0, 32.5, -9.7], "rotation": [0, -45, 0], "uv": [22, 8], "mirror": true}
					]
				},
				{
					"name": "jaw",
					"parent": "head",
					"pivot": [0, 31.5, -1.5],
					"cubes": [
						{"origin": [-2.5, 30.5, -4.5], "size": [5, 1, 3], "inflate": 0.04, "uv": [24, 4]},
						{"origin": [-1.5, 30.5, -9], "size": [3, 1, 5], "inflate": 0.03, "uv": [24, 8]},
						{"origin": [1.5, 29, -7.5], "size": [0, 2, 2], "inflate": 0.02, "pivot": [1.5, 31.5, -8], "rotation": [45, 0, 0], "uv": [21, -2]},
						{"origin": [1.5, 31, -8.5], "size": [0, 1, 1], "inflate": 0.02, "pivot": [1.5, 31.5, -8], "rotation": [45, 0, 0], "uv": [21, 1]},
						{"origin": [-1.5, 29, -7.5], "size": [0, 2, 2], "inflate": 0.02, "pivot": [-1.5, 31.5, -8], "rotation": [45, 0, 0], "uv": [25, -2], "mirror": true},
						{"origin": [-1.5, 31, -8.5], "size": [0, 1, 1], "inflate": 0.02, "pivot": [-1.5, 31.5, -8], "rotation": [45, 0, 0], "uv": [23, 1], "mirror": true}
					]
				},
				{
					"name": "tongue",
					"parent": "jaw",
					"pivot": [0, 31.5, -0.99],
					"rotation": [-10, 0, 0],
					"cubes": [
						{"origin": [-1.5, 31.5, -4.99], "size": [3, 0, 4], "uv": [64, 15]}
					]
				},
				{
					"name": "tongue2",
					"parent": "tongue",
					"pivot": [0, 31.5, -4.99],
					"cubes": [
						{"origin": [-1, 31.5, -7.99], "size": [2, 0, 3], "uv": [61, 20]}
					]
				},
				{
					"name": "tail",
					"parent": "torso",
					"pivot": [0, 7, 0],
					"cubes": [
						{"origin": [-3, 2, -2.5], "size": [6, 6, 5], "inflate": 0.01, "uv": [32, 40]}
					]
				},
				{
					"name": "tail_fire_left",
					"parent": "tail",
					"pivot": [3, 5, -2.5],
					"rotation": [0, 22.5, 0],
					"cubes": [
						{"origin": [3, 2, -2.5], "size": [0, 5, 5], "uv": [62, -5]}
					]
				},
				{
					"name": "tail_fire_right",
					"parent": "tail",
					"pivot": [-3, 5, -2.5],
					"rotation": [0, -22.5, 0],
					"cubes": [
						{"origin": [-3, 2, -2.5], "size": [0, 5, 5], "uv": [80, -5], "mirror": true}
					]
				},
				{
					"name": "tail2",
					"parent": "tail",
					"pivot": [0, 2, 0],
					"cubes": [
						{"origin": [-2.5, -3, -2], "size": [5, 6, 4], "inflate": 0.02, "uv": [0, 48]},
						{"origin": [-1, -3, 2.02], "size": [2, 6, 0], "inflate": 0.01, "uv": [42, 22]},
						{"origin": [-1, -3.02, 1], "size": [2, 0, 1], "inflate": 0.01, "uv": [39, 39]}
					]
				},
				{
					"name": "tail_fire_left2",
					"parent": "tail2",
					"pivot": [2.5, 0, -2],
					"rotation": [0, 22.5, 0],
					"cubes": [
						{"origin": [2.5, -3, -2], "size": [0, 5, 4], "uv": [72, -4]}
					]
				},
				{
					"name": "tail_fire_right2",
					"parent": "tail2",
					"pivot": [-2.5, 0, -2],
					"rotation": [0, -22.5, 0],
					"cubes": [
						{"origin": [-2.5, -3, -2], "size": [0, 5, 4], "uv": [90, -4], "mirror": true}
					]
				},
				{
					"name": "tail3",
					"parent": "tail2",
					"pivot": [0, -3, 0],
					"cubes": [
						{"origin": [-2, -8, -1.5], "size": [4, 6, 3], "inflate": 0.01, "uv": [18, 48]}
					]
				},
				{
					"name": "tail_fire_left3",
					"parent": "tail3",
					"pivot": [2, -5, -1.5],
					"rotation": [0, 22.5, 0],
					"cubes": [
						{"origin": [2, -8, -1.5], "size": [0, 5, 3], "uv": [61, 2]}
					]
				},
				{
					"name": "tail_fire_right3",
					"parent": "tail3",
					"pivot": [-2, -5, -1.5],
					"rotation": [0, -22.5, 0],
					"cubes": [
						{"origin": [-2, -8, -1.5], "size": [0, 5, 3], "uv": [73, 2], "mirror": true}
					]
				},
				{
					"name": "tail4",
					"parent": "tail3",
					"pivot": [0, -8, 0],
					"cubes": [
						{"origin": [-1.5, -13, -1.5], "size": [3, 6, 3], "inflate": 0.02, "uv": [29, 54]}
					]
				},
				{
					"name": "tail_fire_left4",
					"parent": "tail4",
					"pivot": [1.5, -10, -1.5],
					"rotation": [0, 22.5, 0],
					"cubes": [
						{"origin": [1.5, -13, -1.5], "size": [0, 5, 3], "uv": [67, 2]}
					]
				},
				{
					"name": "tail_fire_right4",
					"parent": "tail4",
					"pivot": [-1.5, -10, -1.5],
					"rotation": [0, -22.5, 0],
					"cubes": [
						{"origin": [-1.5, -13, -1.5], "size": [0, 5, 3], "uv": [79, 2], "mirror": true}
					]
				},
				{
					"name": "tail5",
					"parent": "tail4",
					"pivot": [0, -13, 0],
					"cubes": [
						{"origin": [-1.5, -18, -1], "size": [3, 6, 2], "inflate": 0.01, "uv": [54, 40]}
					]
				},
				{
					"name": "tail_fire_left5",
					"parent": "tail5",
					"pivot": [1.5, -15, -1],
					"rotation": [0, 22.5, 0],
					"cubes": [
						{"origin": [1.5, -18, -1], "size": [0, 5, 2], "uv": [61, 8]}
					]
				},
				{
					"name": "tail_fire_right5",
					"parent": "tail5",
					"pivot": [-1.5, -15, -1],
					"rotation": [0, -22.5, 0],
					"cubes": [
						{"origin": [-1.5, -18, -1], "size": [0, 5, 2], "uv": [69, 8], "mirror": true}
					]
				},
				{
					"name": "tail6",
					"parent": "tail5",
					"pivot": [0, -18, 0],
					"cubes": [
						{"origin": [-1, -23, -1], "size": [2, 6, 2], "inflate": 0.02, "uv": [41, 51]}
					]
				},
				{
					"name": "tail_fire_left6",
					"parent": "tail6",
					"pivot": [1, -20, -1],
					"rotation": [0, 22.5, 0],
					"cubes": [
						{"origin": [1, -23, -1], "size": [0, 5, 2], "uv": [65, 8]}
					]
				},
				{
					"name": "tail_fire_right6",
					"parent": "tail6",
					"pivot": [-1, -20, -1],
					"rotation": [0, -22.5, 0],
					"cubes": [
						{"origin": [-1, -23, -1], "size": [0, 5, 2], "uv": [73, 8], "mirror": true}
					]
				},
				{
					"name": "tail7",
					"parent": "tail6",
					"pivot": [0, -23, 0],
					"cubes": [
						{"origin": [-1, -28, -0.5], "size": [2, 6, 1], "uv": [49, 51]}
					]
				},
				{
					"name": "tail_fire_left7",
					"parent": "tail7",
					"pivot": [1, -25, -0.5],
					"rotation": [0, 22.5, 0],
					"cubes": [
						{"origin": [1, -28, -0.5], "size": [0, 5, 1], "inflate": 0.01, "uv": [64, 14]}
					]
				},
				{
					"name": "tail_fire_right7",
					"parent": "tail7",
					"pivot": [-1, -25, -0.5],
					"rotation": [0, -22.5, 0],
					"cubes": [
						{"origin": [-1, -28, -0.5], "size": [0, 5, 1], "inflate": 0.01, "uv": [66, 14], "mirror": true}
					]
				},
				{
					"name": "legs",
					"parent": "body",
					"pivot": [0, 10.75, 0]
				},
				{
					"name": "leg_left",
					"parent": "legs",
					"pivot": [3.5, 13.5, 2.5],
					"rotation": [0, 15, 0],
					"cubes": [
						{"origin": [3.5, 7.5, -2.5], "size": [6, 6, 5], "inflate": 0.01, "uv": [0, 28]},
						{"origin": [9, 8, -2], "size": [4, 5, 4], "inflate": 0.01, "uv": [0, 39]}
					]
				},
				{
					"name": "leg_left2",
					"parent": "leg_left",
					"pivot": [13, 11.5, -1],
					"rotation": [0, 0, 22.5],
					"cubes": [
						{"origin": [13, 9.5, -1], "size": [8, 2, 2], "uv": [44, 32]}
					]
				},
				{
					"name": "foot_left",
					"parent": "leg_left2",
					"pivot": [21, 10.5, 0],
					"cubes": [
						{"origin": [21, 9.5, -1.5], "size": [0, 5, 3], "inflate": 0.01, "uv": [21, 25]}
					]
				},
				{
					"name": "toe_left1",
					"parent": "foot_left",
					"pivot": [21, 13.5, 1.5],
					"rotation": [-30, 0, 0]
				},
				{
					"name": "toe_left1_rotation",
					"parent": "toe_left1",
					"pivot": [21, 13.5, 1.5],
					"cubes": [
						{"origin": [21, 13.5, 0.5], "size": [0, 2, 1], "uv": [12, 38]}
					]
				},
				{
					"name": "toe_left1_2",
					"parent": "toe_left1_rotation",
					"pivot": [21, 15.5, 1],
					"cubes": [
						{"origin": [21, 15.5, 0.5], "size": [0, 2, 1], "inflate": 0.01, "uv": [16, 38]}
					]
				},
				{
					"name": "toe_left2",
					"parent": "foot_left",
					"pivot": [21, 14.5, 0],
					"rotation": [-10, 0, 0],
					"cubes": [
						{"origin": [21, 14.5, 0], "size": [0, 2, 1], "uv": [12, 40]}
					]
				},
				{
					"name": "toe_left2_2",
					"parent": "toe_left2",
					"pivot": [21, 16.5, 0.5],
					"cubes": [
						{"origin": [21, 16.5, 0], "size": [0, 2, 1], "inflate": 0.01, "uv": [16, 40]}
					]
				},
				{
					"name": "toe_left3",
					"parent": "foot_left",
					"pivot": [21, 14.5, 0],
					"rotation": [10, 0, 0],
					"cubes": [
						{"origin": [21, 14.5, -1], "size": [0, 2, 1], "uv": [28, 38]}
					]
				},
				{
					"name": "toe_left3_2",
					"parent": "toe_left3",
					"pivot": [21, 16.5, -0.5],
					"cubes": [
						{"origin": [21, 16.5, -1], "size": [0, 2, 1], "inflate": 0.01, "uv": [32, 38]}
					]
				},
				{
					"name": "toe_left4",
					"parent": "foot_left",
					"pivot": [21, 13.5, -1.5],
					"rotation": [30, 0, 0]
				},
				{
					"name": "toe_left4_rotation",
					"parent": "toe_left4",
					"pivot": [21, 13.5, -1.5],
					"cubes": [
						{"origin": [21, 13.5, -1.5], "size": [0, 2, 1], "uv": [28, 40]}
					]
				},
				{
					"name": "toe_left4_2",
					"parent": "toe_left4_rotation",
					"pivot": [21, 15.5, -1],
					"cubes": [
						{"origin": [21, 15.5, -1.5], "size": [0, 2, 1], "inflate": 0.01, "uv": [32, 40]}
					]
				},
				{
					"name": "toe_left5",
					"parent": "foot_left",
					"pivot": [21, 12, -1.5],
					"rotation": [70, 0, 0]
				},
				{
					"name": "toe_left5_rotation",
					"parent": "toe_left5",
					"pivot": [21, 12, -1.5],
					"cubes": [
						{"origin": [21, 12, -1.5], "size": [0, 2, 1], "uv": [0, 38]}
					]
				},
				{
					"name": "toe_left5_2",
					"parent": "toe_left5_rotation",
					"pivot": [21, 14, -1],
					"cubes": [
						{"origin": [21, 14, -1.5], "size": [0, 2, 1], "inflate": 0.01, "uv": [0, 40]}
					]
				},
				{
					"name": "leg_right",
					"parent": "legs",
					"pivot": [-3.5, 13.5, 2.5],
					"rotation": [0, -15, 0],
					"cubes": [
						{"origin": [-9.5, 7.5, -2.5], "size": [6, 6, 5], "inflate": 0.01, "uv": [22, 28], "mirror": true},
						{"origin": [-13, 8, -2], "size": [4, 5, 4], "inflate": 0.01, "uv": [16, 39], "mirror": true}
					]
				},
				{
					"name": "leg_right2",
					"parent": "leg_right",
					"pivot": [-13, 11.5, -1],
					"rotation": [0, 0, -22.5],
					"cubes": [
						{"origin": [-21, 9.5, -1], "size": [8, 2, 2], "uv": [44, 36], "mirror": true}
					]
				},
				{
					"name": "foot_right",
					"parent": "leg_right2",
					"pivot": [-21, 10.5, 0],
					"cubes": [
						{"origin": [-21, 9.5, -1.5], "size": [0, 5, 3], "inflate": 0.01, "uv": [39, 25], "mirror": true}
					]
				},
				{
					"name": "toe_right1",
					"parent": "foot_right",
					"pivot": [-21, 13.5, 1.5],
					"rotation": [-30, 0, 0]
				},
				{
					"name": "toe_right1_rotation",
					"parent": "toe_right1",
					"pivot": [-21, 13.5, 1.5],
					"cubes": [
						{"origin": [-21, 13.5, 0.5], "size": [0, 2, 1], "uv": [14, 38], "mirror": true}
					]
				},
				{
					"name": "toe_right1_2",
					"parent": "toe_right1_rotation",
					"pivot": [-21, 15.5, 1],
					"cubes": [
						{"origin": [-21, 15.5, 0.5], "size": [0, 2, 1], "inflate": 0.01, "uv": [18, 38], "mirror": true}
					]
				},
				{
					"name": "toe_right2",
					"parent": "foot_right",
					"pivot": [-21, 14.5, 0],
					"rotation": [-10, 0, 0],
					"cubes": [
						{"origin": [-21, 14.5, 0], "size": [0, 2, 1], "uv": [14, 40], "mirror": true}
					]
				},
				{
					"name": "toe_right2_2",
					"parent": "toe_right2",
					"pivot": [-21, 16.5, 0.5],
					"cubes": [
						{"origin": [-21, 16.5, 0], "size": [0, 2, 1], "inflate": 0.01, "uv": [18, 40], "mirror": true}
					]
				},
				{
					"name": "toe_right3",
					"parent": "foot_right",
					"pivot": [-21, 14.5, 0],
					"rotation": [10, 0, 0],
					"cubes": [
						{"origin": [-21, 14.5, -1], "size": [0, 2, 1], "uv": [30, 38], "mirror": true}
					]
				},
				{
					"name": "toe_right3_2",
					"parent": "toe_right3",
					"pivot": [-21, 16.5, -0.5],
					"cubes": [
						{"origin": [-21, 16.5, -1], "size": [0, 2, 1], "inflate": 0.01, "uv": [34, 38], "mirror": true}
					]
				},
				{
					"name": "toe_right4",
					"parent": "foot_right",
					"pivot": [-21, 13.5, -1.5],
					"rotation": [30, 0, 0]
				},
				{
					"name": "toe_right4_rotation",
					"parent": "toe_right4",
					"pivot": [-21, 13.5, -1.5],
					"cubes": [
						{"origin": [-21, 13.5, -1.5], "size": [0, 2, 1], "uv": [30, 40], "mirror": true}
					]
				},
				{
					"name": "toe_right4_2",
					"parent": "toe_right4_rotation",
					"pivot": [-21, 15.5, -1],
					"cubes": [
						{"origin": [-21, 15.5, -1.5], "size": [0, 2, 1], "inflate": 0.01, "uv": [34, 40], "mirror": true}
					]
				},
				{
					"name": "toe_right5",
					"parent": "foot_right",
					"pivot": [-21, 12, -1.5],
					"rotation": [70, 0, 0]
				},
				{
					"name": "toe_right5_rotation",
					"parent": "toe_right5",
					"pivot": [-21, 12, -1.5],
					"cubes": [
						{"origin": [-21, 12, -1.5], "size": [0, 2, 1], "uv": [2, 38], "mirror": true}
					]
				},
				{
					"name": "toe_right5_2",
					"parent": "toe_right5_rotation",
					"pivot": [-21, 14, -1],
					"cubes": [
						{"origin": [-21, 14, -1.5], "size": [0, 2, 1], "inflate": 0.01, "uv": [2, 40], "mirror": true}
					]
				}
			]
		}
	]
}