{
	"format_version": "1.12.0",
	"minecraft:geometry": [
		{
			"description": {
				"identifier": "geometry.lumineon",
				"texture_width": 128,
				"texture_height": 128,
				"visible_bounds_width": 4,
				"visible_bounds_height": 2.5,
				"visible_bounds_offset": [0, 0.75, 0]
			},
			"bones": [
				{
					"name": "lumineon",
					"pivot": [0, 0, 0]
				},
				{
					"name": "body",
					"parent": "lumineon",
					"pivot": [0, 0, 0]
				},
				{
					"name": "torso",
					"parent": "body",
					"pivot": [0, 0, 0],
					"cubes": [
						{"origin": [-3, 1, -11.5], "size": [6, 10, 6], "uv": [0, 44]},
						{"origin": [-4, 0, -8], "size": [8, 13, 13], "uv": [0, 0]}
					]
				},
				{
                    "name": "locator_seat_1",
                    "parent": "body",
                    "pivot": [0, 14, 0],
                    "locators": {
                        "seat_1": [0, 14, 0]
                    }
                },
				{
					"name": "mouth",
					"parent": "torso",
					"pivot": [0, 4.5, -11.5],
					"cubes": [
						{"origin": [-2, 3.5, -11.5], "size": [4, 1, 0], "inflate": 0.005, "uv": [0, 10]},
						{"origin": [-1.5, 3, -11.5], "size": [3, 1, 0], "inflate": 0.01, "uv": [0, 6]}
					]
				},
				{
					"name": "lip",
					"parent": "mouth",
					"pivot": [0, 5, -11.5],
					"cubes": [
						{"origin": [-1.5, 3.5, -12.5], "size": [3, 2, 2], "uv": [42, 19]}
					]
				},
				{
					"name": "torso_back",
					"parent": "torso",
					"pivot": [0, 6.5, 5],
					"cubes": [
						{"origin": [-3, 1, 1], "size": [6, 10, 9], "uv": [42, 0]}
					]
				},
				{
					"name": "tail",
					"parent": "torso_back",
					"pivot": [0, 5.5, 9.95],
					"cubes": [
						{"origin": [-1.5, 5.5, 9.45], "size": [3, 0, 4], "uv": [25, 0]}
					]
				},
				{
					"name": "tail2",
					"parent": "tail",
					"pivot": [0, 5.5, 13.45],
					"cubes": [
						{"origin": [-1.5, 5.5, 13.45], "size": [3, 0, 4], "uv": [0, 6]},
						{"origin": [-2, 5, 17.45], "size": [4, 1, 6], "uv": [29, 0]}
					]
				},
				{
					"name": "eye_right",
					"parent": "torso",
					"pivot": [-4, 6.5, -8],
					"rotation": [0, -22.5, 0],
					"cubes": [
						{"origin": [-4, 4, -9.5], "size": [1, 5, 3], "uv": [45, 57]}
					]
				},
				{
					"name": "eyelid_right",
					"parent": "eye_right",
					"pivot": [-2.5, 6.5, -7.5],
					"cubes": [
						{"origin": [-3, 4, -9.5], "size": [1, 5, 3], "inflate": 0.01, "uv": [37, 57]}
					]
				},
				{
					"name": "eye_left",
					"parent": "torso",
					"pivot": [4, 6.5, -8],
					"rotation": [0, 22.5, 0],
					"cubes": [
						{"origin": [3, 4, -9.5], "size": [1, 5, 3], "uv": [29, 57]}
					]
				},
				{
					"name": "eyelid_left",
					"parent": "eye_left",
					"pivot": [2.5, 6.5, -7.5],
					"cubes": [
						{"origin": [2, 4, -9.5], "size": [1, 5, 3], "inflate": 0.01, "uv": [21, 57]}
					]
				},
				{
					"name": "flap_right",
					"parent": "torso",
					"pivot": [0, 0, -2.5],
					"cubes": [
						{"origin": [-6.5, -6, -2.5], "size": [6, 6, 0], "uv": [29, 7]}
					]
				},
				{
					"name": "flap_left",
					"parent": "torso",
					"pivot": [0, 0, -2.5],
					"cubes": [
						{"origin": [0.5, -6, -2.5], "size": [6, 6, 0], "uv": [0, 0]}
					]
				},
				{
					"name": "fin_right",
					"parent": "torso",
					"pivot": [-4, 12, -2],
					"cubes": [
						{"origin": [-14, -1, -2], "size": [10, 13, 0], "uv": [44, 44]}
					]
				},
				{
					"name": "fin_left",
					"parent": "torso",
					"pivot": [4, 12, -2],
					"cubes": [
						{"origin": [4, -1, -2], "size": [10, 13, 0], "uv": [24, 44]}
					]
				},
				{
					"name": "fin_right2",
					"parent": "torso",
					"pivot": [-4, 12, -3],
					"cubes": [
						{"origin": [-13, 4, -3], "size": [9, 18, 0], "uv": [51, 70]}
					]
				},
				{
					"name": "fin_right3",
					"parent": "fin_right2",
					"pivot": [-13, 13, -3],
					"cubes": [
						{"origin": [-23, 4, -3], "size": [10, 18, 0], "uv": [50, 92]}
					]
				},
				{
					"name": "fin_left2",
					"parent": "torso",
					"pivot": [4, 12, -3],
					"cubes": [
						{"origin": [4, 4, -3], "size": [9, 18, 0], "uv": [10, 70]}
					]
				},
				{
					"name": "fin_left3",
					"parent": "fin_left2",
					"pivot": [13, 13, -3],
					"cubes": [
						{"origin": [13, 4, -3], "size": [10, 18, 0], "uv": [9, 92]}
					]
				}
			]
		}
	]
}