{
	"format_version": "1.12.0",
	"minecraft:geometry": [
		{
			"description": {
				"identifier": "geometry.grimmsnarl",
				"texture_width": 256,
				"texture_height": 128,
				"visible_bounds_width": 8,
				"visible_bounds_height": 4.5,
				"visible_bounds_offset": [0, 1.75, 0]
			},
			"bones": [
				{
					"name": "grimmsnarl",
					"pivot": [0, 0, 0]
				},
				{
					"name": "body",
					"parent": "grimmsnarl",
					"pivot": [0, 19, 0]
				},
				{
					"name": "torso",
					"parent": "body",
					"pivot": [0, 18.5, 0],
					"cubes": [
						{"origin": [-6.5, 16.5, -3.5], "size": [13, 6, 7], "inflate": 0.02, "uv": [77, 71]},
						{"origin": [-1, 20, -3.53], "size": [2, 2, 0], "uv": [56, 85]}
					]
				},
				{
                    "name": "locator_seat_1",
                    "parent": "body",
                    "pivot": [0, 38, 4],
                    "locators": {
                        "seat_1": [0, 38, 4]
                    }
                },
				{
					"name": "waist",
					"parent": "torso",
					"pivot": [0, 22.5, 0],
					"cubes": [
						{"origin": [-3.5, 21.5, -3.5], "size": [7, 7, 7], "uv": [49, 71]},
						{"origin": [-1.5, 23, -3.51], "size": [3, 3, 0], "uv": [62, 85]}
					]
				},
				{
					"name": "chest",
					"parent": "waist",
					"pivot": [0, 27.5, 3.5],
					"cubes": [
						{"origin": [-3.5, 27.5, -3.5], "size": [7, 11, 9], "inflate": 0.03, "uv": [0, 31]},
						{"origin": [-8.5, 34, -4.5], "size": [17, 5, 10], "uv": [42, 0]},
						{"origin": [3.5, 27.5, -4.5], "size": [9, 8, 10], "inflate": 0.02, "pivot": [3.5, 27.5, 2], "rotation": [0, 0, -30], "uv": [34, 15]},
						{"origin": [8.5, 32, -4.5], "size": [4, 7, 10], "uv": [96, 0]},
						{"origin": [-12.5, 27.5, -4.5], "size": [9, 8, 10], "inflate": 0.01, "pivot": [-3.5, 27.5, 2], "rotation": [0, 0, 30], "uv": [72, 17], "mirror": true},
						{"origin": [-12.5, 32, -4.5], "size": [4, 7, 10], "uv": [100, 25], "mirror": true}
					]
				},
				{
					"name": "arms",
					"parent": "chest",
					"pivot": [0, 37.5, 0]
				},
				{
					"name": "arm_left",
					"parent": "arms",
					"pivot": [13.5, 34, 0.5],
					"cubes": [
						{"origin": [12, 30, -4], "size": [10, 8, 8], "uv": [0, 51]}
					]
				},
				{
					"name": "arm_left2",
					"parent": "arm_left",
					"pivot": [22, 36.75, 3],
					"cubes": [
						{"origin": [21.5, 31.75, -3], "size": [4, 5, 6], "uv": [80, 44]}
					]
				},
				{
					"name": "arm_left3",
					"parent": "arm_left2",
					"pivot": [25, 34.25, 3],
					"cubes": [
						{"origin": [25, 30.75, -3.5], "size": [7, 7, 7], "inflate": 0.01, "uv": [65, 57]}
					]
				},
				{
					"name": "arm_left4",
					"parent": "arm_left3",
					"pivot": [32, 34.25, 0],
					"cubes": [
						{"origin": [31, 31.75, -2.5], "size": [4, 5, 5], "uv": [0, 67]}
					]
				},
				{
					"name": "wrist_left",
					"parent": "arm_left4",
					"pivot": [34.5, 32.25, 0]
				},
				{
					"name": "hand_left",
					"parent": "wrist_left",
					"pivot": [34.5, 36.25, 0],
					"cubes": [
						{"origin": [34.5, 32.25, -2], "size": [3, 4, 4], "inflate": 0.02, "uv": [28, 47]}
					]
				},
				{
					"name": "finger_back_left",
					"parent": "hand_left",
					"pivot": [37.5, 34.25, 0],
					"rotation": [0, 0, -27.5],
					"cubes": [
						{"origin": [37.5, 34.25, 0], "size": [4, 2, 2], "uv": [36, 64]}
					]
				},
				{
					"name": "finger_back_left2",
					"parent": "finger_back_left",
					"pivot": [41.5, 36.25, 1],
					"rotation": [0, 0, 42.5],
					"cubes": [
						{"origin": [41.5, 34.25, 0], "size": [3, 2, 2], "inflate": 0.01, "uv": [44, 74]}
					]
				},
				{
					"name": "finger_back_left3",
					"parent": "finger_back_left2",
					"pivot": [44.5, 34.25, 1],
					"rotation": [0, 0, 27.5],
					"cubes": [
						{"origin": [42.5, 34.25, 1], "size": [2, 3, 0], "uv": [61, 64]}
					]
				},
				{
					"name": "finger_front_left",
					"parent": "hand_left",
					"pivot": [37.5, 34.25, 0],
					"rotation": [0, 0, -27.5],
					"cubes": [
						{"origin": [37.5, 34.25, -2], "size": [4, 2, 2], "uv": [0, 77]}
					]
				},
				{
					"name": "finger_front_left2",
					"parent": "finger_front_left",
					"pivot": [41.5, 36.25, -1],
					"rotation": [0, 0, 42.5],
					"cubes": [
						{"origin": [41.5, 34.25, -2], "size": [3, 2, 2], "inflate": 0.01, "uv": [12, 77]}
					]
				},
				{
					"name": "finger_front_left3",
					"parent": "finger_front_left2",
					"pivot": [44.5, 34.25, -1],
					"rotation": [0, 0, 27.5],
					"cubes": [
						{"origin": [42.5, 34.25, -1], "size": [2, 3, 0], "uv": [22, 77]}
					]
				},
				{
					"name": "thumb_left",
					"parent": "hand_left",
					"pivot": [37.5, 34.25, 0],
					"rotation": [0, 0, 27.5],
					"cubes": [
						{"origin": [36.5, 32.25, -2], "size": [5, 2, 2], "uv": [26, 77]}
					]
				},
				{
					"name": "thumb_left2",
					"parent": "thumb_left",
					"pivot": [41.5, 32.25, -1],
					"rotation": [0, 0, -42.5],
					"cubes": [
						{"origin": [41.5, 32.25, -2], "size": [3, 2, 2], "inflate": 0.01, "uv": [36, 72]}
					]
				},
				{
					"name": "thumb_left3",
					"parent": "thumb_left2",
					"pivot": [44.5, 34.25, -1],
					"rotation": [0, 0, -27.5],
					"cubes": [
						{"origin": [42.5, 31.25, -1], "size": [2, 3, 0], "uv": [40, 88]}
					]
				},
				{
					"name": "hidden_arm_left_parent",
					"parent": "arm_left2",
					"pivot": [25.5, 34.25, 0]
				},
				{
					"name": "hidden_arm_left",
					"parent": "hidden_arm_left_parent",
					"pivot": [25.5, 35.25, 0],
					"cubes": [
						{"origin": [24.5, 33.25, -1], "size": [10, 2, 2], "uv": [78, 92]}
					]
				},
				{
					"name": "hidden_arm_left2",
					"parent": "hidden_arm_left",
					"pivot": [34, 35.25, 0],
					"cubes": [
						{"origin": [34, 32.75, -1.5], "size": [4, 3, 3], "inflate": 0.02, "uv": [80, 100]}
					]
				},
				{
					"name": "hidden_finger_back_left",
					"parent": "hidden_arm_left2",
					"pivot": [38, 34, 0.5],
					"rotation": [0, 0, -27.5],
					"cubes": [
						{"origin": [38, 34, 0.5], "size": [3, 2, 1], "inflate": 0.01, "uv": [102, 92]}
					]
				},
				{
					"name": "hidden_finger_back_left2",
					"parent": "hidden_finger_back_left",
					"pivot": [41, 36, 1],
					"rotation": [0, 0, 42.5],
					"cubes": [
						{"origin": [41, 34, 1], "size": [4, 2, 0], "uv": [110, 92]}
					]
				},
				{
					"name": "hidden_finger_front_left",
					"parent": "hidden_arm_left2",
					"pivot": [38, 34, -0.5],
					"rotation": [0, 0, -27.5],
					"cubes": [
						{"origin": [38, 34, -1.5], "size": [3, 2, 1], "inflate": 0.01, "uv": [94, 100]}
					]
				},
				{
					"name": "hidden_finger_front_left2",
					"parent": "hidden_finger_front_left",
					"pivot": [41, 36, -1],
					"rotation": [0, 0, 42.5],
					"cubes": [
						{"origin": [41, 34, -1], "size": [4, 2, 0], "uv": [104, 98]}
					]
				},
				{
					"name": "hidden_thumb_left",
					"parent": "hidden_arm_left2",
					"pivot": [37.5, 34.5, -1],
					"rotation": [0, 0, 27.5],
					"cubes": [
						{"origin": [37.5, 32.5, -2], "size": [3, 2, 1], "inflate": 0.01, "uv": [90, 106]}
					]
				},
				{
					"name": "hidden_thumb_left2",
					"parent": "hidden_thumb_left",
					"pivot": [40.5, 32.5, -1.5],
					"rotation": [0, 0, -42.5],
					"cubes": [
						{"origin": [40.5, 32.5, -1.5], "size": [4, 2, 0], "uv": [68, 105]}
					]
				},
				{
					"name": "tentacle_front_top_left",
					"parent": "hidden_arm_left_parent",
					"pivot": [25.5, 33.75, 0.5],
					"rotation": [-2.5, 15, -15],
					"cubes": [
						{"origin": [25.5, 33.75, -2.5], "size": [7, 3, 3], "inflate": 0.02, "uv": [128, 0]}
					]
				},
				{
					"name": "tentacle_front_top_left2",
					"parent": "tentacle_front_top_left",
					"pivot": [32.5, 35.25, -1],
					"cubes": [
						{"origin": [31.5, 34.25, -2.5], "size": [7, 2, 3], "inflate": 0.01, "uv": [168, 0]}
					]
				},
				{
					"name": "tentacle_front_top_left3",
					"parent": "tentacle_front_top_left2",
					"pivot": [38.5, 35.25, -1],
					"cubes": [
						{"origin": [38, 34.25, -2], "size": [6, 2, 2], "uv": [208, 0]}
					]
				},
				{
					"name": "tentacle_front_top_left4",
					"parent": "tentacle_front_top_left3",
					"pivot": [44, 35.25, -1],
					"cubes": [
						{"origin": [43.5, 34.75, -2], "size": [6, 1, 2], "inflate": 0.01, "uv": [240, 2]}
					]
				},
				{
					"name": "tentacle_front_top_left5",
					"parent": "tentacle_front_top_left4",
					"pivot": [49.5, 35.25, -1],
					"cubes": [
						{"origin": [49, 34.75, -1.5], "size": [6, 1, 1], "uv": [205, 16]}
					]
				},
				{
					"name": "tentacle_front_bottom_left",
					"parent": "hidden_arm_left_parent",
					"pivot": [25.5, 34.75, 0.75],
					"rotation": [2.5, 15, 15],
					"cubes": [
						{"origin": [25.5, 31.75, -2.25], "size": [7, 3, 3], "inflate": 0.02, "uv": [128, 6]}
					]
				},
				{
					"name": "tentacle_front_bottom_left2",
					"parent": "tentacle_front_bottom_left",
					"pivot": [32.5, 33.25, -0.75],
					"cubes": [
						{"origin": [31.5, 32.25, -2.25], "size": [7, 2, 3], "inflate": 0.01, "uv": [168, 5]}
					]
				},
				{
					"name": "tentacle_front_bottom_left3",
					"parent": "tentacle_front_bottom_left2",
					"pivot": [38.5, 33.25, -0.75],
					"cubes": [
						{"origin": [38, 32.25, -1.75], "size": [6, 2, 2], "uv": [208, 4]}
					]
				},
				{
					"name": "tentacle_front_bottom_left4",
					"parent": "tentacle_front_bottom_left3",
					"pivot": [44, 33.25, -0.75],
					"cubes": [
						{"origin": [43.5, 32.75, -1.75], "size": [6, 1, 2], "inflate": 0.01, "uv": [240, 5]}
					]
				},
				{
					"name": "tentacle_front_bottom_left5",
					"parent": "tentacle_front_bottom_left4",
					"pivot": [49.5, 33.25, -0.75],
					"cubes": [
						{"origin": [49, 32.75, -1.25], "size": [6, 1, 1], "uv": [205, 18]}
					]
				},
				{
					"name": "tentacle_back_top_left",
					"parent": "hidden_arm_left_parent",
					"pivot": [25.5, 33.75, -0.5],
					"rotation": [2.5, -15, -15],
					"cubes": [
						{"origin": [25.5, 33.75, -0.5], "size": [7, 3, 3], "inflate": 0.02, "uv": [148, 0]}
					]
				},
				{
					"name": "tentacle_back_top_left2",
					"parent": "tentacle_back_top_left",
					"pivot": [32.5, 35.25, 1],
					"cubes": [
						{"origin": [31.5, 34.25, -0.5], "size": [7, 2, 3], "inflate": 0.01, "uv": [188, 0]}
					]
				},
				{
					"name": "tentacle_back_top_left3",
					"parent": "tentacle_back_top_left2",
					"pivot": [38.5, 35.25, 1],
					"cubes": [
						{"origin": [38, 34.25, 0], "size": [6, 2, 2], "uv": [224, 0]}
					]
				},
				{
					"name": "tentacle_back_top_left4",
					"parent": "tentacle_back_top_left3",
					"pivot": [44, 35.25, 1],
					"cubes": [
						{"origin": [43.5, 34.75, 0], "size": [6, 1, 2], "inflate": 0.01, "uv": [236, 14]}
					]
				},
				{
					"name": "tentacle_back_top_left5",
					"parent": "tentacle_back_top_left4",
					"pivot": [49.5, 35.25, 1],
					"cubes": [
						{"origin": [49, 34.75, 0.5], "size": [6, 1, 1], "uv": [219, 16]}
					]
				},
				{
					"name": "tentacle_back_bottom_left",
					"parent": "hidden_arm_left_parent",
					"pivot": [25.5, 34.75, -0.5],
					"rotation": [0, -15, 15],
					"cubes": [
						{"origin": [25.5, 31.75, -0.5], "size": [7, 3, 3], "inflate": 0.02, "uv": [148, 6]}
					]
				},
				{
					"name": "tentacle_back_bottom_left2",
					"parent": "tentacle_back_bottom_left",
					"pivot": [32.5, 33.25, 1],
					"cubes": [
						{"origin": [31.5, 32.25, -0.5], "size": [7, 2, 3], "inflate": 0.01, "uv": [188, 5]}
					]
				},
				{
					"name": "tentacle_back_bottom_left3",
					"parent": "tentacle_back_bottom_left2",
					"pivot": [38.5, 33.25, 1],
					"cubes": [
						{"origin": [38, 32.25, 0], "size": [6, 2, 2], "uv": [224, 4]}
					]
				},
				{
					"name": "tentacle_back_bottom_left4",
					"parent": "tentacle_back_bottom_left3",
					"pivot": [44, 33.25, 1],
					"cubes": [
						{"origin": [43.5, 32.75, 0], "size": [6, 1, 2], "inflate": 0.01, "uv": [236, 17]}
					]
				},
				{
					"name": "tentacle_back_bottom_left5",
					"parent": "tentacle_back_bottom_left4",
					"pivot": [49.5, 33.25, 1],
					"cubes": [
						{"origin": [49, 32.75, 0.5], "size": [6, 1, 1], "uv": [219, 18]}
					]
				},
				{
					"name": "arm_right",
					"parent": "arms",
					"pivot": [-13.5, 34, 0.5],
					"cubes": [
						{"origin": [-22, 30, -4], "size": [10, 8, 8], "uv": [36, 48], "mirror": true}
					]
				},
				{
					"name": "arm_right2",
					"parent": "arm_right",
					"pivot": [-22, 36.75, 3],
					"cubes": [
						{"origin": [-25.5, 31.75, -3], "size": [4, 5, 6], "uv": [100, 42], "mirror": true}
					]
				},
				{
					"name": "arm_right3",
					"parent": "arm_right2",
					"pivot": [-25, 34.25, 3],
					"cubes": [
						{"origin": [-32, 30.75, -3.5], "size": [7, 7, 7], "inflate": 0.01, "uv": [93, 53], "mirror": true}
					]
				},
				{
					"name": "arm_right4",
					"parent": "arm_right3",
					"pivot": [-32, 34.25, 0],
					"cubes": [
						{"origin": [-35, 31.75, -2.5], "size": [4, 5, 5], "uv": [18, 67], "mirror": true}
					]
				},
				{
					"name": "wrist_right",
					"parent": "arm_right4",
					"pivot": [-34.5, 32.25, 0]
				},
				{
					"name": "hand_right",
					"parent": "wrist_right",
					"pivot": [-34.5, 36.25, 0],
					"cubes": [
						{"origin": [-37.5, 32.25, -2], "size": [3, 4, 4], "inflate": 0.02, "uv": [64, 48], "mirror": true}
					]
				},
				{
					"name": "finger_back_right",
					"parent": "hand_right",
					"pivot": [-37.5, 34.25, 0],
					"rotation": [0, 0, 27.5],
					"cubes": [
						{"origin": [-41.5, 34.25, 0], "size": [4, 2, 2], "uv": [36, 68], "mirror": true}
					]
				},
				{
					"name": "finger_back_right2",
					"parent": "finger_back_right",
					"pivot": [-41.5, 36.25, 1],
					"rotation": [0, 0, -42.5],
					"cubes": [
						{"origin": [-44.5, 34.25, 0], "size": [3, 2, 2], "inflate": 0.01, "uv": [38, 79], "mirror": true}
					]
				},
				{
					"name": "finger_back_right3",
					"parent": "finger_back_right2",
					"pivot": [-44.5, 34.25, 1],
					"rotation": [0, 0, -27.5],
					"cubes": [
						{"origin": [-44.5, 34.25, 1], "size": [2, 3, 0], "uv": [61, 67], "mirror": true}
					]
				},
				{
					"name": "finger_front_right",
					"parent": "hand_right",
					"pivot": [-37.5, 34.25, 0],
					"rotation": [0, 0, 27.5],
					"cubes": [
						{"origin": [-41.5, 34.25, -2], "size": [4, 2, 2], "uv": [0, 81], "mirror": true}
					]
				},
				{
					"name": "finger_front_right2",
					"parent": "finger_front_right",
					"pivot": [-41.5, 36.25, -1],
					"rotation": [0, 0, -42.5],
					"cubes": [
						{"origin": [-44.5, 34.25, -2], "size": [3, 2, 2], "inflate": 0.01, "uv": [12, 81], "mirror": true}
					]
				},
				{
					"name": "finger_front_right3",
					"parent": "finger_front_right2",
					"pivot": [-44.5, 34.25, -1],
					"rotation": [0, 0, -27.5],
					"cubes": [
						{"origin": [-44.5, 34.25, -1], "size": [2, 3, 0], "uv": [22, 80], "mirror": true}
					]
				},
				{
					"name": "thumb_right",
					"parent": "hand_right",
					"pivot": [-37.5, 34.25, 0],
					"rotation": [0, 0, -27.5],
					"cubes": [
						{"origin": [-41.5, 32.25, -2], "size": [5, 2, 2], "uv": [26, 81], "mirror": true}
					]
				},
				{
					"name": "thumb_right2",
					"parent": "thumb_right",
					"pivot": [-41.5, 32.25, -1],
					"rotation": [0, 0, 42.5],
					"cubes": [
						{"origin": [-44.5, 32.25, -2], "size": [3, 2, 2], "inflate": 0.01, "uv": [46, 70], "mirror": true}
					]
				},
				{
					"name": "thumb_right3",
					"parent": "thumb_right2",
					"pivot": [-44.5, 34.25, -1],
					"rotation": [0, 0, 27.5],
					"cubes": [
						{"origin": [-44.5, 31.25, -1], "size": [2, 3, 0], "uv": [40, 85], "mirror": true}
					]
				},
				{
					"name": "hidden_arm_right_parent",
					"parent": "arm_right2",
					"pivot": [-25.5, 34.25, 0]
				},
				{
					"name": "hidden_arm_right",
					"parent": "hidden_arm_right_parent",
					"pivot": [-25.5, 35.25, 0],
					"cubes": [
						{"origin": [-34.5, 33.25, -1], "size": [10, 2, 2], "uv": [80, 96], "mirror": true}
					]
				},
				{
					"name": "hidden_arm_right2",
					"parent": "hidden_arm_right",
					"pivot": [-34, 35.25, 0],
					"cubes": [
						{"origin": [-38, 32.75, -1.5], "size": [4, 3, 3], "inflate": 0.02, "uv": [79, 106], "mirror": true}
					]
				},
				{
					"name": "hidden_finger_back_right",
					"parent": "hidden_arm_right2",
					"pivot": [-38, 34, 0.5],
					"rotation": [0, 0, 27.5],
					"cubes": [
						{"origin": [-41, 34, 0.5], "size": [3, 2, 1], "inflate": 0.01, "uv": [102, 95], "mirror": true}
					]
				},
				{
					"name": "hidden_finger_back_right2",
					"parent": "hidden_finger_back_right",
					"pivot": [-41, 36, 1],
					"rotation": [0, 0, -42.5],
					"cubes": [
						{"origin": [-45, 34, 1], "size": [4, 2, 0], "uv": [110, 94], "mirror": true}
					]
				},
				{
					"name": "hidden_finger_front_right",
					"parent": "hidden_arm_right2",
					"pivot": [-38, 34, -0.5],
					"rotation": [0, 0, 27.5],
					"cubes": [
						{"origin": [-41, 34, -1.5], "size": [3, 2, 1], "inflate": 0.01, "uv": [94, 103], "mirror": true}
					]
				},
				{
					"name": "hidden_finger_front_right2",
					"parent": "hidden_finger_front_right",
					"pivot": [-41, 36, -1],
					"rotation": [0, 0, -42.5],
					"cubes": [
						{"origin": [-45, 34, -1], "size": [4, 2, 0], "uv": [102, 100], "mirror": true}
					]
				},
				{
					"name": "hidden_thumb_right",
					"parent": "hidden_arm_right2",
					"pivot": [-37.5, 34.5, -1],
					"rotation": [0, 0, -27.5],
					"cubes": [
						{"origin": [-40.5, 32.5, -2], "size": [3, 2, 1], "inflate": 0.01, "uv": [79, 112], "mirror": true}
					]
				},
				{
					"name": "hidden_thumb_right2",
					"parent": "hidden_thumb_right",
					"pivot": [-40.5, 32.5, -1.5],
					"rotation": [0, 0, 42.5],
					"cubes": [
						{"origin": [-44.5, 32.5, -1.5], "size": [4, 2, 0], "uv": [68, 107], "mirror": true}
					]
				},
				{
					"name": "tentacle_front_top_right",
					"parent": "hidden_arm_right_parent",
					"pivot": [-25.5, 33.75, 0.5],
					"rotation": [-2.5, -15, 15],
					"cubes": [
						{"origin": [-32.5, 33.75, -2.5], "size": [7, 3, 3], "inflate": 0.02, "uv": [124, 12], "mirror": true}
					]
				},
				{
					"name": "tentacle_front_top_right2",
					"parent": "tentacle_front_top_right",
					"pivot": [-32.5, 35.25, -1],
					"cubes": [
						{"origin": [-38.5, 34.25, -2.5], "size": [7, 2, 3], "inflate": 0.01, "uv": [165, 10], "mirror": true}
					]
				},
				{
					"name": "tentacle_front_top_right3",
					"parent": "tentacle_front_top_right2",
					"pivot": [-38.5, 35.25, -1],
					"cubes": [
						{"origin": [-44, 34.25, -2], "size": [6, 2, 2], "uv": [206, 8], "mirror": true}
					]
				},
				{
					"name": "tentacle_front_top_right4",
					"parent": "tentacle_front_top_right3",
					"pivot": [-44, 35.25, -1],
					"cubes": [
						{"origin": [-49.5, 34.75, -2], "size": [6, 1, 2], "inflate": 0.01, "uv": [240, 8], "mirror": true}
					]
				},
				{
					"name": "tentacle_front_top_right5",
					"parent": "tentacle_front_top_right4",
					"pivot": [-49.5, 35.25, -1],
					"cubes": [
						{"origin": [-55, 34.75, -1.5], "size": [6, 1, 1], "uv": [205, 20], "mirror": true}
					]
				},
				{
					"name": "tentacle_front_bottom_right",
					"parent": "hidden_arm_right_parent",
					"pivot": [-25.5, 34.75, 0.75],
					"rotation": [2.5, -15, -15],
					"cubes": [
						{"origin": [-32.5, 31.75, -2.25], "size": [7, 3, 3], "inflate": 0.02, "uv": [124, 18], "mirror": true}
					]
				},
				{
					"name": "tentacle_front_bottom_right2",
					"parent": "tentacle_front_bottom_right",
					"pivot": [-32.5, 33.25, -0.75],
					"cubes": [
						{"origin": [-38.5, 32.25, -2.25], "size": [7, 2, 3], "inflate": 0.01, "uv": [165, 15], "mirror": true}
					]
				},
				{
					"name": "tentacle_front_bottom_right3",
					"parent": "tentacle_front_bottom_right2",
					"pivot": [-38.5, 33.25, -0.75],
					"cubes": [
						{"origin": [-44, 32.25, -1.75], "size": [6, 2, 2], "uv": [206, 12], "mirror": true}
					]
				},
				{
					"name": "tentacle_front_bottom_right4",
					"parent": "tentacle_front_bottom_right3",
					"pivot": [-44, 33.25, -0.75],
					"cubes": [
						{"origin": [-49.5, 32.75, -1.75], "size": [6, 1, 2], "inflate": 0.01, "uv": [240, 11], "mirror": true}
					]
				},
				{
					"name": "tentacle_front_bottom_right5",
					"parent": "tentacle_front_bottom_right4",
					"pivot": [-49.5, 33.25, -0.75],
					"cubes": [
						{"origin": [-55, 32.75, -1.25], "size": [6, 1, 1], "uv": [205, 22], "mirror": true}
					]
				},
				{
					"name": "tentacle_back_top_right",
					"parent": "hidden_arm_right_parent",
					"pivot": [-25.5, 33.75, -0.5],
					"rotation": [2.5, 15, 15],
					"cubes": [
						{"origin": [-32.5, 33.75, -0.5], "size": [7, 3, 3], "inflate": 0.02, "uv": [144, 12], "mirror": true}
					]
				},
				{
					"name": "tentacle_back_top_right2",
					"parent": "tentacle_back_top_right",
					"pivot": [-32.5, 35.25, 1],
					"cubes": [
						{"origin": [-38.5, 34.25, -0.5], "size": [7, 2, 3], "inflate": 0.01, "uv": [185, 10], "mirror": true}
					]
				},
				{
					"name": "tentacle_back_top_right3",
					"parent": "tentacle_back_top_right2",
					"pivot": [-38.5, 35.25, 1],
					"cubes": [
						{"origin": [-44, 34.25, 0], "size": [6, 2, 2], "uv": [222, 8], "mirror": true}
					]
				},
				{
					"name": "tentacle_back_top_right4",
					"parent": "tentacle_back_top_right3",
					"pivot": [-44, 35.25, 1],
					"cubes": [
						{"origin": [-49.5, 34.75, 0], "size": [6, 1, 2], "inflate": 0.01, "uv": [236, 20], "mirror": true}
					]
				},
				{
					"name": "tentacle_back_top_right5",
					"parent": "tentacle_back_top_right4",
					"pivot": [-49.5, 35.25, 1],
					"cubes": [
						{"origin": [-55, 34.75, 0.5], "size": [6, 1, 1], "uv": [219, 20], "mirror": true}
					]
				},
				{
					"name": "tentacle_back_bottom_right",
					"parent": "hidden_arm_right_parent",
					"pivot": [-25.5, 34.75, -0.5],
					"rotation": [0, 15, -15],
					"cubes": [
						{"origin": [-32.5, 31.75, -0.5], "size": [7, 3, 3], "inflate": 0.02, "uv": [144, 18], "mirror": true}
					]
				},
				{
					"name": "tentacle_back_bottom_right2",
					"parent": "tentacle_back_bottom_right",
					"pivot": [-32.5, 33.25, 1],
					"cubes": [
						{"origin": [-38.5, 32.25, -0.5], "size": [7, 2, 3], "inflate": 0.01, "uv": [185, 15], "mirror": true}
					]
				},
				{
					"name": "tentacle_back_bottom_right3",
					"parent": "tentacle_back_bottom_right2",
					"pivot": [-38.5, 33.25, 1],
					"cubes": [
						{"origin": [-44, 32.25, 0], "size": [6, 2, 2], "uv": [222, 12], "mirror": true}
					]
				},
				{
					"name": "tentacle_back_bottom_right4",
					"parent": "tentacle_back_bottom_right3",
					"pivot": [-44, 33.25, 1],
					"cubes": [
						{"origin": [-49.5, 32.75, 0], "size": [6, 1, 2], "inflate": 0.01, "uv": [236, 23], "mirror": true}
					]
				},
				{
					"name": "tentacle_back_bottom_right5",
					"parent": "tentacle_back_bottom_right4",
					"pivot": [-49.5, 33.25, 1],
					"cubes": [
						{"origin": [-55, 32.75, 0.5], "size": [6, 1, 1], "uv": [219, 22], "mirror": true}
					]
				},
				{
					"name": "shoulders",
					"parent": "chest",
					"pivot": [1, 39, 3.5]
				},
				{
					"name": "shoulder_left",
					"parent": "shoulders",
					"pivot": [12.5, 39, 4.5],
					"cubes": [
						{"origin": [12.5, 35, -4.5], "size": [4, 4, 9], "inflate": 0.01, "uv": [32, 33]}
					]
				},
				{
					"name": "shoulder_left2",
					"parent": "shoulder_left",
					"pivot": [16.5, 39, 0.5],
					"rotation": [0, 0, 5],
					"cubes": [
						{"origin": [16.5, 37, -3.5], "size": [3, 2, 7], "uv": [77, 35]}
					]
				},
				{
					"name": "shoulder_left3",
					"parent": "shoulder_left2",
					"pivot": [19.5, 39, 0],
					"cubes": [
						{"origin": [19.5, 39, -2.5], "size": [2, 0, 5], "uv": [47, 35]}
					]
				},
				{
					"name": "shoulder_right",
					"parent": "shoulders",
					"pivot": [-12.5, 39, 4.5],
					"cubes": [
						{"origin": [-16.5, 35, -4.5], "size": [4, 4, 9], "inflate": 0.01, "uv": [60, 35], "mirror": true}
					]
				},
				{
					"name": "shoulder_right2",
					"parent": "shoulder_right",
					"pivot": [-16.5, 39, 0.5],
					"rotation": [0, 0, -5],
					"cubes": [
						{"origin": [-19.5, 37, -3.5], "size": [3, 2, 7], "uv": [49, 33], "mirror": true}
					]
				},
				{
					"name": "shoulder_right3",
					"parent": "shoulder_right2",
					"pivot": [-19.5, 39, 0.5],
					"cubes": [
						{"origin": [-21.5, 39, -2.5], "size": [2, 0, 5], "uv": [57, 35], "mirror": true}
					]
				},
				{
					"name": "shoulder_spike_left",
					"parent": "chest",
					"pivot": [10.5, 39, 0],
					"rotation": [0, 0, 20],
					"cubes": [
						{"origin": [10.5, 39, -2], "size": [4, 4, 4], "uv": [86, 2]}
					]
				},
				{
					"name": "shoulder_spike_left2",
					"parent": "shoulder_spike_left",
					"pivot": [12.5, 42.5, 0],
					"rotation": [0, 0, -2.5],
					"cubes": [
						{"origin": [11, 41.5, -1.5], "size": [3, 4, 3], "uv": [62, 15]}
					]
				},
				{
					"name": "shoulder_spike_left3",
					"parent": "shoulder_spike_left2",
					"pivot": [12.5, 45.5, 0],
					"rotation": [0, 0, -2.5],
					"cubes": [
						{"origin": [11.5, 44.5, -1], "size": [2, 4, 2], "uv": [98, 0]}
					]
				},
				{
					"name": "shoulder_spike_small_left",
					"parent": "chest",
					"pivot": [15, 38.5, 0],
					"rotation": [0, 0, -15],
					"cubes": [
						{"origin": [15, 38.5, -1], "size": [3, 2, 2], "uv": [72, 21]}
					]
				},
				{
					"name": "shoulder_spike_small_left2",
					"parent": "shoulder_spike_small_left",
					"pivot": [18, 38.5, 0],
					"rotation": [0, 0, -20],
					"cubes": [
						{"origin": [18, 38.5, -0.5], "size": [2, 2, 1], "uv": [66, 22]}
					]
				},
				{
					"name": "shoulder_spike_right",
					"parent": "chest",
					"pivot": [-11.5, 39, 0],
					"rotation": [0, 0, -20],
					"cubes": [
						{"origin": [-14.5, 39, -2], "size": [3, 4, 4], "uv": [114, 2], "mirror": true}
					]
				},
				{
					"name": "shoulder_spike_right2",
					"parent": "shoulder_spike_right",
					"pivot": [-13, 43, 0],
					"rotation": [0, 0, 2.5],
					"cubes": [
						{"origin": [-13.99952, 41.97819, -1], "size": [2, 4, 2], "uv": [74, 15], "mirror": true}
					]
				},
				{
					"name": "shoulder_spike_small_right",
					"parent": "chest",
					"pivot": [-15, 38.5, 0],
					"rotation": [0, 0, 15],
					"cubes": [
						{"origin": [-17, 38.5, -1], "size": [2, 2, 2], "uv": [118, 31], "mirror": true}
					]
				},
				{
					"name": "shoulder_spike_small_right2",
					"parent": "shoulder_spike_small_right",
					"pivot": [-17, 38.5, 0],
					"rotation": [0, 0, 20],
					"cubes": [
						{"origin": [-19, 38.5, -0.5], "size": [2, 2, 1], "uv": [118, 28], "mirror": true}
					]
				},
				{
					"name": "head",
					"parent": "chest",
					"pivot": [0, 39, -0.25],
					"cubes": [
						{"origin": [-3.5, 38, -4.25], "size": [7, 6, 8], "inflate": 0.02, "uv": [0, 17]},
						{"origin": [0.5, 38, -4.25], "size": [3, 6, 8], "inflate": 0.01, "pivot": [3.5, 44, -0.25], "rotation": [0, 0, -27.5], "uv": [8, 3]},
						{"origin": [-3.5, 38, -4.25], "size": [3, 6, 8], "inflate": 0.01, "pivot": [-3.5, 44, -0.25], "rotation": [0, 0, 27.5], "uv": [22, 9], "mirror": true}
					]
				},
				{
					"name": "front_head",
					"parent": "head",
					"pivot": [0, 43.5, -4.25],
					"cubes": [
						{"origin": [-2, 38.5, -6.25], "size": [4, 5, 4], "pivot": [0, 39.5, -4.25], "rotation": [0, 45, 0], "uv": [0, 0]}
					]
				},
				{
					"name": "eyes",
					"parent": "front_head",
					"pivot": [0, 43.25, -4.25]
				},
				{
					"name": "eye_left_rotation",
					"parent": "eyes",
					"pivot": [0, 40.25, -4.25],
					"rotation": [0, -45, 0]
				},
				{
					"name": "eye_left",
					"parent": "eye_left_rotation",
					"pivot": [0.25, 41.55, -6.26],
					"rotation": [0, 0, -2.5],
					"cubes": [
						{"origin": [-0.85, 39.8, -6.26], "size": [3, 2, 0], "uv": [0, 31]}
					]
				},
				{
					"name": "pupil_left",
					"parent": "eye_left",
					"pivot": [0.2, 40.8, -6.27],
					"cubes": [
						{"origin": [-0.3, 39.8, -6.27], "size": [1, 1.5, 0], "uv": [6, 31]}
					]
				},
				{
					"name": "eyelash_left",
					"parent": "eye_left",
					"pivot": [0.45, 41.75, -6.27],
					"rotation": [0, 0, -22.5],
					"cubes": [
						{"origin": [-1.55, 41, -6.28], "size": [4, 2, 0], "inflate": 0.01, "uv": [0, 33]}
					]
				},
				{
					"name": "eyelid_left",
					"parent": "eye_left",
					"pivot": [0.55, 40.8, -5.67],
					"cubes": [
						{"origin": [-0.95, 39.8, -6.17], "size": [3, 2, 1], "inflate": 0.01, "uv": [0, 35]}
					]
				},
				{
					"name": "eye_right_rotation",
					"parent": "eyes",
					"pivot": [0, 40.25, -4.25],
					"rotation": [0, 45, 0]
				},
				{
					"name": "eye_right",
					"parent": "eye_right_rotation",
					"pivot": [-0.25, 41.55, -6.26],
					"rotation": [0, 0, 2.5],
					"cubes": [
						{"origin": [-2.15, 39.8, -6.26], "size": [3, 2, 0], "uv": [23, 31], "mirror": true}
					]
				},
				{
					"name": "pupil_right",
					"parent": "eye_right",
					"pivot": [-0.2, 40.8, -6.27],
					"cubes": [
						{"origin": [-0.7, 39.8, -6.27], "size": [1, 1.5, 0], "uv": [29, 31], "mirror": true}
					]
				},
				{
					"name": "eyelash_right",
					"parent": "eye_right",
					"pivot": [-0.45, 41.75, -6.27],
					"rotation": [0, 0, 22.5],
					"cubes": [
						{"origin": [-2.45, 41, -6.28], "size": [4, 2, 0], "inflate": 0.01, "uv": [23, 33], "mirror": true}
					]
				},
				{
					"name": "eyelid_right",
					"parent": "eye_right",
					"pivot": [-0.55, 40.8, -5.67],
					"cubes": [
						{"origin": [-2.05, 39.8, -6.17], "size": [3, 2, 1], "inflate": 0.01, "uv": [23, 35], "mirror": true}
					]
				},
				{
					"name": "nose",
					"parent": "front_head",
					"pivot": [0, 38.9, -6.75],
					"rotation": [77.5, 0, 0],
					"cubes": [
						{"origin": [-0.5, 37.9, -6.25], "size": [2, 3, 2], "pivot": [0, 40.4, -4.75], "rotation": [0, 45, 0], "uv": [0, 12]}
					]
				},
				{
					"name": "nose2",
					"parent": "nose",
					"pivot": [0, 40.9, -6.15],
					"rotation": [-52.5, 0, 0],
					"cubes": [
						{"origin": [0.5, 40.9, -5.5], "size": [1, 4, 1], "pivot": [0, 43.9, -4], "rotation": [0, 45, 0], "uv": [30, 23]}
					]
				},
				{
					"name": "top_teeth_left",
					"parent": "front_head",
					"pivot": [0, 39.5, -4.25],
					"rotation": [0, 45, 0],
					"cubes": [
						{"origin": [2.01, 38.5, -6.2], "size": [0, 1, 1], "inflate": 0.005, "pivot": [2.01, 39.5, -5.25], "rotation": [0, 0, -2.5], "uv": [0, -1]},
						{"origin": [2.01, 38.5, -5.95], "size": [0, 1, 1], "inflate": 0.004, "pivot": [2.01, 39.5, -5.25], "rotation": [0, 0, -2.5], "uv": [0, -1]}
					]
				},
				{
					"name": "top_teeth_left2",
					"parent": "front_head",
					"pivot": [0, 39.45, -4.25],
					"rotation": [0, 45, 0]
				},
				{
					"name": "top_teeth_left2_rotation",
					"parent": "top_teeth_left2",
					"pivot": [2.01, 39.45, -3.95],
					"rotation": [12.5, 0, -27.5],
					"cubes": [
						{"origin": [2.01, 37.95, -4.95], "size": [0, 2, 1], "inflate": 0.01, "uv": [0, 1]},
						{"origin": [2.01, 37.95, -4.7], "size": [0, 2, 1], "inflate": 0.005, "uv": [0, 1]}
					]
				},
				{
					"name": "top_teeth_right",
					"parent": "front_head",
					"pivot": [0, 39.5, -4.25],
					"rotation": [0, -45, 0],
					"cubes": [
						{"origin": [-2.01, 38.5, -6.2], "size": [0, 1, 1], "inflate": 0.005, "pivot": [-2.01, 39.5, -5.25], "rotation": [0, 0, 2.5], "uv": [0, 0], "mirror": true},
						{"origin": [-2.01, 38.5, -5.95], "size": [0, 1, 1], "inflate": 0.004, "pivot": [-2.01, 39.5, -5.25], "rotation": [0, 0, 2.5], "uv": [0, 0], "mirror": true}
					]
				},
				{
					"name": "top_teeth_right2",
					"parent": "front_head",
					"pivot": [0, 39.4, -4.25],
					"rotation": [0, -45, 0]
				},
				{
					"name": "top_teeth_right2_rotation",
					"parent": "top_teeth_right2",
					"pivot": [-2.01, 39.45, -3.95],
					"rotation": [12.5, 0, 27.5],
					"cubes": [
						{"origin": [-2.01, 37.95, -4.95], "size": [0, 2, 1], "inflate": 0.01, "uv": [2, 1], "mirror": true},
						{"origin": [-2.01, 37.95, -4.7], "size": [0, 2, 1], "inflate": 0.005, "uv": [2, 1], "mirror": true}
					]
				},
				{
					"name": "jaw",
					"parent": "head",
					"pivot": [0, 38.5, -4.25],
					"cubes": [
						{"origin": [-2, 36.5, -6.25], "size": [4, 2, 4], "pivot": [0, 34.5, -4.25], "rotation": [0, 45, 0], "uv": [124, 24]},
						{"origin": [2.01, 37.5, -3.5], "size": [0, 2, 2], "pivot": [0, 38.5, -4.25], "rotation": [0, 45, 0], "uv": [124, 22]},
						{"origin": [-2.01, 37.5, -3.5], "size": [0, 2, 2], "pivot": [0, 38.5, -4.25], "rotation": [0, -45, 0], "uv": [124, 24], "mirror": true}
					]
				},
				{
					"name": "jaw_teeth_left",
					"parent": "jaw",
					"pivot": [0, 38.5, -4.25],
					"rotation": [0, 45, 0],
					"cubes": [
						{"origin": [1.98, 37.5, -6.2], "size": [0, 1, 1], "inflate": 0.01, "pivot": [2.01, 37.5, -5.25], "rotation": [0, 0, 2.5], "uv": [2, -1]},
						{"origin": [1.98, 37.5, -5.95], "size": [0, 1, 1], "inflate": 0.009, "pivot": [2.01, 37.5, -5.25], "rotation": [0, 0, 2.5], "uv": [2, -1]}
					]
				},
				{
					"name": "jaw_teeth_right",
					"parent": "jaw",
					"pivot": [0, 38.5, -4.25],
					"rotation": [0, -45, 0],
					"cubes": [
						{"origin": [-1.98, 37.5, -6.2], "size": [0, 1, 1], "inflate": 0.01, "pivot": [-2.01, 37.5, -5.25], "rotation": [0, 0, -2.5], "uv": [2, 0], "mirror": true},
						{"origin": [-1.98, 37.5, -5.95], "size": [0, 1, 1], "inflate": 0.009, "pivot": [-2.01, 37.5, -5.25], "rotation": [0, 0, -2.5], "uv": [2, 0], "mirror": true}
					]
				},
				{
					"name": "chin",
					"parent": "jaw",
					"pivot": [0, 36.5, -6.5],
					"rotation": [-45, 0, 0],
					"cubes": [
						{"origin": [-0.5, 35.5, -7], "size": [1, 2, 1], "pivot": [0, 36.5, -6.5], "rotation": [0, 45, 0], "uv": [12, 1]}
					]
				},
				{
					"name": "head_hair_left",
					"parent": "head",
					"pivot": [3.75, 43.5, -4.25],
					"rotation": [-7.5, 0, -20],
					"cubes": [
						{"origin": [1.75, 41.5, -4.25], "size": [2, 2, 0], "uv": [15, 0]}
					]
				},
				{
					"name": "head_hair_left2",
					"parent": "head_hair_left",
					"pivot": [3.75, 41.5, -4.25],
					"rotation": [0, 0, 5],
					"cubes": [
						{"origin": [1.75, 39.5, -4.25], "size": [2, 2, 0], "inflate": 0.01, "uv": [0, 17]}
					]
				},
				{
					"name": "head_hair_left3",
					"parent": "head_hair_left2",
					"pivot": [3.75, 39.5, -4.25],
					"cubes": [
						{"origin": [1.25, 36.5, -4.25], "size": [3, 3, 0], "uv": [0, 19]}
					]
				},
				{
					"name": "head_hair_left4",
					"parent": "head_hair_left3",
					"pivot": [1.25, 36.5, -4.25],
					"cubes": [
						{"origin": [1.25, 32.5, -4.25], "size": [3, 4, 0], "inflate": 0.01, "uv": [36, 9]}
					]
				},
				{
					"name": "head_hair_right",
					"parent": "head",
					"pivot": [-3.75, 43.5, -4.25],
					"rotation": [-7.5, 0, 20],
					"cubes": [
						{"origin": [-3.75, 41.5, -4.25], "size": [2, 2, 0], "uv": [19, 0], "mirror": true}
					]
				},
				{
					"name": "head_hair_right2",
					"parent": "head_hair_right",
					"pivot": [-3.75, 41.5, -4.25],
					"rotation": [0, 0, -5],
					"cubes": [
						{"origin": [-3.75, 39.5, -4.25], "size": [2, 2, 0], "inflate": 0.01, "uv": [4, 17], "mirror": true}
					]
				},
				{
					"name": "head_hair_right3",
					"parent": "head_hair_right2",
					"pivot": [-3.75, 39.5, -4.25],
					"cubes": [
						{"origin": [-4.25, 36.5, -4.25], "size": [3, 3, 0], "uv": [0, 22], "mirror": true}
					]
				},
				{
					"name": "head_hair_right4",
					"parent": "head_hair_right3",
					"pivot": [-1.25, 36.5, -4.25],
					"cubes": [
						{"origin": [-4.25, 32.5, -4.25], "size": [3, 4, 0], "inflate": 0.01, "uv": [36, 13], "mirror": true}
					]
				},
				{
					"name": "ear_left",
					"parent": "head",
					"pivot": [3.5, 41.5, -2.75],
					"cubes": [
						{"origin": [3.5, 40.5, -2.75], "size": [5, 8, 0], "uv": [23, 1]}
					]
				},
				{
					"name": "ear_right",
					"parent": "head",
					"pivot": [-3.5, 41.5, -2.75],
					"cubes": [
						{"origin": [-8.5, 40.5, -2.75], "size": [5, 8, 0], "uv": [33, 1], "mirror": true}
					]
				},
				{
					"name": "back_hair",
					"parent": "torso",
					"pivot": [0, 22.5, 4],
					"cubes": [
						{"origin": [-8.5, 22.5, -0.5], "size": [17, 0, 6], "uv": [-6, 85]}
					]
				},
				{
					"name": "back_hair2",
					"parent": "back_hair",
					"pivot": [0, 22.5, 5.5],
					"rotation": [15, 0, 0],
					"cubes": [
						{"origin": [-9.5, 13.5, 5.5], "size": [19, 9, 0], "uv": [0, 91]}
					]
				},
				{
					"name": "back_hair3",
					"parent": "back_hair2",
					"pivot": [0, 13.5, 5.5],
					"rotation": [-10, 0, 0],
					"cubes": [
						{"origin": [-9.5, 5.5, 5.5], "size": [19, 8, 0], "uv": [0, 100]}
					]
				},
				{
					"name": "back_hair_left",
					"parent": "back_hair",
					"pivot": [8.5, 22.5, -0.5],
					"rotation": [0, 0, -20],
					"cubes": [
						{"origin": [8.5, 15.5, -0.5], "size": [0, 7, 6], "uv": [100, 11]}
					]
				},
				{
					"name": "back_hair_left2",
					"parent": "back_hair_left",
					"pivot": [8.5, 15.5, 0.5],
					"rotation": [0, 0, 17.5],
					"cubes": [
						{"origin": [8.5, 8.5, -0.5], "size": [0, 7, 6], "uv": [112, 11]}
					]
				},
				{
					"name": "back_hair_right",
					"parent": "back_hair",
					"pivot": [-8.5, 22.5, -0.5],
					"rotation": [0, 0, 20],
					"cubes": [
						{"origin": [-8.5, 15.5, -0.5], "size": [0, 7, 6], "uv": [72, 65], "mirror": true}
					]
				},
				{
					"name": "back_hair_right2",
					"parent": "back_hair_right",
					"pivot": [-8.5, 15.5, 0.5],
					"rotation": [0, 0, -17.5],
					"cubes": [
						{"origin": [-8.5, 8.5, -0.5], "size": [0, 7, 6], "uv": [110, 61], "mirror": true}
					]
				},
				{
					"name": "legs",
					"parent": "body",
					"pivot": [0, 19, 0]
				},
				{
					"name": "leg_left",
					"parent": "legs",
					"pivot": [4, 18, 0.5],
					"rotation": [0, 0, -15],
					"cubes": [
						{"origin": [-0.5, 11, -4.5], "size": [9, 9, 9], "inflate": 0.01, "uv": [0, 108]}
					]
				},
				{
					"name": "leg_left2",
					"parent": "leg_left",
					"pivot": [4, 11, -3],
					"cubes": [
						{"origin": [1, 5.5, -3], "size": [6, 7, 6], "uv": [38, 85]}
					]
				},
				{
					"name": "leg_left_fur_front",
					"parent": "leg_left2",
					"pivot": [4, 5.5, -2],
					"rotation": [10, 0, 0],
					"cubes": [
						{"origin": [2.5, 1.5, -2], "size": [3, 4, 0], "uv": [34, 85]}
					]
				},
				{
					"name": "leg_left_fur_back",
					"parent": "leg_left2",
					"pivot": [4, 5.5, 2],
					"rotation": [-10, 0, 0],
					"cubes": [
						{"origin": [2.5, 1.5, 2], "size": [3, 4, 0], "uv": [78, 84]}
					]
				},
				{
					"name": "leg_left_fur_inner",
					"parent": "leg_left2",
					"pivot": [2, 5.5, 0],
					"rotation": [0, 0, -10],
					"cubes": [
						{"origin": [2, 2.5, -1.5], "size": [0, 3, 3], "uv": [98, 81]}
					]
				},
				{
					"name": "leg_left_fur_outer",
					"parent": "leg_left2",
					"pivot": [6, 5.5, 0],
					"rotation": [0, 0, 10],
					"cubes": [
						{"origin": [6, 2.5, -1.5], "size": [0, 3, 3], "uv": [112, 81]}
					]
				},
				{
					"name": "leg_left3",
					"parent": "leg_left2",
					"pivot": [4, 5.5, 0],
					"cubes": [
						{"origin": [3, 1, -1], "size": [2, 5, 2], "uv": [36, 117]}
					]
				},
				{
					"name": "foot_left",
					"parent": "leg_left3",
					"pivot": [4, 0.5, 0],
					"cubes": [
						{"origin": [2, -0.5, -3.5], "size": [4, 2, 6], "inflate": 0.02, "uv": [78, 84]}
					]
				},
				{
					"name": "toes_left",
					"parent": "foot_left",
					"pivot": [4, -0.5, -3.5]
				},
				{
					"name": "toe_inner_left",
					"parent": "toes_left",
					"pivot": [3, 1.5, -3.5],
					"rotation": [0, 5, 0],
					"cubes": [
						{"origin": [2, -0.5, -6.5], "size": [1, 2, 3], "inflate": 0.01, "uv": [62, 90]}
					]
				},
				{
					"name": "toe_inner_left2",
					"parent": "toe_inner_left",
					"pivot": [2.5, 1.5, -6.5],
					"cubes": [
						{"origin": [2.5, -0.5, -9.5], "size": [0, 2, 3], "uv": [78, 85]}
					]
				},
				{
					"name": "toe_middle_left",
					"parent": "toes_left",
					"pivot": [4, 1.5, -3.5],
					"cubes": [
						{"origin": [3.5, -0.5, -6.5], "size": [1, 2, 3], "inflate": 0.01, "uv": [64, 95]}
					]
				},
				{
					"name": "toe_middle_left2",
					"parent": "toe_middle_left",
					"pivot": [4, 1.5, -6.5],
					"cubes": [
						{"origin": [4, -0.5, -9.5], "size": [0, 2, 3], "uv": [69, 92]}
					]
				},
				{
					"name": "toe_outer_left",
					"parent": "toes_left",
					"pivot": [5, 1.5, -3.5],
					"rotation": [0, -5, 0],
					"cubes": [
						{"origin": [5, -0.5, -6.5], "size": [1, 2, 3], "inflate": 0.01, "uv": [72, 95]}
					]
				},
				{
					"name": "toe_outer_left2",
					"parent": "toe_outer_left",
					"pivot": [5.5, 1.5, -6.5],
					"cubes": [
						{"origin": [5.5, -0.5, -9.5], "size": [0, 2, 3], "uv": [56, 102]}
					]
				},
				{
					"name": "leg_right",
					"parent": "legs",
					"pivot": [-4, 18, 0.5],
					"rotation": [0, 0, 15],
					"cubes": [
						{"origin": [-8.5, 11, -4.5], "size": [9, 9, 9], "uv": [29, 99], "mirror": true}
					]
				},
				{
					"name": "leg_right2",
					"parent": "leg_right",
					"pivot": [-4, 11, -3.5],
					"cubes": [
						{"origin": [-7, 5.5, -3.5], "size": [6, 7, 6], "uv": [59, 110], "mirror": true}
					]
				},
				{
					"name": "leg_right_fur_front",
					"parent": "leg_right2",
					"pivot": [-4, 5.5, -2],
					"rotation": [10, 0, 0],
					"cubes": [
						{"origin": [-5.5, 1.5, -2], "size": [3, 4, 0], "uv": [56, 87], "mirror": true}
					]
				},
				{
					"name": "leg_right_fur_back",
					"parent": "leg_right2",
					"pivot": [-4, 5.5, 2],
					"rotation": [-10, 0, 0],
					"cubes": [
						{"origin": [-5.5, 1.5, 2], "size": [3, 4, 0], "uv": [92, 84], "mirror": true}
					]
				},
				{
					"name": "leg_right_fur_inner",
					"parent": "leg_right2",
					"pivot": [-2, 5.5, 0],
					"rotation": [0, 0, 10],
					"cubes": [
						{"origin": [-2, 2.5, -1.5], "size": [0, 3, 3], "uv": [98, 84], "mirror": true}
					]
				},
				{
					"name": "leg_right_fur_outer",
					"parent": "leg_right2",
					"pivot": [-6, 5.5, 0],
					"rotation": [0, 0, -10],
					"cubes": [
						{"origin": [-6, 2.5, -1.5], "size": [0, 3, 3], "uv": [112, 84], "mirror": true}
					]
				},
				{
					"name": "leg_right3",
					"parent": "leg_right2",
					"pivot": [-4, 5.5, 0],
					"cubes": [
						{"origin": [-5, 1, -1], "size": [2, 5, 2], "uv": [44, 117], "mirror": true}
					]
				},
				{
					"name": "foot_right",
					"parent": "leg_right3",
					"pivot": [-4, 0.5, 0],
					"cubes": [
						{"origin": [-6, -0.5, -3.5], "size": [4, 2, 6], "inflate": 0.02, "uv": [98, 84], "mirror": true}
					]
				},
				{
					"name": "toes_right",
					"parent": "foot_right",
					"pivot": [-4, -0.5, -3.5]
				},
				{
					"name": "toe_inner_right",
					"parent": "toes_right",
					"pivot": [-3, 1.5, -3.5],
					"rotation": [0, -5, 0],
					"cubes": [
						{"origin": [-3, -0.5, -6.5], "size": [1, 2, 3], "inflate": 0.01, "uv": [56, 100], "mirror": true}
					]
				},
				{
					"name": "toe_inner_right2",
					"parent": "toe_inner_right",
					"pivot": [-2.5, 1.5, -6.5],
					"cubes": [
						{"origin": [-2.5, -0.5, -9.5], "size": [0, 2, 3], "uv": [61, 97], "mirror": true}
					]
				},
				{
					"name": "toe_middle_right",
					"parent": "toes_right",
					"pivot": [-4, 1.5, -3.5],
					"cubes": [
						{"origin": [-4.5, -0.5, -6.5], "size": [1, 2, 3], "inflate": 0.01, "uv": [64, 100], "mirror": true}
					]
				},
				{
					"name": "toe_middle_right2",
					"parent": "toe_middle_right",
					"pivot": [-4, 1.5, -6.5],
					"cubes": [
						{"origin": [-4, -0.5, -9.5], "size": [0, 2, 3], "uv": [69, 98], "mirror": true}
					]
				},
				{
					"name": "toe_outer_right",
					"parent": "toes_right",
					"pivot": [-5, 1.5, -3.5],
					"rotation": [0, 5, 0],
					"cubes": [
						{"origin": [-6, -0.5, -6.5], "size": [1, 2, 3], "inflate": 0.01, "uv": [72, 100], "mirror": true}
					]
				},
				{
					"name": "toe_outer_right2",
					"parent": "toe_outer_right",
					"pivot": [-5.5, 1.5, -6.5],
					"cubes": [
						{"origin": [-5.5, -0.5, -9.5], "size": [0, 2, 3], "uv": [62, 102], "mirror": true}
					]
				}
			]
		}
	]
}