{
	"format_version": "1.12.0",
	"minecraft:geometry": [
		{
			"description": {
				"identifier": "geometry.torterra_oak",
				"texture_width": 256,
				"texture_height": 256,
				"visible_bounds_width": 7,
				"visible_bounds_height": 5.5,
				"visible_bounds_offset": [0, 2.25, 0]
			},
			"bones": [
				{
					"name": "torterra",
					"pivot": [0, 0, 0]
				},
				{
					"name": "body",
					"parent": "torterra",
					"pivot": [0, 14, 0]
				},
				{
					"name": "torso",
					"parent": "body",
					"pivot": [0, 13, 0],
					"cubes": [
						{"origin": [-12, 6.5, -16], "size": [24, 12, 31], "uv": [0, 80]},
						{"origin": [-14, 15, -15], "size": [28, 4, 33], "uv": [0, 43]},
						{"origin": [-14, 15, -23], "size": [28, 4, 8], "inflate": 0.001, "pivot": [0, 15, -15], "rotation": [-20, 0, 0], "uv": [144, 76]},
						{"origin": [-13, 19, -19.5], "size": [26, 7, 36], "inflate": 0.001, "uv": [0, 0]},
						{"origin": [8, 26, -13], "size": [0, 3, 18], "inflate": 0.001, "pivot": [8, 26, -4], "rotation": [0, 0, 5], "uv": [0, 0]},
						{"origin": [10, 22, 5], "size": [5, 6, 0], "inflate": 0.001, "uv": [23, 60]},
						{"origin": [0, 26, 6], "size": [6, 2, 0], "inflate": 0.001, "pivot": [5.5, 25, 6], "rotation": [0, 42.5, 0], "uv": [91, 98]}
					]
				},
				{
					"name": "locator_seat_1",
					"parent": "body",
					"pivot": [0, 27, 3],
					"rotation": [-90, 180, 0],
					"locators": {
						"seat_1": [0, 27, 3]
					}
				},
				{
					"name": "tree",
					"parent": "torso",
					"pivot": [7, 25.25, 5.5],
					"rotation": [-5, 0, 5],
					"cubes": [
						{"origin": [5, 24, 2.5], "size": [5, 13, 5], "uv": [79, 80]}
					]
				},
				{
					"name": "leaves",
					"parent": "tree",
					"pivot": [7.83333, 37.33333, 2.83333],
					"cubes": [
						{"origin": [0.48678, 50.37824, -12.08264], "size": [14, 5, 19], "inflate": 0.001, "uv": [126, 138]},
						{"origin": [0.48678, 46.37824, -17.08264], "size": [19, 4, 29], "inflate": 0.001, "uv": [89, 43]},
						{"origin": [-4.51322, 41.37824, -12.08264], "size": [19, 4, 24], "inflate": 0.001, "uv": [86, 110]},
						{"origin": [0.48678, 45.37824, -12.08264], "size": [14, 1, 24], "inflate": 0.001, "uv": [0, 123]},
						{"origin": [5.48678, 36.37824, 6.91736], "size": [4, 5, 5], "inflate": 0.001, "uv": [55, 181]},
						{"origin": [-4.51322, 36.37824, -2.08264], "size": [5, 5, 4], "inflate": 0.001, "uv": [156, 46]},
						{"origin": [14.48678, 36.37824, -7.08264], "size": [5, 5, 9], "inflate": 0.001, "uv": [171, 94]},
						{"origin": [0.48678, 36.37824, -7.08264], "size": [14, 5, 14], "inflate": 0.001, "uv": [148, 110]},
						{"origin": [14.48678, 41.37824, -12.08264], "size": [5, 5, 19], "inflate": 0.001, "uv": [155, 162]},
						{"origin": [-4.51322, 45.37824, -12.08264], "size": [5, 5, 19], "inflate": 0.001, "uv": [107, 162]},
						{"origin": [-4.51322, 50.37824, -7.08264], "size": [5, 5, 9], "inflate": 0.001, "uv": [52, 123]},
						{"origin": [14.48678, 50.37824, -12.08264], "size": [5, 5, 9], "inflate": 0.001, "uv": [0, 95]},
						{"origin": [5.48678, 50.37824, -17.08264], "size": [9, 5, 5], "inflate": 0.001, "uv": [27, 181]},
						{"origin": [5.48678, 41.37824, -17.08264], "size": [9, 5, 5], "inflate": 0.001, "uv": [173, 146]},
						{"origin": [5.48678, 50.37824, 6.91736], "size": [4, 5, 5], "inflate": 0.001, "uv": [85, 180]}
					]
				},
				{
					"name": "outerleaves",
					"parent": "leaves",
					"pivot": [2.48678, 12.37824, -1.58264],
					"cubes": [
						{"origin": [-0.01322, 50.87824, -12.58264], "size": [15, 5, 20], "inflate": 0.001, "uv": [56, 138]},
						{"origin": [-0.01322, 45.87824, -17.58264], "size": [20, 5, 30], "inflate": 0.001, "uv": [88, 0]},
						{"origin": [-5.01322, 40.87824, -12.58264], "size": [20, 5, 25], "inflate": 0.001, "uv": [79, 80]},
						{"origin": [4.98678, 35.87824, 7.41736], "size": [5, 5, 5], "inflate": 0.001, "uv": [158, 0]},
						{"origin": [-5.01322, 35.87824, -2.58264], "size": [5, 5, 5], "inflate": 0.001, "uv": [52, 137]},
						{"origin": [14.98678, 35.87824, -7.58264], "size": [5, 5, 10], "inflate": 0.001, "uv": [0, 80]},
						{"origin": [-0.01322, 35.87824, -7.58264], "size": [15, 5, 15], "inflate": 0.001, "uv": [0, 148]},
						{"origin": [14.98678, 40.87824, -12.58264], "size": [5, 5, 20], "inflate": 0.001, "uv": [156, 35]},
						{"origin": [-5.01322, 45.87824, -12.58264], "size": [5, 5, 20], "inflate": 0.001, "uv": [158, 0]},
						{"origin": [-5.01322, 50.87824, -7.58264], "size": [5, 5, 10], "inflate": 0.001, "uv": [88, 15]},
						{"origin": [14.98678, 50.87824, -12.58264], "size": [5, 5, 10], "inflate": 0.001, "uv": [88, 0]},
						{"origin": [4.98678, 50.87824, -17.58264], "size": [10, 5, 5], "inflate": 0.001, "uv": [45, 148]},
						{"origin": [4.98678, 40.87824, -17.58264], "size": [10, 5, 5], "inflate": 0.001, "uv": [80, 123]},
						{"origin": [4.98678, 50.87824, 7.41736], "size": [5, 5, 5], "inflate": 0.001, "uv": [158, 10]}
					]
				},
				{
					"name": "spike3",
					"parent": "torso",
					"pivot": [-6.5, 26.5, -10],
					"rotation": [0, 0, -27.5],
					"cubes": [
						{"origin": [-12.12132, 24, -9.37868], "size": [5, 7, 5], "inflate": 0.001, "pivot": [-6.5, 26, -10], "rotation": [0, -55, 0], "uv": [0, 123]},
						{"origin": [-11.12132, 31, -8.37868], "size": [3, 4, 3], "inflate": 0.001, "pivot": [-6.5, 26, -10], "rotation": [0, -55, 0], "uv": [185, 67]}
					]
				},
				{
					"name": "spike2",
					"parent": "torso",
					"pivot": [-6.5, 26.5, -1],
					"rotation": [0, 0, -22.5],
					"cubes": [
						{"origin": [-12.12132, 24, -2.37868], "size": [7, 9, 7], "inflate": 0.001, "pivot": [-6.5, 26, -1], "rotation": [0, -45, 0], "uv": [89, 43]},
						{"origin": [-11.12132, 33, -1.37868], "size": [5, 6, 5], "inflate": 0.001, "pivot": [-6.5, 26, -1], "rotation": [0, -45, 0], "uv": [156, 35]}
					]
				},
				{
					"name": "spike",
					"parent": "torso",
					"pivot": [-6.5, 26.5, 8],
					"rotation": [0, 0, -27.5],
					"cubes": [
						{"origin": [-12.12132, 24, 8.62132], "size": [5, 7, 5], "inflate": 0.001, "pivot": [-6.5, 26, 8], "rotation": [0, -35, 0], "uv": [0, 135]},
						{"origin": [-11.12132, 31, 9.62132], "size": [3, 4, 3], "inflate": 0.001, "pivot": [-6.5, 26, 8], "rotation": [0, -35, 0], "uv": [186, 32]}
					]
				},
				{
					"name": "head",
					"parent": "torso",
					"pivot": [0, 12.5, -16],
					"cubes": [
						{"origin": [-4.5, 8, -22.5], "size": [9, 3, 7], "inflate": 0.001, "uv": [156, 60]},
						{"origin": [4.5, 10, -27.5], "size": [0, 1, 5], "uv": [0, 11]},
						{"origin": [-4.5, 10, -27.5], "size": [0, 1, 5], "uv": [0, 12]},
						{"origin": [-4.5, 10, -27.5], "size": [9, 1, 0], "uv": [0, 15]},
						{"origin": [-2.5, 9.5, -30.5], "size": [5, 6, 3], "uv": [32, 168]},
						{"origin": [-4.5, 11, -27.5], "size": [9, 6, 12], "inflate": 0.001, "uv": [48, 163]},
						{"origin": [4.5, 9, -21.75], "size": [4, 4, 5], "uv": [184, 171]},
						{"origin": [8.5, 10, -20.75], "size": [4, 2, 4], "uv": [78, 163]},
						{"origin": [-16.5, 11, -19.75], "size": [4, 0, 3], "uv": [15, 15]},
						{"origin": [-12.5, 10, -20.75], "size": [4, 2, 4], "uv": [79, 98]},
						{"origin": [12.5, 11, -19.75], "size": [4, 0, 3], "uv": [23, 15]},
						{"origin": [-8.5, 9, -21.75], "size": [4, 4, 5], "uv": [184, 162]}
					]
				},
				{
					"name": "eye_left",
					"parent": "head",
					"pivot": [4.01, 13, -24.5],
					"cubes": [
						{"origin": [3.51, 11, -27], "size": [1, 3, 5], "uv": [148, 110]}
					]
				},
				{
					"name": "eyelid_left",
					"parent": "eye_left",
					"pivot": [3.91, 13, -24.5],
					"cubes": [
						{"origin": [3.41, 11, -27], "size": [1, 3, 5], "inflate": 0.01, "uv": [0, 148]}
					]
				},
				{
					"name": "eye_right",
					"parent": "head",
					"pivot": [-4.01, 13, -24.5],
					"cubes": [
						{"origin": [-4.51, 11, -27], "size": [1, 3, 5], "uv": [133, 138]}
					]
				},
				{
					"name": "eyelid_right",
					"parent": "eye_right",
					"pivot": [-3.91, 13, -24.5],
					"cubes": [
						{"origin": [-4.41, 11, -27], "size": [1, 3, 5], "inflate": 0.01, "uv": [19, 95]}
					]
				},
				{
					"name": "jaw",
					"parent": "head",
					"pivot": [0, 11, -22],
					"cubes": [
						{"origin": [-4.5, 10, -27.5], "size": [0, 1, 5], "uv": [23, 62]},
						{"origin": [4.5, 10, -27.5], "size": [0, 1, 5], "uv": [23, 61]},
						{"origin": [-4.5, 8, -27.5], "size": [9, 2, 5], "uv": [124, 35]}
					]
				},
				{
					"name": "tail",
					"parent": "torso",
					"pivot": [0, 12, 14],
					"cubes": [
						{"origin": [-4.5, 7.5, 14], "size": [9, 8, 8], "uv": [136, 162]}
					]
				},
				{
					"name": "tail2",
					"parent": "tail",
					"pivot": [0, 12, 21.5],
					"cubes": [
						{"origin": [-3.5, 8.5, 21], "size": [7, 6, 9], "uv": [0, 60]}
					]
				},
				{
					"name": "tail3",
					"parent": "tail2",
					"pivot": [0, 12, 29.5],
					"cubes": [
						{"origin": [-2.5, 9.5, 29], "size": [5, 4, 9], "uv": [89, 59]}
					]
				},
				{
					"name": "leg_front_left",
					"parent": "body",
					"pivot": [9.20214, 10.36054, -10],
					"cubes": [
						{"origin": [7.5, 5.5, -14.5], "size": [8, 9, 8], "pivot": [15.5, 5.5, -10.5], "rotation": [0, 0, -20], "uv": [173, 129]}
					]
				},
				{
					"name": "foot_front_left",
					"parent": "leg_front_left",
					"pivot": [11.5, 5.5, -12.5],
					"cubes": [
						{"origin": [7, 0, -15], "size": [9, 6, 9], "uv": [144, 88]},
						{"origin": [16, 0, -13], "size": [1, 3, 2], "uv": [0, 80]},
						{"origin": [6, 0, -13], "size": [1, 3, 2], "uv": [0, 60]},
						{"origin": [9.5, 0, -17], "size": [4, 5, 2], "uv": [12, 185]},
						{"origin": [9.5, 0, -6], "size": [4, 5, 2], "uv": [0, 185]}
					]
				},
				{
					"name": "leg_back_left",
					"parent": "body",
					"pivot": [9.20214, 10.36054, 9.5],
					"cubes": [
						{"origin": [7.5, 5.5, 6], "size": [8, 9, 8], "pivot": [15.5, 5.5, 9], "rotation": [0, 0, -20], "uv": [0, 168]}
					]
				},
				{
					"name": "foot_back_left",
					"parent": "leg_back_left",
					"pivot": [11.5, 5.5, 7],
					"cubes": [
						{"origin": [7, 0, 5.5], "size": [9, 6, 9], "uv": [106, 138]},
						{"origin": [16, 0, 7.5], "size": [1, 3, 2], "uv": [24, 43]},
						{"origin": [6, 0, 7.5], "size": [1, 3, 2], "uv": [0, 43]},
						{"origin": [9.5, 0, 3.5], "size": [4, 5, 2], "uv": [73, 181]},
						{"origin": [9.5, 0, 14.5], "size": [4, 5, 2], "uv": [181, 60]}
					]
				},
				{
					"name": "leg_back_right",
					"parent": "body",
					"pivot": [-9.20214, 10.36054, 9.5],
					"cubes": [
						{"origin": [-15.5, 5.5, 6], "size": [8, 9, 8], "pivot": [-15.5, 5.5, 9], "rotation": [0, 0, 20], "uv": [0, 43]}
					]
				},
				{
					"name": "foot_back_right",
					"parent": "leg_back_right",
					"pivot": [-11.5, 5.5, 7],
					"cubes": [
						{"origin": [-16, 0, 5.5], "size": [9, 6, 9], "uv": [0, 0]},
						{"origin": [-17, 0, 7.5], "size": [1, 3, 2], "uv": [0, 21]},
						{"origin": [-7, 0, 7.5], "size": [1, 3, 2], "uv": [0, 0]},
						{"origin": [-13.5, 0, 3.5], "size": [4, 5, 2], "uv": [162, 162]},
						{"origin": [-13.5, 0, 14.5], "size": [4, 5, 2], "uv": [0, 156]}
					]
				},
				{
					"name": "leg_front_right",
					"parent": "body",
					"pivot": [-9.20214, 10.36054, -10],
					"cubes": [
						{"origin": [-15.5, 5.5, -14.5], "size": [8, 9, 8], "pivot": [-15.5, 5.5, -10.5], "rotation": [0, 0, 20], "uv": [90, 163]}
					]
				},
				{
					"name": "foot_front_right",
					"parent": "leg_front_right",
					"pivot": [-11.5, 5.5, -12.5],
					"cubes": [
						{"origin": [-16, 0, -15], "size": [9, 6, 9], "uv": [0, 21]},
						{"origin": [-17, 0, -13], "size": [1, 3, 2], "uv": [27, 21]},
						{"origin": [-7, 0, -13], "size": [1, 3, 2], "uv": [27, 0]},
						{"origin": [-13.5, 0, -17], "size": [4, 5, 2], "uv": [48, 168]},
						{"origin": [-13.5, 0, -6], "size": [4, 5, 2], "uv": [114, 163]}
					]
				}
			]
		}
	]
}