{
	"format_version": "1.12.0",
	"minecraft:geometry": [
		{
			"description": {
				"identifier": "geometry.torterra_oak",
				"texture_width": 256,
				"texture_height": 256,
				"visible_bounds_width": 7,
				"visible_bounds_height": 5.5,
				"visible_bounds_offset": [0, 2.25, 0]
			},
			"bones": [
				{
					"name": "torterra",
					"pivot": [0, 0, 0]
				},
				{
					"name": "body",
					"parent": "torterra",
					"pivot": [0, 14, 0]
				},
				{
					"name": "torso",
					"parent": "body",
					"pivot": [0, 13, 0],
					"cubes": [
						{"origin": [-12, 6.5, -16], "size": [24, 12, 31], "uv": [0, 80]},
						{"origin": [-14, 15, -15], "size": [28, 4, 33], "uv": [0, 43]},
						{"origin": [-14, 15, -23], "size": [28, 4, 8], "inflate": 0.001, "pivot": [0, 15, -15], "rotation": [-20, 0, 0], "uv": [89, 43]},
						{"origin": [-13, 19, -19.5], "size": [26, 7, 36], "inflate": 0.001, "uv": [0, 0]},
						{"origin": [8, 26, -13], "size": [0, 3, 18], "inflate": 0.001, "pivot": [8, 26, -4], "rotation": [0, 0, 12.5], "uv": [0, 0]},
						{"origin": [10, 22, 5], "size": [5, 6, 0], "inflate": 0.001, "uv": [22, 8]},
						{"origin": [0, 26, 6], "size": [6, 2, 0], "inflate": 0.001, "pivot": [5.5, 25, 6], "rotation": [0, 42.5, 0], "uv": [91, 99]}
					]
				},
				{
					"name": "locator_seat_1",
					"parent": "body",
					"pivot": [0, 27, 3],
					"rotation": [-90, 180, 0],
					"locators": {
						"seat_1": [0, 27, 3]
					}
				},
				{
					"name": "tree",
					"parent": "torso",
					"pivot": [7, 25.25, 5.5],
					"rotation": [-5, 0, 5],
					"cubes": [
						{"origin": [5, 24, 2.5], "size": [5, 14, 5], "inflate": 0.001, "uv": [79, 80]},
						{"origin": [5, 50, 2.5], "size": [5, 7, 5], "inflate": 0.001, "uv": [88, 0]}
					]
				},
				{
					"name": "leaves",
					"parent": "tree",
					"pivot": [7.5, 56.6875, 5],
					"cubes": [
						{"origin": [5, 66, 2.5], "size": [5, 1, 5], "inflate": 0.001, "uv": [201, 126]},
						{"origin": [10, 61, 2.5], "size": [5, 1, 5], "inflate": 0.001, "uv": [199, 0]},
						{"origin": [0, 61, 2.5], "size": [5, 1, 5], "inflate": 0.001, "uv": [199, 6]},
						{"origin": [5, 61, -2.5], "size": [5, 1, 15], "inflate": 0.001, "uv": [172, 0]},
						{"origin": [5, 61, 2.5], "size": [5, 5, 5], "inflate": 0.001, "uv": [0, 143]},
						{"origin": [10, 56, 2.5], "size": [5, 5, 5], "inflate": 0.001, "uv": [15, 151]},
						{"origin": [0, 56, 2.5], "size": [5, 5, 5], "inflate": 0.001, "uv": [99, 149]},
						{"origin": [5, 56, -2.5], "size": [5, 5, 15], "inflate": 0.001, "uv": [89, 55]},
						{"origin": [0.5, 56.5, 3], "size": [5, 4, 4], "inflate": 0.001, "uv": [160, 126]},
						{"origin": [5.5, 60.5, 3], "size": [4, 5, 4], "inflate": 0.001, "uv": [130, 160]},
						{"origin": [5.5, 56.5, -2], "size": [4, 4, 14], "inflate": 0.001, "uv": [0, 0]},
						{"origin": [9.5, 56.5, 3], "size": [5, 4, 4], "inflate": 0.001, "uv": [159, 99]}
					]
				},
				{
					"name": "leaves2",
					"parent": "tree",
					"pivot": [7.5, 43.5, 5],
					"cubes": [
						{"origin": [14.5, 41.5, -2], "size": [5, 4, 14], "inflate": 0.001, "uv": [68, 127]},
						{"origin": [0.5, 41.5, -7], "size": [14, 4, 24], "inflate": 0.001, "uv": [88, 0]},
						{"origin": [5.5, 36.5, -2], "size": [4, 5, 14], "inflate": 0.001, "uv": [116, 135]},
						{"origin": [9.5, 36.5, 3], "size": [5, 5, 4], "inflate": 0.001, "uv": [158, 15]},
						{"origin": [-4.5, 41.5, -2], "size": [5, 4, 14], "inflate": 0.001, "uv": [92, 131]},
						{"origin": [0.5, 36.5, 3], "size": [5, 5, 4], "inflate": 0.001, "uv": [156, 80]},
						{"origin": [5.5, 45.5, -2], "size": [4, 5, 14], "inflate": 0.001, "uv": [134, 80]},
						{"origin": [9.5, 45.5, 3], "size": [5, 5, 4], "inflate": 0.001, "uv": [151, 28]},
						{"origin": [0.5, 45.5, 3], "size": [5, 5, 4], "inflate": 0.001, "uv": [140, 15]}
					]
				},
				{
					"name": "outerleaves",
					"parent": "leaves2",
					"pivot": [2.5, 12.5, -6.5],
					"cubes": [
						{"origin": [15, 41, -2.5], "size": [5, 5, 15], "inflate": 0.001, "uv": [0, 123]},
						{"origin": [0, 41, -7.5], "size": [15, 5, 25], "inflate": 0.001, "uv": [79, 80]},
						{"origin": [5, 36, -2.5], "size": [5, 5, 15], "inflate": 0.001, "uv": [122, 60]},
						{"origin": [10, 36, 2.5], "size": [5, 5, 5], "inflate": 0.001, "uv": [30, 156]},
						{"origin": [-5, 41, -2.5], "size": [5, 5, 15], "inflate": 0.001, "uv": [120, 115]},
						{"origin": [0, 36, 2.5], "size": [5, 5, 5], "inflate": 0.001, "uv": [0, 156]},
						{"origin": [5, 46, -2.5], "size": [5, 5, 15], "inflate": 0.001, "uv": [95, 110]},
						{"origin": [10, 46, 2.5], "size": [5, 5, 5], "inflate": 0.001, "uv": [114, 154]},
						{"origin": [0, 46, 2.5], "size": [5, 5, 5], "inflate": 0.001, "uv": [155, 38]},
						{"origin": [15, 46, -2.5], "size": [5, 1, 15], "inflate": 0.001, "uv": [201, 106]},
						{"origin": [0, 46, -7.5], "size": [15, 1, 25], "inflate": 0.001, "uv": [176, 17]},
						{"origin": [-5, 46, -2.5], "size": [5, 1, 15], "inflate": 0.001, "uv": [204, 67]},
						{"origin": [5, 51, -2.5], "size": [5, 1, 15], "inflate": 0.001, "uv": [203, 49]},
						{"origin": [10, 51, 2.5], "size": [5, 1, 5], "inflate": 0.001, "uv": [221, 87]},
						{"origin": [0, 51, 2.5], "size": [5, 1, 5], "inflate": 0.001, "uv": [227, 109]}
					]
				},
				{
					"name": "spike3",
					"parent": "torso",
					"pivot": [-6.5, 26.5, -10],
					"rotation": [0, 0, -27.5],
					"cubes": [
						{"origin": [-12.12132, 24, -9.37868], "size": [5, 7, 5], "inflate": 0.001, "pivot": [-6.5, 26, -10], "rotation": [0, -55, 0], "uv": [88, 12]},
						{"origin": [-11.12132, 31, -8.37868], "size": [3, 4, 3], "inflate": 0.001, "pivot": [-6.5, 26, -10], "rotation": [0, -55, 0], "uv": [134, 87]}
					]
				},
				{
					"name": "spike2",
					"parent": "torso",
					"pivot": [-6.5, 26.5, -1],
					"rotation": [0, 0, -22.5],
					"cubes": [
						{"origin": [-12.12132, 24, -2.37868], "size": [7, 9, 7], "inflate": 0.001, "pivot": [-6.5, 26, -1], "rotation": [0, -45, 0], "uv": [0, 80]},
						{"origin": [-11.12132, 33, -1.37868], "size": [5, 6, 5], "inflate": 0.001, "pivot": [-6.5, 26, -1], "rotation": [0, -45, 0], "uv": [25, 123]}
					]
				},
				{
					"name": "spike",
					"parent": "torso",
					"pivot": [-6.5, 26.5, 8],
					"rotation": [0, 0, -27.5],
					"cubes": [
						{"origin": [-12.12132, 24, 8.62132], "size": [5, 7, 5], "inflate": 0.001, "pivot": [-6.5, 26, 8], "rotation": [0, -35, 0], "uv": [114, 55]},
						{"origin": [-11.12132, 31, 9.62132], "size": [3, 4, 3], "inflate": 0.001, "pivot": [-6.5, 26, 8], "rotation": [0, -35, 0], "uv": [116, 135]}
					]
				},
				{
					"name": "head",
					"parent": "torso",
					"pivot": [0, 12.5, -16],
					"cubes": [
						{"origin": [-4.5, 8, -22.5], "size": [9, 3, 7], "inflate": 0.001, "uv": [138, 135]},
						{"origin": [4.5, 10, -27.5], "size": [0, 1, 5], "uv": [23, 55]},
						{"origin": [-4.5, 10, -27.5], "size": [0, 1, 5], "uv": [23, 56]},
						{"origin": [-4.5, 10, -27.5], "size": [9, 1, 0], "uv": [0, 75]},
						{"origin": [-2.5, 9.5, -30.5], "size": [5, 6, 3], "uv": [68, 162]},
						{"origin": [-4.5, 11, -27.5], "size": [9, 6, 12], "inflate": 0.001, "uv": [40, 123]},
						{"origin": [4.5, 9, -21.75], "size": [4, 4, 5], "uv": [94, 159]},
						{"origin": [8.5, 10, -20.75], "size": [4, 2, 4], "uv": [116, 28]},
						{"origin": [-16.5, 11, -19.75], "size": [4, 0, 3], "uv": [0, 8]},
						{"origin": [-12.5, 10, -20.75], "size": [4, 2, 4], "uv": [79, 99]},
						{"origin": [12.5, 11, -19.75], "size": [4, 0, 3], "uv": [0, 11]},
						{"origin": [-8.5, 9, -21.75], "size": [4, 4, 5], "uv": [50, 157]}
					]
				},
				{
					"name": "eye_left",
					"parent": "head",
					"pivot": [4.01, 13, -24.5],
					"cubes": [
						{"origin": [3.51, 11, -27], "size": [1, 3, 5], "uv": [19, 96]}
					]
				},
				{
					"name": "eyelid_left",
					"parent": "eye_left",
					"pivot": [3.91, 13, -24.5],
					"cubes": [
						{"origin": [3.41, 11, -27], "size": [1, 3, 5], "inflate": 0.01, "uv": [89, 55]}
					]
				},
				{
					"name": "eye_right",
					"parent": "head",
					"pivot": [-4.01, 13, -24.5],
					"cubes": [
						{"origin": [-4.51, 11, -27], "size": [1, 3, 5], "uv": [22, 0]}
					]
				},
				{
					"name": "eyelid_right",
					"parent": "eye_right",
					"pivot": [-3.91, 13, -24.5],
					"cubes": [
						{"origin": [-4.41, 11, -27], "size": [1, 3, 5], "inflate": 0.01, "uv": [0, 0]}
					]
				},
				{
					"name": "jaw",
					"parent": "head",
					"pivot": [0, 11, -22],
					"cubes": [
						{"origin": [-4.5, 10, -27.5], "size": [0, 1, 5], "uv": [23, 58]},
						{"origin": [4.5, 10, -27.5], "size": [0, 1, 5], "uv": [23, 57]},
						{"origin": [-4.5, 8, -27.5], "size": [9, 2, 5], "uv": [88, 28]}
					]
				},
				{
					"name": "tail",
					"parent": "torso",
					"pivot": [0, 12, 14],
					"cubes": [
						{"origin": [-4.5, 7.5, 14], "size": [9, 8, 8], "uv": [145, 110]}
					]
				},
				{
					"name": "tail2",
					"parent": "tail",
					"pivot": [0, 12, 21.5],
					"cubes": [
						{"origin": [-3.5, 8.5, 21], "size": [7, 6, 9], "uv": [0, 60]}
					]
				},
				{
					"name": "tail3",
					"parent": "tail2",
					"pivot": [0, 12, 29.5],
					"cubes": [
						{"origin": [-2.5, 9.5, 29], "size": [5, 4, 9], "uv": [0, 96]}
					]
				},
				{
					"name": "leg_front_left",
					"parent": "body",
					"pivot": [9.20214, 10.36054, -10],
					"cubes": [
						{"origin": [7.5, 5.5, -14.5], "size": [8, 9, 8], "pivot": [15.5, 5.5, -10.5], "rotation": [0, 0, -20], "uv": [147, 55]}
					]
				},
				{
					"name": "foot_front_left",
					"parent": "leg_front_left",
					"pivot": [11.5, 5.5, -12.5],
					"cubes": [
						{"origin": [7, 0, -15], "size": [9, 6, 9], "uv": [31, 141]},
						{"origin": [16, 0, -13], "size": [1, 3, 2], "uv": [23, 64]},
						{"origin": [6, 0, -13], "size": [1, 3, 2], "uv": [0, 60]},
						{"origin": [9.5, 0, -17], "size": [4, 5, 2], "uv": [134, 80]},
						{"origin": [9.5, 0, -6], "size": [4, 5, 2], "uv": [92, 130]}
					]
				},
				{
					"name": "leg_back_left",
					"parent": "body",
					"pivot": [9.20214, 10.36054, 9.5],
					"cubes": [
						{"origin": [7.5, 5.5, 6], "size": [8, 9, 8], "pivot": [15.5, 5.5, 9], "rotation": [0, 0, -20], "uv": [144, 146]}
					]
				},
				{
					"name": "foot_back_left",
					"parent": "leg_back_left",
					"pivot": [11.5, 5.5, 7],
					"cubes": [
						{"origin": [7, 0, 5.5], "size": [9, 6, 9], "uv": [140, 0]},
						{"origin": [16, 0, 7.5], "size": [1, 3, 2], "uv": [24, 43]},
						{"origin": [6, 0, 7.5], "size": [1, 3, 2], "uv": [0, 43]},
						{"origin": [9.5, 0, 3.5], "size": [4, 5, 2], "uv": [0, 130]},
						{"origin": [9.5, 0, 14.5], "size": [4, 5, 2], "uv": [70, 123]}
					]
				},
				{
					"name": "leg_back_right",
					"parent": "body",
					"pivot": [-9.20214, 10.36054, 9.5],
					"cubes": [
						{"origin": [-15.5, 5.5, 6], "size": [8, 9, 8], "pivot": [-15.5, 5.5, 9], "rotation": [0, 0, 20], "uv": [0, 43]}
					]
				},
				{
					"name": "foot_back_right",
					"parent": "leg_back_right",
					"pivot": [-11.5, 5.5, 7],
					"cubes": [
						{"origin": [-16, 0, 5.5], "size": [9, 6, 9], "uv": [0, 21]},
						{"origin": [-17, 0, 7.5], "size": [1, 3, 2], "uv": [0, 21]},
						{"origin": [-7, 0, 7.5], "size": [1, 3, 2], "uv": [7, 0]},
						{"origin": [-13.5, 0, 3.5], "size": [4, 5, 2], "uv": [120, 110]},
						{"origin": [-13.5, 0, 14.5], "size": [4, 5, 2], "uv": [89, 63]}
					]
				},
				{
					"name": "leg_front_right",
					"parent": "body",
					"pivot": [-9.20214, 10.36054, -10],
					"cubes": [
						{"origin": [-15.5, 5.5, -14.5], "size": [8, 9, 8], "pivot": [-15.5, 5.5, -10.5], "rotation": [0, 0, 20], "uv": [67, 145]}
					]
				},
				{
					"name": "foot_front_right",
					"parent": "leg_front_right",
					"pivot": [-11.5, 5.5, -12.5],
					"cubes": [
						{"origin": [-16, 0, -15], "size": [9, 6, 9], "uv": [124, 28]},
						{"origin": [-17, 0, -13], "size": [1, 3, 2], "uv": [29, 0]},
						{"origin": [-7, 0, -13], "size": [1, 3, 2], "uv": [27, 21]},
						{"origin": [-13.5, 0, -17], "size": [4, 5, 2], "uv": [0, 123]},
						{"origin": [-13.5, 0, -6], "size": [4, 5, 2], "uv": [120, 117]}
					]
				}
			]
		}
	]
}