{
	"format_version": "1.12.0",
	"minecraft:geometry": [
		{
			"description": {
				"identifier": "geometry.torterra_oak",
				"texture_width": 256,
				"texture_height": 256,
				"visible_bounds_width": 7,
				"visible_bounds_height": 5.5,
				"visible_bounds_offset": [0, 2.25, 0]
			},
			"bones": [
				{
					"name": "torterra",
					"pivot": [0, 0, 0]
				},
				{
					"name": "body",
					"parent": "torterra",
					"pivot": [0, 14, 0]
				},
				{
					"name": "torso",
					"parent": "body",
					"pivot": [0, 13, 0],
					"cubes": [
						{"origin": [-12, 6.5, -16], "size": [24, 12, 31], "uv": [0, 80]},
						{"origin": [-14, 15, -15], "size": [28, 4, 33], "uv": [0, 43]},
						{"origin": [-14, 15, -23], "size": [28, 4, 8], "inflate": 0.001, "pivot": [0, 15, -15], "rotation": [-20, 0, 0], "uv": [116, 35]},
						{"origin": [-13, 19, -19.5], "size": [26, 7, 36], "inflate": 0.001, "uv": [0, 0]},
						{"origin": [8, 26, -13], "size": [0, 3, 18], "inflate": 0.001, "pivot": [8, 26, -4], "rotation": [0, 0, 5], "uv": [0, 10]},
						{"origin": [10, 22, 5], "size": [5, 6, 0], "inflate": 0.001, "uv": [23, 60]},
						{"origin": [-2, 26, 6], "size": [6, 2, 0], "inflate": 0.001, "pivot": [5.5, 25, 6], "rotation": [0, 42.5, 0], "uv": [20, 34]}
					]
				},
				{
					"name": "locator_seat_1",
					"parent": "body",
					"pivot": [0, 27, 3],
					"rotation": [-90, 180, 0],
					"locators": {
						"seat_1": [0, 27, 3]
					}
				},
				{
					"name": "tree",
					"parent": "torso",
					"pivot": [7, 25.25, 5.5],
					"rotation": [-5, 0, 5],
					"cubes": [
						{"origin": [3.5, 24, 1], "size": [8, 20, 8], "inflate": 0.001, "uv": [0, 0]},
						{"origin": [7.5, 36, -3], "size": [4, 8, 4], "inflate": 0.001, "uv": [0, 123]},
						{"origin": [11.5, 36, 5], "size": [4, 8, 4], "inflate": 0.001, "uv": [205, 0]},
						{"origin": [3.5, 40, 9], "size": [4, 4, 4], "inflate": 0.001, "uv": [103, 139]},
						{"origin": [-0.5, 36, 1], "size": [4, 8, 4], "inflate": 0.001, "uv": [189, 0]},
						{"origin": [-0.5, 32, 5], "size": [4, 12, 4], "inflate": 0.001, "uv": [221, 0]}
					]
				},
				{
					"name": "leaves2",
					"parent": "tree",
					"pivot": [6.82143, 44.78571, 4.32143],
					"cubes": [
						{"origin": [4, 55.5, 1.5], "size": [7, 4, 7], "inflate": 0.001, "uv": [0, 96]},
						{"origin": [0, 51.5, -2.5], "size": [15, 4, 15], "inflate": 0.001, "uv": [0, 149]},
						{"origin": [4, 51.5, -6.5], "size": [7, 4, 4], "inflate": 0.001, "uv": [176, 22]},
						{"origin": [4, 51.5, 12.5], "size": [7, 4, 4], "inflate": 0.001, "uv": [157, 145]},
						{"origin": [15, 51.5, 1.5], "size": [4, 4, 7], "inflate": 0.001, "uv": [140, 112]},
						{"origin": [0, 44.5, -10.5], "size": [15, 7, 31], "inflate": 0.001, "uv": [79, 92]},
						{"origin": [15, 48.5, -2.5], "size": [8, 3, 19], "inflate": 0.001, "uv": [152, 0]},
						{"origin": [15, 47.5, -2.5], "size": [4, 1, 19], "inflate": 0.001, "uv": [103, 130]},
						{"origin": [15, 44.5, -6.5], "size": [4, 3, 23], "inflate": 0.001, "uv": [41, 123]},
						{"origin": [-4, 44.5, -6.5], "size": [4, 3, 23], "inflate": 0.001, "uv": [72, 130]},
						{"origin": [-4, 47.5, -6.5], "size": [4, 1, 19], "inflate": 0.001, "uv": [41, 149]},
						{"origin": [-8, 48.5, -2.5], "size": [8, 3, 15], "inflate": 0.001, "uv": [72, 156]},
						{"origin": [-4, 48.5, -10.5], "size": [4, 3, 8], "inflate": 0.001, "uv": [120, 12]},
						{"origin": [-4, 51.5, 1.5], "size": [4, 4, 7], "inflate": 0.001, "uv": [72, 130]}
					]
				},
				{
					"name": "outerleaves",
					"parent": "leaves2",
					"pivot": [2.5, 15.5, -11.5],
					"cubes": [
						{"origin": [3.5, 56, 1], "size": [8, 4, 8], "inflate": 0.001, "uv": [89, 60]},
						{"origin": [-0.5, 52, -3], "size": [16, 4, 16], "inflate": 0.001, "uv": [0, 123]},
						{"origin": [3.5, 52, -7], "size": [8, 4, 4], "inflate": 0.001, "uv": [103, 156]},
						{"origin": [3.5, 52, 13], "size": [8, 4, 4], "inflate": 0.001, "uv": [79, 101]},
						{"origin": [15.5, 52, 1], "size": [4, 4, 8], "inflate": 0.001, "uv": [120, 0]},
						{"origin": [-0.5, 44, -11], "size": [16, 8, 32], "inflate": 0.001, "uv": [90, 48]},
						{"origin": [15.5, 48, -3], "size": [8, 4, 20], "inflate": 0.001, "uv": [140, 88]},
						{"origin": [15.5, 44, -7], "size": [4, 4, 24], "inflate": 0.001, "uv": [120, 4]},
						{"origin": [-4.5, 44, -7], "size": [4, 4, 24], "inflate": 0.001, "uv": [88, 0]},
						{"origin": [-8.5, 48, -3], "size": [8, 4, 16], "inflate": 0.001, "uv": [154, 47]},
						{"origin": [-4.5, 48, -11], "size": [4, 4, 8], "inflate": 0.001, "uv": [88, 0]},
						{"origin": [-4.5, 52, 1], "size": [4, 4, 8], "inflate": 0.001, "uv": [88, 12]}
					]
				},
				{
					"name": "spike3",
					"parent": "torso",
					"pivot": [-6.5, 26.5, -10],
					"rotation": [0, 0, -27.5],
					"cubes": [
						{"origin": [-12.12132, 24, -9.37868], "size": [5, 7, 5], "inflate": 0.001, "pivot": [-6.5, 26, -10], "rotation": [0, -55, 0], "uv": [140, 88]},
						{"origin": [-11.12132, 31, -8.37868], "size": [3, 4, 3], "inflate": 0.001, "pivot": [-6.5, 26, -10], "rotation": [0, -55, 0], "uv": [68, 156]}
					]
				},
				{
					"name": "spike2",
					"parent": "torso",
					"pivot": [-6.5, 26.5, -1],
					"rotation": [0, 0, -22.5],
					"cubes": [
						{"origin": [-12.12132, 24, -2.37868], "size": [7, 9, 7], "inflate": 0.001, "pivot": [-6.5, 26, -1], "rotation": [0, -45, 0], "uv": [0, 80]},
						{"origin": [-11.12132, 33, -1.37868], "size": [5, 6, 5], "inflate": 0.001, "pivot": [-6.5, 26, -1], "rotation": [0, -45, 0], "uv": [124, 174]}
					]
				},
				{
					"name": "spike",
					"parent": "torso",
					"pivot": [-6.5, 26.5, 8],
					"rotation": [0, 0, -27.5],
					"cubes": [
						{"origin": [-12.12132, 24, 8.62132], "size": [5, 7, 5], "inflate": 0.001, "pivot": [-6.5, 26, 8], "rotation": [0, -35, 0], "uv": [104, 174]},
						{"origin": [-11.12132, 31, 9.62132], "size": [3, 4, 3], "inflate": 0.001, "pivot": [-6.5, 26, 8], "rotation": [0, -35, 0], "uv": [148, 156]}
					]
				},
				{
					"name": "head",
					"parent": "torso",
					"pivot": [0, 12.5, -16],
					"cubes": [
						{"origin": [-4.5, 8, -22.5], "size": [9, 3, 7], "inflate": 0.001, "uv": [154, 67]},
						{"origin": [4.5, 10, -27.5], "size": [0, 1, 5], "uv": [0, 27]},
						{"origin": [-4.5, 10, -27.5], "size": [0, 1, 5], "uv": [0, 28]},
						{"origin": [-4.5, 10, -27.5], "size": [9, 1, 0], "uv": [0, 31]},
						{"origin": [-2.5, 9.5, -30.5], "size": [5, 6, 3], "uv": [48, 123]},
						{"origin": [-4.5, 11, -27.5], "size": [9, 6, 12], "inflate": 0.001, "uv": [118, 156]},
						{"origin": [4.5, 9, -21.75], "size": [4, 4, 5], "uv": [130, 130]},
						{"origin": [8.5, 10, -20.75], "size": [4, 2, 4], "uv": [130, 139]},
						{"origin": [-16.5, 11, -19.75], "size": [4, 0, 3], "uv": [15, 31]},
						{"origin": [-12.5, 10, -20.75], "size": [4, 2, 4], "uv": [48, 132]},
						{"origin": [12.5, 11, -19.75], "size": [4, 0, 3], "uv": [23, 31]},
						{"origin": [-8.5, 9, -21.75], "size": [4, 4, 5], "uv": [103, 130]}
					]
				},
				{
					"name": "eye_left",
					"parent": "head",
					"pivot": [4.01, 13, -24.5],
					"cubes": [
						{"origin": [3.51, 11, -27], "size": [1, 3, 5], "uv": [0, 143]}
					]
				},
				{
					"name": "eyelid_left",
					"parent": "eye_left",
					"pivot": [3.91, 13, -24.5],
					"cubes": [
						{"origin": [3.41, 11, -27], "size": [1, 3, 5], "inflate": 0.01, "uv": [140, 100]}
					]
				},
				{
					"name": "eye_right",
					"parent": "head",
					"pivot": [-4.01, 13, -24.5],
					"cubes": [
						{"origin": [-4.51, 11, -27], "size": [1, 3, 5], "uv": [98, 88]}
					]
				},
				{
					"name": "eyelid_right",
					"parent": "eye_right",
					"pivot": [-3.91, 13, -24.5],
					"cubes": [
						{"origin": [-4.41, 11, -27], "size": [1, 3, 5], "inflate": 0.01, "uv": [24, 0]}
					]
				},
				{
					"name": "jaw",
					"parent": "head",
					"pivot": [0, 11, -22],
					"cubes": [
						{"origin": [-4.5, 10, -27.5], "size": [0, 1, 5], "uv": [10, 29]},
						{"origin": [4.5, 10, -27.5], "size": [0, 1, 5], "uv": [0, 29]},
						{"origin": [-4.5, 8, -27.5], "size": [9, 2, 5], "uv": [88, 28]}
					]
				},
				{
					"name": "tail",
					"parent": "torso",
					"pivot": [0, 12, 14],
					"cubes": [
						{"origin": [-4.5, 7.5, 14], "size": [9, 8, 8], "uv": [171, 112]}
					]
				},
				{
					"name": "tail2",
					"parent": "tail",
					"pivot": [0, 12, 21.5],
					"cubes": [
						{"origin": [-3.5, 8.5, 21], "size": [7, 6, 9], "uv": [0, 60]}
					]
				},
				{
					"name": "tail3",
					"parent": "tail2",
					"pivot": [0, 12, 29.5],
					"cubes": [
						{"origin": [-2.5, 9.5, 29], "size": [5, 4, 9], "uv": [79, 88]}
					]
				},
				{
					"name": "leg_front_left",
					"parent": "body",
					"pivot": [9.20214, 10.36054, -10],
					"cubes": [
						{"origin": [7.5, 5.5, -14.5], "size": [8, 9, 8], "pivot": [15.5, 5.5, -10.5], "rotation": [0, 0, -20], "uv": [72, 174]}
					]
				},
				{
					"name": "foot_front_left",
					"parent": "leg_front_left",
					"pivot": [11.5, 5.5, -12.5],
					"cubes": [
						{"origin": [7, 0, -15], "size": [9, 6, 9], "uv": [36, 169]},
						{"origin": [16, 0, -13], "size": [1, 3, 2], "uv": [83, 83]},
						{"origin": [6, 0, -13], "size": [1, 3, 2], "uv": [79, 80]},
						{"origin": [9.5, 0, -17], "size": [4, 5, 2], "uv": [45, 156]},
						{"origin": [9.5, 0, -6], "size": [4, 5, 2], "uv": [155, 112]}
					]
				},
				{
					"name": "leg_back_left",
					"parent": "body",
					"pivot": [9.20214, 10.36054, 9.5],
					"cubes": [
						{"origin": [7.5, 5.5, 6], "size": [8, 9, 8], "pivot": [15.5, 5.5, 9], "rotation": [0, 0, -20], "uv": [152, 171]}
					]
				},
				{
					"name": "foot_back_left",
					"parent": "leg_back_left",
					"pivot": [11.5, 5.5, 7],
					"cubes": [
						{"origin": [7, 0, 5.5], "size": [9, 6, 9], "uv": [0, 168]},
						{"origin": [16, 0, 7.5], "size": [1, 3, 2], "uv": [21, 80]},
						{"origin": [6, 0, 7.5], "size": [1, 3, 2], "uv": [0, 80]},
						{"origin": [9.5, 0, 3.5], "size": [4, 5, 2], "uv": [154, 54]},
						{"origin": [9.5, 0, 14.5], "size": [4, 5, 2], "uv": [154, 47]}
					]
				},
				{
					"name": "leg_back_right",
					"parent": "body",
					"pivot": [-9.20214, 10.36054, 9.5],
					"cubes": [
						{"origin": [-15.5, 5.5, 6], "size": [8, 9, 8], "pivot": [-15.5, 5.5, 9], "rotation": [0, 0, 20], "uv": [0, 43]}
					]
				},
				{
					"name": "foot_back_right",
					"parent": "leg_back_right",
					"pivot": [-11.5, 5.5, 7],
					"cubes": [
						{"origin": [-16, 0, 5.5], "size": [9, 6, 9], "uv": [157, 130]},
						{"origin": [-17, 0, 7.5], "size": [1, 3, 2], "uv": [0, 43]},
						{"origin": [-7, 0, 7.5], "size": [1, 3, 2], "uv": [0, 0]},
						{"origin": [-13.5, 0, 3.5], "size": [4, 5, 2], "uv": [0, 151]},
						{"origin": [-13.5, 0, 14.5], "size": [4, 5, 2], "uv": [45, 149]}
					]
				},
				{
					"name": "leg_front_right",
					"parent": "body",
					"pivot": [-9.20214, 10.36054, -10],
					"cubes": [
						{"origin": [-15.5, 5.5, -14.5], "size": [8, 9, 8], "pivot": [-15.5, 5.5, -10.5], "rotation": [0, 0, 20], "uv": [89, 43]}
					]
				},
				{
					"name": "foot_front_right",
					"parent": "leg_front_right",
					"pivot": [-11.5, 5.5, -12.5],
					"cubes": [
						{"origin": [-16, 0, -15], "size": [9, 6, 9], "uv": [160, 156]},
						{"origin": [-17, 0, -13], "size": [1, 3, 2], "uv": [0, 60]},
						{"origin": [-7, 0, -13], "size": [1, 3, 2], "uv": [24, 43]},
						{"origin": [-13.5, 0, -17], "size": [4, 5, 2], "uv": [152, 7]},
						{"origin": [-13.5, 0, -6], "size": [4, 5, 2], "uv": [152, 0]}
					]
				}
			]
		}
	]
}