{
	"format_version": "1.12.0",
	"minecraft:geometry": [
		{
			"description": {
				"identifier": "geometry.torterra_oak",
				"texture_width": 256,
				"texture_height": 256,
				"visible_bounds_width": 7,
				"visible_bounds_height": 5.5,
				"visible_bounds_offset": [0, 2.25, 0]
			},
			"bones": [
				{
					"name": "torterra",
					"pivot": [0, 0, 0]
				},
				{
					"name": "body",
					"parent": "torterra",
					"pivot": [0, 14, 0]
				},
				{
					"name": "torso",
					"parent": "body",
					"pivot": [0, 13, 0],
					"cubes": [
						{"origin": [-12, 6.5, -16], "size": [24, 12, 31], "uv": [93, 12]},
						{"origin": [-14, 15, -15], "size": [28, 4, 33], "uv": [0, 83]},
						{"origin": [-14, 15, -23], "size": [28, 4, 8], "inflate": 0.001, "pivot": [0, 15, -15], "rotation": [-20, 0, 0], "uv": [88, 0]},
						{"origin": [-13, 19, -19.5], "size": [26, 7, 36], "inflate": 0.001, "uv": [0, 0]},
						{"origin": [8, 26, -13], "size": [0, 3, 18], "inflate": 0.001, "pivot": [8, 26, -4], "rotation": [0, 0, 5], "uv": [0, 0]},
						{"origin": [10, 22, 5], "size": [5, 6, 0], "inflate": 0.001, "uv": [24, 59]},
						{"origin": [0, 26, 6], "size": [6, 2, 0], "inflate": 0.001, "pivot": [5.5, 25, 6], "rotation": [0, 42.5, 0], "uv": [0, 76]}
					]
				},
				{
					"name": "locator_seat_1",
					"parent": "body",
					"pivot": [0, 27, 3],
					"rotation": [-90, 180, 0],
					"locators": {
						"seat_1": [0, 27, 3]
					}
				},
				{
					"name": "tree",
					"parent": "torso",
					"pivot": [7, 25.25, 5.5],
					"rotation": [-5, 0, 5],
					"cubes": [
						{"origin": [5, 24, 2.5], "size": [5, 14, 5], "inflate": 0.001, "uv": [0, 120]},
						{"origin": [5, 38, -2.5], "size": [5, 5, 5], "inflate": 0.001, "uv": [160, 0]}
					]
				},
				{
					"name": "leaves",
					"parent": "tree",
					"pivot": [7.5, 44.0625, 0],
					"cubes": [
						{"origin": [19.5, 43.24964, -12.05348], "size": [5, 4, 24], "inflate": 0.001, "uv": [118, 124]},
						{"origin": [-9.5, 43.24964, -12.05348], "size": [5, 4, 24], "inflate": 0.001, "uv": [60, 124]},
						{"origin": [-4.5, 43.24964, -17.05348], "size": [24, 4, 34], "inflate": 0.001, "uv": [88, 86]},
						{"origin": [0.5, 47.24964, -7.05348], "size": [14, 5, 14], "inflate": 0.001, "uv": [0, 150]},
						{"origin": [5.5, 47.24964, -12.05348], "size": [4, 5, 5], "inflate": 0.001, "uv": [88, 162]},
						{"origin": [5.5, 47.24964, 6.94652], "size": [4, 5, 5], "inflate": 0.001, "uv": [65, 120]},
						{"origin": [14.5, 47.24964, -2.05348], "size": [5, 5, 4], "inflate": 0.001, "uv": [94, 139]},
						{"origin": [-4.5, 47.24964, -2.05348], "size": [5, 5, 4], "inflate": 0.001, "uv": [121, 124]}
					]
				},
				{
					"name": "outerleaves",
					"parent": "leaves",
					"pivot": [2.5, 14.24964, -11.55348],
					"cubes": [
						{"origin": [20, 42.74964, -12.55348], "size": [5, 5, 25], "inflate": 0.001, "uv": [120, 55]},
						{"origin": [-10, 42.74964, -12.55348], "size": [5, 5, 25], "inflate": 0.001, "uv": [0, 120]},
						{"origin": [-5, 42.74964, -17.55348], "size": [25, 5, 35], "inflate": 0.001, "uv": [0, 43]},
						{"origin": [0, 47.74964, -7.55348], "size": [15, 5, 15], "inflate": 0.001, "uv": [85, 55]},
						{"origin": [5, 47.74964, -12.55348], "size": [5, 5, 5], "inflate": 0.001, "uv": [155, 65]},
						{"origin": [5, 47.74964, 7.44652], "size": [5, 5, 5], "inflate": 0.001, "uv": [155, 55]},
						{"origin": [15, 47.74964, -2.55348], "size": [5, 5, 5], "inflate": 0.001, "uv": [42, 150]},
						{"origin": [-5, 47.74964, -2.55348], "size": [5, 5, 5], "inflate": 0.001, "uv": [60, 138]}
					]
				},
				{
					"name": "spike3",
					"parent": "torso",
					"pivot": [-6.5, 26.5, -10],
					"rotation": [0, 0, -27.5],
					"cubes": [
						{"origin": [-12.12132, 24, -9.37868], "size": [5, 7, 5], "inflate": 0.001, "pivot": [-6.5, 26, -10], "rotation": [0, -55, 0], "uv": [152, 124]},
						{"origin": [-11.12132, 31, -8.37868], "size": [3, 4, 3], "inflate": 0.001, "pivot": [-6.5, 26, -10], "rotation": [0, -55, 0], "uv": [124, 165]}
					]
				},
				{
					"name": "spike2",
					"parent": "torso",
					"pivot": [-6.5, 26.5, -1],
					"rotation": [0, 0, -22.5],
					"cubes": [
						{"origin": [-12.12132, 24, -2.37868], "size": [7, 9, 7], "inflate": 0.001, "pivot": [-6.5, 26, -1], "rotation": [0, -45, 0], "uv": [89, 100]},
						{"origin": [-11.12132, 33, -1.37868], "size": [5, 6, 5], "inflate": 0.001, "pivot": [-6.5, 26, -1], "rotation": [0, -45, 0], "uv": [148, 152]}
					]
				},
				{
					"name": "spike",
					"parent": "torso",
					"pivot": [-6.5, 26.5, 8],
					"rotation": [0, 0, -27.5],
					"cubes": [
						{"origin": [-12.12132, 24, 8.62132], "size": [5, 7, 5], "inflate": 0.001, "pivot": [-6.5, 26, 8], "rotation": [0, -35, 0], "uv": [152, 136]},
						{"origin": [-11.12132, 31, 9.62132], "size": [3, 4, 3], "inflate": 0.001, "pivot": [-6.5, 26, 8], "rotation": [0, -35, 0], "uv": [168, 152]}
					]
				},
				{
					"name": "head",
					"parent": "torso",
					"pivot": [0, 12.5, -16],
					"cubes": [
						{"origin": [-4.5, 8, -22.5], "size": [9, 3, 7], "inflate": 0.001, "uv": [88, 152]},
						{"origin": [4.5, 10, -27.5], "size": [0, 1, 5], "uv": [0, 11]},
						{"origin": [-4.5, 10, -27.5], "size": [0, 1, 5], "uv": [0, 12]},
						{"origin": [-4.5, 10, -27.5], "size": [9, 1, 0], "uv": [0, 15]},
						{"origin": [-2.5, 9.5, -30.5], "size": [5, 6, 3], "uv": [145, 163]},
						{"origin": [-4.5, 11, -27.5], "size": [9, 6, 12], "inflate": 0.001, "uv": [35, 120]},
						{"origin": [4.5, 9, -21.75], "size": [4, 4, 5], "uv": [106, 162]},
						{"origin": [8.5, 10, -20.75], "size": [4, 2, 4], "uv": [35, 138]},
						{"origin": [-16.5, 11, -19.75], "size": [4, 0, 3], "uv": [15, 15]},
						{"origin": [-12.5, 10, -20.75], "size": [4, 2, 4], "uv": [126, 135]},
						{"origin": [12.5, 11, -19.75], "size": [4, 0, 3], "uv": [23, 15]},
						{"origin": [-8.5, 9, -21.75], "size": [4, 4, 5], "uv": [112, 139]}
					]
				},
				{
					"name": "eye_left",
					"parent": "head",
					"pivot": [4.01, 13, -24.5],
					"cubes": [
						{"origin": [3.51, 11, -27], "size": [1, 3, 5], "uv": [130, 55]}
					]
				},
				{
					"name": "eyelid_left",
					"parent": "eye_left",
					"pivot": [3.91, 13, -24.5],
					"cubes": [
						{"origin": [3.41, 11, -27], "size": [1, 3, 5], "inflate": 0.01, "uv": [35, 120]}
					]
				},
				{
					"name": "eye_right",
					"parent": "head",
					"pivot": [-4.01, 13, -24.5],
					"cubes": [
						{"origin": [-4.51, 11, -27], "size": [1, 3, 5], "uv": [85, 58]}
					]
				},
				{
					"name": "eyelid_right",
					"parent": "eye_right",
					"pivot": [-3.91, 13, -24.5],
					"cubes": [
						{"origin": [-4.41, 11, -27], "size": [1, 3, 5], "inflate": 0.01, "uv": [85, 50]}
					]
				},
				{
					"name": "jaw",
					"parent": "head",
					"pivot": [0, 11, -22],
					"cubes": [
						{"origin": [-4.5, 10, -27.5], "size": [0, 1, 5], "uv": [24, 61]},
						{"origin": [4.5, 10, -27.5], "size": [0, 1, 5], "uv": [24, 60]},
						{"origin": [-4.5, 8, -27.5], "size": [9, 2, 5], "uv": [88, 27]}
					]
				},
				{
					"name": "tail",
					"parent": "torso",
					"pivot": [0, 12, 14],
					"cubes": [
						{"origin": [-4.5, 7.5, 14], "size": [9, 8, 8], "uv": [0, 43]}
					]
				},
				{
					"name": "tail2",
					"parent": "tail",
					"pivot": [0, 12, 21.5],
					"cubes": [
						{"origin": [-3.5, 8.5, 21], "size": [7, 6, 9], "uv": [0, 100]}
					]
				},
				{
					"name": "tail3",
					"parent": "tail2",
					"pivot": [0, 12, 29.5],
					"cubes": [
						{"origin": [-2.5, 9.5, 29], "size": [5, 4, 9], "uv": [120, 152]}
					]
				},
				{
					"name": "leg_front_left",
					"parent": "body",
					"pivot": [9.20214, 10.36054, -10],
					"cubes": [
						{"origin": [7.5, 5.5, -14.5], "size": [8, 9, 8], "pivot": [15.5, 5.5, -10.5], "rotation": [0, 0, -20], "uv": [56, 152]}
					]
				},
				{
					"name": "foot_front_left",
					"parent": "leg_front_left",
					"pivot": [11.5, 5.5, -12.5],
					"cubes": [
						{"origin": [7, 0, -15], "size": [9, 6, 9], "uv": [94, 124]},
						{"origin": [16, 0, -13], "size": [1, 3, 2], "uv": [0, 83]},
						{"origin": [6, 0, -13], "size": [1, 3, 2], "uv": [0, 59]},
						{"origin": [9.5, 0, -17], "size": [4, 5, 2], "uv": [161, 163]},
						{"origin": [9.5, 0, -6], "size": [4, 5, 2], "uv": [0, 157]}
					]
				},
				{
					"name": "leg_back_left",
					"parent": "body",
					"pivot": [9.20214, 10.36054, 9.5],
					"cubes": [
						{"origin": [7.5, 5.5, 6], "size": [8, 9, 8], "pivot": [15.5, 5.5, 9], "rotation": [0, 0, -20], "uv": [89, 83]}
					]
				},
				{
					"name": "foot_back_left",
					"parent": "leg_back_left",
					"pivot": [11.5, 5.5, 7],
					"cubes": [
						{"origin": [7, 0, 5.5], "size": [9, 6, 9], "uv": [88, 12]},
						{"origin": [16, 0, 7.5], "size": [1, 3, 2], "uv": [26, 43]},
						{"origin": [6, 0, 7.5], "size": [1, 3, 2], "uv": [0, 43]},
						{"origin": [9.5, 0, 3.5], "size": [4, 5, 2], "uv": [113, 152]},
						{"origin": [9.5, 0, 14.5], "size": [4, 5, 2], "uv": [80, 152]}
					]
				},
				{
					"name": "leg_back_right",
					"parent": "body",
					"pivot": [-9.20214, 10.36054, 9.5],
					"cubes": [
						{"origin": [-15.5, 5.5, 6], "size": [8, 9, 8], "pivot": [-15.5, 5.5, 9], "rotation": [0, 0, 20], "uv": [0, 59]}
					]
				},
				{
					"name": "foot_back_right",
					"parent": "leg_back_right",
					"pivot": [-11.5, 5.5, 7],
					"cubes": [
						{"origin": [-16, 0, 5.5], "size": [9, 6, 9], "uv": [0, 0]},
						{"origin": [-17, 0, 7.5], "size": [1, 3, 2], "uv": [0, 21]},
						{"origin": [-7, 0, 7.5], "size": [1, 3, 2], "uv": [0, 0]},
						{"origin": [-13.5, 0, 3.5], "size": [4, 5, 2], "uv": [130, 63]},
						{"origin": [-13.5, 0, 14.5], "size": [4, 5, 2], "uv": [110, 100]}
					]
				},
				{
					"name": "leg_front_right",
					"parent": "body",
					"pivot": [-9.20214, 10.36054, -10],
					"cubes": [
						{"origin": [-15.5, 5.5, -14.5], "size": [8, 9, 8], "pivot": [-15.5, 5.5, -10.5], "rotation": [0, 0, 20], "uv": [0, 83]}
					]
				},
				{
					"name": "foot_front_right",
					"parent": "leg_front_right",
					"pivot": [-11.5, 5.5, -12.5],
					"cubes": [
						{"origin": [-16, 0, -15], "size": [9, 6, 9], "uv": [0, 21]},
						{"origin": [-17, 0, -13], "size": [1, 3, 2], "uv": [27, 21]},
						{"origin": [-7, 0, -13], "size": [1, 3, 2], "uv": [27, 0]},
						{"origin": [-13.5, 0, -17], "size": [4, 5, 2], "uv": [0, 150]},
						{"origin": [-13.5, 0, -6], "size": [4, 5, 2], "uv": [130, 141]}
					]
				}
			]
		}
	]
}