{
	"format_version": "1.12.0",
	"minecraft:geometry": [
		{
			"description": {
				"identifier": "geometry.sandaconda",
				"texture_width": 128,
				"texture_height": 128,
				"visible_bounds_width": 8,
				"visible_bounds_height": 3.5,
				"visible_bounds_offset": [0, 1.25, 0]
			},
			"bones": [
				{
					"name": "sandaconda",
					"pivot": [0, 0, 0]
				},
				{
					"name": "body",
					"parent": "sandaconda",
					"pivot": [0, 13, 5]
				},
				{
                    "name": "locator_seat_1",
                    "parent": "body",
                    "pivot": [0, 23, 2],
                    "locators": {
                        "seat_1": [0, 23, 2]
                    }
                },
				{
					"name": "neck",
					"parent": "body",
					"pivot": [0, 13, 0.25],
					"cubes": [
						{"origin": [-12, 0, -4.25], "size": [24, 24, 9], "inflate": -0.1, "uv": [0, 17]},
						{"origin": [-12.5, -0.5, -4.75], "size": [25, 25, 10], "inflate": -0.1, "uv": [0, 50]}
					]
				},
				{
					"name": "head",
					"parent": "neck",
					"pivot": [0, 13, -4.5],
					"cubes": [
						{"origin": [-4, 10, -5], "size": [8, 6, 2], "inflate": 0.01, "uv": [24, 1]},
						{"origin": [-4, 11, -9], "size": [8, 5, 4], "inflate": 0.01, "uv": [0, 1]},
						{"origin": [3, 11, -8.5], "size": [1, 3, 3], "pivot": [4, 11, -8.5], "rotation": [-37.5, 0, 0], "uv": [51, 9]},
						{"origin": [-4, 11, -8.5], "size": [1, 3, 3], "pivot": [-4, 11, -8.5], "rotation": [-37.5, 0, 0], "uv": [1, 20], "mirror": true}
					]
				},
				{
					"name": "eyes",
					"parent": "head",
					"pivot": [0, 13.1, -8.3]
				},
				{
					"name": "eye_left",
					"parent": "eyes",
					"pivot": [4.015, 12.1, -5.81],
					"rotation": [-2.5, 0, 0],
					"cubes": [
						{"origin": [4.02, 11.1, -7.8], "size": [0, 3, 4], "uv": [110, -4]},
						{"origin": [4.03, 11.6, -7.31], "size": [0, 2, 3], "uv": [120, 0]}
					]
				},
				{
					"name": "eyebrow_left",
					"parent": "eye_left",
					"pivot": [4.03, 14.1, -5.8],
					"cubes": [
						{"origin": [3.04, 13.1, -8.3], "size": [1, 2, 5], "inflate": 0.02, "uv": [114, 21]}
					]
				},
				{
					"name": "pupil_left",
					"parent": "eye_left",
					"pivot": [3.74, 12.9, -6.55],
					"cubes": [
						{"origin": [4.04, 12.4, -7.05], "size": [0, 1, 1], "uv": [110, 2]},
						{"origin": [3.35, 12.4, -7.05], "size": [1, 1, 1], "inflate": -0.3, "uv": [122, 7]}
					]
				},
				{
					"name": "pupil_closed_left",
					"parent": "eye_left",
					"pivot": [3.93, 12.6, -6.3],
					"cubes": [
						{"origin": [3.94, 12.35, -6.8], "size": [0, 1, 1], "uv": [119, 9]},
						{"origin": [3.94, 12.85, -6.8], "size": [0, 1, 1], "inflate": 0.01, "uv": [119, 8]}
					]
				},
				{
					"name": "pupil_happy_left",
					"parent": "eye_left",
					"pivot": [3.93, 12.35, -6.3],
					"cubes": [
						{"origin": [3.94, 12.1, -7.05], "size": [0, 1, 2], "uv": [119, 9]},
						{"origin": [3.95, 11.65, -6.55], "size": [0, 1, 1], "uv": [123, 10]}
					]
				},
				{
					"name": "eye_right",
					"parent": "eyes",
					"pivot": [-4.015, 12.1, -5.81],
					"rotation": [-2.5, 0, 0],
					"cubes": [
						{"origin": [-4.02, 11.1, -7.8], "size": [0, 3, 4], "uv": [118, -4], "mirror": true},
						{"origin": [-4.03, 11.6, -7.31], "size": [0, 2, 3], "uv": [122, 2], "mirror": true}
					]
				},
				{
					"name": "eyebrow_right",
					"parent": "eye_right",
					"pivot": [-4.03, 14.1, -5.8],
					"cubes": [
						{"origin": [-4.04, 13.1, -8.3], "size": [1, 2, 5], "inflate": 0.02, "uv": [114, 28], "mirror": true}
					]
				},
				{
					"name": "pupil_right",
					"parent": "eye_right",
					"pivot": [-3.74, 12.9, -6.55],
					"cubes": [
						{"origin": [-4.04, 12.4, -7.05], "size": [0, 1, 1], "uv": [110, 3], "mirror": true},
						{"origin": [-4.35, 12.4, -7.05], "size": [1, 1, 1], "inflate": -0.3, "uv": [123, 9], "mirror": true}
					]
				},
				{
					"name": "pupil_closed_right",
					"parent": "eye_right",
					"pivot": [-3.93, 12.6, -6.3],
					"cubes": [
						{"origin": [-3.94, 12.35, -6.8], "size": [0, 1, 1], "uv": [121, 9], "mirror": true},
						{"origin": [-3.94, 12.85, -6.8], "size": [0, 1, 1], "inflate": 0.01, "uv": [121, 8], "mirror": true}
					]
				},
				{
					"name": "pupil_happy_right",
					"parent": "eye_right",
					"pivot": [-3.93, 12.35, -6.3],
					"cubes": [
						{"origin": [-3.94, 12.1, -7.05], "size": [0, 1, 2], "uv": [119, 10], "mirror": true},
						{"origin": [-3.95, 11.65, -6.55], "size": [0, 1, 1], "uv": [123, 11], "mirror": true}
					]
				},
				{
					"name": "jaw",
					"parent": "head",
					"pivot": [0, 10, -5],
					"rotation": [-1, 0, 0],
					"cubes": [
						{"origin": [-3.5, 8.25, -8.5], "size": [7, 3, 5], "uv": [44, 1]},
						{"origin": [-3, 10.26, -8.51], "size": [6, 1, 0], "uv": [49, 0]},
						{"origin": [-3, 9, -13], "size": [6, 2, 5], "uv": [22, 10]}
					]
				},
				{
					"name": "tongue",
					"parent": "jaw",
					"pivot": [0, 11.25, -5],
					"rotation": [-95, 0, 0],
					"cubes": [
						{"origin": [-0.5, 7.25, -5], "size": [1, 4, 0], "uv": [18, 10]}
					]
				},
				{
					"name": "tongue2",
					"parent": "tongue",
					"pivot": [0, 11.25, -4.99],
					"cubes": [
						{"origin": [-0.5, 7.25, -4.99], "size": [1, 4, 0], "uv": [20, 10]}
					]
				},
				{
					"name": "tongue3",
					"parent": "tongue2",
					"pivot": [0, 11.25, -5],
					"cubes": [
						{"origin": [-0.5, 7.25, -5], "size": [1, 4, 0], "uv": [22, 10]}
					]
				},
				{
					"name": "tongue4",
					"parent": "tongue3",
					"pivot": [0, 11.25, -4.99],
					"cubes": [
						{"origin": [-0.5, 7.25, -4.99], "size": [1, 4, 0], "uv": [24, 10]}
					]
				},
				{
					"name": "tongue5",
					"parent": "tongue4",
					"pivot": [0, 9.25, -5],
					"cubes": [
						{"origin": [-1, 8.25, -4.98], "size": [2, 1, 0], "uv": [20, 3]}
					]
				},
				{
					"name": "tongue6",
					"parent": "tongue5",
					"pivot": [0, 8.25, -5],
					"cubes": [
						{"origin": [-1.5, 7.25, -4.98], "size": [3, 1, 0], "uv": [20, 2]}
					]
				},
				{
					"name": "lower_tooth_left",
					"parent": "jaw",
					"pivot": [2.65, 10.9, -11.55],
					"rotation": [0, 17.5, 0],
					"cubes": [
						{"origin": [2.65, 10.39, -12.05], "size": [0, 1, 1], "pivot": [2.65, 10.9, -11.55], "rotation": [45, 0, 0], "uv": [20, 3]}
					]
				},
				{
					"name": "lower_tooth_right",
					"parent": "jaw",
					"pivot": [-2.65, 10.9, -11.55],
					"rotation": [0, -17.5, 0],
					"cubes": [
						{"origin": [-2.65, 10.39, -12.05], "size": [0, 1, 1], "pivot": [-2.65, 10.9, -11.55], "rotation": [45, 0, 0], "uv": [22, 3], "mirror": true}
					]
				},
				{
					"name": "muzzle",
					"parent": "head",
					"pivot": [0, 13.5, -9],
					"cubes": [
						{"origin": [-3, 11.01, -12.5], "size": [6, 3, 4], "inflate": 0.01, "uv": [2, 10]}
					]
				},
				{
					"name": "muzzle_left",
					"parent": "muzzle",
					"pivot": [2, 13, -12.25],
					"rotation": [5, -2.5, 0],
					"cubes": [
						{"origin": [-0.15, 10.9, -14.25], "size": [4, 4, 2], "inflate": -0.15, "pivot": [1.85, 12.9, -13.25], "rotation": [0, 0, 2.5], "uv": [39, 9]}
					]
				},
				{
					"name": "muzzle_tooth_left",
					"parent": "muzzle_left",
					"pivot": [1.9, 10.99, -13.5],
					"rotation": [-5, 0, 0],
					"cubes": [
						{"origin": [1.9, 10.5, -13.5], "size": [2, 2, 0], "pivot": [1.9, 12.5, -13.5], "rotation": [0, 0, 47.5], "uv": [0, 1]}
					]
				},
				{
					"name": "muzzle_right",
					"parent": "muzzle",
					"pivot": [-2, 13, -12.25],
					"rotation": [5, 2.5, 0],
					"cubes": [
						{"origin": [-3.95, 10.9, -14.25], "size": [4, 4, 2], "inflate": -0.15, "pivot": [-1.95, 12.9, -13.25], "rotation": [0, 0, -2.5], "uv": [110, 3], "mirror": true}
					]
				},
				{
					"name": "muzzle_tooth_right",
					"parent": "muzzle_right",
					"pivot": [-1.9, 10.99, -13.5],
					"rotation": [-5, 0, 0],
					"cubes": [
						{"origin": [-3.9, 10.5, -13.5], "size": [2, 2, 0], "pivot": [-1.9, 12.5, -13.5], "rotation": [0, 0, -47.5], "uv": [0, 3], "mirror": true}
					]
				},
				{
					"name": "neck_connector",
					"parent": "body",
					"pivot": [0, 16.5, 4],
					"rotation": [-50, 0, 0],
					"cubes": [
						{"origin": [-3.5, 9.5, 4], "size": [7, 7, 7], "inflate": 0.02, "uv": [15, 85]}
					]
				},
				{
					"name": "front_ring",
					"parent": "neck_connector",
					"pivot": [0, 9.5, 11],
					"rotation": [45, 0, 0],
					"cubes": [
						{"origin": [-10.5, 7.5, 11], "size": [21, 17, 9], "inflate": 0.03, "uv": [59, 0]},
						{"origin": [-10.5, 3.5, 11], "size": [10, 4, 9], "inflate": 0.03, "uv": [70, 70]}
					]
				},
				{
					"name": "front_ring_connector",
					"parent": "front_ring",
					"pivot": [-8.75, 4.5, 20],
					"rotation": [0, -45, 0],
					"cubes": [
						{"origin": [-8.75, 4.5, 11], "size": [9, 8, 9], "uv": [75, 83]}
					]
				},
				{
					"name": "middle_ring",
					"parent": "front_ring_connector",
					"pivot": [0.2, 5.25, 11],
					"rotation": [0, 45, 0],
					"cubes": [
						{"origin": [-12.25, 4.5, 11], "size": [17, 17, 7], "inflate": 0.02, "uv": [66, 26]}
					]
				},
				{
					"name": "middle_ring_connector",
					"parent": "middle_ring",
					"pivot": [-10.5, 5, 18],
					"rotation": [0, -45, 0],
					"cubes": [
						{"origin": [-10.5, 5.2, 10], "size": [8, 6, 8], "uv": [43, 85]}
					]
				},
				{
					"name": "back_ring",
					"parent": "middle_ring_connector",
					"pivot": [-2.25, 5, 10],
					"rotation": [0, 45, 0],
					"cubes": [
						{"origin": [-14, 5, 9.75], "size": [14, 14, 6], "inflate": 0.01, "uv": [70, 50]}
					]
				},
				{
					"name": "back_ring_connector",
					"parent": "back_ring",
					"pivot": [-5.05, 6.5, 15.75],
					"cubes": [
						{"origin": [-7.55, 5.5, 15.75], "size": [5, 5, 8], "inflate": 0.01, "uv": [102, 62]}
					]
				},
				{
					"name": "tail",
					"parent": "back_ring_connector",
					"pivot": [-5.05, 10.5, 23.75],
					"cubes": [
						{"origin": [-7.55, 5.5, 23.75], "size": [5, 5, 6], "inflate": 0.02, "uv": [102, 77]}
					]
				},
				{
					"name": "tail2",
					"parent": "tail",
					"pivot": [-5.05, 8, 29.75],
					"cubes": [
						{"origin": [-7.05, 6, 28.75], "size": [4, 4, 6], "uv": [108, 44]}
					]
				},
				{
					"name": "tail3",
					"parent": "tail2",
					"pivot": [-5.05, 8, 34.75],
					"cubes": [
						{"origin": [-6.55, 6.5, 33.75], "size": [3, 3, 5], "inflate": 0.02, "uv": [110, 54]}
					]
				},
				{
					"name": "tail4",
					"parent": "tail3",
					"pivot": [-5.05, 8, 38.75],
					"cubes": [
						{"origin": [-6.05, 7, 38.25], "size": [2, 2, 4], "inflate": 0.01, "uv": [111, 88]}
					]
				}
			]
		}
	]
}