{
	"format_version": "1.12.0",
	"minecraft:geometry": [
		{
			"description": {
				"identifier": "geometry.dracovish",
				"texture_width": 256,
				"texture_height": 256,
				"visible_bounds_width": 8,
				"visible_bounds_height": 8,
				"visible_bounds_offset": [0, 3, 0]
			},
			"bones": [
				{
					"name": "dracovish",
					"pivot": [0, 0, 0]
				},
				{
					"name": "body",
					"parent": "dracovish",
					"pivot": [0, 21, 6]
				},
				{
                    "name": "locator_seat_1",
                    "parent": "body",
                    "pivot": [0, 33, 13],
                    "locators": {
                        "seat_1": [0, 33, 13]
                    }
                },
				{
					"name": "torso",
					"parent": "body",
					"pivot": [0, 17.5, 5.25],
					"rotation": [90, 0, 0],
					"cubes": [
						{"origin": [-11, 5.5, -1], "size": [22, 24, 13], "inflate": 0.01, "uv": [168, 219]}
					]
				},
				{
					"name": "tail_scale_left",
					"parent": "torso",
					"pivot": [8, 29.5, -1],
					"cubes": [
						{"origin": [8, 27.5, -1], "size": [0, 12, 9], "uv": [76, 211]}
					]
				},
				{
					"name": "tail_scale_right",
					"parent": "torso",
					"pivot": [-8, 29.5, -1],
					"cubes": [
						{"origin": [-8, 27.5, -1], "size": [0, 12, 9], "uv": [94, 207]}
					]
				},
				{
					"name": "tail",
					"parent": "torso",
					"pivot": [0, 17.5, 12],
					"cubes": [
						{"origin": [-10, 17.5, 9], "size": [20, 12, 16], "uv": [96, 212]},
						{"origin": [-16.25, 6.5, 8.75], "size": [14, 14, 14], "pivot": [0, 12, 25], "rotation": [0, -45, 0], "uv": [152, 191]}
					]
				},
				{
					"name": "tail_bottom2",
					"parent": "tail",
					"pivot": [0, 6.5, 21.75],
					"rotation": [15, 0, 0],
					"cubes": [
						{"origin": [0, 6.5, 21.75], "size": [0, 12, 25], "inflate": 0.01, "uv": [88, 149]}
					]
				},
				{
					"name": "tail2",
					"parent": "tail",
					"pivot": [0, 21, 25],
					"cubes": [
						{"origin": [-8.5, 18, 22.5], "size": [17, 11, 15], "uv": [88, 186]}
					]
				},
				{
					"name": "tail_scale_left2",
					"parent": "tail2",
					"pivot": [7, 29, 25.5],
					"rotation": [-7.5, 0, 0],
					"cubes": [
						{"origin": [7, 29, 23.5], "size": [0, 12, 9], "uv": [70, 187]}
					]
				},
				{
					"name": "tail_scale_right2",
					"parent": "tail2",
					"pivot": [-7, 29, 25.5],
					"rotation": [-7.5, 0, 0],
					"cubes": [
						{"origin": [-7, 29, 23.5], "size": [0, 12, 9], "uv": [70, 199]}
					]
				},
				{
					"name": "tail3",
					"parent": "tail2",
					"pivot": [0, 18.5, 37],
					"cubes": [
						{"origin": [-7, 18.5, 36.5], "size": [14, 10, 13], "uv": [0, 180]},
						{"origin": [0, 16.5, 36], "size": [0, 2, 11], "uv": [152, 208]}
					]
				},
				{
					"name": "tail_scale_left3",
					"parent": "tail3",
					"pivot": [5, 28.5, 48.5],
					"cubes": [
						{"origin": [5, 26.5, 40.5], "size": [0, 13, 8], "uv": [194, 184]}
					]
				},
				{
					"name": "tail_scale_right3",
					"parent": "tail3",
					"pivot": [-5, 28.5, 47.5],
					"cubes": [
						{"origin": [-5, 26.5, 40.5], "size": [0, 13, 8], "uv": [208, 198], "mirror": true}
					]
				},
				{
					"name": "tail4",
					"parent": "tail3",
					"pivot": [0, 18.5, 49.5],
					"cubes": [
						{"origin": [-5.5, 19, 49.5], "size": [11, 9, 12], "uv": [54, 175]}
					]
				},
				{
					"name": "tail5",
					"parent": "tail4",
					"pivot": [-0.5, 18.5, 61.5],
					"cubes": [
						{"origin": [-5.5, 19, 61.5], "size": [11, 9, 13], "inflate": 0.01, "uv": [138, 169]}
					]
				},
				{
					"name": "head",
					"parent": "tail5",
					"pivot": [0, 20, 76.75],
					"rotation": [-35, 0, 180]
				},
				{
					"name": "head_ai",
					"parent": "head",
					"pivot": [0, 18, 81.75]
				},
				{
					"name": "head_rotation",
					"parent": "head_ai",
					"pivot": [0, 18, 81.75],
					"cubes": [
						{"origin": [-12, 18, 75.75], "size": [24, 10, 11], "inflate": 0.01, "uv": [0, 0]},
						{"origin": [-12, 22, 86.75], "size": [24, 6, 11], "inflate": 0.01, "uv": [0, 21]},
						{"origin": [-0.5, 21, 97.75], "size": [1, 3, 0], "inflate": 0.02, "uv": [118, 13]},
						{"origin": [-9, 23.5, 66.75], "size": [18, 4, 9], "uv": [70, 0]},
						{"origin": [-12, 15, 97.75], "size": [24, 8, 0], "uv": [70, 13]},
						{"origin": [12, 18, 86.75], "size": [0, 8, 11], "uv": [71, 16]},
						{"origin": [-12, 18, 86.75], "size": [0, 8, 11], "uv": [93, 16]}
					]
				},
				{
					"name": "eyes",
					"parent": "head_rotation",
					"pivot": [0, 26.75, 92.25]
				},
				{
					"name": "eye_left",
					"parent": "eyes",
					"pivot": [12, 24.25, 92.75],
					"rotation": [12.5, 0, -17.5],
					"cubes": [
						{"origin": [11.5, 24.25, 90.75], "size": [2, 4, 4], "uv": [59, 1]}
					]
				},
				{
					"name": "pupil_left",
					"parent": "eye_left",
					"pivot": [13.51, 26.25, 92.75],
					"cubes": [
						{"origin": [13.51, 24.75, 92.25], "size": [0, 3, 1], "uv": [67, 1]}
					]
				},
				{
					"name": "inner_eyelid_left",
					"parent": "eye_left",
					"pivot": [13.41, 26.25, 92.75],
					"cubes": [
						{"origin": [13.41, 25.25, 91.25], "size": [0, 2, 3], "uv": [67, -3]}
					]
				},
				{
					"name": "outer_eyelid_left",
					"parent": "eye_left",
					"pivot": [13.42, 27.25, 92.75],
					"cubes": [
						{"origin": [13.42, 26.25, 90.75], "size": [0, 2, 4], "uv": [69, -2]}
					]
				},
				{
					"name": "eye_right",
					"parent": "eyes",
					"pivot": [-12, 24.25, 92.75],
					"rotation": [12.5, 0, 17.5],
					"cubes": [
						{"origin": [-13.5, 24.25, 90.75], "size": [2, 4, 4], "uv": [59, 21]}
					]
				},
				{
					"name": "pupil_right",
					"parent": "eye_right",
					"pivot": [-13.51, 26.25, 92.75],
					"cubes": [
						{"origin": [-13.51, 24.75, 92.25], "size": [0, 3, 1], "uv": [67, 21]}
					]
				},
				{
					"name": "inner_eyelid_right",
					"parent": "eye_right",
					"pivot": [-13.41, 26.25, 92.75],
					"cubes": [
						{"origin": [-13.41, 25.25, 91.25], "size": [0, 2, 3], "uv": [71, 3]}
					]
				},
				{
					"name": "outer_eyelid_right",
					"parent": "eye_right",
					"pivot": [-13.42, 27.25, 92.75],
					"cubes": [
						{"origin": [-13.42, 26.25, 90.75], "size": [0, 2, 4], "uv": [71, 0]}
					]
				},
				{
					"name": "cheeks",
					"parent": "head_rotation",
					"pivot": [0, 22.5, 89.75],
					"rotation": [-10, 0, 0],
					"cubes": [
						{"origin": [-18, 11.5, 70.75], "size": [36, 11, 11], "uv": [64, 41]},
						{"origin": [11, 11.5, 81.75], "size": [7, 11, 9], "inflate": 0.01, "uv": [0, 38]},
						{"origin": [-18, 11.5, 81.75], "size": [7, 11, 9], "inflate": 0.01, "uv": [32, 38], "mirror": true}
					]
				},
				{
					"name": "head_front",
					"parent": "cheeks",
					"pivot": [0, 23.5, 70.75],
					"rotation": [7.5, 0, 0]
				},
				{
					"name": "head_front_mid_left",
					"parent": "head_front",
					"pivot": [0, 23.5, 67],
					"rotation": [0, 0, 7.5],
					"cubes": [
						{"origin": [0, 14.5, 60.75], "size": [17, 9, 10], "inflate": 0.01, "uv": [189, 0]}
					]
				},
				{
					"name": "head_front_mid_right",
					"parent": "head_front",
					"pivot": [0, 23.5, 67],
					"rotation": [0, 0, -7.5],
					"cubes": [
						{"origin": [-17, 14.5, 60.75], "size": [17, 9, 10], "inflate": 0.02, "uv": [202, 19], "mirror": true}
					]
				},
				{
					"name": "head_front_mid_bottom_left",
					"parent": "head_front",
					"pivot": [0, 22.5, 60.75],
					"rotation": [0, 0, 7.5],
					"cubes": [
						{"origin": [0, 15.5, 54.75], "size": [13, 7, 8], "uv": [165, 33]}
					]
				},
				{
					"name": "head_front_mid_bottom_right",
					"parent": "head_front",
					"pivot": [0, 22.5, 60.75],
					"rotation": [0, 0, -7.5],
					"cubes": [
						{"origin": [-13, 15.5, 54.75], "size": [13, 7, 8], "inflate": 0.01, "uv": [207, 38], "mirror": true}
					]
				},
				{
					"name": "head_front_bottom_left",
					"parent": "head_front",
					"pivot": [0, 20.5, 54.75],
					"rotation": [0, 0, 7.5],
					"cubes": [
						{"origin": [0, 15.5, 49.75], "size": [8, 5, 5], "uv": [160, 48]}
					]
				},
				{
					"name": "head_front_bottom_right",
					"parent": "head_front",
					"pivot": [0, 20.5, 54.75],
					"rotation": [0, 0, -7.5],
					"cubes": [
						{"origin": [-8, 15.5, 49.75], "size": [8, 5, 5], "inflate": 0.01, "uv": [186, 48], "mirror": true}
					]
				},
				{
					"name": "jaw",
					"parent": "head_rotation",
					"pivot": [0, 21, 85.25],
					"rotation": [-22.5, 0, 0],
					"cubes": [
						{"origin": [-12, 10, 81.75], "size": [24, 12, 5], "uv": [115, 24]},
						{"origin": [-12, 10, 86.75], "size": [24, 7, 11], "inflate": 0.01, "uv": [119, 6]},
						{"origin": [-12, 15, 97.75], "size": [24, 6, 0], "uv": [71, 21]},
						{"origin": [12, 17, 86.75], "size": [0, 6, 11], "uv": [115, -11]},
						{"origin": [-12, 17, 86.75], "size": [0, 6, 11], "uv": [137, -11]}
					]
				},
				{
					"name": "fin_right",
					"parent": "jaw",
					"pivot": [-12, 13, 88],
					"cubes": [
						{"origin": [-20, 11, 84], "size": [9, 4, 4], "uv": [0, 58]}
					]
				},
				{
					"name": "fin_right2",
					"parent": "fin_right",
					"pivot": [-20, 13, 86],
					"cubes": [
						{"origin": [-27, 10, 84], "size": [7, 6, 4], "inflate": 0.01, "uv": [26, 58]},
						{"origin": [-29, 13, 79.5], "size": [9, 0, 13], "inflate": 0.01, "pivot": [-27, 13, 86], "rotation": [-90, 0, 0], "uv": [53, 64]}
					]
				},
				{
					"name": "fin_right3",
					"parent": "fin_right2",
					"pivot": [-29, 13, 86],
					"cubes": [
						{"origin": [-37, 13, 79.5], "size": [8, 0, 13], "pivot": [-27, 13, 86], "rotation": [-90, 0, 0], "uv": [36, 64]}
					]
				},
				{
					"name": "fin_left",
					"parent": "jaw",
					"pivot": [12, 13, 88],
					"cubes": [
						{"origin": [11, 11, 84], "size": [9, 4, 4], "uv": [0, 66], "mirror": true}
					]
				},
				{
					"name": "fin_left2",
					"parent": "fin_left",
					"pivot": [20, 13, 86],
					"cubes": [
						{"origin": [20, 10, 84], "size": [7, 6, 4], "inflate": 0.01, "uv": [26, 68], "mirror": true},
						{"origin": [20, 13, 79.5], "size": [9, 0, 13], "inflate": 0.01, "pivot": [27, 13, 86], "rotation": [-90, 0, 0], "uv": [89, 64], "mirror": true}
					]
				},
				{
					"name": "fin_left3",
					"parent": "fin_left2",
					"pivot": [29, 13, 86],
					"cubes": [
						{"origin": [29, 13, 79.5], "size": [8, 0, 13], "pivot": [27, 13, 86], "rotation": [-90, 0, 0], "uv": [72, 64], "mirror": true}
					]
				},
				{
					"name": "legs",
					"parent": "body",
					"pivot": [0, 23, 8]
				},
				{
					"name": "leg_left",
					"parent": "legs",
					"pivot": [11, 19.3, 6.5],
					"cubes": [
						{"origin": [10, 7.8, 0], "size": [8, 17, 13], "inflate": 0.01, "uv": [0, 226]}
					]
				},
				{
					"name": "leg_left2",
					"parent": "leg_left",
					"pivot": [14, 7.8, 0],
					"cubes": [
						{"origin": [10.5, -6.2, 0], "size": [7, 14, 9], "inflate": 0.01, "uv": [0, 203]}
					]
				},
				{
					"name": "foot_left",
					"parent": "leg_left2",
					"pivot": [14, -6.2, 3],
					"cubes": [
						{"origin": [9.5, -10.2, -3], "size": [9, 4, 12], "inflate": 0.02, "uv": [84, 240]}
					]
				},
				{
					"name": "toes_left",
					"parent": "foot_left",
					"pivot": [14, -7.2, -3]
				},
				{
					"name": "toe_inner_left",
					"parent": "toes_left",
					"pivot": [11, -7.2, -3],
					"rotation": [0, 15, 0],
					"cubes": [
						{"origin": [9.5, -10.2, -6], "size": [3, 3, 4], "inflate": 0.01, "uv": [23, 205]}
					]
				},
				{
					"name": "toe_inner_left2",
					"parent": "toe_inner_left",
					"pivot": [11, -7.2, -6],
					"cubes": [
						{"origin": [11, -10.2, -10], "size": [0, 3, 4], "uv": [0, 202]}
					]
				},
				{
					"name": "toe_center_left",
					"parent": "toes_left",
					"pivot": [14, -7.2, -3.5],
					"cubes": [
						{"origin": [12.5, -10.2, -6.5], "size": [3, 3, 4], "inflate": 0.01, "uv": [41, 232]}
					]
				},
				{
					"name": "toe_center_left2",
					"parent": "toe_center_left",
					"pivot": [14, -7.2, -6.5],
					"cubes": [
						{"origin": [14, -10.2, -10.5], "size": [0, 3, 4], "uv": [0, 222]}
					]
				},
				{
					"name": "toe_outer_left",
					"parent": "toes_left",
					"pivot": [17, -7.2, -3],
					"rotation": [0, -15, 0],
					"cubes": [
						{"origin": [15.5, -10.2, -6], "size": [3, 3, 4], "inflate": 0.01, "uv": [114, 242]}
					]
				},
				{
					"name": "toe_outer_left2",
					"parent": "toe_outer_left",
					"pivot": [17, -7.2, -6],
					"cubes": [
						{"origin": [17, -10.2, -10], "size": [0, 3, 4], "uv": [0, 228]}
					]
				},
				{
					"name": "leg_right",
					"parent": "legs",
					"pivot": [-11, 19.3, 6.5],
					"cubes": [
						{"origin": [-18, 7.8, 0], "size": [8, 17, 13], "inflate": 0.01, "uv": [42, 226]}
					]
				},
				{
					"name": "leg_right2",
					"parent": "leg_right",
					"pivot": [-14, 7.8, 0],
					"cubes": [
						{"origin": [-17.5, -6.2, 0], "size": [7, 14, 9], "inflate": 0.01, "uv": [32, 203]}
					]
				},
				{
					"name": "foot_right",
					"parent": "leg_right2",
					"pivot": [-14, -6.2, 3],
					"cubes": [
						{"origin": [-18.5, -10.2, -3], "size": [9, 4, 12], "inflate": 0.02, "uv": [126, 240]}
					]
				},
				{
					"name": "toes_right",
					"parent": "foot_right",
					"pivot": [-14, -7.2, -3]
				},
				{
					"name": "toe_inner_right",
					"parent": "toes_right",
					"pivot": [-11, -7.2, -3],
					"rotation": [0, -15, 0],
					"cubes": [
						{"origin": [-12.5, -10.2, -6], "size": [3, 3, 4], "inflate": 0.01, "uv": [29, 226]}
					]
				},
				{
					"name": "toe_inner_right2",
					"parent": "toe_inner_right",
					"pivot": [-11, -7.2, -6],
					"cubes": [
						{"origin": [-11, -10.2, -10], "size": [0, 3, 4], "uv": [0, 205]}
					]
				},
				{
					"name": "toe_center_right",
					"parent": "toes_right",
					"pivot": [-14, -7.2, -3.5],
					"cubes": [
						{"origin": [-15.5, -10.2, -6.5], "size": [3, 3, 4], "inflate": 0.01, "uv": [71, 232]}
					]
				},
				{
					"name": "toe_center_right2",
					"parent": "toe_center_right",
					"pivot": [-14, -7.2, -6.5],
					"cubes": [
						{"origin": [-14, -10.2, -10.5], "size": [0, 3, 4], "uv": [0, 225]}
					]
				},
				{
					"name": "toe_outer_right",
					"parent": "toes_right",
					"pivot": [-17, -7.2, -3],
					"rotation": [0, 15, 0],
					"cubes": [
						{"origin": [-18.5, -10.2, -6], "size": [3, 3, 4], "inflate": 0.01, "uv": [124, 245]}
					]
				},
				{
					"name": "toe_outer_right2",
					"parent": "toe_outer_right",
					"pivot": [-17, -7.2, -6],
					"cubes": [
						{"origin": [-17, -10.2, -10], "size": [0, 3, 4], "uv": [0, 231]}
					]
				}
			]
		}
	]
}