{
	"format_version": "1.12.0",
	"minecraft:geometry": [
		{
			"description": {
				"identifier": "geometry.blaziken_male",
				"texture_width": 128,
				"texture_height": 64,
				"visible_bounds_width": 5,
				"visible_bounds_height": 4.5,
				"visible_bounds_offset": [0, 1.75, 0]
			},
			"bones": [
				{
					"name": "blaziken",
					"pivot": [0, 0, 0]
				},
				{
					"name": "body",
					"parent": "blaziken",
					"pivot": [0, 25, 0]
				},
				{
					"name": "torso",
					"parent": "body",
					"pivot": [0, 22, 0],
					"cubes": [
						{"origin": [-2.5, 21, -2], "size": [5, 11, 5], "inflate": 0.02, "uv": [30, 0]},
						{"origin": [0, 20, -4.75], "size": [0, 4, 4], "inflate": 0.02, "pivot": [0, 24, -1.75], "rotation": [22.5, 0, 0], "uv": [36, 47]}
					]
				},
				{
					"name": "torso2",
					"parent": "torso",
					"pivot": [0, 31, 2],
					"rotation": [5, 0, 0],
					"cubes": [
						{"origin": [-4, 30, -3], "size": [8, 5, 7], "inflate": 0.01, "uv": [0, 0]},
						{"origin": [-4, 24, 4], "size": [8, 6, 0], "inflate": 0.01, "uv": [112, 49]}
					]
				},
				{
					"name": "neck",
					"parent": "torso2",
					"pivot": [0.5, 34, 0],
					"rotation": [5, 0, 0],
					"cubes": [
						{"origin": [-2.5, 33, -2], "size": [5, 7, 5], "uv": [44, 38]}
					]
				},
				{
					"name": "head",
					"parent": "neck",
					"pivot": [0.5, 39, 0],
					"rotation": [12.5, 0, 0],
					"cubes": [
						{"origin": [-3, 38.5, -1], "size": [6, 5, 5], "inflate": 0.01, "uv": [39, 50]},
						{"origin": [-2.5, 38.5, -3], "size": [5, 5, 2], "inflate": 0.01, "uv": [0, 51]},
						{"origin": [-1.5, 40.5, -6], "size": [3, 3, 3], "pivot": [0, 43.5, -3], "rotation": [52.5, 0, 0], "uv": [73, 31]}
					]
				},
				{
					"name": "hair",
					"parent": "head",
					"pivot": [0, 42, 4],
					"rotation": [-60, 0, 0],
					"cubes": [
						{"origin": [0, 36, 2], "size": [0, 8, 14], "uv": [0, 0]}
					]
				},
				{
					"name": "beak",
					"parent": "head",
					"pivot": [0, 42, -3],
					"rotation": [12.5, 0, 0],
					"cubes": [
						{"origin": [-1.5, 39, -7.5], "size": [3, 3, 5], "inflate": 0.01, "uv": [106, 28]},
						{"origin": [-0.5, 38.25, -7.5], "size": [1, 1, 0], "uv": [0, 2]}
					]
				},
				{
					"name": "whisker_right",
					"parent": "beak",
					"pivot": [0, 42, -5.25],
					"rotation": [-42.5, 0, -35],
					"cubes": [
						{"origin": [-2, 40, -5.25], "size": [2, 10, 0], "uv": [76, 0]}
					]
				},
				{
					"name": "whisker_left",
					"parent": "beak",
					"pivot": [0, 42, -5.25],
					"rotation": [-42.5, 0, 35],
					"cubes": [
						{"origin": [0, 40, -5.25], "size": [2, 10, 0], "uv": [86, 0]}
					]
				},
				{
					"name": "face_right",
					"parent": "head",
					"pivot": [-1.5, 39.25, -5],
					"rotation": [15, -30, -7.5],
					"cubes": [
						{"origin": [-1.5, 36.25, -5], "size": [0, 5, 7], "uv": [92, 16]}
					]
				},
				{
					"name": "eye_right",
					"parent": "face_right",
					"pivot": [-2.5, 38.75, -4.5],
					"cubes": [
						{"origin": [-1.51, 38.75, -4], "size": [0, 2, 3], "uv": [18, 19]}
					]
				},
				{
					"name": "eyelid_right",
					"parent": "eye_right",
					"pivot": [-1.41, 39.75, -2.5],
					"cubes": [
						{"origin": [-1.41, 38.75, -4], "size": [0, 2, 3], "inflate": 0.01, "uv": [0, 19]}
					]
				},
				{
					"name": "face_left",
					"parent": "head",
					"pivot": [1.5, 39.25, -5],
					"rotation": [15, 30, 7.5],
					"cubes": [
						{"origin": [1.5, 36.25, -5], "size": [0, 5, 7], "uv": [114, 29]}
					]
				},
				{
					"name": "eye_left",
					"parent": "face_left",
					"pivot": [2.5, 38.75, -4.5],
					"cubes": [
						{"origin": [1.51, 38.75, -4], "size": [0, 2, 3], "uv": [0, 2]}
					]
				},
				{
					"name": "eyelid_left",
					"parent": "eye_left",
					"pivot": [1.41, 39.75, -2.5],
					"cubes": [
						{"origin": [1.41, 38.75, -4], "size": [0, 2, 3], "inflate": 0.01, "uv": [0, 0]}
					]
				},
				{
					"name": "jaw",
					"parent": "head",
					"pivot": [0, 39, -3],
					"cubes": [
						{"origin": [-1, 38, -6], "size": [2, 1, 3], "uv": [65, 16]}
					]
				},
				{
					"name": "hairpos_right",
					"parent": "head",
					"pivot": [-2.25, 41, 2.5],
					"rotation": [30, -37.5, 0]
				},
				{
					"name": "hair_right",
					"parent": "hairpos_right",
					"pivot": [-2.25, 41, 2.5],
					"cubes": [
						{"origin": [-5.25, 34, 1], "size": [6, 8, 3], "uv": [0, 40]}
					]
				},
				{
					"name": "hair_right2",
					"parent": "hair_right",
					"pivot": [-1.75, 34, 3],
					"cubes": [
						{"origin": [-4.75, 27, 1.5], "size": [5, 8, 2], "uv": [92, 28]}
					]
				},
				{
					"name": "hairpos_left",
					"parent": "head",
					"pivot": [2.25, 41, 2.5],
					"rotation": [30, 37.5, 0]
				},
				{
					"name": "hair_left",
					"parent": "hairpos_left",
					"pivot": [2.25, 41, 2.5],
					"cubes": [
						{"origin": [-0.75, 34, 1], "size": [6, 8, 3], "uv": [58, 0]}
					]
				},
				{
					"name": "hair_left2",
					"parent": "hair_left",
					"pivot": [1.75, 34, 3],
					"cubes": [
						{"origin": [-0.25, 27, 1.5], "size": [5, 8, 2], "uv": [84, 42]}
					]
				},
				{
					"name": "jacket_right",
					"parent": "torso2",
					"pivot": [0, 30, 0.5],
					"rotation": [0, 0, 32.5],
					"cubes": [
						{"origin": [-4, 26, -3], "size": [4, 4, 7], "inflate": 0.02, "uv": [43, 9]},
						{"origin": [-4, 24, -3], "size": [0, 2, 7], "uv": [14, 5]},
						{"origin": [-4, 24, -3], "size": [4, 2, 0], "uv": [23, 54]},
						{"origin": [-4, 24, 4], "size": [4, 2, 0], "uv": [86, 28]}
					]
				},
				{
					"name": "jacket_left",
					"parent": "torso2",
					"pivot": [0, 30, 0.5],
					"rotation": [0, 0, -32.5],
					"cubes": [
						{"origin": [0, 26, -3], "size": [4, 4, 7], "inflate": 0.02, "uv": [41, 27]},
						{"origin": [4, 24, -3], "size": [0, 2, 7], "uv": [0, 5]},
						{"origin": [0, 24, -3], "size": [4, 2, 0], "uv": [77, 28]},
						{"origin": [0, 24, 4], "size": [4, 2, 0], "uv": [16, 41]}
					]
				},
				{
					"name": "arm_right",
					"parent": "torso2",
					"pivot": [-4.5, 32.5, 0.5],
					"cubes": [
						{"origin": [-6, 31, -1], "size": [3, 3, 3], "inflate": 0.01, "uv": [75, 52]}
					]
				},
				{
					"name": "arm_right2",
					"parent": "arm_right",
					"pivot": [-6, 31.75, 0.5],
					"cubes": [
						{"origin": [-13, 31.25, -1], "size": [8, 2, 3], "uv": [58, 11]}
					]
				},
				{
					"name": "arm_right3",
					"parent": "arm_right2",
					"pivot": [-13, 32.25, 1.75],
					"cubes": [
						{"origin": [-20, 31.25, -1], "size": [7, 2, 3], "inflate": 0.02, "uv": [106, 23]}
					]
				},
				{
					"name": "hand_right",
					"parent": "arm_right3",
					"pivot": [-20, 32.25, 0.5],
					"cubes": [
						{"origin": [-23, 31.25, -1.5], "size": [3, 2, 4], "uv": [72, 16]}
					]
				},
				{
					"name": "hand_fire_right1",
					"parent": "hand_right",
					"pivot": [-20, 33.25, 0.5],
					"rotation": [0, 0, 60],
					"cubes": [
						{"origin": [-20, 33.25, -2], "size": [0, 7, 5], "uv": [63, 26]}
					]
				},
				{
					"name": "hand_fire_right2",
					"parent": "hand_right",
					"pivot": [-20, 32.25, -1],
					"rotation": [0, -65, 0],
					"cubes": [
						{"origin": [-20, 29.25, -9], "size": [0, 6, 8], "uv": [92, 9]}
					]
				},
				{
					"name": "hand_fire_right3",
					"parent": "hand_right",
					"pivot": [-20, 32.25, 2],
					"rotation": [0, 65, 0],
					"cubes": [
						{"origin": [-20, 29.25, 2], "size": [0, 6, 8], "uv": [108, 9]}
					]
				},
				{
					"name": "finger_right1",
					"parent": "hand_right",
					"pivot": [-22.5, 32.5, 0.5],
					"cubes": [
						{"origin": [-24.5, 31.5, -0.5], "size": [2, 2, 2], "uv": [67, 60]}
					]
				},
				{
					"name": "finger_right2",
					"parent": "finger_right1",
					"pivot": [-24.5, 33.5, 0.5],
					"cubes": [
						{"origin": [-26.5, 31.5, -0.5], "size": [2, 2, 2], "uv": [59, 60]}
					]
				},
				{
					"name": "finger_right3",
					"parent": "finger_right2",
					"pivot": [-26.5, 33.5, 0.5],
					"cubes": [
						{"origin": [-28.5, 31.5, 0.5], "size": [2, 2, 0], "uv": [24, 34]}
					]
				},
				{
					"name": "finger_right4",
					"parent": "hand_right",
					"pivot": [-22.5, 32, -1],
					"cubes": [
						{"origin": [-24.5, 31, -2], "size": [2, 2, 2], "uv": [77, 24]}
					]
				},
				{
					"name": "finger_right5",
					"parent": "finger_right4",
					"pivot": [-24.5, 33, -1],
					"cubes": [
						{"origin": [-26.5, 31, -2], "size": [2, 2, 2], "uv": [77, 10]}
					]
				},
				{
					"name": "finger_right6",
					"parent": "finger_right5",
					"pivot": [-26.5, 33, -1],
					"cubes": [
						{"origin": [-28.5, 31, -1], "size": [2, 2, 0], "uv": [18, 26]}
					]
				},
				{
					"name": "finger_right7",
					"parent": "hand_right",
					"pivot": [-22.5, 32, 2],
					"cubes": [
						{"origin": [-24.5, 31, 1], "size": [2, 2, 2], "uv": [120, 4]}
					]
				},
				{
					"name": "finger_right8",
					"parent": "finger_right7",
					"pivot": [-24.5, 33, 2],
					"cubes": [
						{"origin": [-26.5, 31, 1], "size": [2, 2, 2], "uv": [120, 0]}
					]
				},
				{
					"name": "finger_right9",
					"parent": "finger_right8",
					"pivot": [-26.5, 33, 2],
					"cubes": [
						{"origin": [-28.5, 31, 2], "size": [2, 2, 0], "uv": [0, 26]}
					]
				},
				{
					"name": "arm_left",
					"parent": "torso2",
					"pivot": [4.5, 32.5, 0.5],
					"cubes": [
						{"origin": [3, 31, -1], "size": [3, 3, 3], "inflate": 0.01, "uv": [88, 52]}
					]
				},
				{
					"name": "arm_left2",
					"parent": "arm_left",
					"pivot": [6, 31.75, 0.5],
					"cubes": [
						{"origin": [5, 31.25, -1], "size": [8, 2, 3], "uv": [56, 50]}
					]
				},
				{
					"name": "arm_left3",
					"parent": "arm_left2",
					"pivot": [13, 32.25, 1.75],
					"cubes": [
						{"origin": [13, 31.25, -1], "size": [7, 2, 3], "inflate": 0.02, "uv": [59, 38]}
					]
				},
				{
					"name": "hand_left",
					"parent": "arm_left3",
					"pivot": [20, 32.25, 0.5],
					"cubes": [
						{"origin": [20, 31.25, -1.5], "size": [3, 2, 4], "uv": [28, 58]}
					]
				},
				{
					"name": "hand_fire_left1",
					"parent": "hand_left",
					"pivot": [20, 33.25, 0.5],
					"rotation": [0, 0, -60],
					"cubes": [
						{"origin": [20, 33.25, -2], "size": [0, 7, 5], "uv": [104, 34]}
					]
				},
				{
					"name": "hand_fire_left2",
					"parent": "hand_left",
					"pivot": [20, 32.25, -1],
					"rotation": [0, 65, 0],
					"cubes": [
						{"origin": [20, 29.25, -9], "size": [0, 6, 8], "uv": [48, 12]}
					]
				},
				{
					"name": "hand_fire_left3",
					"parent": "hand_left",
					"pivot": [20, 32.25, 2],
					"rotation": [0, -65, 0],
					"cubes": [
						{"origin": [20, 29.25, 2], "size": [0, 6, 8], "uv": [112, 3]}
					]
				},
				{
					"name": "finger_left1",
					"parent": "hand_left",
					"pivot": [22.5, 32.5, 0.5],
					"cubes": [
						{"origin": [22.5, 31.5, -0.5], "size": [2, 2, 2], "uv": [76, 48]}
					]
				},
				{
					"name": "finger_left2",
					"parent": "finger_left1",
					"pivot": [24.5, 33.5, 0.5],
					"cubes": [
						{"origin": [24.5, 31.5, -0.5], "size": [2, 2, 2], "uv": [76, 37]}
					]
				},
				{
					"name": "finger_left3",
					"parent": "finger_left2",
					"pivot": [26.5, 33.5, 0.5],
					"cubes": [
						{"origin": [26.5, 31.5, 0.5], "size": [2, 2, 0], "uv": [18, 24]}
					]
				},
				{
					"name": "finger_left4",
					"parent": "hand_left",
					"pivot": [22.5, 32, -1],
					"cubes": [
						{"origin": [22.5, 31, -2], "size": [2, 2, 2], "uv": [120, 28]}
					]
				},
				{
					"name": "finger_left5",
					"parent": "finger_left4",
					"pivot": [24.5, 33, -1],
					"cubes": [
						{"origin": [24.5, 31, -2], "size": [2, 2, 2], "uv": [86, 37]}
					]
				},
				{
					"name": "finger_left6",
					"parent": "finger_left5",
					"pivot": [26.5, 33, -1],
					"cubes": [
						{"origin": [26.5, 31, -1], "size": [2, 2, 0], "uv": [0, 24]}
					]
				},
				{
					"name": "finger_left7",
					"parent": "hand_left",
					"pivot": [22.5, 32, 2],
					"cubes": [
						{"origin": [22.5, 31, 1], "size": [2, 2, 2], "uv": [84, 14]}
					]
				},
				{
					"name": "finger_left8",
					"parent": "finger_left7",
					"pivot": [24.5, 33, 2],
					"cubes": [
						{"origin": [24.5, 31, 1], "size": [2, 2, 2], "uv": [27, 0]}
					]
				},
				{
					"name": "finger_left9",
					"parent": "finger_left8",
					"pivot": [26.5, 33, 2],
					"cubes": [
						{"origin": [26.5, 31, 2], "size": [2, 2, 0], "uv": [0, 0]}
					]
				},
				{
					"name": "tail1",
					"parent": "torso",
					"pivot": [0, 22.75, 1],
					"cubes": [
						{"origin": [-2, 20.25, -0.5], "size": [4, 5, 5], "inflate": 0.02, "uv": [59, 21]}
					]
				},
				{
					"name": "tail2",
					"parent": "tail1",
					"pivot": [0, 20.5, 4.5],
					"cubes": [
						{"origin": [-1.5, 20.5, 4.5], "size": [3, 4, 3], "inflate": 0.02, "uv": [12, 57]}
					]
				},
				{
					"name": "tail3",
					"parent": "tail2",
					"pivot": [0, 20.75, 7.5],
					"cubes": [
						{"origin": [-1, 20.75, 7.5], "size": [2, 3, 3], "inflate": 0.02, "uv": [78, 58]}
					]
				},
				{
					"name": "leg_right",
					"parent": "body",
					"pivot": [-1.25, 22, 0.5],
					"cubes": [
						{"origin": [-5.25, 12, -2.25], "size": [5, 12, 5], "uv": [92, 0]}
					]
				},
				{
					"name": "leg_right2",
					"parent": "leg_right",
					"pivot": [-2.75, 13, -2.25],
					"cubes": [
						{"origin": [-5.75, 1, -2.75], "size": [6, 12, 6], "uv": [24, 16]},
						{"origin": [-6.25, 1, -4.75], "size": [7, 0, 2], "pivot": [-2.75, 1, -2.75], "rotation": [15, 0, 0], "uv": [70, 22]},
						{"origin": [-6.25, 1, 3.25], "size": [7, 0, 2], "pivot": [-2.75, 1, 3.25], "rotation": [-15, 0, 0], "uv": [13, 52]},
						{"origin": [-7.75, 1, -3.25], "size": [2, 0, 7], "pivot": [-5.75, 1, 0.25], "rotation": [0, 0, -15], "uv": [47, 0]},
						{"origin": [0.25, 1, -3.25], "size": [2, 0, 7], "pivot": [0.25, 1, 0.25], "rotation": [0, 0, 15], "uv": [43, 0]},
						{"origin": [-2.75, 10, 2], "size": [0, 2, 4], "pivot": [-2.75, 11, 4.25], "rotation": [25, 0, 0], "uv": [46, 56]}
					],
					"locators": {
						"blazekickright": [-0.5, 1, 0],
						"blazekickright2": [-5.5, 1, 0]
					}
				},
				{
					"name": "nail_right1",
					"parent": "leg_right2",
					"pivot": [-4.25, 1.5, -1.5],
					"rotation": [-10, 15, 0],
					"cubes": [
						{"origin": [-4.25, -0.5, -1.5], "size": [0, 2, 1], "uv": [27, 3]}
					]
				},
				{
					"name": "nail_right2",
					"parent": "leg_right2",
					"pivot": [-1.25, 1.5, -1.5],
					"rotation": [-10, -15, 0],
					"cubes": [
						{"origin": [-1.25, -0.5, -1.5], "size": [0, 2, 1], "uv": [22, 25]}
					]
				},
				{
					"name": "nail_right3",
					"parent": "leg_right2",
					"pivot": [-2.75, 1.5, 2],
					"rotation": [10, 0, 0],
					"cubes": [
						{"origin": [-2.75, -0.5, 1], "size": [0, 2, 1], "uv": [4, 25]}
					]
				},
				{
					"name": "leg_left",
					"parent": "body",
					"pivot": [1.25, 22, 0.5],
					"cubes": [
						{"origin": [0.25, 12, -2.25], "size": [5, 12, 5], "uv": [24, 34]}
					]
				},
				{
					"name": "leg_left2",
					"parent": "leg_left",
					"pivot": [2.75, 13, -2.25],
					"cubes": [
						{"origin": [-0.25, 1, -2.75], "size": [6, 12, 6], "uv": [0, 22]},
						{"origin": [-0.75, 1, -4.75], "size": [7, 0, 2], "pivot": [2.75, 1, -2.75], "rotation": [15, 0, 0], "uv": [62, 48]},
						{"origin": [-0.75, 1, 3.25], "size": [7, 0, 2], "pivot": [2.75, 1, 3.25], "rotation": [-15, 0, 0], "uv": [59, 55]},
						{"origin": [5.75, 1, -3.25], "size": [2, 0, 7], "pivot": [5.75, 1, 0.25], "rotation": [0, 0, 15], "uv": [105, 0]},
						{"origin": [-2.25, 1, -3.25], "size": [2, 0, 7], "pivot": [-0.25, 1, 0.25], "rotation": [0, 0, -15], "uv": [16, 0]},
						{"origin": [2.75, 10, 2], "size": [0, 2, 4], "pivot": [2.75, 11, 4.25], "rotation": [25, 0, 0], "uv": [50, 3]}
					]
				},
				{
					"name": "nail_left1",
					"parent": "leg_left2",
					"pivot": [4.25, 1.5, -1.5],
					"rotation": [-10, -15, 0],
					"cubes": [
						{"origin": [4.25, -0.5, -1.5], "size": [0, 2, 1], "uv": [22, 23]}
					]
				},
				{
					"name": "nail_left2",
					"parent": "leg_left2",
					"pivot": [1.25, 1.5, -1.5],
					"rotation": [-10, 15, 0],
					"cubes": [
						{"origin": [1.25, -0.5, -1.5], "size": [0, 2, 1], "uv": [4, 23]}
					]
				},
				{
					"name": "nail_left3",
					"parent": "leg_left2",
					"pivot": [2.75, 1.5, 2],
					"rotation": [10, 0, 0],
					"cubes": [
						{"origin": [2.75, -0.5, 1], "size": [0, 2, 1], "uv": [4, 0]}
					]
				}
			]
		}
	]
}