{
	"format_version": "1.12.0",
	"minecraft:geometry": [
		{
			"description": {
				"identifier": "geometry.pinsir",
				"texture_width": 128,
				"texture_height": 128,
				"visible_bounds_width": 5,
				"visible_bounds_height": 4.5,
				"visible_bounds_offset": [0, 1.75, 0]
			},
			"bones": [
				{
					"name": "pinsir",
					"pivot": [0, 0, 0]
				},
				{
					"name": "body",
					"parent": "pinsir",
					"pivot": [0, 13, 0]
				},
				{
                    "name": "locator_seat_1",
                    "parent": "body",
                    "pivot": [0, 24, 0],
                    "locators": {
                        "seat_1": [0, 24, 0]
                    }
                },
				{
					"name": "torso",
					"parent": "body",
					"pivot": [0, 8, 0],
					"cubes": [
						{"origin": [-3.5, 2.75, -4.5], "size": [7, 2, 9], "uv": [44, 28]},
						{"origin": [-5.5, 4.75, -5.5], "size": [11, 6, 11], "uv": [0, 28]}
					]
				},
				{
					"name": "torso2",
					"parent": "torso",
					"pivot": [0, 8.75, -0.5],
					"cubes": [
						{"origin": [-7.5, 9.75, -6.5], "size": [15, 15, 13], "uv": [0, 0]}
					]
				},
				{
					"name": "wings",
					"parent": "torso2",
					"pivot": [0, 12.75, 7.5],
					"cubes": [
						{"origin": [-1.5, 11.75, 6.5], "size": [3, 5, 2], "inflate": -0.01, "uv": [105, 121]}
					]
				},
				{
					"name": "shell",
					"parent": "wings",
					"pivot": [0, 12.75, 7.5]
				},
				{
					"name": "shell_left",
					"parent": "shell",
					"pivot": [1.5, 16.75, 7.5],
					"cubes": [
						{"origin": [1.5, 13.75, 4.5], "size": [0, 11, 7], "uv": [43, 76], "mirror": true},
						{"origin": [1.5, 24.75, 0.5], "size": [21, 0, 11], "uv": [-11, 83], "mirror": true}
					]
				},
				{
					"name": "shellspikes_left2",
					"parent": "shell_left",
					"pivot": [1.5, 24.75, 1.5],
					"cubes": [
						{"origin": [7.5, 20.75, -8.5], "size": [0, 6, 20], "uv": [0, 75], "mirror": true},
						{"origin": [14.5, 20.75, -8.5], "size": [0, 6, 20], "uv": [0, 75], "mirror": true}
					]
				},
				{
					"name": "shell_right",
					"parent": "shell",
					"pivot": [-1.5, 16.75, 7.5],
					"cubes": [
						{"origin": [-1.5, 13.75, 4.5], "size": [0, 11, 7], "uv": [43, 76]},
						{"origin": [-22.5, 24.75, 0.5], "size": [21, 0, 11], "uv": [-11, 83]}
					]
				},
				{
					"name": "shellspikes_right",
					"parent": "shell_right",
					"pivot": [-1.5, 24.75, 1.5],
					"cubes": [
						{"origin": [-7.5, 20.75, -8.5], "size": [0, 6, 20], "uv": [0, 75]},
						{"origin": [-14.5, 20.75, -8.5], "size": [0, 6, 20], "uv": [0, 75]}
					]
				},
				{
					"name": "wing_left",
					"parent": "wings",
					"pivot": [1.5, 14.25, 7.5],
					"cubes": [
						{"origin": [1.5, 9.25, 7.5], "size": [28, 18, 0], "uv": [0, 110]}
					]
				},
				{
					"name": "wing_right",
					"parent": "wings",
					"pivot": [-1.5, 14.25, 7.5],
					"cubes": [
						{"origin": [-29.5, 9.25, 7.5], "size": [28, 18, 0], "uv": [0, 110], "mirror": true}
					]
				},
				{
					"name": "locator_item_face",
					"parent": "torso2",
					"pivot": [0, 20.9, -6.5],
					"locators": {
						"item_face": [0, 20.9, -6.5]
					}
				},
				{
					"name": "locator_face",
					"parent": "torso2",
					"pivot": [0, 20, -6.75],
					"locators": {
						"face": [0, 20, -6.75]
					}
				},
				{
					"name": "locator_head",
					"parent": "torso2",
					"pivot": [0, 24.75, -2],
					"locators": {
						"head": [0, 24.75, -2]
					}
				},
				{
					"name": "locator_item_hat",
					"parent": "torso2",
					"pivot": [0, 24.75, 0],
					"locators": {
						"item_hat": [0, 24.75, 0]
					}
				},
				{
					"name": "pincer_left",
					"parent": "torso2",
					"pivot": [6.5, 18.75, -0.5],
					"rotation": [0, 0, 35],
					"cubes": [
						{"origin": [1.5, 18.75, -3], "size": [6, 6, 5], "inflate": 0.01, "uv": [44, 39]}
					]
				},
				{
					"name": "pincer_left2",
					"parent": "pincer_left",
					"pivot": [6.5, 24.75, -0.5],
					"rotation": [0, 0, -20],
					"cubes": [
						{"origin": [2.7, 23.75, -2.5], "size": [4, 7, 4], "uv": [42, 60]},
						{"origin": [6.6, 24.25, -0.5], "size": [3, 3, 0], "pivot": [6.85, 25.75, -0.5], "rotation": [0, 0, -5], "uv": [103, 113]},
						{"origin": [6, 29.35, -0.5], "size": [3, 3, 0], "pivot": [6.25, 30.85, -0.5], "rotation": [0, 0, -17.5], "uv": [96, 113]},
						{"origin": [-2, 25.3, -0.5], "size": [6, 6, 0], "pivot": [3.25, 29.8, -0.5], "rotation": [0, 0, 5], "uv": [83, 122]}
					]
				},
				{
					"name": "pincer_left3",
					"parent": "pincer_left2",
					"pivot": [6.3, 30.75, -0.5],
					"rotation": [0, 0, -20],
					"cubes": [
						{"origin": [3.3, 30.75, -2], "size": [3, 6, 3], "uv": [71, 102]},
						{"origin": [0, 33.8, -0.5], "size": [4, 3, 0], "pivot": [3.25, 34.3, -0.5], "rotation": [0, 0, 20], "uv": [96, 125]},
						{"origin": [6.2, 33.75, -0.5], "size": [3, 3, 0], "pivot": [6.45, 35.25, -0.5], "rotation": [0, 0, -12.5], "uv": [89, 117]},
						{"origin": [3.7, 36.25, -0.5], "size": [2, 6, 0], "pivot": [5.7, 37.75, -0.5], "rotation": [0, 0, -7.5], "uv": [84, 108]}
					]
				},
				{
					"name": "locator_horn2",
					"parent": "pincer_left3",
					"pivot": [4.75, 34, 0],
					"rotation": [-90, 0, 15],
					"locators": {
						"horn2": [4.75, 34, 0],
						"physical2": [4.75, 34, 0]
					}
				},
				{
					"name": "pincer_right",
					"parent": "torso2",
					"pivot": [-6.5, 18.75, -0.5],
					"rotation": [0, 0, -35],
					"cubes": [
						{"origin": [-7.5, 18.75, -3], "size": [6, 6, 5], "inflate": 0.01, "uv": [0, 45]}
					]
				},
				{
					"name": "pincer_right2",
					"parent": "pincer_right",
					"pivot": [-6.5, 24.75, -0.5],
					"rotation": [0, 0, 20],
					"cubes": [
						{"origin": [-6.7, 23.75, -2.5], "size": [4, 7, 4], "uv": [58, 60]},
						{"origin": [-4, 25.3, -0.5], "size": [6, 6, 0], "pivot": [-3.25, 29.8, -0.5], "rotation": [0, 0, -5], "uv": [71, 122]},
						{"origin": [-9.6, 24.25, -0.5], "size": [3, 3, 0], "pivot": [-6.85, 25.75, -0.5], "rotation": [0, 0, 5], "uv": [103, 117], "mirror": true},
						{"origin": [-9, 29.35, -0.5], "size": [3, 3, 0], "pivot": [-6.25, 30.85, -0.5], "rotation": [0, 0, 17.5], "uv": [96, 117], "mirror": true}
					]
				},
				{
					"name": "pincer_right3",
					"parent": "pincer_right2",
					"pivot": [-6.3, 30.75, -0.5],
					"rotation": [0, 0, 20],
					"cubes": [
						{"origin": [-6.3, 30.75, -2], "size": [3, 6, 3], "uv": [71, 112]},
						{"origin": [-4, 33.8, -0.5], "size": [4, 3, 0], "pivot": [-3.25, 34.3, -0.5], "rotation": [0, 0, -20], "uv": [96, 121]},
						{"origin": [-8.5, 34.5, -0.5], "size": [3, 3, 0], "pivot": [-5.75, 36, -0.5], "rotation": [0, 0, 5], "uv": [89, 113]},
						{"origin": [-5.7, 36.25, -0.5], "size": [2, 6, 0], "pivot": [-5.7, 37.75, -0.5], "rotation": [0, 0, 7.5], "uv": [84, 115]},
						{"origin": [-9.2, 33.75, -0.5], "size": [3, 3, 0], "pivot": [-6.45, 35.25, -0.5], "rotation": [0, 0, 12.5], "uv": [89, 117], "mirror": true}
					]
				},
				{
					"name": "locator_horn1",
					"parent": "pincer_right3",
					"pivot": [-4.75, 34, 0],
					"rotation": [-90, 0, -15],
					"locators": {
						"horn1": [-4.75, 34, 0],
						"physical1": [-4.75, 34, 0]
					}
				},
				{
					"name": "shoulder_left",
					"parent": "torso2",
					"pivot": [7.5, 15, -0.5],
					"cubes": [
						{"origin": [6, 12.5, -3], "size": [5, 5, 5], "uv": [22, 55]}
					]
				},
				{
					"name": "arm_left",
					"parent": "shoulder_left",
					"pivot": [11, 16, 0.5],
					"cubes": [
						{"origin": [10, 14, -1.5], "size": [6, 2, 2], "inflate": 0.01, "uv": [66, 39]},
						{"origin": [10, 14, -1.5], "size": [6, 2, 2], "inflate": 0.2, "uv": [66, 43]}
					]
				},
				{
					"name": "arm_left2",
					"parent": "arm_left",
					"pivot": [16, 15, 0.5],
					"cubes": [
						{"origin": [16, 14, -1.5], "size": [8, 2, 2], "uv": [56, 20]},
						{"origin": [16, 14, -1.5], "size": [8, 2, 2], "inflate": 0.2, "uv": [56, 24]},
						{"origin": [16, 15, 0.5], "size": [7, 0, 6], "uv": [108, 12]},
						{"origin": [16.5, 14, 5.5], "size": [5, 2, 2], "uv": [114, 0]}
					]
				},
				{
					"name": "hand_left",
					"parent": "arm_left2",
					"pivot": [24, 15, -0.5],
					"cubes": [
						{"origin": [24, 14, -2], "size": [3, 2, 3], "inflate": 0.01, "uv": [12, 73]}
					]
				},
				{
					"name": "locator_hand_secondary",
					"parent": "hand_left",
					"pivot": [26, 15, 0],
					"rotation": [0, -90, 0],
					"locators": {
						"hand_secondary": [26, 15, 0]
					}
				},
				{
					"name": "finger_left_index",
					"parent": "hand_left",
					"pivot": [25.5, 15.35, -2],
					"rotation": [11.21792, 41.26755, 16.7357],
					"cubes": [
						{"origin": [25.5, 14.35, -2], "size": [2, 1, 1], "inflate": 0.01, "uv": [34, 69]}
					]
				},
				{
					"name": "finger_left_index2",
					"parent": "finger_left_index",
					"pivot": [27.5, 15.35, -1.5],
					"cubes": [
						{"origin": [27.5, 14.35, -2], "size": [1, 1, 1], "uv": [76, 34]}
					]
				},
				{
					"name": "finger_left_middle",
					"parent": "hand_left",
					"pivot": [27, 15.75, -1],
					"cubes": [
						{"origin": [26.75, 14.75, -1.5], "size": [2, 1, 1], "inflate": 0.01, "uv": [76, 0]}
					]
				},
				{
					"name": "finger_left_middle2",
					"parent": "finger_left_middle",
					"pivot": [28.75, 15.75, -1],
					"cubes": [
						{"origin": [28.75, 14.75, -1.5], "size": [1, 1, 1], "uv": [76, 36]}
					]
				},
				{
					"name": "finger_left_ring",
					"parent": "hand_left",
					"pivot": [26.60822, 15.75, 0.51185],
					"rotation": [0, -12.5, 0],
					"cubes": [
						{"origin": [26.60822, 14.75, 0.01185], "size": [2, 1, 1], "inflate": 0.01, "uv": [76, 2]}
					]
				},
				{
					"name": "finger_left_ring2",
					"parent": "finger_left_ring",
					"pivot": [28.60822, 15.75, 0.51185],
					"cubes": [
						{"origin": [28.60822, 14.75, 0.01185], "size": [1, 1, 1], "uv": [24, 77]}
					]
				},
				{
					"name": "shoulder_right",
					"parent": "torso2",
					"pivot": [-7.5, 15, -0.5],
					"cubes": [
						{"origin": [-11, 12.5, -3], "size": [5, 5, 5], "uv": [0, 56]}
					]
				},
				{
					"name": "arm_right",
					"parent": "shoulder_right",
					"pivot": [-11, 16, 0.5],
					"cubes": [
						{"origin": [-16, 14, -1.5], "size": [6, 2, 2], "inflate": 0.01, "uv": [46, 71]},
						{"origin": [-16, 14, -1.5], "size": [6, 2, 2], "inflate": 0.2, "uv": [62, 71]}
					]
				},
				{
					"name": "arm_right2",
					"parent": "arm_right",
					"pivot": [-16, 15, 0.5],
					"cubes": [
						{"origin": [-24, 14, -1.5], "size": [8, 2, 2], "uv": [62, 50]},
						{"origin": [-24, 14, -1.5], "size": [8, 2, 2], "inflate": 0.2, "uv": [62, 54]},
						{"origin": [-23, 15, 0.5], "size": [7, 0, 6], "uv": [108, 5], "mirror": true},
						{"origin": [-21.5, 14, 5.5], "size": [5, 2, 2], "uv": [114, 0], "mirror": true}
					]
				},
				{
					"name": "hand_right",
					"parent": "arm_right2",
					"pivot": [-24, 15, -0.5],
					"cubes": [
						{"origin": [-27, 14, -2], "size": [3, 2, 3], "inflate": 0.01, "uv": [0, 74]}
					]
				},
				{
					"name": "locator_item",
					"parent": "hand_right",
					"pivot": [-27, 14.5, 0],
					"locators": {
						"item": [-27, 14.5, 0]
					}
				},
				{
					"name": "locator_hand_primary",
					"parent": "hand_right",
					"pivot": [-26, 15, 0],
					"rotation": [0, 90, 0],
					"locators": {
						"hand_primary": [-26, 15, 0]
					}
				},
				{
					"name": "finger_right_index",
					"parent": "hand_right",
					"pivot": [-25.5, 15.35, -2],
					"rotation": [11.21792, -41.26755, -16.7357],
					"cubes": [
						{"origin": [-27.5, 14.35, -2], "size": [2, 1, 1], "inflate": 0.01, "uv": [76, 12]}
					]
				},
				{
					"name": "finger_right_index2",
					"parent": "finger_right_index",
					"pivot": [-27.5, 15.35, -1.5],
					"cubes": [
						{"origin": [-28.5, 14.35, -2], "size": [1, 1, 1], "uv": [78, 71]}
					]
				},
				{
					"name": "finger_right_middle",
					"parent": "hand_right",
					"pivot": [-27, 15.75, -1],
					"cubes": [
						{"origin": [-28.75, 14.75, -1.5], "size": [2, 1, 1], "inflate": 0.01, "uv": [76, 14]}
					]
				},
				{
					"name": "finger_right_middle2",
					"parent": "finger_right_middle",
					"pivot": [-28.75, 15.75, -1],
					"cubes": [
						{"origin": [-29.75, 14.75, -1.5], "size": [1, 1, 1], "uv": [78, 73]}
					]
				},
				{
					"name": "finger_right_ring",
					"parent": "hand_right",
					"pivot": [-26.60822, 15.75, 0.51185],
					"rotation": [0, 12.5, 0],
					"cubes": [
						{"origin": [-28.60822, 14.75, 0.01185], "size": [2, 1, 1], "inflate": 0.01, "uv": [76, 16]}
					]
				},
				{
					"name": "finger_right_ring2",
					"parent": "finger_right_ring",
					"pivot": [-28.60822, 15.75, 0.51185],
					"cubes": [
						{"origin": [-29.60822, 14.75, 0.01185], "size": [1, 1, 1], "uv": [78, 75]}
					]
				},
				{
					"name": "mouth",
					"parent": "torso2",
					"pivot": [0, -0.75, -0.5],
					"cubes": [
						{"origin": [-3.5, 11, -6.5], "size": [7, 8, 0], "inflate": 0.01, "uv": [20, 65]},
						{"origin": [-3.5, 18.5, -6.5], "size": [7, 1, 0], "inflate": 0.015, "uv": [74, 63]}
					]
				},
				{
					"name": "locator_mouth",
					"parent": "mouth",
					"pivot": [0, 15.75, -6.5],
					"locators": {
						"mouth": [0, 15.75, -6.5],
						"special": [0, 15.75, -6.5]
					}
				},
				{
					"name": "teeth_left",
					"parent": "mouth",
					"pivot": [3.5, 16, -6.5]
				},
				{
					"name": "tooth_left",
					"parent": "teeth_left",
					"pivot": [2.5, 18.5, -6.5],
					"rotation": [0, -7.5, -2.5],
					"cubes": [
						{"origin": [0.5, 18, -6.5], "size": [2, 1, 0], "inflate": 0.01, "uv": [76, 38]}
					]
				},
				{
					"name": "tooth_left2",
					"parent": "teeth_left",
					"pivot": [3.5, 17.25, -6.5],
					"rotation": [0, -7.5, 0],
					"cubes": [
						{"origin": [0.5, 16.75, -6.5], "size": [3, 1, 0], "inflate": 0.01, "uv": [62, 59]}
					]
				},
				{
					"name": "tooth_left3",
					"parent": "teeth_left",
					"pivot": [3.5, 15.7, -6.5],
					"rotation": [0, -7.5, 0],
					"cubes": [
						{"origin": [0.5, 15.2, -6.5], "size": [3, 1, 0], "inflate": 0.01, "uv": [68, 59]}
					]
				},
				{
					"name": "tooth_left4",
					"parent": "teeth_left",
					"pivot": [3.5, 14.15, -6.5],
					"rotation": [0, -7.5, 0],
					"cubes": [
						{"origin": [0.5, 13.65, -6.5], "size": [3, 1, 0], "inflate": 0.01, "uv": [76, 18]}
					]
				},
				{
					"name": "tooth_left5",
					"parent": "teeth_left",
					"pivot": [3.5, 12.5, -6.5],
					"rotation": [0, -7.5, 2.5],
					"cubes": [
						{"origin": [0.5, 12, -6.5], "size": [3, 1, 0], "inflate": 0.01, "uv": [76, 19]}
					]
				},
				{
					"name": "teeth_right",
					"parent": "mouth",
					"pivot": [-3.5, 16, -6.5]
				},
				{
					"name": "tooth_right",
					"parent": "teeth_right",
					"pivot": [-2.5, 18.5, -6.5],
					"rotation": [0, 7.5, 2.5],
					"cubes": [
						{"origin": [-2.5, 18, -6.5], "size": [2, 1, 0], "inflate": 0.01, "uv": [76, 58]}
					]
				},
				{
					"name": "tooth_right2",
					"parent": "teeth_right",
					"pivot": [-3.5, 17.25, -6.5],
					"rotation": [0, 7.5, 0],
					"cubes": [
						{"origin": [-3.5, 16.75, -6.5], "size": [3, 1, 0], "inflate": 0.01, "uv": [76, 26]}
					]
				},
				{
					"name": "tooth_right3",
					"parent": "teeth_right",
					"pivot": [-3.5, 15.7, -6.5],
					"rotation": [0, 7.5, 0],
					"cubes": [
						{"origin": [-3.5, 15.2, -6.5], "size": [3, 1, 0], "inflate": 0.01, "uv": [76, 27]}
					]
				},
				{
					"name": "tooth_right4",
					"parent": "teeth_right",
					"pivot": [-3.5, 14.15, -6.5],
					"rotation": [0, 7.5, 0],
					"cubes": [
						{"origin": [-3.5, 13.65, -6.5], "size": [3, 1, 0], "inflate": 0.01, "uv": [76, 28]}
					]
				},
				{
					"name": "tooth_right5",
					"parent": "teeth_right",
					"pivot": [-3.5, 12.5, -6.5],
					"rotation": [0, 7.5, -2.5],
					"cubes": [
						{"origin": [-3.5, 12, -6.5], "size": [3, 1, 0], "inflate": 0.01, "uv": [76, 29]}
					]
				},
				{
					"name": "eye_left",
					"parent": "torso2",
					"pivot": [3.05, 21.4, -6.5],
					"rotation": [0, 0, -7.5],
					"cubes": [
						{"origin": [1.55, 19.9, -6.5], "size": [4, 3, 0], "inflate": 0.01, "uv": [66, 47]},
						{"origin": [1.55, 19.9, -6.5], "size": [4, 3, 0], "inflate": 0.03, "uv": [74, 47]}
					]
				},
				{
					"name": "pupil_left",
					"parent": "eye_left",
					"pivot": [2.8, 20.9, -6.5],
					"cubes": [
						{"origin": [2.3, 19.9, -6.5], "size": [1, 2, 0], "inflate": 0.02, "uv": [42, 45]}
					]
				},
				{
					"name": "locator_eye_left",
					"parent": "pupil_left",
					"pivot": [2.85, 21, -6.5],
					"locators": {
						"eye2": [2.85, 21, -6.5]
					}
				},
				{
					"name": "eyelid_left",
					"parent": "eye_left",
					"pivot": [3.05, 21.4, -5.9],
					"cubes": [
						{"origin": [1.55, 19.9, -6.4], "size": [4, 3, 1], "inflate": 0.04, "uv": [24, 73]}
					]
				},
				{
					"name": "eye_right",
					"parent": "torso2",
					"pivot": [-3.05, 21.4, -6.5],
					"rotation": [0, 0, 7.5],
					"cubes": [
						{"origin": [-5.55, 19.9, -6.5], "size": [4, 3, 0], "inflate": 0.01, "uv": [12, 70]},
						{"origin": [-5.55, 19.9, -6.5], "size": [4, 3, 0], "inflate": 0.03, "uv": [62, 75]}
					]
				},
				{
					"name": "pupil_right",
					"parent": "eye_right",
					"pivot": [-2.8, 20.9, -6.5],
					"cubes": [
						{"origin": [-3.3, 19.9, -6.5], "size": [1, 2, 0], "inflate": 0.02, "uv": [42, 47]}
					]
				},
				{
					"name": "locator_eye_right",
					"parent": "pupil_right",
					"pivot": [-2.85, 21, -6.5],
					"locators": {
						"eye1": [-2.85, 21, -6.5]
					}
				},
				{
					"name": "eyelid_right",
					"parent": "eye_right",
					"pivot": [-3.05, 21.4, -5.9],
					"cubes": [
						{"origin": [-5.55, 19.9, -6.4], "size": [4, 3, 1], "inflate": 0.04, "uv": [74, 59]}
					]
				},
				{
					"name": "leg_left",
					"parent": "body",
					"pivot": [6.5, 7, -0.5],
					"rotation": [-20, -10, 0],
					"cubes": [
						{"origin": [4, 4, -2.75], "size": [5, 5, 5], "uv": [22, 45]}
					]
				},
				{
					"name": "leg_left2",
					"parent": "leg_left",
					"pivot": [6.5, 4, -2.75],
					"rotation": [20, 0, 0],
					"cubes": [
						{"origin": [4, -1, -2.75], "size": [5, 5, 5], "inflate": 0.01, "uv": [42, 50]}
					]
				},
				{
					"name": "locator_foot_secondary",
					"parent": "leg_left2",
					"pivot": [7, 0, -0.25],
					"rotation": [90, 0, 0],
					"locators": {
						"foot_secondary": [7, 0, -0.25]
					}
				},
				{
					"name": "toe_back_left",
					"parent": "leg_left2",
					"pivot": [6.5, 1, 2.25],
					"cubes": [
						{"origin": [5.5, -1, 2.25], "size": [2, 2, 3], "uv": [117, 103]},
						{"origin": [6.5, -1, 5.25], "size": [0, 2, 3], "uv": [110, 100]}
					]
				},
				{
					"name": "toe_left",
					"parent": "leg_left2",
					"pivot": [8.55, 0, -2.75],
					"rotation": [0, -10, 0],
					"cubes": [
						{"origin": [7.05, -1, -5.5], "size": [2, 2, 3], "uv": [117, 98]},
						{"origin": [8.05, -1, -8.5], "size": [0, 2, 3], "uv": [110, 103]}
					]
				},
				{
					"name": "toe_left2",
					"parent": "leg_left2",
					"pivot": [4.45, 0, -2.75],
					"rotation": [0, 10, 0],
					"cubes": [
						{"origin": [3.95, -1, -5.5], "size": [2, 2, 3], "uv": [117, 108]},
						{"origin": [4.95, -1, -8.5], "size": [0, 2, 3], "uv": [110, 106]}
					]
				},
				{
					"name": "leg_right",
					"parent": "body",
					"pivot": [-6.5, 7, -0.5],
					"rotation": [-20, 10, 0],
					"cubes": [
						{"origin": [-9, 4, -2.75], "size": [5, 5, 5], "uv": [56, 0]}
					]
				},
				{
					"name": "leg_right2",
					"parent": "leg_right",
					"pivot": [-6.5, 4, -2.75],
					"rotation": [20, 0, 0],
					"cubes": [
						{"origin": [-9, -1, -2.75], "size": [5, 5, 5], "inflate": 0.01, "uv": [56, 10]}
					]
				},
				{
					"name": "locator_foot_primary",
					"parent": "leg_right2",
					"pivot": [-7, 0, -0.25],
					"rotation": [90, 0, 0],
					"locators": {
						"foot_primary": [-7, 0, -0.25]
					}
				},
				{
					"name": "toe_back_right",
					"parent": "leg_right2",
					"pivot": [-6.5, 1, 2.25],
					"cubes": [
						{"origin": [-7.5, -1, 2.25], "size": [2, 2, 3], "uv": [117, 113]},
						{"origin": [-6.5, -1, 5.25], "size": [0, 2, 3], "uv": [110, 109]}
					]
				},
				{
					"name": "toe_right",
					"parent": "leg_right2",
					"pivot": [-8.55, 0, -2.75],
					"rotation": [0, 10, 0],
					"cubes": [
						{"origin": [-9.05, -1, -5.5], "size": [2, 2, 3], "uv": [117, 123]},
						{"origin": [-8.05, -1, -8.5], "size": [0, 2, 3], "uv": [110, 112]}
					]
				},
				{
					"name": "toe_right2",
					"parent": "leg_right2",
					"pivot": [-4.45, 0, -2.75],
					"rotation": [0, -10, 0],
					"cubes": [
						{"origin": [-5.95, -1, -5.5], "size": [2, 2, 3], "uv": [117, 118]},
						{"origin": [-4.95, -1, -8.5], "size": [0, 2, 3], "uv": [110, 115]}
					]
				},
				{
					"name": "locator_target",
					"parent": "body",
					"pivot": [0, 0, 0],
					"locators": {
						"target": [0, 16, -9]
					}
				},
				{
					"name": "locator_middle",
					"parent": "body",
					"pivot": [0, 0, 0],
					"locators": {
						"middle": [0, 15, 0]
					}
				},
				{
					"name": "locator_root",
					"parent": "pinsir",
					"pivot": [0, 0, 0],
					"locators": {
						"root": [0, 0, 0]
					}
				},
				{
					"name": "locator_top",
					"parent": "pinsir",
					"pivot": [0, 34.5, 0],
					"locators": {
						"top": [0, 34.5, 0]
					}
				}
			]
		}
	]
}