{
	"format_version": "1.12.0",
	"minecraft:geometry": [
		{
			"description": {
				"identifier": "geometry.delphox",
				"texture_width": 256,
				"texture_height": 128,
				"visible_bounds_width": 7,
				"visible_bounds_height": 5.5,
				"visible_bounds_offset": [0, 2.25, 0]
			},
			"bones": [
				{
					"name": "delphox",
					"pivot": [0, 0, 0]
				},
				{
					"name": "body_wand",
					"parent": "delphox",
					"pivot": [0, 6, 0]
				},
				{
					"name": "torso_wand",
					"parent": "body_wand",
					"pivot": [0, 25.5, -0.5]
				},
				{
					"name": "waist_wand",
					"parent": "torso_wand",
					"pivot": [0, 28, -0.5]
				},
				{
					"name": "chest_wand",
					"parent": "waist_wand",
					"pivot": [0, 33, -0.5]
				},
				{
					"name": "arms_wand",
					"parent": "chest_wand",
					"pivot": [0, 38.4, 0]
				},
				{
					"name": "arm_wand",
					"parent": "arms_wand",
					"pivot": [-3.5, 38.25, 0]
				},
				{
					"name": "arm2_wand",
					"parent": "arm_wand",
					"pivot": [-13, 35.25, 1.5]
				},
				{
					"name": "hand_wand",
					"parent": "arm2_wand",
					"pivot": [-23, 36.7, 0]
				},
				{
					"name": "wand",
					"parent": "hand_wand",
					"pivot": [-25, 35.75, 0],
					"rotation": [90, 0, 0],
					"cubes": [
						{"origin": [-25.5, 29.75, -0.5], "size": [1, 7, 1], "uv": [124, 27]}
					]
				},
				{
					"name": "wand2",
					"parent": "wand",
					"pivot": [-25, 36.75, 0.5],
					"rotation": [10, 0, 0],
					"cubes": [
						{"origin": [-25.5, 36.75, -0.5], "size": [1, 10, 1], "inflate": 0.01, "uv": [124, 3]}
					]
				},
				{
					"name": "ribbon",
					"parent": "wand2",
					"pivot": [-25, 44.15, 0],
					"cubes": [
						{"origin": [-25.5, 42.65, -0.5], "size": [1, 3, 1], "inflate": 0.15, "uv": [252, 124]},
						{"origin": [-25, 41.65, 0.65], "size": [0, 5, 2], "uv": [248, 117]},
						{"origin": [-25, 41.65, -2.65], "size": [0, 5, 2], "uv": [252, 117]}
					]
				},
				{
					"name": "wand3",
					"parent": "wand2",
					"pivot": [-25, 46.75, -0.5],
					"rotation": [-32.5, 0, 0],
					"cubes": [
						{"origin": [-25.5, 46.75, -0.5], "size": [1, 6, 1], "inflate": 0.02, "uv": [120, 31]}
					]
				},
				{
					"name": "wand_detail",
					"parent": "wand3",
					"pivot": [-25, 47.25, -0.5],
					"rotation": [-27.5, 0, 0],
					"cubes": [
						{"origin": [-25.5, 47.25, -3.5], "size": [1, 1, 3], "uv": [120, 16]}
					]
				},
				{
					"name": "fire",
					"parent": "wand3",
					"pivot": [-25, 52.25, 0],
					"cubes": [
						{"origin": [-25, 51.75, -3], "size": [0, 10, 6], "uv": [138, 108]},
						{"origin": [-28, 51.75, 0], "size": [6, 10, 0], "uv": [156, 114]}
					]
				},
				{
					"name": "wand4",
					"parent": "wand3",
					"pivot": [-25, 52.75, 0.5],
					"rotation": [52.5, 0, 0],
					"cubes": [
						{"origin": [-25.5, 52.75, -0.5], "size": [1, 3, 1], "uv": [124, 22]}
					]
				},
				{
					"name": "body",
					"parent": "delphox",
					"pivot": [0, 6, 0]
				},
				{
					"name": "torso",
					"parent": "body",
					"pivot": [0, 25.5, -0.5],
					"cubes": [
						{"origin": [-4, 22, -5], "size": [8, 6, 9], "uv": [41, 42]},
						{"origin": [-2.5, 28, -5], "size": [5, 0, 2], "inflate": 0.01, "uv": [72, 100]}
					]
				},
				{
                    "name": "locator_seat_1",
                    "parent": "body",
                    "pivot": [0, 38, 5],
                    "locators": {
                        "seat_1": [0, 38, 5]
                    }
                },
				{
					"name": "torso_cloak",
					"parent": "torso",
					"pivot": [0, 28, -5],
					"rotation": [-17.5, 0, 0],
					"cubes": [
						{"origin": [-2.5, 23, -5], "size": [5, 5, 0], "inflate": 0.01, "uv": [74, 95]}
					]
				},
				{
					"name": "waist",
					"parent": "torso",
					"pivot": [0, 28, -0.5],
					"cubes": [
						{"origin": [-3, 27, -4], "size": [6, 7, 7], "uv": [13, 51]}
					]
				},
				{
					"name": "chest",
					"parent": "waist",
					"pivot": [0, 33, -0.5],
					"cubes": [
						{"origin": [-3.5, 33, -4.5], "size": [7, 6, 8], "inflate": 0.01, "uv": [20, 37]}
					]
				},
				{
					"name": "arms",
					"parent": "chest",
					"pivot": [0, 38.4, 0]
				},
				{
					"name": "arm_left",
					"parent": "arms",
					"pivot": [3.5, 38.25, 0],
					"cubes": [
						{"origin": [3, 35.25, -1.5], "size": [10, 3, 3], "inflate": 0.01, "uv": [66, 39]}
					]
				},
				{
					"name": "arm_left2",
					"parent": "arm_left",
					"pivot": [13, 35.25, 1.5],
					"cubes": [
						{"origin": [13, 35.25, -2], "size": [10, 3, 4], "inflate": 0.1, "uv": [89, 28]}
					]
				},
				{
					"name": "shoulder_left_ruff",
					"parent": "arm_left2",
					"pivot": [14.5, 36.75, 2],
					"rotation": [0, -15, 0],
					"cubes": [
						{"origin": [11.5, 36.75, 1.25], "size": [3, 0, 4], "uv": [93, 23]}
					]
				},
				{
					"name": "arm_left_ruff",
					"parent": "arm_left2",
					"pivot": [18.5, 36.75, 2],
					"rotation": [0, 5, 0],
					"cubes": [
						{"origin": [14.5, 35.75, 1], "size": [8, 2, 5], "uv": [102, 9]}
					]
				},
				{
					"name": "arm_left_ruff2",
					"parent": "arm_left_ruff",
					"pivot": [22, 36.75, 6],
					"rotation": [0, -10, 0],
					"cubes": [
						{"origin": [14, 36.75, 6], "size": [8, 0, 4], "uv": [104, 1]}
					]
				},
				{
					"name": "hand_left",
					"parent": "arm_left2",
					"pivot": [23, 36.7, 0],
					"cubes": [
						{"origin": [23, 36.2, -1.5], "size": [3, 1, 3], "inflate": 0.01, "uv": [106, 24]}
					]
				},
				{
					"name": "finger_front_left",
					"parent": "hand_left",
					"pivot": [26, 37.2, -0.5],
					"cubes": [
						{"origin": [26, 36.2, -1.5], "size": [2, 1, 1], "uv": [113, 28]}
					]
				},
				{
					"name": "finger_middle_left",
					"parent": "hand_left",
					"pivot": [26, 37.2, 0],
					"cubes": [
						{"origin": [26, 36.2, -0.5], "size": [2, 1, 1], "uv": [113, 35]}
					]
				},
				{
					"name": "finger_back_left",
					"parent": "hand_left",
					"pivot": [26, 37.2, 0.5],
					"cubes": [
						{"origin": [26, 36.2, 0.5], "size": [2, 1, 1], "uv": [118, 27]}
					]
				},
				{
					"name": "arm_right",
					"parent": "arms",
					"pivot": [-3.5, 38.25, 0],
					"cubes": [
						{"origin": [-13, 35.25, -1.5], "size": [10, 3, 3], "inflate": 0.01, "uv": [66, 45], "mirror": true}
					]
				},
				{
					"name": "arm_right2",
					"parent": "arm_right",
					"pivot": [-13, 35.25, 1.5],
					"cubes": [
						{"origin": [-23, 35.25, -2], "size": [10, 3, 4], "inflate": 0.1, "uv": [89, 35], "mirror": true}
					]
				},
				{
					"name": "shoulder_right_ruff",
					"parent": "arm_right2",
					"pivot": [-14.5, 36.75, 2],
					"rotation": [0, 15, 0],
					"cubes": [
						{"origin": [-14.5, 36.75, 1.25], "size": [3, 0, 4], "uv": [99, 23], "mirror": true}
					]
				},
				{
					"name": "arm_right_ruff",
					"parent": "arm_right2",
					"pivot": [-18.5, 36.75, 2],
					"rotation": [0, -5, 0],
					"cubes": [
						{"origin": [-22.5, 35.75, 1], "size": [8, 2, 5], "uv": [99, 16], "mirror": true}
					]
				},
				{
					"name": "arm_right_ruff2",
					"parent": "arm_right_ruff",
					"pivot": [-22, 36.75, 6],
					"rotation": [0, 10, 0],
					"cubes": [
						{"origin": [-22, 36.75, 6], "size": [8, 0, 4], "uv": [104, 5], "mirror": true}
					]
				},
				{
					"name": "hand_right",
					"parent": "arm_right2",
					"pivot": [-23, 36.7, 0],
					"cubes": [
						{"origin": [-26, 36.2, -1.5], "size": [3, 1, 3], "inflate": 0.01, "uv": [115, 23], "mirror": true}
					]
				},
				{
					"name": "finger_front_right",
					"parent": "hand_right",
					"pivot": [-26, 37.2, -0.5],
					"cubes": [
						{"origin": [-28, 36.2, -1.5], "size": [2, 1, 1], "uv": [113, 30], "mirror": true}
					]
				},
				{
					"name": "finger_middle_right",
					"parent": "hand_right",
					"pivot": [-26, 37.2, 0],
					"cubes": [
						{"origin": [-28, 36.2, -0.5], "size": [2, 1, 1], "uv": [113, 37], "mirror": true}
					]
				},
				{
					"name": "finger_back_right",
					"parent": "hand_right",
					"pivot": [-26, 37.2, 0.5],
					"cubes": [
						{"origin": [-28, 36.2, 0.5], "size": [2, 1, 1], "uv": [118, 29], "mirror": true}
					]
				},
				{
					"name": "neck",
					"parent": "chest",
					"pivot": [0, 39.5, -0.25],
					"cubes": [
						{"origin": [-2, 38.5, -2], "size": [4, 7, 4], "inflate": -0.1, "uv": [0, 16]}
					]
				},
				{
					"name": "head",
					"parent": "neck",
					"pivot": [0, 45, 0],
					"cubes": [
						{"origin": [-3.5, 43, -5.25], "size": [7, 7, 9], "uv": [0, 0]},
						{"origin": [2.51, 47, -5.26], "size": [1, 1, 3], "uv": [136, 99]},
						{"origin": [3.51, 45.75, -3.76], "size": [0, 2, 1], "uv": [16, 124]},
						{"origin": [-3.51, 47, -5.26], "size": [1, 1, 3], "uv": [128, 99], "mirror": true},
						{"origin": [-3.51, 45.75, -3.76], "size": [0, 2, 1], "uv": [26, 124], "mirror": true}
					]
				},
				{
					"name": "eyes",
					"parent": "head",
					"pivot": [0, 45.75, -3.5]
				},
				{
					"name": "eye_left",
					"parent": "eyes",
					"pivot": [2.52, 46.5, -4.27],
					"cubes": [
						{"origin": [1.52, 45.5, -5.27], "size": [2, 2, 2], "uv": [29, 65]},
						{"origin": [1.2, 45.5, -5.27], "size": [1, 1, 0], "uv": [29, 66]}
					]
				},
				{
					"name": "eye_angry_left",
					"parent": "eye_left",
					"pivot": [1.92, 47.5, -5.15],
					"cubes": [
						{"origin": [0.92, 46.5, -5.19], "size": [2, 2, 0], "inflate": 0.01, "uv": [1, 7]},
						{"origin": [2.42, 46.9, -5.18], "size": [1, 1, 1], "inflate": 0.01, "uv": [0, 2]}
					]
				},
				{
					"name": "eye_sad_left",
					"parent": "eye_left",
					"pivot": [3.42, 47.75, -4.15],
					"cubes": [
						{"origin": [2.42, 47, -5.18], "size": [1, 1, 1], "inflate": 0.01, "uv": [0, 16]},
						{"origin": [1.42, 47.5, -5.18], "size": [1, 1, 0], "inflate": 0.01, "uv": [0, 59]},
						{"origin": [3.42, 47, -4.18], "size": [0, 2, 2], "inflate": 0.01, "uv": [12, 14]}
					]
				},
				{
					"name": "pupil_left",
					"parent": "eye_left",
					"pivot": [2.02, 46.5, -5.28],
					"cubes": [
						{"origin": [1.52, 45.5, -5.28], "size": [1, 2, 0], "uv": [7, 2]}
					]
				},
				{
					"name": "eyelid_left",
					"parent": "eye_left",
					"pivot": [1.92, 46.25, -4.4],
					"cubes": [
						{"origin": [1.42, 45.5, -5.19], "size": [2, 3, 3], "inflate": 0.01, "uv": [58, 117]},
						{"origin": [0.92, 45.5, -5.18], "size": [1, 1, 0], "inflate": 0.01, "uv": [46, 111]}
					]
				},
				{
					"name": "eyelid_happy_left",
					"parent": "eye_left",
					"pivot": [1.92, 46.25, -4.4],
					"cubes": [
						{"origin": [1.42, 45.5, -5.19], "size": [2, 3, 3], "inflate": 0.01, "uv": [118, 99]},
						{"origin": [0.92, 45.5, -5.2], "size": [1, 1, 0], "inflate": 0.01, "uv": [48, 112]}
					]
				},
				{
					"name": "eyelid_recoil_left",
					"parent": "eye_left",
					"pivot": [1.92, 46.25, -4.4],
					"cubes": [
						{"origin": [1.42, 45.5, -5.19], "size": [2, 3, 3], "inflate": 0.01, "uv": [118, 105]},
						{"origin": [0.92, 45.5, -5.18], "size": [1, 1, 0], "inflate": 0.01, "uv": [50, 112]}
					]
				},
				{
					"name": "eye_right",
					"parent": "eyes",
					"pivot": [-2.52, 46.5, -4.27],
					"cubes": [
						{"origin": [-3.52, 45.5, -5.27], "size": [2, 2, 2], "uv": [29, 69], "mirror": true},
						{"origin": [-2.2, 45.5, -5.27], "size": [1, 1, 0], "uv": [29, 70], "mirror": true}
					]
				},
				{
					"name": "eye_angry_right",
					"parent": "eye_right",
					"pivot": [-1.92, 47.5, -5.15],
					"cubes": [
						{"origin": [-2.92, 46.5, -5.19], "size": [2, 2, 0], "inflate": 0.01, "uv": [5, 7], "mirror": true},
						{"origin": [-3.42, 46.9, -5.18], "size": [1, 1, 1], "inflate": 0.01, "uv": [0, 4], "mirror": true}
					]
				},
				{
					"name": "eye_sad_right",
					"parent": "eye_right",
					"pivot": [-3.42, 47.75, -4.15],
					"cubes": [
						{"origin": [-3.42, 47, -5.18], "size": [1, 1, 1], "inflate": 0.01, "uv": [0, 18], "mirror": true},
						{"origin": [-2.42, 47.5, -5.18], "size": [1, 1, 0], "inflate": 0.01, "uv": [0, 60], "mirror": true},
						{"origin": [-3.42, 47, -4.18], "size": [0, 2, 2], "inflate": 0.01, "uv": [24, 15], "mirror": true}
					]
				},
				{
					"name": "pupil_right",
					"parent": "eye_right",
					"pivot": [-2.02, 46.5, -5.28],
					"cubes": [
						{"origin": [-2.52, 45.5, -5.28], "size": [1, 2, 0], "uv": [5, 2], "mirror": true}
					]
				},
				{
					"name": "eyelid_right",
					"parent": "eye_right",
					"pivot": [-1.92, 46.25, -4.4],
					"cubes": [
						{"origin": [-3.42, 45.5, -5.19], "size": [2, 3, 3], "inflate": 0.01, "uv": [58, 111], "mirror": true},
						{"origin": [-1.92, 45.5, -5.18], "size": [1, 1, 0], "inflate": 0.01, "uv": [46, 112], "mirror": true}
					]
				},
				{
					"name": "eyelid_happy_right",
					"parent": "eye_right",
					"pivot": [-1.92, 46.25, -4.4],
					"cubes": [
						{"origin": [-3.42, 45.5, -5.19], "size": [2, 3, 3], "inflate": 0.01, "uv": [108, 99], "mirror": true},
						{"origin": [-1.92, 45.5, -5.2], "size": [1, 1, 0], "inflate": 0.01, "uv": [48, 111], "mirror": true}
					]
				},
				{
					"name": "eyelid_recoil_right",
					"parent": "eye_right",
					"pivot": [-1.92, 46.25, -4.4],
					"cubes": [
						{"origin": [-3.42, 45.5, -5.19], "size": [2, 3, 3], "inflate": 0.01, "uv": [108, 105], "mirror": true},
						{"origin": [-1.92, 45.5, -5.18], "size": [1, 1, 0], "inflate": 0.01, "uv": [50, 111], "mirror": true}
					]
				},
				{
					"name": "muzzle",
					"parent": "head",
					"pivot": [0, 45.75, -5.25],
					"rotation": [10, 0, 0],
					"cubes": [
						{"origin": [-1.5, 43.75, -7.25], "size": [3, 2, 2], "inflate": 0.02, "uv": [16, 17]},
						{"origin": [-1.1, 43.14, -7.35], "size": [0, 1, 1], "pivot": [-1.1, 43.54, -6.65], "rotation": [-45, -37.5, 0], "uv": [24, 4]},
						{"origin": [1.1, 43.14, -7.35], "size": [0, 1, 1], "pivot": [1.1, 43.54, -6.65], "rotation": [-45, 37.5, 0], "uv": [24, 3], "mirror": true}
					]
				},
				{
					"name": "jaw",
					"parent": "muzzle",
					"pivot": [0, 43.75, -5.45],
					"cubes": [
						{"origin": [-1.5, 43, -7.25], "size": [3, 1, 2], "inflate": 0.01, "uv": [116, 41]}
					]
				},
				{
					"name": "muzzle2",
					"parent": "muzzle",
					"pivot": [0, 43.8, -7.25],
					"rotation": [-7.5, 0, 0],
					"cubes": [
						{"origin": [-1, 43.8, -9], "size": [2, 2, 2], "inflate": 0.01, "uv": [16, 21]}
					]
				},
				{
					"name": "muzzle3",
					"parent": "muzzle2",
					"pivot": [0, 44.7, -9],
					"rotation": [-2.5, 0, 0],
					"cubes": [
						{"origin": [-0.5, 44.7, -10.1], "size": [1, 1, 1], "inflate": 0.1, "uv": [12, 18]}
					]
				},
				{
					"name": "head_ruff_left",
					"parent": "head",
					"pivot": [3.75, 43.25, 1.05],
					"rotation": [-2.5, -2.5, -5],
					"cubes": [
						{"origin": [3, 43.25, -0.45], "size": [3, 3, 3], "uv": [23, 3]}
					]
				},
				{
					"name": "head_ruff_left2",
					"parent": "head_ruff_left",
					"pivot": [6, 43.25, 1.05],
					"rotation": [0, 0, -7.5],
					"cubes": [
						{"origin": [6, 43.25, 1.05], "size": [3, 3, 0], "uv": [23, 0]}
					]
				},
				{
					"name": "head_ruff_right",
					"parent": "head",
					"pivot": [-3.75, 43.25, 1.05],
					"rotation": [-2.5, 2.5, 5],
					"cubes": [
						{"origin": [-6, 43.25, -0.45], "size": [3, 3, 3], "uv": [32, 0], "mirror": true}
					]
				},
				{
					"name": "head_ruff_right2",
					"parent": "head_ruff_right",
					"pivot": [-6, 43.25, 1.05],
					"rotation": [0, 0, 7.5],
					"cubes": [
						{"origin": [-9, 43.25, 1.05], "size": [3, 3, 0], "uv": [29, 0], "mirror": true}
					]
				},
				{
					"name": "ears",
					"parent": "head",
					"pivot": [-1.8, 49.85, -0.5]
				},
				{
					"name": "ear_left_main",
					"parent": "ears",
					"pivot": [1.8, 49.85, -0.5]
				},
				{
					"name": "ear_left",
					"parent": "ear_left_main",
					"pivot": [1.55, 49.85, 0],
					"rotation": [-10, 30, 15],
					"cubes": [
						{"origin": [1.55, 46.85, -2], "size": [0, 14, 7], "uv": [6, 20]},
						{"origin": [1.55, 48.85, -2], "size": [3, 12, 0], "pivot": [1.55, 54.85, -2], "rotation": [0, 15, 0], "uv": [0, 27]}
					]
				},
				{
					"name": "ear_left_ruff_main",
					"parent": "ear_left_main",
					"pivot": [2.8, 46.8, -0.25],
					"rotation": [0, 0, 7.5],
					"cubes": [
						{"origin": [2.8, 46.8, -2.25], "size": [3, 7, 4], "inflate": -0.01, "pivot": [4.3, 50.3, 0.25], "rotation": [0, 0, 20], "uv": [40, 2]}
					]
				},
				{
					"name": "ear_ruff_shock_left",
					"parent": "ear_left_ruff_main",
					"pivot": [4.8, 49.8, -0.25]
				},
				{
					"name": "ear_ruff_shock_left_top",
					"parent": "ear_ruff_shock_left",
					"pivot": [6.5, 56.5, -0.25],
					"rotation": [0, 0, -47.5],
					"cubes": [
						{"origin": [6.5, 53.5, -0.25], "size": [7, 3, 0], "uv": [113, 60]}
					]
				},
				{
					"name": "ear_ruff_shock_left_middle",
					"parent": "ear_ruff_shock_left",
					"pivot": [12.5, 47.5, -0.25],
					"rotation": [0, 0, 22.5],
					"cubes": [
						{"origin": [12.5, 47, -0.25], "size": [6, 3, 0], "uv": [113, 63]}
					]
				},
				{
					"name": "ear_ruff_shock_left_bottom",
					"parent": "ear_ruff_shock_left",
					"pivot": [5.5, 44.5, -0.25],
					"rotation": [0, 0, 42.5],
					"cubes": [
						{"origin": [5.5, 44.5, -0.25], "size": [5, 2, 0], "uv": [113, 66]}
					]
				},
				{
					"name": "ear_ruff_top_left",
					"parent": "ear_left_ruff_main",
					"pivot": [4.4, 55.05, -0.25],
					"rotation": [0, 0, -30],
					"cubes": [
						{"origin": [3.4, 51.05, -2.25], "size": [4, 4, 4], "uv": [28, 12]}
					]
				},
				{
					"name": "ear_ruff_top_left2",
					"parent": "ear_ruff_top_left",
					"pivot": [6.4, 53.05, -0.25],
					"rotation": [0, 0, 5],
					"cubes": [
						{"origin": [6.5, 50.5, -2.25], "size": [5, 5, 4], "inflate": 0.1, "uv": [20, 28]}
					]
				},
				{
					"name": "ear_ruff_top_left3",
					"parent": "ear_ruff_top_left2",
					"pivot": [11.4, 53.05, -0.25],
					"cubes": [
						{"origin": [11, 51, -1.75], "size": [4, 4, 3], "uv": [40, 22]}
					]
				},
				{
					"name": "ear_ruff_top_left4",
					"parent": "ear_ruff_top_left3",
					"pivot": [14.9, 52.8, -0.25],
					"cubes": [
						{"origin": [14.5, 51.75, -0.25], "size": [4, 3, 0], "uv": [51, 22]}
					]
				},
				{
					"name": "ear_ruff_middle_left",
					"parent": "ear_left_ruff_main",
					"pivot": [6.3, 50, -0.25],
					"rotation": [0, 0, -5],
					"cubes": [
						{"origin": [4.3, 47.5, -2.25], "size": [6, 5, 4], "inflate": 0.01, "uv": [68, 0]}
					]
				},
				{
					"name": "ear_ruff_middle_left2",
					"parent": "ear_ruff_middle_left",
					"pivot": [9.8, 50, -0.25],
					"cubes": [
						{"origin": [9.3, 46.75, -2.25], "size": [7, 6, 4], "inflate": 0.11, "uv": [64, 9]}
					]
				},
				{
					"name": "ear_ruff_middle_left3",
					"parent": "ear_ruff_middle_left2",
					"pivot": [16.3, 49.75, -0.25],
					"cubes": [
						{"origin": [15.8, 47.25, -1.75], "size": [4, 5, 3], "uv": [86, 9]}
					]
				},
				{
					"name": "ear_ruff_middle_left4",
					"parent": "ear_ruff_middle_left3",
					"pivot": [19.8, 49.75, -0.25],
					"rotation": [0, 0, 2.5],
					"cubes": [
						{"origin": [19.3, 48.25, -0.25], "size": [5, 3, 0], "uv": [94, 17]}
					]
				},
				{
					"name": "ear_ruff_bottom_left",
					"parent": "ear_left_ruff_main",
					"pivot": [5.3, 47.5, -0.25],
					"rotation": [0, 0, 20],
					"cubes": [
						{"origin": [4.3, 45.5, -1.75], "size": [3, 4, 2], "inflate": 0.01, "uv": [57, 29]}
					]
				},
				{
					"name": "ear_ruff_bottom_left2",
					"parent": "ear_ruff_bottom_left",
					"pivot": [6.3, 47.5, -0.25],
					"cubes": [
						{"origin": [6.3, 45, -1.25], "size": [4, 5, 2], "inflate": 0.1, "uv": [81, 25]}
					]
				},
				{
					"name": "ear_ruff_bottom_left3",
					"parent": "ear_ruff_bottom_left2",
					"pivot": [10.3, 47.5, -0.25],
					"cubes": [
						{"origin": [9.3, 45.5, -0.25], "size": [5, 4, 0], "uv": [57, 35]}
					]
				},
				{
					"name": "ear_right_main",
					"parent": "ears",
					"pivot": [-1.8, 49.85, -0.5]
				},
				{
					"name": "ear_right",
					"parent": "ear_right_main",
					"pivot": [-1.55, 49.85, 0],
					"rotation": [-10, -30, -15],
					"cubes": [
						{"origin": [-1.55, 46.85, -2], "size": [0, 14, 7], "uv": [6, 34], "mirror": true},
						{"origin": [-4.55, 48.85, -2], "size": [3, 12, 0], "pivot": [-1.55, 54.85, -2], "rotation": [0, -15, 0], "uv": [0, 39], "mirror": true}
					]
				},
				{
					"name": "ear_right_ruff_main",
					"parent": "ear_right_main",
					"pivot": [-2.8, 46.8, -0.25],
					"rotation": [0, 0, -7.5],
					"cubes": [
						{"origin": [-5.8, 46.8, -2.25], "size": [3, 7, 4], "inflate": -0.01, "pivot": [-4.3, 50.3, 0.25], "rotation": [0, 0, -20], "uv": [54, 0], "mirror": true}
					]
				},
				{
					"name": "ear_ruff_shock_right",
					"parent": "ear_right_ruff_main",
					"pivot": [-4.8, 49.8, -0.25]
				},
				{
					"name": "ear_ruff_shock_right_top",
					"parent": "ear_ruff_shock_right",
					"pivot": [-6.5, 56.5, -0.25],
					"rotation": [0, 0, 47.5],
					"cubes": [
						{"origin": [-13.5, 53.5, -0.25], "size": [7, 3, 0], "uv": [127, 60], "mirror": true}
					]
				},
				{
					"name": "ear_ruff_shock_right_middle",
					"parent": "ear_ruff_shock_right",
					"pivot": [-12.5, 47.5, -0.25],
					"rotation": [0, 0, -22.5],
					"cubes": [
						{"origin": [-18.5, 47, -0.25], "size": [6, 3, 0], "uv": [125, 63], "mirror": true}
					]
				},
				{
					"name": "ear_ruff_shock_right_bottom",
					"parent": "ear_ruff_shock_right",
					"pivot": [-5.5, 44.5, -0.25],
					"rotation": [0, 0, -42.5],
					"cubes": [
						{"origin": [-10.5, 44.5, -0.25], "size": [5, 2, 0], "uv": [123, 66], "mirror": true}
					]
				},
				{
					"name": "ear_ruff_top_right",
					"parent": "ear_right_ruff_main",
					"pivot": [-4.4, 55.05, -0.25],
					"rotation": [0, 0, 30],
					"cubes": [
						{"origin": [-7.4, 51.05, -2.25], "size": [4, 4, 4], "uv": [24, 20], "mirror": true}
					]
				},
				{
					"name": "ear_ruff_top_right2",
					"parent": "ear_ruff_top_right",
					"pivot": [-6.4, 53.05, -0.25],
					"rotation": [0, 0, -5],
					"cubes": [
						{"origin": [-11.5, 50.5, -2.25], "size": [5, 5, 4], "inflate": 0.1, "uv": [44, 13], "mirror": true}
					]
				},
				{
					"name": "ear_ruff_top_right3",
					"parent": "ear_ruff_top_right2",
					"pivot": [-11.4, 53.05, -0.25],
					"cubes": [
						{"origin": [-15, 51, -1.75], "size": [4, 4, 3], "uv": [38, 29], "mirror": true}
					]
				},
				{
					"name": "ear_ruff_top_right4",
					"parent": "ear_ruff_top_right3",
					"pivot": [-14.9, 52.8, -0.25],
					"cubes": [
						{"origin": [-18.5, 51.75, -0.25], "size": [4, 3, 0], "uv": [49, 29], "mirror": true}
					]
				},
				{
					"name": "ear_ruff_middle_right",
					"parent": "ear_right_ruff_main",
					"pivot": [-6.3, 50, -0.25],
					"rotation": [0, 0, 5],
					"cubes": [
						{"origin": [-10.3, 47.5, -2.25], "size": [6, 5, 4], "inflate": 0.01, "uv": [88, 0], "mirror": true}
					]
				},
				{
					"name": "ear_ruff_middle_right2",
					"parent": "ear_ruff_middle_right",
					"pivot": [-9.8, 50, -0.25],
					"cubes": [
						{"origin": [-16.3, 46.75, -2.25], "size": [7, 6, 4], "inflate": 0.11, "uv": [59, 19], "mirror": true}
					]
				},
				{
					"name": "ear_ruff_middle_right3",
					"parent": "ear_ruff_middle_right2",
					"pivot": [-16.3, 49.75, -0.25],
					"cubes": [
						{"origin": [-19.8, 47.25, -1.75], "size": [4, 5, 3], "uv": [83, 17], "mirror": true}
					]
				},
				{
					"name": "ear_ruff_middle_right4",
					"parent": "ear_ruff_middle_right3",
					"pivot": [-19.8, 49.75, -0.25],
					"rotation": [0, 0, -2.5],
					"cubes": [
						{"origin": [-24.3, 48.25, -0.25], "size": [5, 3, 0], "uv": [97, 9], "mirror": true}
					]
				},
				{
					"name": "ear_ruff_bottom_right",
					"parent": "ear_right_ruff_main",
					"pivot": [-5.3, 47.5, -0.25],
					"rotation": [0, 0, -20],
					"cubes": [
						{"origin": [-7.3, 45.5, -1.75], "size": [3, 4, 2], "inflate": 0.01, "uv": [67, 29], "mirror": true}
					]
				},
				{
					"name": "ear_ruff_bottom_right2",
					"parent": "ear_ruff_bottom_right",
					"pivot": [-6.3, 47.5, -0.25],
					"cubes": [
						{"origin": [-10.3, 45, -1.25], "size": [4, 5, 2], "inflate": 0.1, "uv": [77, 32], "mirror": true}
					]
				},
				{
					"name": "ear_ruff_bottom_right3",
					"parent": "ear_ruff_bottom_right2",
					"pivot": [-10.3, 47.5, -0.25],
					"cubes": [
						{"origin": [-14.3, 45.5, -0.25], "size": [5, 4, 0], "uv": [67, 35], "mirror": true}
					]
				},
				{
					"name": "torso_fur_left",
					"parent": "chest",
					"pivot": [0.5, 33, -4.5],
					"rotation": [0, 0, -15],
					"cubes": [
						{"origin": [0.5, 29, -4.5], "size": [3, 4, 0], "uv": [0, 51]},
						{"origin": [0.5, 29, 3.5], "size": [3, 4, 0], "uv": [6, 55]},
						{"origin": [3.5, 29, -4.5], "size": [0, 4, 8], "uv": [0, 57]}
					]
				},
				{
					"name": "torso_fur_left2",
					"parent": "torso_fur_left",
					"pivot": [3.5, 29, -4],
					"rotation": [0, 0, -12.5],
					"cubes": [
						{"origin": [3.5, 26, -4], "size": [0, 3, 7], "uv": [0, 73]}
					]
				},
				{
					"name": "torso_fur_left3",
					"parent": "torso_fur_left2",
					"pivot": [3.5, 26, 0],
					"rotation": [0, 0, -12.5],
					"cubes": [
						{"origin": [3.5, 23, -2], "size": [0, 3, 4], "uv": [32, 48]}
					]
				},
				{
					"name": "torso_fur_right",
					"parent": "chest",
					"pivot": [-0.5, 33, -4.5],
					"rotation": [0, 0, 15],
					"cubes": [
						{"origin": [-3.5, 29, -4.5], "size": [3, 4, 0], "uv": [0, 55], "mirror": true},
						{"origin": [-3.5, 29, 3.5], "size": [3, 4, 0], "uv": [6, 59], "mirror": true},
						{"origin": [-3.5, 29, -4.5], "size": [0, 4, 8], "uv": [0, 61], "mirror": true}
					]
				},
				{
					"name": "torso_fur_right2",
					"parent": "torso_fur_right",
					"pivot": [-3.5, 29, -4],
					"rotation": [0, 0, 12.5],
					"cubes": [
						{"origin": [-3.5, 26, -4], "size": [0, 3, 7], "uv": [14, 73], "mirror": true}
					]
				},
				{
					"name": "torso_fur_right3",
					"parent": "torso_fur_right2",
					"pivot": [-3.5, 26, 0],
					"rotation": [0, 0, 12.5],
					"cubes": [
						{"origin": [-3.5, 23, -2], "size": [0, 3, 4], "uv": [32, 51], "mirror": true}
					]
				},
				{
					"name": "chest_fur_back",
					"parent": "chest",
					"pivot": [0, 32.5, 3],
					"rotation": [7.5, 0, 0],
					"cubes": [
						{"origin": [0, 32.5, 2.5], "size": [0, 6, 5], "uv": [42, 31]}
					]
				},
				{
					"name": "shoulder_fur_left",
					"parent": "chest",
					"pivot": [3.5, 39, 0],
					"rotation": [0, 0, 10],
					"cubes": [
						{"origin": [3.5, 39, -2.5], "size": [2, 0, 5], "uv": [47, 32]}
					]
				},
				{
					"name": "shoulder_fur_right",
					"parent": "chest",
					"pivot": [-3.5, 39, 0],
					"rotation": [0, 0, -10],
					"cubes": [
						{"origin": [-5.5, 39, -2.5], "size": [2, 0, 5], "uv": [47, 37], "mirror": true}
					]
				},
				{
					"name": "tail",
					"parent": "torso",
					"pivot": [0, 22, 3.5],
					"cubes": [
						{"origin": [-1.5, 20.5, 2.5], "size": [3, 3, 7], "uv": [68, 51]}
					]
				},
				{
					"name": "tail2",
					"parent": "tail",
					"pivot": [0, 22, 9.5],
					"cubes": [
						{"origin": [-3, 19.5, 8.5], "size": [6, 5, 5], "uv": [88, 52]}
					]
				},
				{
					"name": "tail3",
					"parent": "tail2",
					"pivot": [0, 22, 13.5],
					"cubes": [
						{"origin": [-4.5, 18, 12.5], "size": [9, 8, 7], "uv": [40, 58]}
					]
				},
				{
					"name": "tail4",
					"parent": "tail3",
					"pivot": [0, 22, 17.5],
					"cubes": [
						{"origin": [-5.5, 16.5, 17.5], "size": [11, 11, 11], "uv": [61, 64]}
					]
				},
				{
					"name": "tail5",
					"parent": "tail4",
					"pivot": [0, 22, 27.5],
					"cubes": [
						{"origin": [-4.5, 17.5, 27], "size": [9, 9, 7], "uv": [29, 73]}
					]
				},
				{
					"name": "tail6",
					"parent": "tail5",
					"pivot": [0, 22, 33],
					"cubes": [
						{"origin": [-3, 19, 32], "size": [6, 6, 7], "uv": [94, 62]}
					]
				},
				{
					"name": "tail7",
					"parent": "tail6",
					"pivot": [0, 22, 39],
					"cubes": [
						{"origin": [-1.5, 20.5, 38], "size": [3, 3, 5], "uv": [116, 44]}
					]
				},
				{
					"name": "legs",
					"parent": "body",
					"pivot": [0, 23, 0]
				},
				{
					"name": "leg_left",
					"parent": "legs",
					"pivot": [1.5, 23.5, 0],
					"rotation": [0, 0, -10],
					"cubes": [
						{"origin": [-0.75, 17, -4], "size": [6, 7, 7], "inflate": 0.01, "uv": [10, 66]}
					]
				},
				{
					"name": "leg_left2",
					"parent": "leg_left",
					"pivot": [4, 17, -3.5],
					"rotation": [20, 0, 10],
					"cubes": [
						{"origin": [0, 8.5, -3.5], "size": [4, 9, 5], "uv": [0, 97]}
					]
				},
				{
					"name": "leg_left3",
					"parent": "leg_left2",
					"pivot": [2, 8.5, 1],
					"rotation": [-27.5, 0, 0],
					"cubes": [
						{"origin": [1, -2.5, -2], "size": [2, 11, 3], "uv": [18, 97]}
					]
				},
				{
					"name": "foot_left",
					"parent": "leg_left3",
					"pivot": [2, -2.8, 1],
					"rotation": [7.5, 0, 0],
					"cubes": [
						{"origin": [0.5, -2.8, -2.75], "size": [3, 2, 4], "inflate": 0.02, "uv": [38, 89]}
					]
				},
				{
					"name": "foot_left2",
					"parent": "foot_left",
					"pivot": [2, -2.8, -2.75],
					"cubes": [
						{"origin": [0.5, -2.8, -4.75], "size": [3, 2, 2], "uv": [48, 89]}
					]
				},
				{
					"name": "leg_right",
					"parent": "legs",
					"pivot": [-1.5, 23.5, 0],
					"rotation": [0, 0, 10],
					"cubes": [
						{"origin": [-5.25, 17, -4], "size": [6, 7, 7], "uv": [0, 83], "mirror": true}
					]
				},
				{
					"name": "leg_right2",
					"parent": "leg_right",
					"pivot": [-4, 17, -3.5],
					"rotation": [20, 0, -10],
					"cubes": [
						{"origin": [-4, 8.5, -3.5], "size": [4, 9, 5], "uv": [0, 111], "mirror": true}
					]
				},
				{
					"name": "leg_right3",
					"parent": "leg_right2",
					"pivot": [-2, 8.5, 1],
					"rotation": [-27.5, 0, 0],
					"cubes": [
						{"origin": [-3, -2.5, -2], "size": [2, 11, 3], "uv": [28, 89], "mirror": true}
					]
				},
				{
					"name": "foot_right",
					"parent": "leg_right3",
					"pivot": [-2, -1.3, -0.25],
					"rotation": [7.5, 0, 0],
					"cubes": [
						{"origin": [-3.5785, -2.94829, -2.95621], "size": [3, 2, 4], "inflate": 0.02, "uv": [38, 95], "mirror": true}
					]
				},
				{
					"name": "foot_right2",
					"parent": "foot_right",
					"pivot": [-2.0785, -2.94829, -2.95621],
					"cubes": [
						{"origin": [-3.5785, -2.94829, -4.95621], "size": [3, 2, 2], "uv": [48, 95], "mirror": true}
					]
				},
				{
					"name": "robe",
					"parent": "legs",
					"pivot": [0, 25.25, 0]
				},
				{
					"name": "robe_left",
					"parent": "robe",
					"pivot": [2.5, 24, 0],
					"rotation": [0, 0, -17.5],
					"cubes": [
						{"origin": [-2.5, 16, -6], "size": [8, 9, 12], "inflate": 0.02, "uv": [46, 90]}
					]
				},
				{
					"name": "robe_left2",
					"parent": "robe_left",
					"pivot": [1.25, 18.5, -6]
				},
				{
					"name": "robe_left2_rotation",
					"parent": "robe_left2",
					"pivot": [1.25, 18.5, -0.5],
					"cubes": [
						{"origin": [-4.5, 11, -8], "size": [11, 8, 16], "inflate": 0.02, "uv": [70, 99]}
					]
				},
				{
					"name": "robe_left3",
					"parent": "robe_left2_rotation",
					"pivot": [1.25, 13.75, -0.5]
				},
				{
					"name": "robe_left3_rotation",
					"parent": "robe_left3",
					"pivot": [1.25, 13.75, -0.5],
					"rotation": [0, 0, 7.5],
					"cubes": [
						{"origin": [-5.31649, 5.70023, -10.5], "size": [13, 8, 21], "inflate": 0.02, "uv": [111, 31]}
					]
				},
				{
					"name": "robe_left_outer",
					"parent": "robe_left3_rotation",
					"pivot": [-4.81649, 5.70023, 0],
					"rotation": [0, 0, 20],
					"cubes": [
						{"origin": [-4.81649, 5.70023, -10.5], "size": [13, 8, 21], "uv": [158, 39]}
					]
				},
				{
					"name": "robe_left_fur",
					"parent": "robe_left_outer",
					"pivot": [-4.81649, 5.70023, 0],
					"cubes": [
						{"origin": [-4.31649, 3.20023, -10.5], "size": [12, 3, 0], "pivot": [-5.31649, 5.70023, -10.5], "rotation": [-20, -10, 0], "uv": [211, 3]},
						{"origin": [-4.31649, 3.70023, -4.5], "size": [12, 2, 0], "pivot": [-4.81649, 5.70023, -4.5], "rotation": [-25, -5, 0], "uv": [218, 8]},
						{"origin": [-4.31649, 3.70023, 4.5], "size": [12, 2, 0], "pivot": [-4.81649, 5.70023, 4.5], "rotation": [25, 5, 0], "uv": [232, 47]},
						{"origin": [-4.31649, 3.20023, 10.5], "size": [12, 3, 0], "pivot": [-4.81649, 5.70023, 10.5], "rotation": [20, 10, 0], "uv": [232, 42]}
					]
				},
				{
					"name": "robe_left_outer2",
					"parent": "robe_left_outer",
					"pivot": [8.18351, 5.95023, -0.5],
					"cubes": [
						{"origin": [7.18351, 5.95023, -7.5], "size": [6, 6, 15], "uv": [127, 60]}
					]
				},
				{
					"name": "robe_left_fur2",
					"parent": "robe_left_outer2",
					"pivot": [8.18351, 5.95023, 0],
					"cubes": [
						{"origin": [7.18351, 3.45023, -7.5], "size": [6, 3, 0], "pivot": [8.18351, 5.95023, -7.5], "rotation": [-20, -15, 0], "uv": [205, 42]},
						{"origin": [8.18351, 3.95023, -2.5], "size": [5, 2, 0], "pivot": [8.18351, 5.95023, -2.5], "rotation": [-25, -5, -7.5], "uv": [232, 51]},
						{"origin": [8.18351, 3.95023, 2.5], "size": [5, 2, 0], "pivot": [8.18351, 5.95023, 2.5], "rotation": [25, 5, -7.5], "uv": [242, 51]},
						{"origin": [8.18351, 3.45023, 7.5], "size": [5, 3, 0], "pivot": [8.18351, 5.95023, 7.5], "rotation": [20, 15, 0], "uv": [205, 48]}
					]
				},
				{
					"name": "robe_left_outer3",
					"parent": "robe_left_outer2",
					"pivot": [13.18351, 6.45023, 0.25],
					"rotation": [0, -5, -32.5],
					"cubes": [
						{"origin": [12.68236, 6.45023, -5.47812], "size": [5, 5, 11], "uv": [221, 60]}
					]
				},
				{
					"name": "robe_left_fur3",
					"parent": "robe_left_outer3",
					"pivot": [13.18236, 6.45023, 0.02188],
					"cubes": [
						{"origin": [11.68236, 3.95023, -5.47812], "size": [7, 3, 0], "pivot": [13.68236, 6.45023, -5.47812], "rotation": [-20, -25, 5], "uv": [174, 34]},
						{"origin": [12.68236, 3.95023, 5.52188], "size": [6, 3, 0], "pivot": [13.68236, 6.45023, 5.52188], "rotation": [20, 20, 5], "uv": [162, 34]}
					]
				},
				{
					"name": "robe_left_outer4",
					"parent": "robe_left_outer3",
					"pivot": [17.68236, 7.45023, 0.02188],
					"rotation": [0, -7.5, -32.5],
					"cubes": [
						{"origin": [17.22552, 7.45023, -3.44818], "size": [4, 3, 7], "uv": [196, 0]}
					]
				},
				{
					"name": "robe_left_outer5",
					"parent": "robe_left_outer4",
					"pivot": [21.22552, 8.45023, -2.44818],
					"rotation": [0, -5, -10],
					"cubes": [
						{"origin": [21.22552, 8.45023, -2.44818], "size": [3, 0, 5], "uv": [192, 2]}
					]
				},
				{
					"name": "robe_right",
					"parent": "robe",
					"pivot": [-2.5, 24, 0],
					"rotation": [0, 0, 17.5],
					"cubes": [
						{"origin": [-5.5, 16, -6], "size": [8, 9, 12], "inflate": 0.02, "uv": [18, 103], "mirror": true}
					]
				},
				{
					"name": "robe_right2",
					"parent": "robe_right",
					"pivot": [-1.25, 18.5, -6]
				},
				{
					"name": "robe_right2_rotation",
					"parent": "robe_right2",
					"pivot": [-1.25, 18.5, -0.5],
					"cubes": [
						{"origin": [-6.5, 11, -8], "size": [11, 8, 16], "inflate": 0.02, "uv": [89, 75], "mirror": true}
					]
				},
				{
					"name": "robe_right3",
					"parent": "robe_right2_rotation",
					"pivot": [-1.25, 13.75, -0.5]
				},
				{
					"name": "robe_right3_rotation",
					"parent": "robe_right3",
					"pivot": [-1.25, 13.75, -0.5],
					"rotation": [0, 0, -7.5],
					"cubes": [
						{"origin": [-7.68351, 5.70023, -10.5], "size": [13, 8, 21], "inflate": 0.02, "uv": [128, 2], "mirror": true}
					]
				},
				{
					"name": "robe_right_outer",
					"parent": "robe_right3_rotation",
					"pivot": [4.81649, 5.70023, 0],
					"rotation": [0, 0, -20],
					"cubes": [
						{"origin": [-8.18351, 5.70023, -10.5], "size": [13, 8, 21], "uv": [188, 10], "mirror": true}
					]
				},
				{
					"name": "robe_right_fur",
					"parent": "robe_right_outer",
					"pivot": [4.81649, 5.70023, 0],
					"cubes": [
						{"origin": [-7.68351, 3.20023, -10.5], "size": [12, 3, 0], "pivot": [5.31649, 5.70023, -10.5], "rotation": [-20, 10, 0], "uv": [211, 0], "mirror": true},
						{"origin": [-7.68351, 3.70023, -4.5], "size": [12, 2, 0], "pivot": [4.81649, 5.70023, -4.5], "rotation": [-25, 5, 0], "uv": [218, 6], "mirror": true},
						{"origin": [-7.68351, 3.70023, 4.5], "size": [12, 2, 0], "pivot": [4.81649, 5.70023, 4.5], "rotation": [25, -5, 0], "uv": [232, 45], "mirror": true},
						{"origin": [-7.68351, 3.20023, 10.5], "size": [12, 3, 0], "pivot": [4.81649, 5.70023, 10.5], "rotation": [20, -10, 0], "uv": [232, 39], "mirror": true}
					]
				},
				{
					"name": "robe_right_outer2",
					"parent": "robe_right_outer",
					"pivot": [-8.18351, 5.95023, -0.5],
					"cubes": [
						{"origin": [-13.18351, 5.95023, -7.5], "size": [6, 6, 15], "uv": [205, 39], "mirror": true}
					]
				},
				{
					"name": "robe_right_fur2",
					"parent": "robe_right_outer2",
					"pivot": [-8.18351, 5.95023, 0],
					"cubes": [
						{"origin": [-13.18351, 3.45023, -7.5], "size": [6, 3, 0], "pivot": [-8.18351, 5.95023, -7.5], "rotation": [-20, 15, 0], "uv": [205, 39], "mirror": true},
						{"origin": [-13.18351, 3.95023, -2.5], "size": [5, 2, 0], "pivot": [-8.18351, 5.95023, -2.5], "rotation": [-25, 5, 7.5], "uv": [232, 49], "mirror": true},
						{"origin": [-13.18351, 3.95023, 2.5], "size": [5, 2, 0], "pivot": [-8.18351, 5.95023, 2.5], "rotation": [25, -5, 7.5], "uv": [242, 49], "mirror": true},
						{"origin": [-13.18351, 3.45023, 7.5], "size": [5, 3, 0], "pivot": [-8.18351, 5.95023, 7.5], "rotation": [20, -15, 0], "uv": [205, 45], "mirror": true}
					]
				},
				{
					"name": "robe_right_outer3",
					"parent": "robe_right_outer2",
					"pivot": [-13.18351, 6.45023, 0.25],
					"rotation": [0, 5, 32.5],
					"cubes": [
						{"origin": [-17.68236, 6.45023, -5.47812], "size": [5, 5, 11], "uv": [175, 7], "mirror": true}
					]
				},
				{
					"name": "robe_right_fur3",
					"parent": "robe_right_outer3",
					"pivot": [-13.18236, 6.45023, 0.02188],
					"cubes": [
						{"origin": [-18.68236, 3.95023, -5.47812], "size": [7, 3, 0], "pivot": [-13.68236, 6.45023, -5.47812], "rotation": [-20, 25, -5], "uv": [174, 31], "mirror": true},
						{"origin": [-18.68236, 3.95023, 5.52188], "size": [6, 3, 0], "pivot": [-13.68236, 6.45023, 5.52188], "rotation": [20, -20, -5], "uv": [162, 31], "mirror": true}
					]
				},
				{
					"name": "robe_right_outer4",
					"parent": "robe_right_outer3",
					"pivot": [-17.68236, 7.45023, 0.02188],
					"rotation": [0, 7.5, 32.5],
					"cubes": [
						{"origin": [-21.22552, 7.45023, -3.44818], "size": [4, 3, 7], "uv": [127, 13], "mirror": true}
					]
				},
				{
					"name": "robe_right_outer5",
					"parent": "robe_right_outer4",
					"pivot": [-21.22552, 8.45023, -2.44818],
					"rotation": [0, 5, 10],
					"cubes": [
						{"origin": [-24.22552, 8.45023, -2.44818], "size": [3, 0, 5], "uv": [186, 2], "mirror": true}
					]
				},
				{
					"name": "robe_front_middle",
					"parent": "robe",
					"pivot": [0, 25, -2.5],
					"cubes": [
						{"origin": [-3.5, 15, -4], "size": [7, 10, 3], "inflate": 0.02, "uv": [195, 79], "mirror": true}
					]
				},
				{
					"name": "robe_front_middle2",
					"parent": "robe_front_middle",
					"pivot": [0, 16.5, -3.5]
				},
				{
					"name": "robe_front_middle2_rotation",
					"parent": "robe_front_middle2",
					"pivot": [0, 16.5, -3.5],
					"cubes": [
						{"origin": [-5, 10, -5], "size": [10, 8, 3], "inflate": 0.02, "uv": [169, 68], "mirror": true}
					]
				},
				{
					"name": "robe_front_middle3",
					"parent": "robe_front_middle2_rotation",
					"pivot": [0, 11.75, -4]
				},
				{
					"name": "robe_front_middle3_rotation",
					"parent": "robe_front_middle3",
					"pivot": [0, 11.75, -3],
					"cubes": [
						{"origin": [-7, 4.70023, -5], "size": [14, 7, 3], "inflate": 0.02, "uv": [127, 81], "mirror": true}
					]
				},
				{
					"name": "robe_middle_front_fur",
					"parent": "robe_front_middle3_rotation",
					"pivot": [0, 4.70023, -3.5],
					"cubes": [
						{"origin": [-7, 2.2, -3.5], "size": [14, 3, 0], "inflate": 0.02, "uv": [143, 91], "mirror": true}
					]
				},
				{
					"name": "robe_back_middle",
					"parent": "robe",
					"pivot": [0, 25, 1.5],
					"cubes": [
						{"origin": [-3.5, 15, 0], "size": [7, 10, 3], "inflate": 0.02, "uv": [215, 79], "mirror": true}
					]
				},
				{
					"name": "robe_back_middle2",
					"parent": "robe_back_middle",
					"pivot": [0, 16.5, 2.5]
				},
				{
					"name": "robe_back_middle2_rotation",
					"parent": "robe_back_middle2",
					"pivot": [0, 16.5, 2.5],
					"cubes": [
						{"origin": [-5, 10, 1], "size": [10, 8, 3], "inflate": 0.02, "uv": [195, 68], "mirror": true}
					]
				},
				{
					"name": "robe_back_middle3",
					"parent": "robe_back_middle2_rotation",
					"pivot": [0, 11.75, 3]
				},
				{
					"name": "robe_back_middle3_rotation",
					"parent": "robe_back_middle3",
					"pivot": [0, 11.75, 2],
					"cubes": [
						{"origin": [-7, 4.70023, 1], "size": [14, 7, 3], "inflate": 0.02, "uv": [161, 81], "mirror": true}
					]
				},
				{
					"name": "robe_middle_back_fur",
					"parent": "robe_back_middle3_rotation",
					"pivot": [0, 4.70023, 2.5],
					"cubes": [
						{"origin": [-7, 2.2, 2.5], "size": [14, 3, 0], "inflate": 0.02, "uv": [143, 94], "mirror": true}
					]
				}
			]
		}
	]
}