{
	"format_version": "1.8.0",
	"animations": {
		"animation.mewtwo2.ground_idle": {
			"loop": true,
			"bones": {
				"arm_left": {
					"rotation": [0, 0, 45]
				},
				"arm_left2": {
					"rotation": [0, 20, 0]
				},
				"hand_left": {
					"rotation": [5, 0, 22.5]
				},
				"finger_thumb_left": {
					"rotation": [29.2, -10, -19]
				},
				"finger_thumb_left2": {
					"rotation": [40, 0, 0]
				},
				"finger_thumb_left3": {
					"rotation": [15, 0, 0]
				},
				"finger_front_left": {
					"rotation": [0, 5, 7.5]
				},
				"finger_front_left2": {
					"rotation": [0, 0, 17.5]
				},
				"finger_front_left3": {
					"rotation": [0, 0, 7.5]
				},
				"finger_back_left": {
					"rotation": [0.45, -5, 30]
				},
				"finger_back_left2": {
					"rotation": [0, 0, 17.5]
				},
				"finger_back_left3": {
					"rotation": [0, 0, 17.5]
				},
				"arm_right": {
					"rotation": [0, 0, -45]
				},
				"arm_right2": {
					"rotation": [0, -20, 0]
				},
				"hand_right": {
					"rotation": [5, 0, -22.5]
				},
				"finger_thumb_right": {
					"rotation": [29.2, 10, 19]
				},
				"finger_thumb_right2": {
					"rotation": [40, 0, 0]
				},
				"finger_thumb_right3": {
					"rotation": [15, 0, 0]
				},
				"finger_front_right": {
					"rotation": [0, -5, -7.5]
				},
				"finger_front_right2": {
					"rotation": [0, 0, -17.5]
				},
				"finger_front_right3": {
					"rotation": [0, 0, -7.5]
				},
				"finger_back_right": {
					"rotation": [0.45, 5, -30]
				},
				"finger_back_right2": {
					"rotation": [0, 0, -17.5]
				},
				"finger_back_right3": {
					"rotation": [0, 0, -17.5]
				},
				"neck_tube": {
					"rotation": [5, 0, 0]
				},
				"tail": {
					"rotation": [-21.65, 35.5, -13]
				},
				"tail2": {
					"rotation": [22.4, -37.8, -14.15]
				},
				"tail3": {
					"rotation": [37.5, -28.5, -9.85]
				},
				"tail4": {
					"rotation": [15.15, -34, -8.6]
				},
				"tail5": {
					"rotation": [-21.65, -35.5, 13]
				},
				"tail6": {
					"rotation": [-14, -45, 17.3]
				},
				"tail7": {
					"rotation": [16.65, -45.5, 2.6]
				},
				"tail8": {
					"rotation": [24.35, 19.7, -11.15]
				},
				"tail9": {
					"rotation": [41.15, 36, 11.25]
				},
				"leg_right": {
					"rotation": [7.5, 17.5, 0]
				},
				"leg_right2": {
					"rotation": [0, -10, 0]
				},
				"pupil_bottom_right": {
					"scale": [1, 0.7, 1]
				},
				"head_angle": {
					"rotation": [10, 0, 0]
				},
				"leg_left": {
					"rotation": [7.5, -17.5, 0]
				},
				"leg_left2": {
					"rotation": [0, 10, 0]
				},
				"foot_right": {
					"rotation": [-5, 0, 1.5]
				},
				"foot_left": {
					"rotation": [-5, 0, -1.5]
				},
				"locator_item": {
					"position": [0, "math.sin(q.anim_time*90*0.5)*0.2", 0]
				},
				"toes_right": {
					"rotation": [-3, 0, 0]
				},
				"toes_left": {
					"rotation": [-3, 0, 0]
				},
				"pupil_bottom_left": {
					"scale": [1, 0.7, 1]
				}
			}
		},
		"animation.mewtwo2.ground_walk": {
			"loop": true,
			"bones": {
				"arm_left": {
					"rotation": [-5, -15, 45]
				},
				"arm_left2": {
					"rotation": [0, 30, 0]
				},
				"hand_left": {
					"rotation": [5, -5, 22.5]
				},
				"finger_thumb_left": {
					"rotation": [29.2, -10, -19]
				},
				"finger_thumb_left2": {
					"rotation": [40, 0, 0]
				},
				"finger_thumb_left3": {
					"rotation": [15, 0, 0]
				},
				"finger_front_left": {
					"rotation": [0, 5, 7.5]
				},
				"finger_front_left2": {
					"rotation": [0, 0, 17.5]
				},
				"finger_front_left3": {
					"rotation": [0, 0, 7.5]
				},
				"finger_back_left": {
					"rotation": [0.45, -5, 30]
				},
				"finger_back_left2": {
					"rotation": [0, 0, 17.5]
				},
				"finger_back_left3": {
					"rotation": [0, 0, 17.5]
				},
				"arm_right": {
					"rotation": [-5, 15, -45]
				},
				"arm_right2": {
					"rotation": [0, -30, 0]
				},
				"hand_right": {
					"rotation": [5, 5, -22.5]
				},
				"finger_thumb_right": {
					"rotation": [29.2, 10, 19]
				},
				"finger_thumb_right2": {
					"rotation": [40, 0, 0]
				},
				"finger_thumb_right3": {
					"rotation": [15, 0, 0]
				},
				"finger_front_right": {
					"rotation": [0, -5, -7.5]
				},
				"finger_front_right2": {
					"rotation": [0, 0, -17.5]
				},
				"finger_front_right3": {
					"rotation": [0, 0, -7.5]
				},
				"finger_back_right": {
					"rotation": [0.45, 5, -30]
				},
				"finger_back_right2": {
					"rotation": [0, 0, -17.5]
				},
				"finger_back_right3": {
					"rotation": [0, 0, -17.5]
				},
				"neck_tube": {
					"rotation": [5, 0, 0]
				},
				"tail": {
					"rotation": [-16.65, 8, -8]
				},
				"tail2": {
					"rotation": [19.9, -17.5, -5]
				},
				"tail3": {
					"rotation": [-10, -16, -2.35]
				},
				"tail4": {
					"rotation": [-12.35, 18.5, -8.6]
				},
				"tail5": {
					"rotation": [-14.15, 22, 13]
				},
				"tail6": {
					"rotation": [-9, -7.5, 17.3]
				},
				"tail7": {
					"rotation": [14.15, -30.5, -2.4]
				},
				"tail8": {
					"rotation": [14.35, 19.7, -11.15]
				},
				"tail9": {
					"rotation": [15, -15, 7.5]
				},
				"leg_right": {
					"rotation": [10, 12.5, 2.5]
				},
				"leg_right2": {
					"rotation": [20, -10, 0]
				},
				"pupil_bottom_right": {
					"scale": [1, 0.7, 1]
				},
				"head_angle": {
					"rotation": [10, 0, 0]
				},
				"leg_left": {
					"rotation": [10, -12.5, -2.5]
				},
				"leg_left2": {
					"rotation": [20, 10, 0]
				},
				"foot_right": {
					"rotation": [0, 0, 1.5]
				},
				"foot_left": {
					"rotation": [0, 0, -1.5]
				},
				"body": {
					"position": [0, 1.25, 0]
				},
				"locator_item": {
					"position": [0, "math.sin(q.anim_time*90*0.5)*0.2", 0]
				},
				"torso": {
					"rotation": [12.5, 0, 0]
				},
				"torso2": {
					"rotation": [-7.5, 0, 0]
				},
				"head": {
					"rotation": [-7.5, 0, 0]
				},
				"toes_right": {
					"rotation": [-3, 0, 0]
				},
				"toes_left": {
					"rotation": [-3, 0, 0]
				},
				"pupil_bottom_left": {
					"scale": [1, 0.7, 1]
				}
			}
		},
		"animation.mewtwo2.air_idle": {
			"loop": true,
			"bones": {
				"arm_left": {
					"rotation": [0, 0, 45]
				},
				"arm_left2": {
					"rotation": [0, 20, 0]
				},
				"hand_left": {
					"rotation": [5, 0, 22.5]
				},
				"finger_thumb_left": {
					"rotation": [29.2, -10, -19]
				},
				"finger_thumb_left2": {
					"rotation": [40, 0, 0]
				},
				"finger_thumb_left3": {
					"rotation": [15, 0, 0]
				},
				"finger_front_left": {
					"rotation": [0, 5, 7.5]
				},
				"finger_front_left2": {
					"rotation": [0, 0, 17.5]
				},
				"finger_front_left3": {
					"rotation": [0, 0, 7.5]
				},
				"finger_back_left": {
					"rotation": [0.45, -5, 30]
				},
				"finger_back_left2": {
					"rotation": [0, 0, 17.5]
				},
				"finger_back_left3": {
					"rotation": [0, 0, 17.5]
				},
				"arm_right": {
					"rotation": [0, 0, -45]
				},
				"arm_right2": {
					"rotation": [0, -20, 0]
				},
				"hand_right": {
					"rotation": [5, 0, -22.5]
				},
				"finger_thumb_right": {
					"rotation": [29.2, 10, 19]
				},
				"finger_thumb_right2": {
					"rotation": [40, 0, 0]
				},
				"finger_thumb_right3": {
					"rotation": [15, 0, 0]
				},
				"finger_front_right": {
					"rotation": [0, -5, -7.5]
				},
				"finger_front_right2": {
					"rotation": [0, 0, -17.5]
				},
				"finger_front_right3": {
					"rotation": [0, 0, -7.5]
				},
				"finger_back_right": {
					"rotation": [0.45, 5, -30]
				},
				"finger_back_right2": {
					"rotation": [0, 0, -17.5]
				},
				"finger_back_right3": {
					"rotation": [0, 0, -17.5]
				},
				"neck_tube": {
					"rotation": [5, 0, 0]
				},
				"tail": {
					"rotation": [-21.65, 35.5, -13]
				},
				"tail2": {
					"rotation": [22.4, -37.8, -14.15]
				},
				"tail3": {
					"rotation": [37.5, -28.5, -9.85]
				},
				"tail4": {
					"rotation": [15.15, -34, -8.6]
				},
				"tail5": {
					"rotation": [-21.65, -35.5, 13]
				},
				"tail6": {
					"rotation": [-14, -45, 17.3]
				},
				"tail7": {
					"rotation": [16.65, -45.5, 2.6]
				},
				"tail8": {
					"rotation": [24.35, 19.7, -11.15]
				},
				"tail9": {
					"rotation": [41.15, 36, 11.25]
				},
				"leg_right": {
					"rotation": [-26.75, 18.3, 2.5]
				},
				"leg_right2": {
					"rotation": [38, -3.8, -4.3]
				},
				"foot_right": {
					"rotation": [22.5, 0, 0]
				},
				"toes_right": {
					"rotation": [45, 0, 0],
					"position": [0, 0.4, 0]
				},
				"pupil_bottom_right": {
					"scale": [1, 0.7, 1]
				},
				"head_angle": {
					"rotation": [15, 0, 0]
				},
				"leg_left": {
					"rotation": [-26.75, -18.3, -2.5]
				},
				"leg_left2": {
					"rotation": [38, 3.8, 4.3]
				},
				"foot_left": {
					"rotation": [22.5, 0, 0]
				},
				"toes_left": {
					"rotation": [45, 0, 0],
					"position": [0, 0.4, 0]
				},
				"locator_item": {
					"position": [0, "math.sin(q.anim_time*90*0.5)*0.2", 0]
				},
				"pupil_bottom_left": {
					"scale": [1, 0.7, 1]
				}
			}
		},
		"animation.mewtwo2.air_fly": {
			"loop": true,
			"bones": {
				"arm_left": {
					"rotation": [-5, -5, 50]
				},
				"arm_left2": {
					"rotation": [0, 12.5, 0]
				},
				"hand_left": {
					"rotation": [30, 0, 27.5]
				},
				"finger_thumb_left": {
					"rotation": [10, -45, -12.5]
				},
				"finger_thumb_left2": {
					"rotation": [40, 0, 0]
				},
				"finger_thumb_left3": {
					"rotation": [10, 0, 0]
				},
				"finger_front_left": {
					"rotation": [0, 5, 7.5]
				},
				"finger_front_left2": {
					"rotation": [0, 0, 17.5]
				},
				"finger_front_left3": {
					"rotation": [0, 0, 7.5]
				},
				"finger_back_left": {
					"rotation": [0, 0, 15]
				},
				"finger_back_left2": {
					"rotation": [0, 0, 17.5]
				},
				"finger_back_left3": {
					"rotation": [0, 0, 17.5]
				},
				"arm_right": {
					"rotation": [-5, 5, -50]
				},
				"arm_right2": {
					"rotation": [0, -12.5, 0]
				},
				"hand_right": {
					"rotation": [30, 0, -27.5]
				},
				"finger_thumb_right": {
					"rotation": [10, 45, 12.5]
				},
				"finger_thumb_right2": {
					"rotation": [40, 0, 0]
				},
				"finger_thumb_right3": {
					"rotation": [10, 0, 0]
				},
				"finger_front_right": {
					"rotation": [0, -5, -7.5]
				},
				"finger_front_right2": {
					"rotation": [0, 0, -17.5]
				},
				"finger_front_right3": {
					"rotation": [0, 0, -7.5]
				},
				"finger_back_right": {
					"rotation": [0, 0, -15]
				},
				"finger_back_right2": {
					"rotation": [0, 0, -17.5]
				},
				"finger_back_right3": {
					"rotation": [0, 0, -17.5]
				},
				"neck_tube": {
					"rotation": [-60, 0, 0],
					"position": [0, 0, -1]
				},
				"tail": {
					"rotation": [-45, 0, 0]
				},
				"tail2": {
					"rotation": [-10, 0, 0]
				},
				"tail3": {
					"rotation": [-10, 0, 0]
				},
				"tail4": {
					"rotation": [-15, 0, 0]
				},
				"tail5": {
					"rotation": [5, 0, 0]
				},
				"tail6": {
					"rotation": [10, 0, 0]
				},
				"tail7": {
					"rotation": [10, 0, 0]
				},
				"tail8": {
					"rotation": [-12.5, 0, 0]
				},
				"tail9": {
					"rotation": [-5, 0, 0]
				},
				"leg_right": {
					"rotation": [25, 12.5, 2.5]
				},
				"leg_right2": {
					"rotation": [5, -10, 0]
				},
				"pupil_bottom_right": {
					"scale": [1, 0.7, 1]
				},
				"head_angle": {
					"rotation": [10, 0, 0]
				},
				"leg_left": {
					"rotation": [25, -12.5, -2.5]
				},
				"leg_left2": {
					"rotation": [5, 10, 0]
				},
				"foot_right": {
					"rotation": [45, 0, 0]
				},
				"foot_left": {
					"rotation": [45, 0, 0]
				},
				"body": {
					"rotation": [50, 0, 0],
					"position": [0, -5, -2]
				},
				"locator_item": {
					"position": [0, "math.sin(q.anim_time*90*0.5)*0.2", 0]
				},
				"torso": {
					"rotation": [15, 0, 0]
				},
				"torso3": {
					"rotation": [5, 0, 0]
				},
				"neck": {
					"rotation": [-25, 0, 0]
				},
				"head": {
					"rotation": [-45, 0, 0]
				},
				"neck_tube2": {
					"rotation": [30, 0, 0]
				},
				"neck_tube3": {
					"rotation": [30, 0, 0]
				},
				"pupil_bottom_left": {
					"scale": [1, 0.7, 1]
				}
			}
		},
		"animation.mewtwo2.blink": {
			"animation_length": 0.1667,
			"bones": {
				"eye_right": {
					"position": {
						"0.0": [0.1, 0, 0.1],
						"0.1667": {"pre": [0.1, 0, 0.1], "post": [0, 0, 0]}
					}
				},
				"eyelid_right": {
					"position": {
						"0.0": [-0.1, 0, -0.1],
						"0.1667": {"pre": [-0.1, 0, -0.1], "post": [0, 0, 0]}
					}
				},
				"eye_left": {
					"position": {
						"0.0": [-0.1, 0, 0.1],
						"0.1667": {"pre": [-0.1, 0, 0.1], "post": [0, 0, 0]}
					}
				},
				"eyelid_left": {
					"position": {
						"0.0": [0.1, 0, -0.1],
						"0.1667": {"pre": [0.1, 0, -0.1], "post": [0, 0, 0]}
					}
				}
			}
		},
		"animation.mewtwo2.pose": {
			"loop": true,
			"bones": {
				"body": {
					"rotation": [-6.1, -12.5, 5.1],
					"position": [0, 2, 0]
				},
				"torso2": {
					"rotation": [15, 5, 16.3]
				},
				"torso3": {
					"rotation": [-12.5, 0, 10]
				},
				"neck": {
					"rotation": [0, 0, -25]
				},
				"head": {
					"rotation": [19.71902, 12.56159, 3.99986]
				},
				"arm_left": {
					"rotation": [-32.5, -25, 22.5]
				},
				"arm_left2": {
					"rotation": [0, 92.5, 0]
				},
				"hand_left": {
					"rotation": [-122, 53, -18]
				},
				"finger_thumb_left": {
					"rotation": [37.5, 0, 0]
				},
				"finger_thumb_left2": {
					"rotation": [37.5, 0, 0]
				},
				"finger_thumb_left3": {
					"rotation": [15, 0, 0]
				},
				"finger_front_left": {
					"rotation": [0, 10, 17.5]
				},
				"finger_front_left2": {
					"rotation": [0, 0, 40]
				},
				"finger_back_left2": {
					"rotation": [0, 0, 55]
				},
				"neck_tube": {
					"rotation": [-6, 20, -11.5]
				},
				"neck_tube3": {
					"rotation": [5, 0, 0]
				},
				"torso": {
					"rotation": [-4.88206, -1.08089, -14.95392]
				},
				"tail": {
					"rotation": [-24.94422, -21.41637, 23.45506]
				},
				"tail2": {
					"rotation": [-23.87737, -32.18676, 3.04848]
				},
				"tail3": {
					"rotation": [18.26868, -29.59793, -9.9236]
				},
				"tail4": {
					"rotation": [5.35202, -44.56641, -13.01374]
				},
				"tail5": {
					"rotation": [17.50331, -35.02642, -13.17307]
				},
				"tail6": {
					"rotation": [0.1346, -50.82524, 22.00565]
				},
				"tail7": {
					"rotation": [36.94959, -36.55348, 19.32864]
				},
				"tail8": {
					"rotation": [27.40186, -25.94099, 31.45527]
				},
				"tail9": {
					"rotation": [17.5, -30, 0]
				},
				"arm_right": {
					"rotation": [-21, -2, -22]
				},
				"arm_right2": {
					"rotation": [0, -40, 0]
				},
				"finger_thumb_right2": {
					"rotation": [35, 0, 0]
				},
				"finger_front_right": {
					"rotation": [0, -10, -5]
				},
				"finger_front_right2": {
					"rotation": [0, 0, -5]
				},
				"finger_back_right": {
					"rotation": [-11.97516, 20.77193, -23.44885]
				},
				"finger_back_right2": {
					"rotation": [0, 0, -42.5]
				},
				"finger_back_right3": {
					"rotation": [0, 0, -5]
				},
				"leg_right": {
					"rotation": [-7.48052, 38.42145, 10.92028],
					"position": [-1.04671, 0.29547, -0.78346]
				},
				"leg_right2": {
					"rotation": [-13, 0, -4]
				},
				"foot_right2": {
					"rotation": [0, 0, 0]
				},
				"toes_right": {
					"rotation": [55, 0, 0],
					"position": [0, 0.5, 0.1]
				},
				"neck_tube2": {
					"rotation": [5, 0, 0]
				},
				"foot_right": {
					"rotation": [42.5, 0, 0]
				},
				"mewtwo": {
					"rotation": [0, -25, 0]
				},
				"finger_back_left": {
					"rotation": [-13.28982, -2.07609, 25.78982]
				},
				"finger_back_left3": {
					"rotation": [0, 0, 20]
				},
				"finger_thumb_right": {
					"rotation": [12.5, 0, 0]
				},
				"finger_thumb_right3": {
					"rotation": [27.5, 0, 0]
				},
				"finger_front_right3": {
					"rotation": [0, 0, 2.5]
				},
				"hand_right": {
					"rotation": [5.25, 7.8, 63.25]
				},
				"pupil_right": {
					"position": [-0.3, 0, 0]
				},
				"pupil_bottom_right": {
					"scale": [1, 0.7, 1]
				},
				"iris_right": {
					"position": [-0.5, 0, 0]
				},
				"leg_left": {
					"rotation": [-40.27264, -32.17512, -40.2725],
					"position": [0, -0.75, 0]
				},
				"leg_left2": {
					"rotation": [50, -8.8, 4.6]
				},
				"foot_left": {
					"rotation": [30, 0, 0]
				},
				"toes_left": {
					"rotation": [55, 0, 0],
					"position": [0, 0.5, 0.1]
				},
				"iris_left": {
					"position": [-0.1, 0, 0],
					"scale": [0.9, 1, 1]
				},
				"pupil_left": {
					"position": [-0.3, 0, 0],
					"scale": [1.1, 1, 1]
				},
				"pupil_bottom_left": {
					"scale": [1, 0.7, 1]
				},
				"brow_left": {
					"position": [-0.2, 0, 0],
					"scale": [0.8, 1, 1]
				}
			}
		},
		"animation.mewtwo2.surprised": {
			"loop": true,
			"bones": {
				"jaw": {
					"rotation": [55, 0, 0],
					"position": [0, -0.1, -0.4]
				},
				"iris_right": {
					"scale": [0.7, 0.7, 1]
				},
				"pupil_right": {
					"scale": [1, 0.6, 1]
				},
				"brow_right": {
					"position": [0, 0.5, 0]
				},
				"brow_layer": {
					"position": [0, 0.2, 0]
				},
				"iris_left": {
					"scale": [0.7, 0.7, 1]
				},
				"pupil_left": {
					"scale": [1, 0.6, 1]
				},
				"brow_left": {
					"position": [0, 0.5, 0]
				}
			}
		},
		"animation.mewtwo2.unamused": {
			"loop": true,
			"bones": {
				"eye_emote_right": {
					"scale": [1, 0.5, 1]
				},
				"eye_emote_right2": {
					"position": [0.1, 0, 0.1]
				},
				"pupil_top_right": {
					"scale": [1, 0.5, 1]
				},
				"iris_emote_right": {
					"scale": [1, 0.5, 1]
				},
				"brow_layer": {
					"position": [0, -0.1, 0]
				},
				"eye_emote_left": {
					"scale": [1, 0.5, 1]
				},
				"eye_emote_left2": {
					"position": [-0.1, 0, 0.1]
				},
				"iris_emote_left": {
					"scale": [1, 0.5, 1]
				},
				"pupil_top_left": {
					"scale": [1, 0.5, 1]
				}
			}
		},
		"animation.mewtwo2.hurt": {
			"loop": true,
			"bones": {
				"brow_layer": {
					"position": [0, 0.4, 0]
				},
				"eye_right": {
					"position": [0.1, 0, 0.1]
				},
				"eyelid_hurt_right": {
					"position": [-0.1, 0, -0.1]
				},
				"eye_left": {
					"position": [-0.1, 0, 0.1]
				},
				"eyelid_hurt_left": {
					"position": [0.1, 0, -0.1]
				}
			}
		},
		"animation.mewtwo2.tubed": {
			"loop": true,
			"bones": {
				"torso3": {
					"rotation": [50, 0, 0],
					"position": [0, -0.2, 0.2]
				},
				"head": {
					"rotation": [12, -5, 3.8]
				},
				"arm_left": {
					"rotation": [9.65, 76.5, 21.3],
					"position": [0.5, -1, 2]
				},
				"arm_left2": {
					"rotation": [0, 90, 0]
				},
				"hand_left": {
					"rotation": [-7, 28, -26]
				},
				"finger_thumb_left": {
					"rotation": [22.4, -34.45, -26]
				},
				"finger_thumb_left2": {
					"rotation": [20, 0, 0]
				},
				"finger_thumb_left3": {
					"rotation": [17.5, 0, 0]
				},
				"finger_front_left": {
					"rotation": [1.75, 9.85, 20.15]
				},
				"finger_front_left2": {
					"rotation": [0, 0, 10]
				},
				"finger_front_left3": {
					"rotation": [0, 0, 12.5]
				},
				"finger_back_left": {
					"rotation": [-1.25, -4.85, 20]
				},
				"finger_back_left2": {
					"rotation": [0, 0, 25]
				},
				"finger_back_left3": {
					"rotation": [0, 0, 10]
				},
				"arm_right": {
					"rotation": [-27.25, -80, 13.6],
					"position": [-1.25, -1, 1.5]
				},
				"arm_right2": {
					"rotation": [0, -70, 0]
				},
				"hand_right": {
					"rotation": [-48, -36, -15.25]
				},
				"finger_thumb_right": {
					"rotation": [45.45, -7, 30.4]
				},
				"finger_thumb_right2": {
					"rotation": [25, 0, 0]
				},
				"finger_thumb_right3": {
					"rotation": [15, 0, 0]
				},
				"finger_front_right": {
					"rotation": [-1.2, -12.4, -7.6]
				},
				"finger_front_right2": {
					"rotation": [0, 0, -20]
				},
				"finger_front_right3": {
					"rotation": [0, 0, -7.5]
				},
				"finger_back_right": {
					"rotation": [-5.5, 4.2, -19.5]
				},
				"finger_back_right2": {
					"rotation": [0, 0, -20]
				},
				"finger_back_right3": {
					"rotation": [0, 0, -12.5]
				},
				"neck_tube2": {
					"rotation": [7.39078, 3.53329, -3.54002]
				},
				"tail": {
					"rotation": [-25.5, -36.5, 18]
				},
				"tail2": {
					"rotation": [35.5, -43.5, 2.8]
				},
				"tail3": {
					"rotation": [54.7, -14.25, -17.6]
				},
				"tail4": {
					"rotation": [26.35, -12.8, -12]
				},
				"tail5": {
					"rotation": [20, -2, -1.5]
				},
				"tail6": {
					"rotation": [33.5, 12.8, 7.8]
				},
				"tail7": {
					"rotation": [32.6, 2.7, 0.55]
				},
				"tail8": {
					"rotation": [35.65, -10.2, -7.25]
				},
				"tail9": {
					"rotation": [25, 0, 0]
				},
				"leg_right": {
					"rotation": [-36.8, 10.55, 8.4]
				},
				"leg_right2": {
					"rotation": [30.15, -2.85, -6.95]
				},
				"foot_right": {
					"rotation": [32.25, -17, -15]
				},
				"eye_right": {
					"position": [0.1, 0, 0.1]
				},
				"eyelid_right": {
					"position": [-0.1, 0, -0.1]
				},
				"eye_left": {
					"position": [-0.1, 0, 0.1]
				},
				"eyelid_left": {
					"position": [0.1, 0, -0.1]
				},
				"leg_left": {
					"rotation": [-25, -15.5, -8.32]
				},
				"leg_left2": {
					"rotation": [42.7, 3.75, 6.5]
				},
				"foot_left": {
					"rotation": [22, 19.35, 11.7]
				},
				"body": {
					"position": [0, 1, 0]
				}
			}
		}
	}
}