{
  "target": "cobblemon:espeon",
  "features": ["kazeran"],
  "forms": [
  {
    "name": "Kazeran",
    "primaryType": "psychic",
    "secondaryType": "steel",
    "abilities": [
      "levitate",
      "psychicsurge",
      "h:prismcapacitor"
    ],
    "pokedex": [
      "cobblemon.species.espeon-kazeran.desc"
    ],
    "baseStats": {
      "hp": 65,
      "attack": 60,
      "defence": 110,
      "special_attack": 95,
      "special_defence": 130,
      "speed": 65
    },
    "catchRate": 45,
    "maleRatio": 0.875,
    "baseExperienceYield": 184,
    "baseFriendship": 35,
    "evYield": {
      "hp": 0,
      "attack": 0,
      "defence": 0,
      "special_attack": 0,
      "special_defence": 2,
      "speed": 0
    },
    "experienceGroup": "medium_fast",
    "eggCycles": 35,
    "eggGroups": [
      "field"
    ],
          "moves": [
        "1:metalstorm",
        "1:tailwhip",
        "1:tackle",
        "1:helpinghand",
        "1:confusion",
        "1:mirrorcoat",
        "1:flashcannon",
        "1:metalclaw",
        "1:copycat",
        "1:batonpass",
        "1:takedown",
        "1:charm",
        "1:doubleedge",
        "1:growl",
        "1:miracleeye",
        "5:sandattack",
        "10:quickattack",
        "15:babydolleyes",
        "20:swift",
        "25:psybeam",
        "30:calmmind",
        "35:irondefense",
        "40:psychic",
        "45:psychup",
        "50:flashcannon",
        "55:lastresort",
        "egg:mirrorshot",
        "egg:barrier",
        "egg:detect",
        "egg:ironhead",
        "egg:metalburst",
        "egg:recycle",
        "egg:teleport",
        "egg:cosmicpower",
        "egg:wish",
        "egg:yawn",
        "tm:steelbeam",
        "tm:alluringvoice",
        "tm:allyswitch",
        "tm:babydolleyes",
        "tm:batonpass",
        "tm:bodyslam",
        "tm:bodypress",
        "tm:calmmind",
        "tm:charm",
        "tm:confuseray",
        "tm:cosmicpower",
        "tm:chargebeam",
        "tm:cut",
        "tm:disarmingvoice",
        "tm:doubleedge",
        "tm:drainingkiss",
        "tm:dreameater",
        "tm:endure",
        "tm:energyball",
        "tm:expandingforce",
        "tm:facade",
        "tm:flashcannon",
        "tm:focusenergy",
        "tm:gravity",
        "tm:healbell",
        "tm:helpinghand",
        "tm:hyperbeam",
        "tm:hypervoice",
        "tm:imprison",
        "tm:irontail",
        "tm:laserfocus",
        "tm:lastresort",
        "tm:lightscreen",
        "tm:magnetrise",
        "tm:magiccoat",
        "tm:magicroom",
        "tm:metalsound",
        "tm:mirrorcoat",
        "tm:payday",
        "tm:powergem",
        "tm:powerswap",
        "tm:protect",
        "tm:psybeam",
        "tm:psychic",
        "tm:psychicfangs",
        "tm:psychicnoise",
        "tm:psychicterrain",
        "tm:psychup",
        "tm:psyshock",
        "tm:raindance",
        "tm:reflect",
        "tm:rest",
        "tm:retaliate",
        "tm:roar",
        "tm:shadowball",
        "tm:signalbeam",
        "tm:skillswap",
        "tm:sleeptalk",
        "tm:storedpower",
        "tm:substitute",
        "tm:sunnyday",
        "tm:swift",
        "tm:takedown",
        "tm:telekinesis",
        "tm:terablast",
        "tm:thunderwave",
        "tm:trailblaze",
        "tm:trick",
        "tm:trickroom",
        "tm:weatherball",
        "tm:workup",
        "tm:zenheadbutt",
        "tutor:allyswitch",
        "tutor:babydolleyes",
        "tutor:calmmind",
        "tutor:chargebeam",
        "tutor:cosmicpower",
        "tutor:expandingforce",
        "tutor:flashcannon",
        "tutor:focusenergy",
        "tutor:gravity",
        "tutor:healbell",
        "tutor:helpinghand",
        "tutor:hyperbeam",
        "tutor:hypervoice",
        "tutor:irontail",
        "tutor:laserfocus",
        "tutor:lastresort",
        "tutor:magiccoat",
        "tutor:magicroom",
        "tutor:mirrorcoat",
        "tutor:psychic",
        "tutor:rest",
        "tutor:shadowball",
        "tutor:signalbeam",
        "tutor:skillswap",
        "tutor:sleeptalk",
        "tutor:swift",
        "tutor:telekinesis",
        "tutor:trick"
    ],
    "drops": {
      "amount": 2,
      "entries": [
        {
          "item": "cobblemon:twisted_spoon",
          "percentage": 5.0
        },
        {
          "item": "cobblemon:metal_coat",
          "percentage": 5.0
        },
        {
          "item": "cobblemon:sun_stone",
          "percentage": 15.0
        }
      ]
    },
    "labels": [
      "gen2",
      "kazeran_form"
    ],
    "aspects": [
      "kazeran"
    ],
    "baseScale": 0.8,
    "preEvolution": "eevee",
    "cannotDynamax": false,
    "battleOnly": true,
    "behaviour": {
    "moving": {
      "walk": {
        "walkSpeed": 0.4
      }
    },
    "resting": {
      "canSleep": true,
      "light": "0-4"
    }
  }
  }
]
}