{
  "target": "cobblemon:flareon",
  "features": ["kazeran"],
  "forms": [
  {
    "name": "Kazeran",
    "primaryType": "fire",
    "secondaryType": "dragon",
    "abilities": [
    "rockhead",
    "marvelscale",
    "h:dragonsrage"
    ],
    "pokedex": [
      "cobblemon.species.flareon-kazeran.desc"
    ],
    "baseStats": {
    "hp": 95,
    "attack": 130,
    "defence": 60,
    "special_attack": 110,
    "special_defence": 65,
    "speed": 65
    },
    "catchRate": 45,
    "maleRatio": 0.875,
    "baseExperienceYield": 184,
    "baseFriendship": 35,
    "evYield": {
      "hp": 0,
      "attack": 2,
      "defence": 0,
      "special_attack": 0,
      "special_defence": 0,
      "speed": 0
    },
    "experienceGroup": "medium_fast",
    "eggCycles": 35,
    "eggGroups": [
      "field"
    ],
    "moves": [
        "1:dracoblazerush",
        "1:tailwhip",
        "1:tackle",
        "1:helpinghand",
        "1:ember",
        "1:swift",
        "1:covet",
        "1:copycat",
        "1:batonpass",
        "1:takedown",
        "1:charm",
        "1:doubleedge",
        "1:growl",
        "1:trumpcard",
        "1:refresh",
        "5:sandattack",
        "10:quickattack",
        "15:dragontail",
        "20:smokescreen",
        "25:dragonbreath",
        "30:firefang",
        "35:flamewheel",
        "40:dragonpulse",
        "45:scaryface",
        "50:flareblitz",
        "55:outrage",
        "egg:captivate",
        "egg:curse",
        "egg:detect",
        "egg:doublekick",
        "egg:flail",
        "egg:mudslap",
        "egg:naturalgift",
        "egg:synchronoise",
        "egg:tickle",
        "egg:wish",
        "egg:yawn",
        "tm:alluringvoice",
        "tm:babydolleyes",
        "tm:batonpass",
        "tm:bodyslam",
        "tm:breaking_swipe",
        "tm:burningjealousy",
        "tm:calmmind",
        "tm:captivate",
        "tm:charm",
        "tm:covet",
        "tm:curse",
        "tm:dig",
        "tm:doubleedge",
        "tm:dragonclaw",
        "tm:dragondance",
        "tm:echoedvoice",
        "tm:endeavor",
        "tm:endure",
        "tm:facade",
        "tm:faketears",
        "tm:fireblast",
        "tm:firefang",
        "tm:flamecharge",
        "tm:flamethrower",
        "tm:flareblitz",
        "tm:focusenergy",
        "tm:gigaimpact",
        "tm:headbutt",
        "tm:healbell",
        "tm:heatwave",
        "tm:helpinghand",
        "tm:hyperbeam",
        "tm:hypervoice",
        "tm:incinerate",
        "tm:irontail",
        "tm:laserfocus",
        "tm:lastresort",
        "tm:mudslap",
        "tm:mysticalfire",
        "tm:naturalgift",
        "tm:overheat",
        "tm:payday",
        "tm:protect",
        "tm:rest",
        "tm:retaliate",
        "tm:roar",
        "tm:rocksmash",
        "tm:scaryface",
        "tm:scorchingsands",
        "tm:shadowball",
        "tm:sleeptalk",
        "tm:storedpower",
        "tm:strength",
        "tm:substitute",
        "tm:sunnyday",
        "tm:superpower",
        "tm:swift",
        "tm:takedown",
        "tm:temperflare",
        "tm:terablast",
        "tm:trailblaze",
        "tm:weatherball",
        "tm:willowisp",
        "tm:workup",
        "tutor:babydolleyes",
        "tutor:breaking_swipe",
        "tutor:burningjealousy",
        "tutor:calmmind",
        "tutor:covet",
        "tutor:dragonpulse",
        "tutor:endeavor",
        "tutor:firefang",
        "tutor:flamethrower",
        "tutor:focusenergy",
        "tutor:gigaimpact",
        "tutor:healbell",
        "tutor:heatwave",
        "tutor:helpinghand",
        "tutor:hyperbeam",
        "tutor:hypervoice",
        "tutor:irontail",
        "tutor:laserfocus",
        "tutor:lastresort",
        "tutor:mudslap",
        "tutor:mysticalfire",
        "tutor:outrage",
        "tutor:powershift",
        "tutor:rest",
        "tutor:rocksmash",
        "tutor:scorchingsands",
        "tutor:shadowball",
        "tutor:sleeptalk",
        "tutor:superpower",
        "tutor:swift"
    ],
    "drops": {
      "amount": 2,
      "entries": [
      {
        "item": "cobblemon:fire_stone",
        "percentage": 15.0
      },
      {
        "item": "cobblemon:charcoal_stick",
        "percentage": 5.0
      },
      {
        "item": "cobblemon:dragon_scale",
        "percentage": 15.0
      },
      {
        "item": "cobblemon:dragon_fang",
        "percentage": 5.0
      }
      ]
    },
    "labels": [
      "gen2",
      "kazeran_form"
    ],
    "aspects": [
      "kazeran"
    ],
    "baseScale": 0.8,
    "preEvolution": "eevee",
    "cannotDynamax": false,
    "battleOnly": true,
    "behaviour": {
    "moving": {
      "walk": {
        "walkSpeed": 0.4
      }
    },
    "resting": {
      "canSleep": true,
      "willSleepOnBed": true,
      "light": "0-4"
    }
  }
  }
]
}