{
  "target": "cobblemon:glaceon",
  "features": ["kazeran"],
  "forms": [
      {
      "name": "Kazeran",
      "primaryType": "ice",
      "secondaryType": "fire",
      "abilities": [
        "icescales",
        "thermalbloom",
        "h:solarpower"
      ],
      "pokedex": [
        "cobblemon.species.glaceon-kazeran.desc"
      ],
      "baseStats": {
      "hp": 65,
      "attack": 60,
      "defence": 65,
      "special_attack": 130,
      "special_defence": 95,
      "speed": 110
      },
      "catchRate": 45,
      "maleRatio": 0.875,
      "baseExperienceYield": 184,
      "baseFriendship": 50,
      "evYield": {
        "hp": 0,
        "attack": 0,
        "defence": 0,
        "special_attack": 2,
        "special_defence": 0,
        "speed": 0
      },
      "experienceGroup": "medium_fast",
      "eggCycles": 25,
      "eggGroups": [
        "field"
      ],"moves": [
        "1:helpinghand",
    "1:heatwave",
    "1:flashfreezeheatwave",
    "1:icywind",
    "1:tackle",
    "9:babydolleyes",
    "13:quickattack",
    "17:bite",
    "19:icefang",
    "20:firefang",
    "24:flamewheel",
    "25:iceshard",
    "29:barrier",
    "33:mirrorcoat",
    "37:snowscape",
    "37:sunnyday",
    "41:freezedry",
    "45:fireblast",
    "50:lastresort",
    "54:flamethrower",
    "egg:captivate",
    "egg:charm",
    "egg:covet",
    "egg:curse",
    "egg:detect",
    "egg:doublekick",
    "egg:endure",
    "egg:faketears",
    "egg:flamecharge",
    "egg:flareblitz",
    "egg:incinerate",
    "egg:mudslap",
    "egg:storedpower",
    "egg:synchronoise",
    "egg:tickle",
    "egg:wish",
    "egg:yawn",
    "tm:blizzard",
    "tm:calmmind",
    "tm:dig",
    "tm:facade",
    "tm:firespin",
    "tm:frostbreath",
    "tm:snowscape",
    "tm:sunnyday",
    "tm:hiddenpower",
    "tm:hypervoice",
    "tm:icebeam",
    "tm:icywind",
    "tm:irontail",
    "tm:protect",
    "tm:raindance",
    "tm:rest",
    "tm:return",
    "tm:roar",
    "tm:rocksmash",
    "tm:shadowball",
    "tm:sleeptalk",
    "tm:strength",
    "tm:substitute",
    "tm:sunnyday",
    "tm:toxic",
    "tm:tripleaxel",
    "tm:willowisp",
    "tm:workup",
    "tm:alluringvoice",
    "tutor:aquatail",
    "tutor:batonpass",
    "tutor:bodyslam",
    "tutor:celebrate",
    "tutor:confide",
    "tutor:covet",
    "tutor:earthpower",
    "tutor:firefang",
    "tutor:faketears",
    "tutor:focusenergy",
    "tutor:heatwave",
    "tutor:helpinghand",
    "tutor:hypervoice",
    "tutor:icefang",
    "tutor:iciclespear",
    "tutor:icywind",
    "tutor:laserfocus",
    "tutor:lastresort",
    "tutor:signalbeam",
    "tutor:snore",
    "tutor:storedpower",
    "tutor:weatherball"
  ],
      "drops": {
        "amount": 2,
        "entries": [
          {
            "item": "cobblemon:ice_stone",
            "percentage": 15.0
          },
          {
            "item": "cobblemon:never_melt_ice",
            "percentage": 5.0
          },
          {
            "item": "cobblemon:fire_stone",
            "percentage": 15.0
          },
          {
            "item": "cobblemon:charcoal_stick",
            "percentage": 5.0
          }

        ]
      },
      "labels": [
        "gen4",
        "kazeran_form"
      ],
      "aspects": [
        "kazeran"
      ],
      "baseScale": 0.8,
      "preEvolution": "eevee",
      "cannotDynamax": false,
      "battleOnly": true,
      
    "behaviour": {
    "moving": {
      "walk": {
        "walkSpeed": 0.4
      }
    },
    "resting": {
      "canSleep": true,
      "willSleepOnBed": true,
      "light": "0-4"
    }
  },
  "lightingData": {
   "lightLevel": 4,
   "liquidGlowMode": "LAND"
 }
    }
    ]
}