{
  "target": "cobblemon:jolteon",
  "features": ["kazeran"],
  "forms": [
  {
    "name": "Kazeran",
    "primaryType": "electric",
    "secondaryType": "ground",
    "abilities": [
    "lightningrod",
    "magneticflux",
    "h:sandrush"
    ],
    "pokedex": [
      "cobblemon.species.jolteon-kazeran.desc"
    ],
    "baseStats": {
    "hp": 60,
    "attack": 65,
    "defence": 95,
    "special_attack": 110,
    "special_defence": 65,
    "speed": 130
    },
    "catchRate": 45,
    "maleRatio": 0.875,
    "baseExperienceYield": 184,
    "baseFriendship": 35,
    "evYield": {
    "hp": 0,
    "attack": 0,
    "defence": 0,
    "special_attack": 0,
    "special_defence": 0,
    "speed": 2
    },
    "experienceGroup": "medium_fast",
    "eggCycles": 35,
    "eggGroups": [
      "field"
    ],
    "moves": [
          "1:shockwaveslam",
          "1:tailwhip",
          "1:tackle",
          "1:helpinghand",
          "1:thundershock",
          "1:swift",
          "1:covet",
          "1:bite",
          "1:copycat",
          "1:batonpass",
          "1:takedown",
          "1:charm",
          "1:doubleedge",
          "1:growl",
          "1:trumpcard",
          "1:refresh",
          "5:sandattack",
          "10:quickattack",
          "15:babydolleyes",
          "20:thunderwave",
          "25:mudbomb",
          "30:thunderfang",
          "35:pinmissile",
          "40:earthpower",  
          "45:agility",
          "50:thunder",
          "55:lastresort",
          "60:earthquake",
          "egg:captivate",
          "egg:curse",
          "egg:detect",
          "egg:doublekick",
          "egg:flail",
          "egg:mudslap",
          "egg:naturalgift",
          "egg:synchronoise",
          "egg:tickle",
          "egg:wish",
          "egg:yawn",
          "tm:agility",
          "tm:alluringvoice",
          "tm:babydolleyes",
          "tm:batonpass",
          "tm:bodyslam",
          "tm:calmmind",
          "tm:captivate",
          "tm:charge",
          "tm:charm",
          "tm:covet",
          "tm:curse",
          "tm:dig",
          "tm:doubleedge",
          "tm:echoedvoice",
          "tm:eerieimpulse",
          "tm:electricterrain",
          "tm:electroball",
          "tm:electroweb",
          "tm:endure",
          "tm:facade",
          "tm:faketears",
          "tm:falseswipe",
          "tm:flash",
          "tm:focusenergy",
          "tm:gigaimpact",
          "tm:headbutt",
          "tm:healbell",
          "tm:helpinghand",
          "tm:hyperbeam",
          "tm:hypervoice",
          "tm:irontail",
          "tm:laserfocus",
          "tm:lastresort",
          "tm:lightscreen",
          "tm:magnetrise",
          "tm:metalsound",
          "tm:mudbomb",
          "tm:mudslap",
          "tm:earthpower",
          "tm:rockslide",
          "tm:naturalgift",
          "tm:payday",
          "tm:pinmissile",
          "tm:protect",
          "tm:raindance",
          "tm:rest",
          "tm:retaliate",
          "tm:risingvoltage",
          "tm:roar",
          "tm:rocksmash",
          "tm:shadowball",
          "tm:shockwave",
          "tm:signalbeam",
          "tm:sleeptalk",
          "tm:storedpower",
          "tm:strength",
          "tm:substitute",
          "tm:sunnyday",
          "tm:swift",
          "tm:takedown",
          "tm:terablast",
          "tm:thunder",
          "tm:thunderbolt",
          "tm:thunderfang",
          "tm:thunderwave",
          "tm:trailblaze",
          "tm:voltswitch",
          "tm:weatherball",
          "tm:wildcharge",
          "tm:workup",
          "tutor:babydolleyes",
          "tutor:calmmind",
          "tutor:covet",
          "tutor:electroweb",
          "tutor:falseswipe",
          "tutor:focusenergy",
          "tutor:gigaimpact",
          "tutor:healbell",
          "tutor:helpinghand",
          "tutor:hyperbeam",
          "tutor:hypervoice",
          "tutor:irontail",
          "tutor:laserfocus",
          "tutor:lastresort",
          "tutor:magnetrise",
          "tutor:mudbomb",
          "tutor:mudslap",
          "tutor:earthpower",
          "tutor:rockslide",
          "tutor:rest",
          "tutor:risingvoltage",
          "tutor:rocksmash",
          "tutor:shadowball",
          "tutor:shockwave",
          "tutor:signalbeam",
          "tutor:sleeptalk",
          "tutor:swift",
          "tutor:thunderbolt",
          "tutor:thunderfang",
          "tutor:wildcharge"
    ],
    "drops": {
      "amount": 2,
      "entries": [
      {
        "item": "cobblemon:thunder_stone",
        "percentage": 15.0
      },
      {
        "item": "cobblemon:magnet",
        "percentage": 5.0
      },
      {
        "item": "cobblemon:ground_gem",
        "percentage": 10.0
      },
      {
        "item": "cobblemon:soft_sand",
        "percentage": 5.0
      }
      ]
    },
    "labels": [
      "gen2",
      "kazeran_form"
    ],
    "aspects": [
      "kazeran"
    ],
    "baseScale": 0.8,
    "preEvolution": "eevee",
    "cannotDynamax": false,
    "battleOnly": true,
    "behaviour": {
    "moving": {
      "walk": {
        "walkSpeed": 0.4
      }
    },
    "resting": {
      "canSleep": true,
      "willSleepOnBed": true,
      "light": "0-4"
    }
  }
  }
]
}