{
  "target": "cobblemon:leafeon",
  "preEvolution": "eevee",
  "evolutions": [],
  "features": ["kazeran"],
  "forms": [
      {
      "name": "Kazeran",
      "primaryType": "grass",
      "secondaryType": "ghost",
      "abilities": [
        "witheringaura",
        "cursedbody",
        "h:shadowtag"
      ],
      "pokedex": [
        "cobblemon.species.leafeon-kazeran.desc"
      ],
      "baseStats": {
      "hp": 130,
      "attack": 110,
      "defence": 65,
      "special_attack": 65,
      "special_defence": 60,
      "speed": 95
      },
      "catchRate": 45,
      "maleRatio": 0.875,
      "baseExperienceYield": 184,
      "baseFriendship": 50,
      "evYield": {
        "hp": 2,
        "attack": 0,
        "defence": 0,
        "special_attack": 0,
        "special_defence": 0,
        "speed": 0
      },
      "experienceGroup": "medium_fast",
      "eggCycles": 25,
      "eggGroups": [
        "field"
      ],"moves": [
        "1:phantombloom",
        "1:tailwhip",
        "1:astonish",
        "1:razorleaf",
        "1:grasswhistle",
        "1:copycat",
        "5:sandattack",
        "10:quickattack",
        "15:babydolleyes",
        "20:leechseed",
        "25:magicalleaf",
        "28:shadowsneak",
        "30:willowisp",
        "35:curse",
        "40:hex",
        "45:gigadrain",
        "50:swordsdance",
        "55:phantomforce",
        "60:leafblade",
        "65:destinybond",
        "egg:moonlight",
        "egg:grudge",
        "egg:spite",
        "egg:wish",
        "egg:yawn",
        "egg:cottonspore",
        "egg:tickle",
        "tm:shadowball",
        "tm:energyball",
        "tm:willowisp",
        "tm:sunnyday",
        "tm:protect",
        "tm:swordsdance",
        "tm:substitute",
        "tm:gigadrain",
        "tm:leafblade",
        "tm:trailblaze",
        "tm:phantomforce",
        "tm:calmmind",
        "tm:rest",
        "tm:sleeptalk",
        "tm:terablast",
        "tutor:shadowball",
        "tutor:willowisp",
        "tutor:gigadrain",
        "tutor:synthesis",
        "tutor:seedbomb",
        "tutor:hex",
        "tutor:leechseed",
        "tutor:calmmind"

  ],
      "drops": {
        "amount": 2,
        "entries": [
          {
            "item": "cobblemon:leaf_stone",
            "percentage": 15.0
          },
          {
            "item": "cobblemon:miracle_seed",
            "percentage": 5.0
          },
          {
            "item": "cobblemon:dusk_stone",
            "percentage": 15.0
          },
          {
            "item": "cobblemon:spell_tag",
            "percentage": 5.0
          }

        ]
      },
      "labels": [
        "gen4",
        "kazeran_form"
      ],
      "aspects": [
        "kazeran"
      ],
      "baseScale": 0.8,
      "preEvolution": "eevee",
      "cannotDynamax": false,
      "battleOnly": true,
      
    "behaviour": {
    "moving": {
      "walk": {
        "walkSpeed": 0.4
      }
    },
    "resting": {
      "canSleep": true,
      "willSleepOnBed": true,
      "light": "0-4"
    }
  }
    }
    ]
}