{
  "target": "cobblemon:sylveon",
  "preEvolution": "eevee",
  "evolutions": [],
  "features": ["kazeran"],
  "forms": [
      {
      "name": "Kazeran",
      "primaryType": "fairy",
      "secondaryType": "poison",
      "abilities": [
        "cutecharm",
        "toxicribbons",
        "h:poisontouch"
      ],
      "pokedex": [
        "cobblemon.species.sylveon-kazeran.desc"
      ],
      "baseStats": {
      "hp": 95,
      "attack": 110,
      "defence": 65,
      "special_attack": 65,
      "special_defence": 130,
      "speed": 60
      },
      "catchRate": 45,
      "maleRatio": 0.875,
      "baseExperienceYield": 184,
      "baseFriendship": 50,
      "evYield": {
        "hp": 0,
        "attack": 0,
        "defence": 0,
        "special_attack": 0,
        "special_defence": 2,
        "speed": 0
      },
      "experienceGroup": "medium_fast",
      "eggCycles": 25,
      "eggGroups": [
        "field"
      ],"moves": [
        "1:venomousembrace",
        "1:tailwhip",
        "1:tackle",
        "1:helpinghand",
        "1:poisonsting",
        "1:playrough",
        "1:covet",
        "1:bite",
        "1:copycat",
        "1:batonpass",
        "1:takedown",
        "1:charm",
        "1:doubleedge",
        "1:growl",
        "1:refresh",
        "5:sandattack",
        "10:quickattack",
        "15:babydolleyes",
        "20:venoshock",
        "25:toxicspikes",
        "30:drainingkiss",
        "35:mistyterrain",
        "40:crosspoison",
        "45:swordsdance",
        "50:poisonjab",
        "55:lastresort",
        "egg:curse",
        "egg:doublekick",
        "egg:fakeout",
        "egg:mudslap",
        "egg:naturalgift",
        "egg:suckerpunch",
        "egg:tickle",
        "egg:wish",
        "egg:yawn",
        "tm:playrough",
        "tm:poisonjab",
        "tm:bodyslam",
        "tm:calmmind",
        "tm:charm",
        "tm:covet",
        "tm:curse",
        "tm:cut",
        "tm:dig",
        "tm:doubleedge",
        "tm:endure",
        "tm:facade",
        "tm:focusenergy",
        "tm:gigaimpact",
        "tm:helpinghand",
        "tm:hyperbeam",
        "tm:irontail",
        "tm:laserfocus",
        "tm:lastresort",
        "tm:lightscreen",
        "tm:magicalleaf",
        "tm:mistyterrain",
        "tm:mudslap",
        "tm:payday",
        "tm:protect",
        "tm:psychup",
        "tm:raindance",
        "tm:reflect",
        "tm:rest",
        "tm:retaliate",
        "tm:roar",
        "tm:rocksmash",
        "tm:shadowclaw",
        "tm:sleeptalk",
        "tm:substitute",
        "tm:sunnyday",
        "tm:swift",
        "tm:takedown",
        "tm:terablast",
        "tm:trailblaze",
        "tm:toxic",
        "tm:venoshock",
        "tm:workup",
        "tutor:babydolleyes",
        "tutor:bodyslam",
        "tutor:covet",
        "tutor:drainpunch",
        "tutor:fakeout",
        "tutor:focusenergy",
        "tutor:gigaimpact",
        "tutor:helpinghand",
        "tutor:hyperbeam",
        "tutor:irontail",
        "tutor:laserfocus",
        "tutor:lastresort",
        "tutor:magicalleaf",
        "tutor:playrough",
        "tutor:rest",
        "tutor:rocksmash",
        "tutor:shadowclaw",
        "tutor:sleeptalk",
        "tutor:superfang",
        "tutor:swift",
        "tutor:toxicspikes"
  ],
      "drops": {
        "amount": 2,
        "entries": [
          {
            "item": "cobblemon:toxic_orb",
            "percentage": 15.0
          },
          {
            "item": "cobblemon:fairy_feather",
            "percentage": 5.0
          },
          {
            "item": "cobblemon:poison_barb",
            "percentage": 5.0
          }

        ]
      },
      "labels": [
        "gen4",
        "kazeran_form"
      ],
      "aspects": [
        "kazeran"
      ],
      "baseScale": 0.8,
      "preEvolution": "eevee",
      "cannotDynamax": false,
      "battleOnly": true,
      
    "behaviour": {
    "moving": {
      "walk": {
        "walkSpeed": 0.4
      }
    },
    "resting": {
      "canSleep": true,
      "willSleepOnBed": true,
      "light": "0-4"
    }
  }
    }
    ]
}