{
  "target": "cobblemon:umbreon",
  "features": ["kazeran"],
  "forms": [
  {
    "name": "Kazeran",
    "primaryType": "dark",
    "secondaryType": "flying",
    "abilities": [
      "competitive",
      "aerilate",
      "h:shadowstriker"
    ],
    "pokedex": [
      "cobblemon.species.umbreon-kazeran.desc"
    ],
    "baseStats": {
      "hp": 65,
      "attack": 65,
      "defence": 130,
      "special_attack": 95,
      "special_defence": 110,
      "speed": 60
    },
    "catchRate": 45,
    "maleRatio": 0.875,
    "baseExperienceYield": 184,
    "baseFriendship": 35,
    "evYield": {
      "hp": 0,
      "attack": 0,
      "defence": 2,
      "special_attack": 0,
      "special_defence": 0,
      "speed": 0
    },
    "experienceGroup": "medium_fast",
    "eggCycles": 35,
    "eggGroups": [
      "field"
    ],
    "moves": [
      "1:radiantdescent",
      "1:gust",
      "1:tailwhip",
      "1:tackle",
      "1:helpinghand",
      "1:pursuit",
      "1:feintattack",
      "1:swift",
      "1:covet",
      "1:snarl",
      "1:bite",
      "1:copycat",
      "1:batonpass",
      "1:takedown",
      "1:charm",
      "1:doubleedge",
      "1:growl",
      "1:trumpcard",
      "1:refresh",
      "5:sandattack",
      "10:quickattack",
      "12:wingattack",
      "15:babydolleyes",
      "20:confuseray",
      "25:assurance",
      "30:moonlight",
      "35:guardswap",
      "40:darkpulse",
      "45:screech",
      "50:meanlook",
      "52:hurricane",
      "55:lastresort",
      "egg:curse",
      "egg:detect",
      "egg:doublekick",
      "egg:flail",
      "egg:mudslap",
      "egg:naturalgift",
      "egg:synchronoise",
      "egg:tickle",
      "egg:wish",
      "egg:yawn",
      "egg:skyattack",
      "egg:roost",
      "egg:bravebird",
      "egg:airslash",
      "tm:acrobatics",
      "tm:aerialace",
      "tm:airslash",
      "tm:assurance",
      "tm:babydolleyes",
      "tm:batonpass",
      "tm:bodyslam",
      "tm:calmmind",
      "tm:captivate",
      "tm:charm",
      "tm:confuseray",
      "tm:covet",
      "tm:crunch",
      "tm:curse",
      "tm:cut",
      "tm:darkpulse",
      "tm:dig",
      "tm:doubleedge",
      "tm:dreameater",
      "tm:echoedvoice",
      "tm:endure",
      "tm:facade",
      "tm:faketears",
      "tm:flash",
      "tm:focusenergy",
      "tm:foulplay",
      "tm:gigaimpact",
      "tm:guardswap",
      "tm:headbutt",
      "tm:healbell",
      "tm:helpinghand",
      "tm:hyperbeam",
      "tm:hypervoice",
      "tm:hurricane",
      "tm:irontail",
      "tm:laserfocus",
      "tm:lashout",
      "tm:lastresort",
      "tm:lightscreen",
      "tm:mudslap",
      "tm:naturalgift",
      "tm:payback",
      "tm:payday",
      "tm:powershift",
      "tm:protect",
      "tm:psychic",
      "tm:psychup",
      "tm:raindance",
      "tm:reflect",
      "tm:rest",
      "tm:retaliate",
      "tm:roar",
      "tm:roost",
      "tm:scaryface",
      "tm:screech",
      "tm:shadowball",
      "tm:skillswap",
      "tm:sleeptalk",
      "tm:snarl",
      "tm:snatch",
      "tm:spite",
      "tm:storedpower",
      "tm:substitute",
      "tm:suckerpunch",
      "tm:sunnyday",
      "tm:swift",
      "tm:takedown",
      "tm:taunt",
      "tm:terablast",
      "tm:thief",
      "tm:throatchop",
      "tm:thunderwave",
      "tm:torment",
      "tm:toxic",
      "tm:trailblaze",
      "tm:uturn",
      "tm:weatherball",
      "tm:wonderroom",
      "tm:workup",
      "tutor:acrobatics",
      "tutor:aerialace",
      "tutor:airslash",
      "tutor:babydolleyes",
      "tutor:calmmind",
      "tutor:covet",
      "tutor:darkpulse",
      "tutor:focusenergy",
      "tutor:foulplay",
      "tutor:gigaimpact",
      "tutor:healbell",
      "tutor:helpinghand",
      "tutor:hyperbeam",
      "tutor:hypervoice",
      "tutor:hurricane",
      "tutor:irontail",
      "tutor:laserfocus",
      "tutor:lashout",
      "tutor:lastresort",
      "tutor:mudslap",
      "tutor:powershift",
      "tutor:psychic",
      "tutor:rest",
      "tutor:roost",
      "tutor:shadowball",
      "tutor:skillswap",
      "tutor:sleeptalk",
      "tutor:snarl",
      "tutor:snatch",
      "tutor:spite",
      "tutor:suckerpunch",
      "tutor:swift",
      "tutor:throatchop",
      "tutor:uturn",
      "tutor:wonderroom"
    ],
    "drops": {
      "amount": 2,
      "entries": [
        {
          "item": "cobblemon:sharp_beak",
          "percentage": 5.0
        },
        {
          "item": "cobblemon:iron_ball",
          "percentage": 5.0
        },
        {
          "item": "cobblemon:black_glasses",
          "percentage": 5.0
        }
      ]
    },
    "labels": [
      "gen2",
      "kazeran_form"
    ],
    "aspects": [
      "kazeran"
    ],
    "baseScale": 0.8,
    "preEvolution": "eevee",
    "cannotDynamax": false,
    "battleOnly": true,
    "behaviour": {
    "moving": {
      "walk": {
        "walkSpeed": 0.4
      }
    },
    "resting": {
      "canSleep": true,
      "willSleepOnBed": true,
      "light": "0-4"
    }
  }
  }
]
}