{
  "target": "cobblemon:vaporeon",
  "features": ["kazeran"],
  "forms": [
  {
    "name": "Kazeran",
    "primaryType": "water",
    "secondaryType": "fairy",
    "abilities": [
      "liquidvoice",
      "cutecharm",
      "h:sonicresonance"
    ],
    "pokedex": [
      "cobblemon.species.vaporeon-kazeran.desc"
    ],
    "baseStats": {
      "hp": 130,
      "attack": 60,
      "defence": 65,
      "special_attack": 110,
      "special_defence": 65,
      "speed": 95
    },
    "catchRate": 45,
    "maleRatio": 0.875,
    "baseExperienceYield": 184,
    "baseFriendship": 35,
    "evYield": {
      "hp": 2,
      "attack": 0,
      "defence": 0,
      "special_attack": 0,
      "special_defence": 0,
      "speed": 0
    },
    "experienceGroup": "medium_fast",
    "eggCycles": 35,
    "eggGroups": [
      "field"
    ],
    "moves": [
    "0:bubble",
    "1:sirenssong",
    "1:tailwhip",
    "1:tackle",
    "1:helpinghand",
    "1:watergun",
    "1:drainingkiss",
    "1:swift",
    "1:covet",
    "1:copycat",
    "1:batonpass",
    "1:takedown",
    "1:charm",
    "1:growl",
    "1:mistyterrain",
    "1:refresh",
    "5:sandattack",
    "10:quickattack",
    "15:babydolleyes",
    "20:aquaring",
    "22:moonblast",
    "25:waterpulse",
    "30:dazzlinggleam",
    "35:muddywater",
    "40:hypervoice",
    "45:perishsong",
    "50:hydropump",
    "55:lastresort",
    "egg:captivate",
    "egg:curse",
    "egg:detect",
    "egg:doublekick",
    "egg:flail",
    "egg:mudslap",
    "egg:naturalgift",
    "egg:synchronoise",
    "egg:tickle",
    "egg:wish",
    "egg:yawn",
    "tm:alluringvoice",
    "tm:aquatail",
    "tm:babydolleyes",
    "tm:batonpass",
    "tm:blizzard",
    "tm:bodyslam",
    "tm:brine",
    "tm:calmmind",
    "tm:captivate",
    "tm:charm",
    "tm:chillingwater",
    "tm:covet",
    "tm:curse",
    "tm:dig",
    "tm:dive",
    "tm:doubleedge",
    "tm:echoedvoice",
    "tm:endure",
    "tm:facade",
    "tm:faketears",
    "tm:flipturn",
    "tm:focusenergy",
    "tm:gigaimpact",
    "tm:hail",
    "tm:haze",
    "tm:headbutt",
    "tm:healbell",
    "tm:helpinghand",
    "tm:hydropump",
    "tm:hyperbeam",
    "tm:hypervoice",
    "tm:icebeam",
    "tm:icywind",
    "tm:irontail",
    "tm:laserfocus",
    "tm:lastresort",
    "tm:liquidation",
    "tm:muddywater",
    "tm:mudslap",
    "tm:naturalgift",
    "tm:moonblast",
    "tm:playrough",
    "tm:protect",
    "tm:raindance",
    "tm:rest",
    "tm:retaliate",
    "tm:roar",
    "tm:rocksmash",
    "tm:round",
    "tm:scald",
    "tm:shadowball",
    "tm:signalbeam",
    "tm:sleeptalk",
    "tm:storedpower",
    "tm:strength",
    "tm:substitute",
    "tm:sunnyday",
    "tm:surf",
    "tm:swift",
    "tm:takedown",
    "tm:terablast",
    "tm:trailblaze",
    "tm:waterfall",
    "tm:waterpulse",
    "tm:weatherball",
    "tm:whirlpool",
    "tm:workup",
    "tutor:aquatail",
    "tutor:babydolleyes",
    "tutor:calmmind",
    "tutor:covet",
    "tutor:dive",
    "tutor:flipturn",
    "tutor:focusenergy",
    "tutor:gigaimpact",
    "tutor:healbell",
    "tutor:helpinghand",
    "tutor:hyperbeam",
    "tutor:hypervoice",
    "tutor:icebeam",
    "tutor:icywind",
    "tutor:irontail",
    "tutor:laserfocus",
    "tutor:lastresort",
    "tutor:liquidation",
    "tutor:mudslap",
    "tutor:rest",
    "tutor:rocksmash",
    "tutor:shadowball",
    "tutor:signalbeam",
    "tutor:sleeptalk",
    "tutor:swift",
    "tutor:waterpulse",
    "legacy:attract",
    "legacy:bide",
    "legacy:bubblebeam",
    "legacy:confide",
    "legacy:doubleteam",
    "legacy:frustration",
    "legacy:hiddenpower",
    "legacy:mimic",
    "legacy:mist",
    "legacy:rage",
    "legacy:reflect",
    "legacy:return",
    "legacy:round",
    "legacy:secretpower",
    "legacy:skullbash",
    "legacy:snore",
    "legacy:swagger",
    "legacy:toxic",
    "special:celebrate",
    "special:sing"
    ],
    "drops": {
      "amount": 2,
      "entries": [
        {
          "item": "cobblemon:water_stone",
          "percentage": 15.0
        },
        {
          "item": "cobblemon:mystic_water",
          "percentage": 5.0
        },
        {
          "item": "cobblemon:shiny_stone",
          "percentage": 15.0
        },
        {
          "item": "cobblemon:fairy_feather",
          "percentage": 5.0
        }
      ]
    },
    "labels": [
      "gen1",
      "kazeran_form"
    ],
    "aspects": [
      "kazeran"
    ],
    "baseScale": 0.8,
    "preEvolution": "eevee",
    "cannotDynamax": false,
    "battleOnly": true,
    "behaviour": {
    "moving": {
      "walk": {
        "walkSpeed": 0.4
      },
      "swim": {
        "canBreatheUnderwater": true,
        "canWalkOnWater": true,
        "canSwimInWater": true,
        "canSwimInLava": false
      }
    },
    "resting": {
      "canSleep": true,
      "willSleepOnBed": true,
      "light": "0-4"
    }
  }
  }
]
}