{
	"format_version": "1.12.0",
	"minecraft:geometry": [
		{
			"description": {
				"identifier": "geometry.durant",
				"texture_width": 64,
				"texture_height": 64,
				"visible_bounds_width": 3,
				"visible_bounds_height": 2.5,
				"visible_bounds_offset": [0, 0.75, 0]
			},
			"bones": [
				{
					"name": "durant",
					"pivot": [0, 0, 0]
				},
				{
					"name": "body",
					"parent": "durant",
					"pivot": [0, 10.25, 0]
				},
				{
                    "name": "locator_seat_1",
                    "parent": "body",
                    "pivot": [0, 12, 0],
                    "locators": {
                        "seat_1": [0, 12, 0]
                    }
                },
				{
					"name": "torso",
					"parent": "body",
					"pivot": [0, 9.9, 0],
					"cubes": [
						{"origin": [-2.5, 6.75, -2.5], "size": [5, 7, 5], "uv": [0, 14]},
						{"origin": [-2, 7.25, -3.5], "size": [4, 5, 1], "uv": [30, 34]}
					]
				},
				{
					"name": "head",
					"parent": "torso",
					"pivot": [0, 9.15, -3.5],
					"cubes": [
						{"origin": [-2.5, 6.75, -8.5], "size": [5, 5, 5], "uv": [20, 14]}
					]
				},
				{
					"name": "mouth_left",
					"parent": "head",
					"pivot": [1, 7.64, -8.01],
					"cubes": [
						{"origin": [0.5, 6.74, -8.51], "size": [1, 2, 1], "uv": [0, 41]}
					]
				},
				{
					"name": "mouth_middle",
					"parent": "head",
					"pivot": [0, 7.64, -8.01],
					"cubes": [
						{"origin": [-0.5, 6.74, -8.51], "size": [1, 2, 1], "uv": [40, 33]}
					]
				},
				{
					"name": "mouth_right",
					"parent": "head",
					"pivot": [-1, 7.64, -8.01],
					"cubes": [
						{"origin": [-1.5, 6.74, -8.51], "size": [1, 2, 1], "uv": [40, 30]}
					]
				},
				{
					"name": "mandible_left",
					"parent": "head",
					"pivot": [2, 7.65, -7.5],
					"cubes": [
						{"origin": [-0.5, 7.75, -12], "size": [5, 0, 5], "uv": [17, 0]}
					]
				},
				{
					"name": "mandible_right",
					"parent": "head",
					"pivot": [-2, 7.65, -7.5],
					"cubes": [
						{"origin": [-4.5, 7.75, -12], "size": [5, 0, 5], "uv": [10, 14]}
					]
				},
				{
					"name": "eye_left",
					"parent": "head",
					"pivot": [2.75, 9.65, -6.5],
					"cubes": [
						{"origin": [2.25, 8.25, -8], "size": [1, 3, 3], "uv": [38, 4]}
					]
				},
				{
					"name": "eyelid_left",
					"parent": "eye_left",
					"pivot": [1.75, 9.65, -6.5],
					"cubes": [
						{"origin": [1.25, 8.25, -8], "size": [1, 3, 3], "inflate": 0.01, "uv": [7, 40]}
					]
				},
				{
					"name": "eye_right",
					"parent": "head",
					"pivot": [-2.75, 9.65, -6.5],
					"cubes": [
						{"origin": [-3.25, 8.25, -8], "size": [1, 3, 3], "uv": [36, 24]}
					]
				},
				{
					"name": "eyelid_right",
					"parent": "eye_right",
					"pivot": [-1.75, 9.65, -6.5],
					"cubes": [
						{"origin": [-2.25, 8.25, -8], "size": [1, 3, 3], "inflate": 0.01, "uv": [37, 37]}
					]
				},
				{
					"name": "antenna_right",
					"parent": "head",
					"pivot": [-1.5, 11.65, -7],
					"cubes": [
						{"origin": [-1.5, 10.75, -7.5], "size": [0, 6, 1], "inflate": 0.001, "uv": [16, 25]}
					]
				},
				{
					"name": "antenna_right2",
					"parent": "antenna_right",
					"pivot": [-1.5, 16.75, -6.5],
					"cubes": [
						{"origin": [-1.5, 15.75, -11.5], "size": [0, 1, 5], "uv": [30, 28]},
						{"origin": [-2, 15.25, -12.5], "size": [1, 2, 1], "uv": [36, 30]}
					]
				},
				{
					"name": "antenna_left",
					"parent": "head",
					"pivot": [1.5, 11.65, -7],
					"cubes": [
						{"origin": [1.5, 10.75, -7.5], "size": [0, 6, 1], "inflate": 0.001, "uv": [14, 25]}
					]
				},
				{
					"name": "antenna_left2",
					"parent": "antenna_left",
					"pivot": [1.5, 16.75, -6.5],
					"cubes": [
						{"origin": [1.5, 15.75, -11.5], "size": [0, 1, 5], "uv": [28, 8]},
						{"origin": [1, 15.25, -12.5], "size": [1, 2, 1], "uv": [0, 14]}
					]
				},
				{
					"name": "back",
					"parent": "torso",
					"pivot": [0, 8.9, 2.5],
					"cubes": [
						{"origin": [-2.5, 6.25, 10.5], "size": [5, 5, 2], "uv": [0, 26]},
						{"origin": [-3.5, 5.25, 2.5], "size": [7, 7, 2], "uv": [18, 24]},
						{"origin": [-4, 4.75, 4.5], "size": [8, 8, 6], "uv": [0, 0]}
					]
				},
				{
					"name": "leg_left3",
					"parent": "body",
					"pivot": [1.5, 7.25, -0.25],
					"rotation": [0, 0, -40],
					"cubes": [
						{"origin": [1.5, 3.25, -0.25], "size": [4, 4, 0], "uv": [15, 40]}
					]
				},
				{
					"name": "leg_left4",
					"parent": "leg_left3",
					"pivot": [5.5, 4.25, -0.25],
					"rotation": [0, 0, 40],
					"cubes": [
						{"origin": [4.5, -3.75, -0.25], "size": [5, 8, 0], "inflate": 0.001, "uv": [0, 33]}
					]
				},
				{
					"name": "leg_right3",
					"parent": "body",
					"pivot": [-1.5, 7.25, -0.25],
					"rotation": [0, 0, 40],
					"cubes": [
						{"origin": [-5.5, 3.25, -0.25], "size": [4, 4, 0], "uv": [38, 10]}
					]
				},
				{
					"name": "leg_right4",
					"parent": "leg_right3",
					"pivot": [-5.5, 4.25, -0.25],
					"rotation": [0, 0, -40],
					"cubes": [
						{"origin": [-9.5, -3.75, -0.25], "size": [5, 8, 0], "uv": [28, 5]}
					]
				},
				{
					"name": "leg_left7",
					"parent": "body",
					"pivot": [1.5, 7.25, 1.5],
					"rotation": [0, -22.5, 0]
				},
				{
					"name": "leg_left5",
					"parent": "leg_left7",
					"pivot": [1.5, 7.25, 1.5],
					"rotation": [0, 0, -25],
					"cubes": [
						{"origin": [1.5, 3.25, 1.5], "size": [5, 4, 0], "uv": [35, 14]}
					]
				},
				{
					"name": "leg_left6",
					"parent": "leg_left5",
					"pivot": [6.5, 4.25, 1.5],
					"rotation": [0, 0, 25],
					"cubes": [
						{"origin": [4.5, -2.75, 1.5], "size": [5, 7, 0], "inflate": 0.001, "uv": [20, 33]}
					]
				},
				{
					"name": "leg_left2",
					"parent": "body",
					"pivot": [1.5, 7.25, -1.75],
					"rotation": [0, 27.5, 0]
				},
				{
					"name": "leg_left8",
					"parent": "leg_left2",
					"pivot": [1.5, 7.25, -1.75],
					"rotation": [0, 0, -25],
					"cubes": [
						{"origin": [1.5, 3.25, -1.75], "size": [3, 4, 0], "uv": [29, 40]}
					]
				},
				{
					"name": "leg_left9",
					"parent": "leg_left8",
					"pivot": [4.5, 4.25, -1.75],
					"rotation": [0, 0, 25],
					"cubes": [
						{"origin": [2.5, -0.75, -1.75], "size": [3, 5, 0], "inflate": 0.001, "uv": [40, 18]}
					]
				},
				{
					"name": "toe_left",
					"parent": "leg_left9",
					"pivot": [5.5, -0.25, -1.75],
					"rotation": [0, 40, 0],
					"cubes": [
						{"origin": [5.5, -1.75, -1.75], "size": [2, 2, 0], "uv": [41, 23]}
					]
				},
				{
					"name": "toe_left2",
					"parent": "leg_left9",
					"pivot": [5.5, -0.25, -1.75],
					"rotation": [0, -40, 0],
					"cubes": [
						{"origin": [5.5, -1.75, -1.75], "size": [2, 2, 0], "uv": [4, 41]}
					]
				},
				{
					"name": "leg_right2",
					"parent": "body",
					"pivot": [-1.5, 7.25, -1.75],
					"rotation": [0, -27.5, 0]
				},
				{
					"name": "leg_right8",
					"parent": "leg_right2",
					"pivot": [-1.5, 7.25, -1.75],
					"rotation": [0, 0, 25],
					"cubes": [
						{"origin": [-4.5, 3.25, -1.75], "size": [3, 4, 0], "uv": [23, 40]}
					]
				},
				{
					"name": "leg_right9",
					"parent": "leg_right8",
					"pivot": [-4.5, 4.25, -1.75],
					"rotation": [0, 0, -25],
					"cubes": [
						{"origin": [-5.5, -0.75, -1.75], "size": [3, 5, 0], "inflate": 0.001, "uv": [0, 0]}
					]
				},
				{
					"name": "toe_right",
					"parent": "leg_right9",
					"pivot": [-5.5, -0.25, -1.75],
					"rotation": [0, -40, 0],
					"cubes": [
						{"origin": [-7.5, -1.75, -1.75], "size": [2, 2, 0], "uv": [34, 24]}
					]
				},
				{
					"name": "toe_right2",
					"parent": "leg_right9",
					"pivot": [-5.5, -0.25, -1.75],
					"rotation": [0, 40, 0],
					"cubes": [
						{"origin": [-7.5, -1.75, -1.75], "size": [2, 2, 0], "uv": [0, 17]}
					]
				},
				{
					"name": "leg_right7",
					"parent": "body",
					"pivot": [-1.5, 7.25, 1.5],
					"rotation": [0, 22.5, 0]
				},
				{
					"name": "leg_right5",
					"parent": "leg_right7",
					"pivot": [-1.5, 7.25, 1.5],
					"rotation": [0, 0, 25],
					"cubes": [
						{"origin": [-6.5, 3.25, 1.5], "size": [5, 4, 0], "uv": [32, 0]}
					]
				},
				{
					"name": "leg_right6",
					"parent": "leg_right5",
					"pivot": [-6.5, 4.25, 1.5],
					"rotation": [0, 0, -25],
					"cubes": [
						{"origin": [-9.5, -2.75, 1.5], "size": [5, 7, 0], "uv": [10, 33]}
					]
				}
			]
		}
	]
}