{
	"format_version": "1.12.0",
	"minecraft:geometry": [
		{
			"description": {
				"identifier": "geometry.eelektross",
				"texture_width": 128,
				"texture_height": 64,
				"visible_bounds_width": 8,
				"visible_bounds_height": 3.5,
				"visible_bounds_offset": [0, 1.25, 0]
			},
			"bones": [
				{
					"name": "eelektross",
					"pivot": [0, 0, 0]
				},
				{
					"name": "body",
					"parent": "eelektross",
					"pivot": [0, 7.75, 0]
				},
				{
                    "name": "locator_seat_1",
                    "parent": "body",
                    "pivot": [0, 11, 0],
                    "locators": {
                        "seat_1": [0, 11, 0]
                    }
                },
				{
					"name": "neck",
					"parent": "body",
					"pivot": [0, 7.75, -5],
					"cubes": [
						{"origin": [-3.5, 4.25, -13], "size": [7, 7, 8], "inflate": 0.01, "uv": [4, 29]}
					]
				},
				{
					"name": "arms",
					"parent": "neck",
					"pivot": [0, 7.5, -9]
				},
				{
					"name": "arm_left",
					"parent": "arms",
					"pivot": [3.5, 7.5, -9],
					"cubes": [
						{"origin": [2.5, 6.5, -10.5], "size": [8, 2, 3], "inflate": -0.1, "uv": [0, 44]}
					]
				},
				{
					"name": "arm_left2",
					"parent": "arm_left",
					"pivot": [10.5, 7.5, -9],
					"cubes": [
						{"origin": [10, 6.5, -10.5], "size": [8, 2, 3], "uv": [0, 49]}
					]
				},
				{
					"name": "arm_left3",
					"parent": "arm_left2",
					"pivot": [18, 7.5, -9],
					"cubes": [
						{"origin": [17.5, 6.6, -11.5], "size": [8, 2, 5], "inflate": 0.15, "uv": [44, 46]}
					]
				},
				{
					"name": "hand_left",
					"parent": "arm_left3",
					"pivot": [25, 7.6, -9],
					"cubes": [
						{"origin": [25, 6.5, -12.5], "size": [9, 3, 7], "inflate": 0.1, "uv": [0, 54]},
						{"origin": [24.9, 9.61, -10], "size": [2, 0, 2], "uv": [-2, 37]}
					]
				},
				{
					"name": "fingers_left",
					"parent": "hand_left",
					"pivot": [30, 7.1, -9]
				},
				{
					"name": "finger_side_left",
					"parent": "fingers_left",
					"pivot": [34, 7.75, -9],
					"rotation": [0, 0, -15],
					"cubes": [
						{"origin": [33.75, 5.75, -10], "size": [1, 3, 2], "inflate": 0.1, "uv": [51, 22]}
					]
				},
				{
					"name": "finger_side_left2",
					"parent": "finger_side_left",
					"pivot": [34.25, 5.65, -9],
					"rotation": [0, 0, 22.5],
					"cubes": [
						{"origin": [34.25, 3.9, -10], "size": [0, 2, 2], "uv": [57, 21]}
					]
				},
				{
					"name": "finger_front_left",
					"parent": "fingers_left",
					"pivot": [30.5, 7.75, -12.5],
					"rotation": [-15, 0, 0],
					"cubes": [
						{"origin": [29.5, 5.75, -13.25], "size": [2, 3, 1], "inflate": 0.1, "uv": [26, 20]}
					]
				},
				{
					"name": "finger_front_left2",
					"parent": "finger_front_left",
					"pivot": [30.5, 5.65, -12.75],
					"rotation": [22.5, 0, 0],
					"cubes": [
						{"origin": [29.5, 3.9, -12.75], "size": [2, 2, 0], "uv": [26, 24]}
					]
				},
				{
					"name": "finger_back_left",
					"parent": "fingers_left",
					"pivot": [30.5, 7.75, -5],
					"rotation": [15, 0, 0],
					"cubes": [
						{"origin": [29.5, 5.75, -5.75], "size": [2, 3, 1], "inflate": 0.1, "uv": [0, 29]}
					]
				},
				{
					"name": "finger_back_left2",
					"parent": "finger_back_left",
					"pivot": [30.5, 5.65, -5.25],
					"rotation": [-22.5, 0, 0],
					"cubes": [
						{"origin": [29.5, 3.9, -5.25], "size": [2, 2, 0], "uv": [2, 33]}
					]
				},
				{
					"name": "arm_right",
					"parent": "arms",
					"pivot": [-3.5, 7.5, -9],
					"cubes": [
						{"origin": [-10.5, 6.5, -10.5], "size": [8, 2, 3], "inflate": -0.1, "uv": [22, 44], "mirror": true}
					]
				},
				{
					"name": "arm_right2",
					"parent": "arm_right",
					"pivot": [-10.5, 7.5, -9],
					"cubes": [
						{"origin": [-18, 6.5, -10.5], "size": [8, 2, 3], "uv": [22, 49], "mirror": true}
					]
				},
				{
					"name": "arm_right3",
					"parent": "arm_right2",
					"pivot": [-18, 7.5, -9],
					"cubes": [
						{"origin": [-25.5, 6.6, -11.5], "size": [8, 2, 5], "inflate": 0.15, "uv": [70, 46], "mirror": true}
					]
				},
				{
					"name": "hand_right",
					"parent": "arm_right3",
					"pivot": [-25, 7.6, -9],
					"cubes": [
						{"origin": [-34, 6.5, -12.5], "size": [9, 3, 7], "inflate": 0.1, "uv": [32, 54], "mirror": true},
						{"origin": [-26.9, 9.61, -10], "size": [2, 0, 2], "uv": [-2, 39], "mirror": true}
					]
				},
				{
					"name": "fingers_right",
					"parent": "hand_right",
					"pivot": [-30, 7.1, -9]
				},
				{
					"name": "finger_side_right",
					"parent": "fingers_right",
					"pivot": [-34, 7.75, -9],
					"rotation": [0, 0, 15],
					"cubes": [
						{"origin": [-34.75, 5.75, -10], "size": [1, 3, 2], "inflate": 0.1, "uv": [61, 5], "mirror": true}
					]
				},
				{
					"name": "finger_side_right2",
					"parent": "finger_side_right",
					"pivot": [-34.25, 5.65, -9],
					"rotation": [0, 0, -22.5],
					"cubes": [
						{"origin": [-34.25, 3.9, -10], "size": [0, 2, 2], "uv": [57, 23], "mirror": true}
					]
				},
				{
					"name": "finger_front_right",
					"parent": "fingers_right",
					"pivot": [-30.5, 7.75, -12.5],
					"rotation": [-15, 0, 0],
					"cubes": [
						{"origin": [-31.5, 5.75, -13.25], "size": [2, 3, 1], "inflate": 0.1, "uv": [6, 29], "mirror": true}
					]
				},
				{
					"name": "finger_front_right2",
					"parent": "finger_front_right",
					"pivot": [-30.5, 5.65, -12.75],
					"rotation": [22.5, 0, 0],
					"cubes": [
						{"origin": [-31.5, 3.9, -12.75], "size": [2, 2, 0], "uv": [30, 24], "mirror": true}
					]
				},
				{
					"name": "finger_back_right",
					"parent": "fingers_right",
					"pivot": [-30.5, 7.75, -5],
					"rotation": [15, 0, 0],
					"cubes": [
						{"origin": [-31.5, 5.75, -5.75], "size": [2, 3, 1], "inflate": 0.1, "uv": [6, 33], "mirror": true}
					]
				},
				{
					"name": "finger_back_right2",
					"parent": "finger_back_right",
					"pivot": [-30.5, 5.65, -5.25],
					"rotation": [-22.5, 0, 0],
					"cubes": [
						{"origin": [-31.5, 3.9, -5.25], "size": [2, 2, 0], "uv": [2, 35], "mirror": true}
					]
				},
				{
					"name": "neck2",
					"parent": "neck",
					"pivot": [0, 11.25, -13],
					"cubes": [
						{"origin": [-4, 3.75, -22], "size": [8, 8, 9], "inflate": 0.01, "uv": [26, 18]}
					]
				},
				{
					"name": "head_detail_left2",
					"parent": "neck2",
					"pivot": [4.02, 8.75, -18.5],
					"cubes": [
						{"origin": [4.02, 8.25, -19], "size": [0, 1, 1], "uv": [67, 19]}
					]
				},
				{
					"name": "head_detail_right2",
					"parent": "neck2",
					"pivot": [-4.02, 8.75, -18.5],
					"cubes": [
						{"origin": [-4.02, 8.25, -19], "size": [0, 1, 1], "uv": [67, 20], "mirror": true}
					]
				},
				{
					"name": "head",
					"parent": "neck2",
					"pivot": [0, 11.75, -22],
					"cubes": [
						{"origin": [-4.5, 3.75, -32], "size": [9, 8, 10], "uv": [32, 0]}
					]
				},
				{
					"name": "head_detail_left1",
					"parent": "head",
					"pivot": [4.51, 8.75, -24],
					"cubes": [
						{"origin": [4.51, 7.75, -25], "size": [0, 2, 2], "uv": [61, 20]}
					]
				},
				{
					"name": "head_detail_right1",
					"parent": "head",
					"pivot": [-4.51, 8.75, -24],
					"cubes": [
						{"origin": [-4.51, 7.75, -25], "size": [0, 2, 2], "uv": [65, 20], "mirror": true}
					]
				},
				{
					"name": "head_fin",
					"parent": "head",
					"pivot": [0, 11.75, -31.5],
					"rotation": [12, 0, 0],
					"cubes": [
						{"origin": [-1, 9.75, -31.5], "size": [2, 2, 11], "inflate": 0.1, "uv": [86, 47]}
					]
				},
				{
					"name": "head_fin2",
					"parent": "head_fin",
					"pivot": [0, 10.75, -20.5],
					"cubes": [
						{"origin": [-1, 9.75, -21], "size": [2, 2, 10], "inflate": -0.1, "uv": [101, 46]}
					]
				},
				{
					"name": "head_fin_bottom1",
					"parent": "head_fin2",
					"pivot": [0, 9.75, -15.5],
					"cubes": [
						{"origin": [0, 6.25, -22], "size": [0, 4, 12], "uv": [102, 48]}
					]
				},
				{
					"name": "head_fin_bottom2",
					"parent": "head_fin_bottom1",
					"pivot": [0, 8.25, -11],
					"cubes": [
						{"origin": [-0.01, 6.25, -11], "size": [0, 4, 11], "uv": [76, 20]}
					]
				},
				{
					"name": "head_fin_bottom3",
					"parent": "head_fin_bottom2",
					"pivot": [0, 8.25, -1],
					"cubes": [
						{"origin": [0, 6.25, -1], "size": [0, 4, 8], "uv": [57, 45]}
					]
				},
				{
					"name": "head_fin3",
					"parent": "head_fin2",
					"pivot": [0, 10.75, -11],
					"cubes": [
						{"origin": [-0.5, 10.25, -11.5], "size": [1, 1, 10], "inflate": 0.1, "uv": [74, 53]}
					]
				},
				{
					"name": "head_fin4",
					"parent": "head_fin3",
					"pivot": [0, 10.75, -1.5],
					"cubes": [
						{"origin": [-0.5, 10.25, -2], "size": [1, 1, 9], "uv": [64, 53]}
					]
				},
				{
					"name": "head_fin5",
					"parent": "head_fin4",
					"pivot": [0, 10.75, 6.5],
					"cubes": [
						{"origin": [-1.5, 9.75, 6.5], "size": [3, 2, 6], "inflate": 0.05, "uv": [34, 36]}
					]
				},
				{
					"name": "head2",
					"parent": "head",
					"pivot": [0, 11.75, -32],
					"rotation": [35, 0, 0],
					"cubes": [
						{"origin": [-4.5, 3, -39], "size": [9, 9, 7], "inflate": 0.01, "uv": [0, 0]}
					]
				},
				{
					"name": "eyes",
					"parent": "head2",
					"pivot": [0, 8.85, -34.9]
				},
				{
					"name": "eye_base_left",
					"parent": "eyes",
					"pivot": [4.52, 10, -36],
					"rotation": [-11.5, 0, 0],
					"cubes": [
						{"origin": [4.32, 6.8, -35.8], "size": [0, 3, 4], "inflate": 0.21, "uv": [75, 49]}
					]
				},
				{
					"name": "eye_left",
					"parent": "eye_base_left",
					"pivot": [4.44, 8.3, -34.3],
					"cubes": [
						{"origin": [4.44, 7.3, -35.3], "size": [0, 2, 2], "inflate": 0.1, "uv": [25, -2]}
					]
				},
				{
					"name": "eye_expression_left",
					"parent": "eye_left",
					"pivot": [4.35, 8.9, -34.3],
					"cubes": [
						{"origin": [4.36, 8.4, -34.8], "size": [0, 1, 1], "inflate": 0.1, "uv": [39, 0]}
					]
				},
				{
					"name": "pupil_left",
					"parent": "eye_left",
					"pivot": [4.55, 8.55, -34.55],
					"cubes": [
						{"origin": [4.55, 8.05, -35.05], "size": [0, 1, 1], "uv": [26, 1]}
					]
				},
				{
					"name": "eyelid_left",
					"parent": "eye_left",
					"pivot": [3.85, 8.3, -34.3],
					"cubes": [
						{"origin": [3.35, 7.3, -35.3], "size": [1, 2, 2], "inflate": 0.11, "uv": [84, 16]}
					]
				},
				{
					"name": "eyelid_happy_left",
					"parent": "eye_left",
					"pivot": [3.85, 8.3, -34.3],
					"cubes": [
						{"origin": [3.35, 7.3, -35.8], "size": [1, 2, 3], "inflate": 0.11, "uv": [115, 45]}
					]
				},
				{
					"name": "eyelid_hurt_left",
					"parent": "eye_left",
					"pivot": [3.85, 8.3, -34.3],
					"cubes": [
						{"origin": [3.35, 7.3, -35.3], "size": [1, 2, 2], "inflate": 0.11, "uv": [92, 22]}
					]
				},
				{
					"name": "eye_base_left2",
					"parent": "eye_base_left",
					"pivot": [4.52, 10, -31.6],
					"rotation": [-23.5, 0, 0],
					"cubes": [
						{"origin": [4.52, 8, -31.6], "size": [0, 2, 3], "uv": [91, 44]}
					]
				},
				{
					"name": "eye_base_right",
					"parent": "eyes",
					"pivot": [-4.52, 10, -36],
					"rotation": [-11.5, 0, 0],
					"cubes": [
						{"origin": [-4.32, 6.8, -35.8], "size": [0, 3, 4], "inflate": 0.21, "uv": [75, 52], "mirror": true}
					]
				},
				{
					"name": "eye_right",
					"parent": "eye_base_right",
					"pivot": [-4.44, 8.3, -34.3],
					"cubes": [
						{"origin": [-4.44, 7.3, -35.3], "size": [0, 2, 2], "inflate": 0.1, "uv": [29, -2], "mirror": true}
					]
				},
				{
					"name": "eye_expression_right",
					"parent": "eye_right",
					"pivot": [-4.35, 8.9, -34.3],
					"cubes": [
						{"origin": [-4.36, 8.4, -34.8], "size": [0, 1, 1], "inflate": 0.1, "uv": [39, 1], "mirror": true}
					]
				},
				{
					"name": "pupil_right",
					"parent": "eye_right",
					"pivot": [-4.55, 8.55, -34.55],
					"cubes": [
						{"origin": [-4.55, 8.05, -35.05], "size": [0, 1, 1], "uv": [26, 2], "mirror": true}
					]
				},
				{
					"name": "eyelid_right",
					"parent": "eye_right",
					"pivot": [-3.85, 8.3, -34.3],
					"cubes": [
						{"origin": [-4.35, 7.3, -35.3], "size": [1, 2, 2], "inflate": 0.11, "uv": [84, 20], "mirror": true}
					]
				},
				{
					"name": "eyelid_happy_right",
					"parent": "eye_right",
					"pivot": [-3.85, 8.3, -34.3],
					"cubes": [
						{"origin": [-4.35, 7.3, -35.8], "size": [1, 2, 3], "inflate": 0.11, "uv": [115, 50], "mirror": true}
					]
				},
				{
					"name": "eyelid_hurt_right",
					"parent": "eye_right",
					"pivot": [-3.85, 8.3, -34.3],
					"cubes": [
						{"origin": [-4.35, 7.3, -35.3], "size": [1, 2, 2], "inflate": 0.11, "uv": [92, 26], "mirror": true}
					]
				},
				{
					"name": "eye_base_right2",
					"parent": "eye_base_right",
					"pivot": [-4.52, 10, -31.6],
					"rotation": [-23.5, 0, 0],
					"cubes": [
						{"origin": [-4.52, 8, -31.6], "size": [0, 2, 3], "uv": [91, 46], "mirror": true}
					]
				},
				{
					"name": "mouth",
					"parent": "head2",
					"pivot": [0, 7.5, -39],
					"cubes": [
						{"origin": [-5, 2.5, -41], "size": [10, 10, 3], "inflate": 0.1, "uv": [0, 16]},
						{"origin": [-3.5, 10.57, -41.099], "size": [7, 0, 3], "uv": [96, 22]},
						{"origin": [-3.5, 4.43, -41.099], "size": [7, 0, 3], "uv": [96, 25]},
						{"origin": [3.07, 4, -41.099], "size": [0, 7, 3], "uv": [25, 51]},
						{"origin": [-3.07, 4, -41.099], "size": [0, 7, 3], "uv": [31, 51], "mirror": true}
					]
				},
				{
					"name": "teeth_top_left",
					"parent": "mouth",
					"pivot": [4.5, 12, -39.6],
					"rotation": [5, 5, 0],
					"cubes": [
						{"origin": [3.5, 11, -41.6], "size": [2, 2, 3], "uv": [25, 2]}
					]
				},
				{
					"name": "teeth_top_left2",
					"parent": "teeth_top_left",
					"pivot": [4.75, 12.25, -41.6],
					"rotation": [7.5, 7.5, 0],
					"cubes": [
						{"origin": [3.75, 11.25, -43.6], "size": [1, 1, 2], "inflate": 0.1, "uv": [1, 1]}
					]
				},
				{
					"name": "teeth_top_right",
					"parent": "mouth",
					"pivot": [-4.5, 12, -39.6],
					"rotation": [5, -5, 0],
					"cubes": [
						{"origin": [-5.5, 11, -41.6], "size": [2, 2, 3], "uv": [32, 0], "mirror": true}
					]
				},
				{
					"name": "teeth_top_right2",
					"parent": "teeth_top_right",
					"pivot": [-4.75, 12.25, -41.6],
					"rotation": [7.5, -7.5, 0],
					"cubes": [
						{"origin": [-4.75, 11.25, -43.6], "size": [1, 1, 2], "inflate": 0.1, "uv": [1, 4], "mirror": true}
					]
				},
				{
					"name": "teeth_bottom_left",
					"parent": "mouth",
					"pivot": [4.5, 3, -39.6],
					"rotation": [-5, 5, 0],
					"cubes": [
						{"origin": [3.5, 2, -41.6], "size": [2, 2, 3], "uv": [32, 5]}
					]
				},
				{
					"name": "teeth_bottom_left2",
					"parent": "teeth_bottom_left",
					"pivot": [4.75, 2.75, -41.6],
					"rotation": [-7.5, 7.5, 0],
					"cubes": [
						{"origin": [3.75, 2.75, -43.6], "size": [1, 1, 2], "inflate": 0.1, "uv": [23, 16]}
					]
				},
				{
					"name": "teeth_bottom_right",
					"parent": "mouth",
					"pivot": [-4.5, 3, -39.6],
					"rotation": [-5, -5, 0],
					"cubes": [
						{"origin": [-5.5, 2, -41.6], "size": [2, 2, 3], "uv": [60, 0], "mirror": true}
					]
				},
				{
					"name": "teeth_bottom_right2",
					"parent": "teeth_bottom_right",
					"pivot": [-4.75, 2.75, -41.6],
					"rotation": [-7.5, -7.5, 0],
					"cubes": [
						{"origin": [-4.75, 2.75, -43.6], "size": [1, 1, 2], "inflate": 0.1, "uv": [27, 17], "mirror": true}
					]
				},
				{
					"name": "segment1",
					"parent": "body",
					"pivot": [0, 7.75, -5],
					"cubes": [
						{"origin": [-3.5, 4.25, -6], "size": [7, 7, 9], "uv": [70, 0]}
					]
				},
				{
					"name": "segment2",
					"parent": "segment1",
					"pivot": [0, 4.25, 3],
					"cubes": [
						{"origin": [-3.5, 4.25, 3], "size": [7, 7, 8], "inflate": 0.1, "uv": [62, 16]}
					]
				},
				{
					"name": "segment3",
					"parent": "segment2",
					"pivot": [0, 4.25, 11],
					"cubes": [
						{"origin": [-3.5, 4.25, 11], "size": [7, 7, 8], "inflate": 0.11, "uv": [52, 31]}
					]
				},
				{
					"name": "back_fin1",
					"parent": "segment3",
					"pivot": [0, 11.25, 15.25],
					"cubes": [
						{"origin": [0, 10.25, 12.25], "size": [0, 4, 6], "uv": [67, -1]}
					]
				},
				{
					"name": "legs",
					"parent": "segment3",
					"pivot": [0, 4.75, 15]
				},
				{
					"name": "leg_left",
					"parent": "legs",
					"pivot": [2.25, 4.75, 15],
					"cubes": [
						{"origin": [2.25, 0.75, 11], "size": [0, 4, 8], "uv": [51, 10]}
					]
				},
				{
					"name": "leg_left2",
					"parent": "leg_left",
					"pivot": [2.25, 0.75, 15],
					"cubes": [
						{"origin": [2.25, -2.25, 11], "size": [0, 3, 8], "uv": [57, 49]}
					]
				},
				{
					"name": "leg_left3",
					"parent": "leg_left2",
					"pivot": [2.25, -2.25, 15],
					"cubes": [
						{"origin": [2.25, -5.25, 11], "size": [0, 3, 8], "uv": [82, 34]}
					]
				},
				{
					"name": "leg_right",
					"parent": "legs",
					"pivot": [-2.25, 4.75, 15],
					"cubes": [
						{"origin": [-2.25, 0.75, 11], "size": [0, 4, 8], "uv": [82, 30], "mirror": true}
					]
				},
				{
					"name": "leg_right2",
					"parent": "leg_right",
					"pivot": [-2.25, 0.75, 15],
					"cubes": [
						{"origin": [-2.25, -2.25, 11], "size": [0, 3, 8], "uv": [86, 52], "mirror": true}
					]
				},
				{
					"name": "leg_right3",
					"parent": "leg_right2",
					"pivot": [-2.25, -2.25, 15],
					"cubes": [
						{"origin": [-2.25, -5.25, 11], "size": [0, 3, 8], "uv": [75, 27], "mirror": true}
					]
				},
				{
					"name": "segment4",
					"parent": "segment3",
					"pivot": [0, 7.75, 19],
					"cubes": [
						{"origin": [-3, 4.75, 18], "size": [6, 6, 8], "inflate": 0.1, "uv": [94, 8]}
					]
				},
				{
					"name": "back_fin2",
					"parent": "segment4",
					"pivot": [0, 10.75, 22.5],
					"cubes": [
						{"origin": [-0.01, 10.25, 18], "size": [0, 5, 9], "uv": [93, -6]}
					]
				},
				{
					"name": "segment5",
					"parent": "segment4",
					"pivot": [0, 7.75, 26],
					"cubes": [
						{"origin": [-2.5, 5.25, 25], "size": [5, 5, 7], "uv": [104, 33]}
					]
				},
				{
					"name": "back_fin3",
					"parent": "segment5",
					"pivot": [0, 10.25, 29],
					"cubes": [
						{"origin": [0, 9.25, 26], "size": [0, 5, 8], "uv": [111, -8]}
					]
				},
				{
					"name": "segment6",
					"parent": "segment5",
					"pivot": [0, 7.75, 32],
					"cubes": [
						{"origin": [-2, 5.75, 31], "size": [4, 4, 7], "inflate": -0.1, "uv": [106, 22]}
					]
				},
				{
					"name": "back_fin4",
					"parent": "segment6",
					"pivot": [0, 9.75, 35],
					"cubes": [
						{"origin": [-0.01, 9.25, 32], "size": [0, 4, 7], "uv": [114, 3]}
					]
				},
				{
					"name": "segment7",
					"parent": "segment6",
					"pivot": [0, 7.75, 38],
					"cubes": [
						{"origin": [-1.5, 6.25, 37], "size": [3, 3, 7], "uv": [91, 28]}
					]
				},
				{
					"name": "back_fin5",
					"parent": "segment7",
					"pivot": [0, 9.25, 40],
					"cubes": [
						{"origin": [0, 8.25, 37], "size": [0, 5, 6], "uv": [114, -1]}
					]
				},
				{
					"name": "segment8",
					"parent": "segment7",
					"pivot": [0, 7.75, 44],
					"cubes": [
						{"origin": [-1, 6.75, 43], "size": [2, 2, 7], "uv": [91, 38]}
					]
				},
				{
					"name": "back_fin6",
					"parent": "segment8",
					"pivot": [0, 8.75, 44.5],
					"cubes": [
						{"origin": [-0.01, 8.25, 42], "size": [0, 3, 5], "uv": [93, -5]}
					]
				}
			]
		}
	]
}