{
	"format_version": "1.12.0",
	"minecraft:geometry": [
		{
			"description": {
				"identifier": "geometry.rapidash",
				"texture_width": 128,
				"texture_height": 128,
				"visible_bounds_width": 6,
				"visible_bounds_height": 3.5,
				"visible_bounds_offset": [0, 1.25, 0]
			},
			"bones": [
				{
					"name": "rapidash_galar",
					"pivot": [0, 0, 0]
				},
				{
					"name": "body",
					"parent": "rapidash_galar",
					"pivot": [0, 0, 0]
				},
				{
					"name": "torso",
					"parent": "body",
					"pivot": [0, 14.75, 0],
					"cubes": [
						{"origin": [-4, 11.75, -8], "size": [8, 7, 16], "uv": [0, 50]}
					]
				},
				{
					"name": "tail",
					"parent": "torso",
					"pivot": [0, 17.75, 8]
				},
				{
					"name": "tail_main",
					"parent": "tail",
					"pivot": [0, 15.75, 8],
					"rotation": [25, 0, 0],
					"cubes": [
						{"origin": [-1.5, 15.75, 8], "size": [3, 3, 3], "uv": [32, 54]}
					]
				},
				{
					"name": "tail_main2",
					"parent": "tail_main",
					"pivot": [0, 17.25, 10],
					"rotation": [-15, 0, 0],
					"cubes": [
						{"origin": [-2, 15.25, 10], "size": [4, 4, 3], "uv": [44, 54]}
					]
				},
				{
					"name": "tail_main3",
					"parent": "tail_main2",
					"pivot": [0, 18.25, 12],
					"rotation": [-10, 0, 0],
					"cubes": [
						{"origin": [-2, 14.75, 12], "size": [4, 5, 5], "inflate": 0.01, "uv": [48, 66]}
					]
				},
				{
					"name": "tail_main4",
					"parent": "tail_main3",
					"pivot": [0, 19.25, 16],
					"cubes": [
						{"origin": [-2.5, 14.25, 16], "size": [5, 6, 6], "inflate": 0.01, "uv": [66, 64]}
					]
				},
				{
					"name": "tail_main5",
					"parent": "tail_main4",
					"pivot": [0, 17.25, 22],
					"cubes": [
						{"origin": [-2.5, 14.25, 21], "size": [5, 6, 6], "inflate": 0.02, "uv": [82, 70]}
					]
				},
				{
					"name": "tail_main6",
					"parent": "tail_main5",
					"pivot": [0, 17.25, 26],
					"cubes": [
						{"origin": [-2.5, 14.25, 26], "size": [5, 6, 6], "inflate": 0.01, "uv": [98, 64]}
					]
				},
				{
					"name": "tail_main7",
					"parent": "tail_main6",
					"pivot": [0, 20.25, 32],
					"cubes": [
						{"origin": [-2, 15.25, 32], "size": [4, 5, 4], "uv": [83, 82]}
					]
				},
				{
					"name": "tail_main_end",
					"parent": "tail_main7",
					"pivot": [0, 20.25, 36],
					"rotation": [-50, 0, 0],
					"cubes": [
						{"origin": [-1.5, 14.25, 36], "size": [3, 6, 5], "uv": [99, 77]}
					]
				},
				{
                    "name": "locator_seat_1",
                    "parent": "body",
                    "pivot": [0, 18.75, 2],
                    "locators": {
                        "seat_1": [0, 18.75, 2]
                    }
                },
				{
					"name": "tail_left",
					"parent": "tail",
					"pivot": [1.5, 16.25, 8.25],
					"rotation": [0, 20, 0]
				},
				{
					"name": "tail_left_rotation",
					"parent": "tail_left",
					"pivot": [1.5, 16.25, 8.25],
					"rotation": [25, 0, 0],
					"cubes": [
						{"origin": [1.5, 16.25, 8.25], "size": [2, 2, 3], "uv": [116, 61]}
					]
				},
				{
					"name": "tail_left2",
					"parent": "tail_left_rotation",
					"pivot": [2.5, 17.3, 10.05],
					"rotation": [-15, 0, 0],
					"cubes": [
						{"origin": [1, 15.8, 10.05], "size": [3, 3, 3], "uv": [115, 78]}
					]
				},
				{
					"name": "tail_left3",
					"parent": "tail_left2",
					"pivot": [2.5, 17.3, 12.05],
					"rotation": [-10, 0, 0],
					"cubes": [
						{"origin": [0.5, 15.3, 12.05], "size": [4, 4, 4], "inflate": 0.01, "uv": [95, 88]}
					]
				},
				{
					"name": "tail_left4",
					"parent": "tail_left3",
					"pivot": [2.5, 18.3, 15.05],
					"cubes": [
						{"origin": [0, 14.8, 15.05], "size": [5, 5, 6], "inflate": 0.01, "uv": [79, 91]}
					]
				},
				{
					"name": "tail_left5",
					"parent": "tail_left4",
					"pivot": [2.5, 18.8, 20.05],
					"cubes": [
						{"origin": [0, 14.3, 20.05], "size": [5, 6, 7], "inflate": 0.02, "uv": [78, 102]}
					]
				},
				{
					"name": "tail_left6",
					"parent": "tail_left5",
					"pivot": [2.5, 17.3, 27.05],
					"cubes": [
						{"origin": [0, 14.8, 26.05], "size": [5, 4, 4], "uv": [98, 111]}
					]
				},
				{
					"name": "tail_left_end",
					"parent": "tail_left6",
					"pivot": [2.5, 14.8, 30.05],
					"rotation": [50, 0, 0],
					"cubes": [
						{"origin": [1, 14.8, 30.05], "size": [3, 5, 4], "uv": [113, 103]}
					]
				},
				{
					"name": "tail_right",
					"parent": "tail",
					"pivot": [-1.5, 16.25, 8.25],
					"rotation": [0, -20, 0]
				},
				{
					"name": "tail_right_rotation",
					"parent": "tail_right",
					"pivot": [-1.5, 16.25, 8.25],
					"rotation": [25, 0, 0],
					"cubes": [
						{"origin": [-3.5, 16.25, 8.25], "size": [2, 2, 3], "uv": [117, 73], "mirror": true}
					]
				},
				{
					"name": "tail_right2",
					"parent": "tail_right_rotation",
					"pivot": [-2.5, 17.3, 10.05],
					"rotation": [-15, 0, 0],
					"cubes": [
						{"origin": [-4, 15.8, 10.05], "size": [3, 3, 3], "uv": [115, 84], "mirror": true}
					]
				},
				{
					"name": "tail_right3",
					"parent": "tail_right2",
					"pivot": [-2.5, 17.3, 12.05],
					"rotation": [-10, 0, 0],
					"cubes": [
						{"origin": [-4.5, 15.3, 12.05], "size": [4, 4, 4], "inflate": 0.01, "uv": [111, 90], "mirror": true}
					]
				},
				{
					"name": "tail_right4",
					"parent": "tail_right3",
					"pivot": [-2.5, 18.3, 15.05],
					"cubes": [
						{"origin": [-5, 14.8, 15.05], "size": [5, 5, 6], "inflate": 0.01, "uv": [95, 96], "mirror": true}
					]
				},
				{
					"name": "tail_right5",
					"parent": "tail_right4",
					"pivot": [-2.5, 18.8, 20.05],
					"cubes": [
						{"origin": [-5, 14.3, 20.05], "size": [5, 6, 7], "inflate": 0.02, "uv": [76, 115], "mirror": true}
					]
				},
				{
					"name": "tail_right6",
					"parent": "tail_right5",
					"pivot": [-2.5, 17.3, 27.05],
					"cubes": [
						{"origin": [-5, 14.8, 26.05], "size": [5, 4, 4], "uv": [100, 120], "mirror": true}
					]
				},
				{
					"name": "tail_right_end",
					"parent": "tail_right6",
					"pivot": [-2.5, 14.8, 30.05],
					"rotation": [50, 0, 0],
					"cubes": [
						{"origin": [-4, 14.8, 30.05], "size": [3, 5, 4], "uv": [114, 115], "mirror": true}
					]
				},
				{
					"name": "neck",
					"parent": "torso",
					"pivot": [0, 15.5, -5.5],
					"rotation": [10, 0, 0],
					"cubes": [
						{"origin": [-2.5, 14, -8], "size": [5, 12, 5], "uv": [0, 13]}
					]
				},
				{
					"name": "head",
					"parent": "neck",
					"pivot": [0, 26.5, -5.75],
					"cubes": [
						{"origin": [-3, 24.5, -9.5], "size": [6, 6, 7], "uv": [0, 0]}
					]
				},
				{
					"name": "eyes",
					"parent": "head",
					"pivot": [0, 29, -6.75],
					"rotation": [7.5, 0, 0]
				},
				{
					"name": "eye_left",
					"parent": "eyes",
					"pivot": [3.01, 28.5, -7.25],
					"rotation": [8.5, 0, 0],
					"cubes": [
						{"origin": [3.02, 26.75, -8.75], "size": [0, 2, 3], "uv": [0, -3]},
						{"origin": [3.01, 28.25, -8.75], "size": [0, 1, 3], "uv": [0, 1]}
					]
				},
				{
					"name": "eyelid_left",
					"parent": "eye_left",
					"pivot": [2.43, 28, -7.25],
					"cubes": [
						{"origin": [1.93, 26.5, -8.75], "size": [1, 3, 3], "inflate": 0.01, "uv": [28, 23]}
					]
				},
				{
					"name": "eye_right",
					"parent": "eyes",
					"pivot": [-3.01, 28.5, -7.25],
					"rotation": [8.5, 0, 0],
					"cubes": [
						{"origin": [-3.02, 26.75, -8.75], "size": [0, 2, 3], "uv": [0, -3], "mirror": true},
						{"origin": [-3.01, 28.25, -8.75], "size": [0, 1, 3], "uv": [0, 1], "mirror": true}
					]
				},
				{
					"name": "eyelid_right",
					"parent": "eye_right",
					"pivot": [-2.43, 28, -7.25],
					"cubes": [
						{"origin": [-2.93, 26.5, -8.75], "size": [1, 3, 3], "inflate": 0.01, "uv": [32, 60], "mirror": true}
					]
				},
				{
					"name": "jaw",
					"parent": "head",
					"pivot": [0, 25.5, -9.5],
					"cubes": [
						{"origin": [-2, 24.5, -11.5], "size": [4, 1, 2], "uv": [15, 13]},
						{"origin": [-1.5, 24.5, -12.5], "size": [3, 1, 1], "uv": [15, 16]}
					]
				},
				{
					"name": "muzzle",
					"parent": "head",
					"pivot": [0, 28.5, -9.5],
					"rotation": [7.5, 0, 0],
					"cubes": [
						{"origin": [-2, 25.5, -13.5], "size": [4, 3, 4], "inflate": 0.01, "uv": [19, 0]},
						{"origin": [0.5, 26.75, -13.51], "size": [1, 1, 0], "inflate": 0.01, "pivot": [1, 27.25, -13.51], "rotation": [0, 0, 15], "uv": [15, 13]},
						{"origin": [-1.5, 26.75, -13.51], "size": [1, 1, 0], "inflate": 0.01, "pivot": [-1, 27.25, -13.51], "rotation": [0, 0, -15], "uv": [15, 14], "mirror": true}
					]
				},
				{
					"name": "horn",
					"parent": "head",
					"pivot": [0, 30.5, -6],
					"rotation": [22.5, 0, 0],
					"cubes": [
						{"origin": [-1, 30.5, -8], "size": [2, 5, 2], "uv": [35, 0]},
						{"origin": [-0.5, 35, -7.5], "size": [1, 6, 1], "uv": [38, 7]}
					]
				},
				{
					"name": "ears",
					"parent": "head",
					"pivot": [0, 28, -4.5],
					"rotation": [-10, 0, 0]
				},
				{
					"name": "ear_left",
					"parent": "ears",
					"pivot": [2.75, 28, -4.5],
					"rotation": [0, 2.5, 15],
					"cubes": [
						{"origin": [0.25, 28, -4.5], "size": [3, 7, 0], "uv": [26, 8]}
					]
				},
				{
					"name": "ear_right",
					"parent": "ears",
					"pivot": [-2.75, 28, -4.5],
					"rotation": [0, -5, -15],
					"cubes": [
						{"origin": [-3.25, 28, -4.5], "size": [3, 7, 0], "uv": [32, 7], "mirror": true}
					]
				},
				{
					"name": "hair",
					"parent": "head",
					"pivot": [0, 31, -2.75]
				},
				{
					"name": "hair_center",
					"parent": "hair",
					"pivot": [0, 31, -5.75],
					"rotation": [-5, 0, 0],
					"cubes": [
						{"origin": [-1, 29.5, -5.75], "size": [2, 4, 2], "uv": [20, 18]}
					]
				},
				{
					"name": "hair_center2",
					"parent": "hair_center",
					"pivot": [0, 34, -3.75],
					"rotation": [-5, 0, 0],
					"cubes": [
						{"origin": [-1.5, 29, -3.75], "size": [3, 5, 4], "uv": [28, 14]}
					]
				},
				{
					"name": "hair_center3",
					"parent": "hair_center2",
					"pivot": [0, 32.5, -0.75],
					"cubes": [
						{"origin": [-2, 29, -0.75], "size": [4, 5, 5], "inflate": 0.01, "uv": [42, 14]}
					]
				},
				{
					"name": "hair_center4",
					"parent": "hair_center3",
					"pivot": [0, 32.5, 3.25],
					"cubes": [
						{"origin": [-2, 28.5, 3.25], "size": [4, 6, 6], "inflate": 0.02, "uv": [14, 24]}
					]
				},
				{
					"name": "hair_center5",
					"parent": "hair_center4",
					"pivot": [0, 32.5, 8.25],
					"cubes": [
						{"origin": [-2, 28, 8.25], "size": [4, 7, 6], "inflate": 0.03, "uv": [34, 24]}
					]
				},
				{
					"name": "hair_center6",
					"parent": "hair_center5",
					"pivot": [0, 32.5, 13.25],
					"cubes": [
						{"origin": [-2.5, 28, 13.25], "size": [5, 7, 6], "inflate": 0.04, "uv": [54, 18]}
					]
				},
				{
					"name": "hair_center7",
					"parent": "hair_center6",
					"pivot": [0, 32.5, 19.25],
					"cubes": [
						{"origin": [-2.5, 28, 18.25], "size": [5, 7, 6], "inflate": 0.02, "uv": [55, 5]}
					]
				},
				{
					"name": "hair_center8",
					"parent": "hair_center7",
					"pivot": [0, 35, 24.25],
					"cubes": [
						{"origin": [-2, 30, 24.25], "size": [4, 5, 3], "uv": [54, 31]}
					]
				},
				{
					"name": "hair_center_end",
					"parent": "hair_center8",
					"pivot": [0, 35, 27.25],
					"rotation": [-50, 0, 0],
					"cubes": [
						{"origin": [-1.5, 29, 27.25], "size": [3, 6, 6], "uv": [62, 33]}
					]
				},
				{
					"name": "hair_inner_left",
					"parent": "hair",
					"pivot": [1, 31, -3.75],
					"rotation": [0, 10, 0]
				},
				{
					"name": "hair_inner_left_rotation",
					"parent": "hair_inner_left",
					"pivot": [1, 31, -3.75],
					"rotation": [15, 0, 0],
					"cubes": [
						{"origin": [0, 29, -3.75], "size": [2, 2, 2], "uv": [53, 0]}
					]
				},
				{
					"name": "hair_inner_left2",
					"parent": "hair_inner_left_rotation",
					"pivot": [1, 31, -1.75],
					"rotation": [-15, 0, 0],
					"cubes": [
						{"origin": [0, 28.5, -1.75], "size": [2, 3, 4], "inflate": 0.01, "uv": [71, 0]}
					]
				},
				{
					"name": "hair_inner_left3",
					"parent": "hair_inner_left2",
					"pivot": [1, 31.5, 1.25],
					"rotation": [-15, 0, 0],
					"cubes": [
						{"origin": [-0.5, 28, 1.25], "size": [3, 4, 4], "uv": [77, 7]}
					]
				},
				{
					"name": "hair_inner_left4",
					"parent": "hair_inner_left3",
					"pivot": [1, 30, 4.25],
					"cubes": [
						{"origin": [-0.5, 27.5, 4.25], "size": [3, 5, 6], "inflate": 0.01, "uv": [103, 2]}
					]
				},
				{
					"name": "hair_inner_left5",
					"parent": "hair_inner_left4",
					"pivot": [1, 30, 9.25],
					"cubes": [
						{"origin": [-0.5, 27, 9.25], "size": [3, 6, 6], "inflate": 0.02, "uv": [79, 15]}
					]
				},
				{
					"name": "hair_inner_left6",
					"parent": "hair_inner_left5",
					"pivot": [1, 30, 14.25],
					"cubes": [
						{"origin": [-1, 27, 14.25], "size": [4, 6, 6], "inflate": 0.03, "uv": [74, 27]}
					]
				},
				{
					"name": "hair_inner_left7",
					"parent": "hair_inner_left6",
					"pivot": [1, 27, 20.25],
					"cubes": [
						{"origin": [-0.5, 27, 20.25], "size": [3, 4, 3], "uv": [114, 25]}
					]
				},
				{
					"name": "hair_inner_left_end",
					"parent": "hair_inner_left7",
					"pivot": [1, 27, 23.25],
					"rotation": [50, 0, 0],
					"cubes": [
						{"origin": [0, 27, 23.25], "size": [2, 5, 4], "uv": [104, 37]}
					]
				},
				{
					"name": "hair_middle_left",
					"parent": "hair",
					"pivot": [1.5, 31, -3.25],
					"rotation": [0, 27.5, 0]
				},
				{
					"name": "hair_middle_left_rotation",
					"parent": "hair_middle_left",
					"pivot": [1.5, 31, -3.25],
					"rotation": [5, 0, 0],
					"cubes": [
						{"origin": [0.5, 29, -3.25], "size": [2, 2, 2], "uv": [92, 37]}
					]
				},
				{
					"name": "hair_middle_left2",
					"parent": "hair_middle_left_rotation",
					"pivot": [1.5, 31, -1.25],
					"rotation": [-15, 0, 0],
					"cubes": [
						{"origin": [0.5, 28.5, -1.25], "size": [2, 3, 3], "inflate": 0.01, "uv": [84, 39]}
					]
				},
				{
					"name": "hair_middle_left3",
					"parent": "hair_middle_left2",
					"pivot": [1.5, 31.5, 1.75],
					"rotation": [-15, 0, 0],
					"cubes": [
						{"origin": [0, 28, 1.75], "size": [3, 4, 4], "uv": [100, 46]}
					]
				},
				{
					"name": "hair_middle_left4",
					"parent": "hair_middle_left3",
					"pivot": [1.5, 30, 4.75],
					"cubes": [
						{"origin": [0, 27.5, 4.75], "size": [3, 5, 5], "inflate": 0.01, "uv": [89, 49]}
					]
				},
				{
					"name": "hair_middle_left5",
					"parent": "hair_middle_left4",
					"pivot": [1.5, 30, 8.75],
					"cubes": [
						{"origin": [-0.5, 27.5, 8.75], "size": [4, 5, 5], "inflate": 0.02, "uv": [57, 47]}
					]
				},
				{
					"name": "hair_middle_left6",
					"parent": "hair_middle_left5",
					"pivot": [1.5, 32.5, 13.75],
					"cubes": [
						{"origin": [0, 28.5, 13.75], "size": [3, 4, 3], "uv": [70, 45]}
					]
				},
				{
					"name": "hair_middle_left_end",
					"parent": "hair_middle_left6",
					"pivot": [1.5, 32.5, 16.75],
					"rotation": [-50, 0, 0],
					"cubes": [
						{"origin": [0.5, 27.5, 16.75], "size": [2, 5, 4], "uv": [58, 57]}
					]
				},
				{
					"name": "hair_outer_left",
					"parent": "hair",
					"pivot": [2.5, 31, -2.75],
					"rotation": [0, 57.5, 0]
				},
				{
					"name": "hair_outer_left_rotation",
					"parent": "hair_outer_left",
					"pivot": [2.5, 31, -2.75],
					"rotation": [-27.5, 0, 0],
					"cubes": [
						{"origin": [1.5, 29, -2.75], "size": [2, 2, 2], "uv": [0, 30]}
					]
				},
				{
					"name": "hair_outer_left2",
					"parent": "hair_outer_left_rotation",
					"pivot": [2.5, 31, -0.75],
					"cubes": [
						{"origin": [1.5, 28.5, -0.75], "size": [2, 3, 3], "inflate": 0.01, "uv": [0, 36]}
					]
				},
				{
					"name": "hair_outer_left3",
					"parent": "hair_outer_left2",
					"pivot": [2.5, 31.5, 1.25],
					"cubes": [
						{"origin": [1, 28, 1.25], "size": [3, 4, 5], "uv": [0, 42]}
					]
				},
				{
					"name": "hair_outer_left4",
					"parent": "hair_outer_left3",
					"pivot": [2.5, 30, 5.25],
					"cubes": [
						{"origin": [1, 28, 5.25], "size": [3, 4, 5], "inflate": 0.01, "uv": [26, 41]}
					]
				},
				{
					"name": "hair_outer_left5",
					"parent": "hair_outer_left4",
					"pivot": [2.5, 29, 10.25],
					"cubes": [
						{"origin": [1, 28, 9.75], "size": [3, 3, 3], "uv": [0, 51]}
					]
				},
				{
					"name": "hair_outer_left_end",
					"parent": "hair_outer_left5",
					"pivot": [2.5, 28, 12.75],
					"rotation": [45, 0, 0],
					"cubes": [
						{"origin": [1.5, 28, 12.75], "size": [2, 4, 3], "uv": [39, 47]}
					]
				},
				{
					"name": "hair_inner_right",
					"parent": "hair",
					"pivot": [-1, 31, -3.75],
					"rotation": [0, -10, 0]
				},
				{
					"name": "hair_inner_right_rotation",
					"parent": "hair_inner_right",
					"pivot": [-1, 31, -3.75],
					"rotation": [15, 0, 0],
					"cubes": [
						{"origin": [-2, 29, -3.75], "size": [2, 2, 2], "uv": [53, 4], "mirror": true}
					]
				},
				{
					"name": "hair_inner_right2",
					"parent": "hair_inner_right_rotation",
					"pivot": [-1, 31, -1.75],
					"rotation": [-15, 0, 0],
					"cubes": [
						{"origin": [-2, 28.5, -1.75], "size": [2, 3, 4], "inflate": 0.01, "uv": [83, 0], "mirror": true}
					]
				},
				{
					"name": "hair_inner_right3",
					"parent": "hair_inner_right2",
					"pivot": [-1, 31.5, 1.25],
					"rotation": [-15, 0, 0],
					"cubes": [
						{"origin": [-2.5, 28, 1.25], "size": [3, 4, 4], "uv": [95, 0], "mirror": true}
					]
				},
				{
					"name": "hair_inner_right4",
					"parent": "hair_inner_right3",
					"pivot": [-1, 30, 4.25],
					"cubes": [
						{"origin": [-2.5, 27.5, 4.25], "size": [3, 5, 6], "inflate": 0.01, "uv": [91, 8], "mirror": true}
					]
				},
				{
					"name": "hair_inner_right5",
					"parent": "hair_inner_right4",
					"pivot": [-1, 30, 9.25],
					"cubes": [
						{"origin": [-2.5, 27, 9.25], "size": [3, 6, 6], "inflate": 0.02, "uv": [103, 13], "mirror": true}
					]
				},
				{
					"name": "hair_inner_right6",
					"parent": "hair_inner_right5",
					"pivot": [-1, 30, 14.25],
					"cubes": [
						{"origin": [-3, 27, 14.25], "size": [4, 6, 6], "inflate": 0.03, "uv": [94, 25], "mirror": true}
					]
				},
				{
					"name": "hair_inner_right7",
					"parent": "hair_inner_right6",
					"pivot": [-1, 27, 20.25],
					"cubes": [
						{"origin": [-2.5, 27, 20.25], "size": [3, 4, 3], "uv": [114, 32], "mirror": true}
					]
				},
				{
					"name": "hair_inner_right_end",
					"parent": "hair_inner_right7",
					"pivot": [-1, 27, 23.25],
					"rotation": [50, 0, 0],
					"cubes": [
						{"origin": [-2, 27, 23.25], "size": [2, 5, 4], "uv": [116, 39], "mirror": true}
					]
				},
				{
					"name": "hair_middle_right",
					"parent": "hair",
					"pivot": [-1.5, 31, -3.25],
					"rotation": [0, -27.5, 0]
				},
				{
					"name": "hair_middle_right_rotation",
					"parent": "hair_middle_right",
					"pivot": [-1.5, 31, -3.25],
					"rotation": [5, 0, 0],
					"cubes": [
						{"origin": [-2.5, 29, -3.25], "size": [2, 2, 2], "uv": [100, 37], "mirror": true}
					]
				},
				{
					"name": "hair_middle_right2",
					"parent": "hair_middle_right_rotation",
					"pivot": [-1.5, 31, -1.25],
					"rotation": [-15, 0, 0],
					"cubes": [
						{"origin": [-2.5, 28.5, -1.25], "size": [2, 3, 3], "inflate": 0.01, "uv": [94, 41], "mirror": true}
					]
				},
				{
					"name": "hair_middle_right3",
					"parent": "hair_middle_right2",
					"pivot": [-1.5, 31.5, 1.75],
					"rotation": [-15, 0, 0],
					"cubes": [
						{"origin": [-3, 28, 1.75], "size": [3, 4, 4], "uv": [114, 48], "mirror": true}
					]
				},
				{
					"name": "hair_middle_right4",
					"parent": "hair_middle_right3",
					"pivot": [-1.5, 30, 4.75],
					"cubes": [
						{"origin": [-3, 27.5, 4.75], "size": [3, 5, 5], "inflate": 0.01, "uv": [103, 54], "mirror": true}
					]
				},
				{
					"name": "hair_middle_right5",
					"parent": "hair_middle_right4",
					"pivot": [-1.5, 30, 8.75],
					"cubes": [
						{"origin": [-3.5, 27.5, 8.75], "size": [4, 5, 5], "inflate": 0.02, "uv": [70, 54], "mirror": true}
					]
				},
				{
					"name": "hair_middle_right6",
					"parent": "hair_middle_right5",
					"pivot": [-1.5, 32.5, 13.75],
					"cubes": [
						{"origin": [-3, 28.5, 13.75], "size": [3, 4, 3], "uv": [82, 47], "mirror": true}
					]
				},
				{
					"name": "hair_middle_right_end",
					"parent": "hair_middle_right6",
					"pivot": [-1.5, 32.5, 16.75],
					"rotation": [-50, 0, 0],
					"cubes": [
						{"origin": [-2.5, 27.5, 16.75], "size": [2, 5, 4], "uv": [88, 59], "mirror": true}
					]
				},
				{
					"name": "hair_outer_right",
					"parent": "hair",
					"pivot": [-2.5, 31, -2.75],
					"rotation": [0, -57.5, 0]
				},
				{
					"name": "hair_outer_right_rotation",
					"parent": "hair_outer_right",
					"pivot": [-2.5, 31, -2.75],
					"rotation": [-27.5, 0, 0],
					"cubes": [
						{"origin": [-3.5, 29, -2.75], "size": [2, 2, 2], "uv": [6, 32], "mirror": true}
					]
				},
				{
					"name": "hair_outer_right2",
					"parent": "hair_outer_right_rotation",
					"pivot": [-2.5, 31, -0.75],
					"cubes": [
						{"origin": [-3.5, 28.5, -0.75], "size": [2, 3, 3], "inflate": 0.01, "uv": [10, 36], "mirror": true}
					]
				},
				{
					"name": "hair_outer_right3",
					"parent": "hair_outer_right2",
					"pivot": [-2.5, 31.5, 1.25],
					"cubes": [
						{"origin": [-4, 28, 1.25], "size": [3, 4, 5], "uv": [15, 37], "mirror": true}
					]
				},
				{
					"name": "hair_outer_right4",
					"parent": "hair_outer_right3",
					"pivot": [-2.5, 30, 5.25],
					"cubes": [
						{"origin": [-4, 28, 5.25], "size": [3, 4, 5], "inflate": 0.01, "uv": [37, 37], "mirror": true}
					]
				},
				{
					"name": "hair_outer_right5",
					"parent": "hair_outer_right4",
					"pivot": [-2.5, 29, 10.25],
					"cubes": [
						{"origin": [-4, 28, 9.75], "size": [3, 3, 3], "uv": [0, 57], "mirror": true}
					]
				},
				{
					"name": "hair_outer_right_end",
					"parent": "hair_outer_right5",
					"pivot": [-2.5, 28, 12.75],
					"rotation": [45, 0, 0],
					"cubes": [
						{"origin": [-3.5, 28, 12.75], "size": [2, 4, 3], "uv": [50, 43], "mirror": true}
					]
				},
				{
					"name": "hair_front_left",
					"parent": "head",
					"pivot": [0.5, 31.4, -4.25],
					"rotation": [7.5, -9, 5],
					"cubes": [
						{"origin": [-1, 31.4, -11.25], "size": [5, 0, 7], "uv": [36, 0], "mirror": true}
					]
				},
				{
					"name": "hair_front_right",
					"parent": "head",
					"pivot": [-0.5, 31.4, -4.25],
					"rotation": [7.5, 9, -5],
					"cubes": [
						{"origin": [-4, 31.4, -11.25], "size": [5, 0, 7], "uv": [35, 7]}
					]
				},
				{
					"name": "legs",
					"parent": "body",
					"pivot": [0, 13.75, 0]
				},
				{
					"name": "leg_front_left",
					"parent": "legs",
					"pivot": [3.25, 13.75, -6],
					"cubes": [
						{"origin": [1.75, 7.25, -7.5], "size": [3, 8, 3], "inflate": 0.01, "uv": [0, 73]}
					]
				},
				{
					"name": "leg_front_left2",
					"parent": "leg_front_left",
					"pivot": [3.25, 7.25, -7.5],
					"cubes": [
						{"origin": [1.75, 1.25, -7.5], "size": [3, 6, 3], "uv": [24, 73]}
					]
				},
				{
					"name": "leg_fluff_front_left",
					"parent": "leg_front_left2",
					"pivot": [3.25, 2, -7.75],
					"rotation": [-20, 0, 0],
					"cubes": [
						{"origin": [1.25, 2, -8.25], "size": [4, 3, 4], "inflate": 0.03, "uv": [0, 84]}
					]
				},
				{
					"name": "leg_fluff_front_left2",
					"parent": "leg_fluff_front_left",
					"pivot": [3.25, 5, -8.25],
					"rotation": [27.5, 0, 0],
					"cubes": [
						{"origin": [1.25, 2, -8.25], "size": [4, 3, 3], "inflate": 0.02, "uv": [28, 82]}
					]
				},
				{
					"name": "leg_fluff_front_left3",
					"parent": "leg_fluff_front_left2",
					"pivot": [3.25, 3.5, -5.25],
					"rotation": [-7.5, 0, 0],
					"cubes": [
						{"origin": [1.75, 2, -5.75], "size": [3, 3, 3], "inflate": 0.04, "uv": [56, 81]}
					]
				},
				{
					"name": "leg_fluff_front_left4",
					"parent": "leg_fluff_front_left3",
					"pivot": [3.25, 3.5, -3.25],
					"cubes": [
						{"origin": [1.75, 2.5, -3.25], "size": [3, 2, 3], "inflate": 0.03, "uv": [64, 93]}
					]
				},
				{
					"name": "leg_fluff_front_left5",
					"parent": "leg_fluff_front_left4",
					"pivot": [3.25, 3.5, -0.75],
					"cubes": [
						{"origin": [2.25, 2.5, -0.75], "size": [2, 2, 3], "inflate": 0.02, "uv": [32, 94]}
					]
				},
				{
					"name": "leg_fluff_front_left6",
					"parent": "leg_fluff_front_left5",
					"pivot": [3.25, 3.5, 1.75],
					"cubes": [
						{"origin": [2.25, 3, 1.75], "size": [2, 1, 3], "inflate": 0.01, "uv": [65, 103]}
					]
				},
				{
					"name": "leg_fluff_front_left7",
					"parent": "leg_fluff_front_left6",
					"pivot": [3.25, 3.5, 4.25],
					"cubes": [
						{"origin": [2.75, 3, 4.25], "size": [1, 1, 2], "uv": [72, 103]}
					]
				},
				{
					"name": "leg_front_left3",
					"parent": "leg_front_left2",
					"pivot": [3.25, 1.25, -6],
					"cubes": [
						{"origin": [1.75, 0, -7.75], "size": [3, 2, 3], "inflate": 0.02, "uv": [48, 76]}
					]
				},
				{
					"name": "leg_back_left",
					"parent": "legs",
					"pivot": [3.5, 14, 5],
					"rotation": [2.5, 0, 0],
					"cubes": [
						{"origin": [2, 8, 2.5], "size": [3, 8, 5], "inflate": 0.01, "uv": [0, 98]}
					]
				},
				{
					"name": "leg_back_left2",
					"parent": "leg_back_left",
					"pivot": [3.5, 8, 7.5],
					"rotation": [-7.5, 0, 0],
					"cubes": [
						{"origin": [2, 1, 5], "size": [3, 7, 3], "uv": [0, 111]}
					]
				},
				{
					"name": "leg_fluff_back_left",
					"parent": "leg_back_left2",
					"pivot": [3.25, 1.6, 4.7],
					"rotation": [-15, 0, 0],
					"cubes": [
						{"origin": [1.25, 1.6, 4.2], "size": [4, 3, 4], "inflate": 0.03, "uv": [0, 91]}
					]
				},
				{
					"name": "leg_fluff_back_left2",
					"parent": "leg_fluff_back_left",
					"pivot": [3.25, 4.6, 4.2],
					"rotation": [27.5, 0, 0],
					"cubes": [
						{"origin": [1.25, 1.6, 4.2], "size": [4, 3, 3], "inflate": 0.02, "uv": [29, 88]}
					]
				},
				{
					"name": "leg_fluff_back_left3",
					"parent": "leg_fluff_back_left2",
					"pivot": [3.25, 3.1, 7.2],
					"rotation": [-7.5, 0, 0],
					"cubes": [
						{"origin": [1.75, 1.6, 6.7], "size": [3, 3, 3], "inflate": 0.04, "uv": [57, 87]}
					]
				},
				{
					"name": "leg_fluff_back_left4",
					"parent": "leg_fluff_back_left3",
					"pivot": [3.25, 3.1, 9.2],
					"cubes": [
						{"origin": [1.75, 2.1, 9.2], "size": [3, 2, 3], "inflate": 0.03, "uv": [55, 95]}
					]
				},
				{
					"name": "leg_fluff_back_left5",
					"parent": "leg_fluff_back_left4",
					"pivot": [3.25, 3.1, 11.7],
					"cubes": [
						{"origin": [2.25, 2.1, 11.7], "size": [2, 2, 3], "inflate": 0.02, "uv": [38, 99]}
					]
				},
				{
					"name": "leg_fluff_back_left6",
					"parent": "leg_fluff_back_left5",
					"pivot": [3.25, 3.1, 14.2],
					"cubes": [
						{"origin": [2.25, 2.6, 14.2], "size": [2, 1, 3], "inflate": 0.01, "uv": [58, 104]}
					]
				},
				{
					"name": "leg_fluff_back_left7",
					"parent": "leg_fluff_back_left6",
					"pivot": [3.25, 3.1, 16.7],
					"cubes": [
						{"origin": [2.75, 2.6, 16.7], "size": [1, 1, 2], "uv": [73, 106]}
					]
				},
				{
					"name": "leg_back_left3",
					"parent": "leg_back_left2",
					"pivot": [3.5, 1, 6.5],
					"rotation": [5, 0, 0],
					"cubes": [
						{"origin": [2, -0.25, 4.75], "size": [3, 2, 3], "inflate": 0.02, "uv": [32, 104]}
					]
				},
				{
					"name": "leg_front_right",
					"parent": "legs",
					"pivot": [-3.25, 13.75, -6],
					"cubes": [
						{"origin": [-4.75, 7.25, -7.5], "size": [3, 8, 3], "inflate": 0.01, "uv": [12, 73], "mirror": true}
					]
				},
				{
					"name": "leg_front_right2",
					"parent": "leg_front_right",
					"pivot": [-3.25, 7.25, -7.5],
					"cubes": [
						{"origin": [-4.75, 1.25, -7.5], "size": [3, 6, 3], "uv": [36, 73], "mirror": true}
					]
				},
				{
					"name": "leg_fluff_front_right",
					"parent": "leg_front_right2",
					"pivot": [-3.25, 2, -7.75],
					"rotation": [-20, 0, 0],
					"cubes": [
						{"origin": [-5.25, 2, -8.25], "size": [4, 3, 4], "inflate": 0.03, "uv": [16, 84], "mirror": true}
					]
				},
				{
					"name": "leg_fluff_front_right2",
					"parent": "leg_fluff_front_right",
					"pivot": [-3.25, 5, -8.25],
					"rotation": [27.5, 0, 0],
					"cubes": [
						{"origin": [-5.25, 2, -8.25], "size": [4, 3, 3], "inflate": 0.02, "uv": [42, 82], "mirror": true}
					]
				},
				{
					"name": "leg_fluff_front_right3",
					"parent": "leg_fluff_front_right2",
					"pivot": [-3.25, 3.5, -5.25],
					"rotation": [-7.5, 0, 0],
					"cubes": [
						{"origin": [-4.75, 2, -5.75], "size": [3, 3, 3], "inflate": 0.04, "uv": [69, 78], "mirror": true}
					]
				},
				{
					"name": "leg_fluff_front_right4",
					"parent": "leg_fluff_front_right3",
					"pivot": [-3.25, 3.5, -3.25],
					"cubes": [
						{"origin": [-4.75, 2.5, -3.25], "size": [3, 2, 3], "inflate": 0.03, "uv": [73, 90], "mirror": true}
					]
				},
				{
					"name": "leg_fluff_front_right5",
					"parent": "leg_fluff_front_right4",
					"pivot": [-3.25, 3.5, -0.75],
					"cubes": [
						{"origin": [-4.25, 2.5, -0.75], "size": [2, 2, 3], "inflate": 0.02, "uv": [42, 94], "mirror": true}
					]
				},
				{
					"name": "leg_fluff_front_right6",
					"parent": "leg_fluff_front_right5",
					"pivot": [-3.25, 3.5, 1.75],
					"cubes": [
						{"origin": [-4.25, 3, 1.75], "size": [2, 1, 3], "inflate": 0.01, "uv": [58, 100], "mirror": true}
					]
				},
				{
					"name": "leg_fluff_front_right7",
					"parent": "leg_fluff_front_right6",
					"pivot": [-3.25, 3.5, 4.25],
					"cubes": [
						{"origin": [-3.75, 3, 4.25], "size": [1, 1, 2], "uv": [77, 102], "mirror": true}
					]
				},
				{
					"name": "leg_front_right3",
					"parent": "leg_front_right2",
					"pivot": [-3.25, 1.25, -6],
					"cubes": [
						{"origin": [-4.75, 0, -7.75], "size": [3, 2, 3], "inflate": 0.02, "uv": [60, 76], "mirror": true}
					]
				},
				{
					"name": "leg_back_right",
					"parent": "legs",
					"pivot": [-3.5, 14, 5],
					"rotation": [2.5, 0, 0],
					"cubes": [
						{"origin": [-5, 8, 2.5], "size": [3, 8, 5], "inflate": 0.01, "uv": [16, 98], "mirror": true}
					]
				},
				{
					"name": "leg_back_right2",
					"parent": "leg_back_right",
					"pivot": [-3.5, 8, 7.5],
					"rotation": [-7.5, 0, 0],
					"cubes": [
						{"origin": [-5, 1, 5], "size": [3, 7, 3], "uv": [12, 111], "mirror": true}
					]
				},
				{
					"name": "leg_fluff_back_right",
					"parent": "leg_back_right2",
					"pivot": [-3.25, 1.6, 4.7],
					"rotation": [-15, 0, 0],
					"cubes": [
						{"origin": [-5.25, 1.6, 4.2], "size": [4, 3, 4], "inflate": 0.03, "uv": [16, 91], "mirror": true}
					]
				},
				{
					"name": "leg_fluff_back_right2",
					"parent": "leg_fluff_back_right",
					"pivot": [-3.25, 4.6, 4.2],
					"rotation": [27.5, 0, 0],
					"cubes": [
						{"origin": [-5.25, 1.6, 4.2], "size": [4, 3, 3], "inflate": 0.02, "uv": [43, 88], "mirror": true}
					]
				},
				{
					"name": "leg_fluff_back_right3",
					"parent": "leg_fluff_back_right2",
					"pivot": [-3.25, 3.1, 7.2],
					"rotation": [-7.5, 0, 0],
					"cubes": [
						{"origin": [-4.75, 1.6, 6.7], "size": [3, 3, 3], "inflate": 0.04, "uv": [66, 84], "mirror": true}
					]
				},
				{
					"name": "leg_fluff_back_right4",
					"parent": "leg_fluff_back_right3",
					"pivot": [-3.25, 3.1, 9.2],
					"cubes": [
						{"origin": [-4.75, 2.1, 9.2], "size": [3, 2, 3], "inflate": 0.03, "uv": [67, 98], "mirror": true}
					]
				},
				{
					"name": "leg_fluff_back_right5",
					"parent": "leg_fluff_back_right4",
					"pivot": [-3.25, 3.1, 11.7],
					"cubes": [
						{"origin": [-4.25, 2.1, 11.7], "size": [2, 2, 3], "inflate": 0.02, "uv": [48, 99], "mirror": true}
					]
				},
				{
					"name": "leg_fluff_back_right6",
					"parent": "leg_fluff_back_right5",
					"pivot": [-3.25, 3.1, 14.2],
					"cubes": [
						{"origin": [-4.25, 2.6, 14.2], "size": [2, 1, 3], "inflate": 0.01, "uv": [65, 107], "mirror": true}
					]
				},
				{
					"name": "leg_fluff_back_right7",
					"parent": "leg_fluff_back_right6",
					"pivot": [-3.25, 3.1, 16.7],
					"cubes": [
						{"origin": [-3.75, 2.6, 16.7], "size": [1, 1, 2], "uv": [77, 105], "mirror": true}
					]
				},
				{
					"name": "leg_back_right3",
					"parent": "leg_back_right2",
					"pivot": [-3.5, 1, 6.5],
					"rotation": [5, 0, 0],
					"cubes": [
						{"origin": [-5, -0.25, 4.75], "size": [3, 2, 3], "inflate": 0.02, "uv": [44, 104], "mirror": true}
					]
				}
			]
		}
	]
}