{
  "species": "cobblemon:vaporeon",
  "order": 22,
  "variations": [
    {
      "aspects": ["kazeran"],
      "poser": "cobblemon:vaporeon_kazeran",
      "model": "cobblemon:vaporeon_kazeran.geo",
      "texture": "cobblemon:textures/pokemon/vaporeon/vaporeon_kazeran.png",
      "layers": [
        {
          "name": "emissive",
          "emissive": true,
          "texture": "cobblemon:textures/pokemon/vaporeon/vaporeon_kazeran_emissive.png",
          "translucent": true
        }
      ]
    },
    {
      "aspects": ["kazeran","shiny"],
      "texture": "cobblemon:textures/pokemon/vaporeon/vaporeon_kazeran_shiny.png",
      "layers": [
        {
          "name": "emissive",
          "emissive": true,
          "texture": "cobblemon:textures/pokemon/vaporeon/vaporeon_kazeran_shiny_emissive.png",
          "translucent": true
        }
      ]
    }
  ]
}
