{
  "enabled": true,
  "neededInstalledMods": [],
  "neededUninstalledMods": [],
  "spawns": [
    {
      "id": "ironmoth-1",
      "pokemon": "ironmoth",
      "presets": [
        "natural"
      ],
      "type": "pokemon",
      "context": "grounded",
      "bucket": "rare",
      "level": "35-79",
      "weight": 0.5,
      "condition": {
        "canSeeSky": true,
        "biomes": [
          "#cobblemon:is_hills"
        ],
        "timeRange": "day"
      }
    }
  ]
}