{
  "format_version": "1.12.0",
  "minecraft:geometry": [
    {
      "description": {
        "identifier": "geometry.butterfree_male",
        "texture_width": 64,
        "texture_height": 64,
        "visible_bounds_width": 4,
        "visible_bounds_height": 3.5,
        "visible_bounds_offset": [0, 1.25, 0]
      },
      "bones": [
        {
          "name": "butterfree",
          "pivot": [0, 1, 0]
        },
        {
          "name": "locator_root",
          "parent": "butterfree",
          "pivot": [0, 0, 0],
          "locators": {
            "root": [0, 0, 0]
          }
        },
        {
          "name": "locator_top",
          "parent": "butterfree",
          "pivot": [0, 20, 0],
          "locators": {
            "top": [0, 20, 0]
          }
        },
        {
          "name": "body",
          "parent": "butterfree",
          "pivot": [0, 10, 0],
          "cubes": [
            { "origin": [-3, 7, -2], "size": [6, 6, 4], "uv": [38, 11] }
          ]
        },
        {
          "name": "locator_seat_1",
          "parent": "body",
          "pivot": [0, 13, 0],
          "locators": {
            "seat_1": [0, 13, 0]
          }
        },
        {
          "name": "head",
          "parent": "body",
          "pivot": [0, 13, -0.5],
          "cubes": [
            { "origin": [-3.5, 13, -3], "size": [7, 6, 5], "uv": [38, 0] },
            { "origin": [-1.5, 13.5, -3.75], "size": [3, 2, 1], "uv": [56, 21] },
            { "origin": [-1, 13.1, -3.5], "size": [0, 1, 1], "uv": [44, 26] },
            { "origin": [1, 13.1, -3.5], "size": [0, 1, 1], "uv": [46, 26] }
          ]
        },
        {
          "name": "eyes",
          "parent": "head",
          "pivot": [0, 15.5, -2.25],
          "cubes": [
            { "origin": [-3.75, 14, -3.25], "size": [2, 3, 2], "uv": [43, 21], "mirror": true },
            { "origin": [1.75, 14, -3.25], "size": [2, 3, 2], "uv": [43, 30] }
          ]
        },
        {
          "name": "antenna_right",
          "parent": "head",
          "pivot": [-1, 19, -2.25],
          "rotation": [7.5, 25, 0],
          "cubes": [
            { "origin": [-1.5, 19, -2.25], "size": [1, 5, 0], "pivot": [0, 0, 0], "rotation": [0, 0, 0], "uv": [40, 0], "mirror": true }
          ]
        },
        {
          "name": "antenna_right2",
          "parent": "antenna_right",
          "pivot": [-1, 24, -2.25],
          "rotation": [15, 0, 0],
          "cubes": [
            { "origin": [-2.5, 24, -2.25], "size": [2, 7, 0], "uv": [51, 21], "mirror": true }
          ]
        },
        {
          "name": "antenna_left",
          "parent": "head",
          "pivot": [1, 19, -2.25],
          "rotation": [7.5, -25, 0],
          "cubes": [
            { "origin": [0.5, 19, -2.25], "size": [1, 5, 0], "pivot": [0, 0, 0], "rotation": [0, 0, 0], "uv": [38, 0] }
          ]
        },
        {
          "name": "antenna_left2",
          "parent": "antenna_left",
          "pivot": [1, 24, -2.25],
          "rotation": [15, 0, 0],
          "cubes": [
            { "origin": [0.5, 24, -2.25], "size": [2, 7, 0], "uv": [51, 21] }
          ]
        },
        {
          "name": "hand_right",
          "parent": "body",
          "pivot": [-2.5, 11, -1.75],
          "rotation": [0, -60, 0],
          "cubes": [
            { "origin": [-2.94199, 10, -3.71651], "size": [1, 2, 2], "uv": [58, 28], "mirror": true }
          ]
        },
        {
          "name": "hand_left",
          "parent": "body",
          "pivot": [2.5, 11, -1.75],
          "rotation": [0, 60, 0],
          "cubes": [
            { "origin": [1.94199, 10, -3.71651], "size": [1, 2, 2], "uv": [58, 24] }
          ]
        },
        {
          "name": "leg_right",
          "parent": "body",
          "pivot": [-1.75, 7, 0.25],
          "cubes": [
            { "origin": [-2.5, 0, -2.5], "size": [2, 7, 0], "pivot": [0, 0, 0], "rotation": [-15, 30, 0], "uv": [58, 11] }
          ]
        },
        {
          "name": "leg_left",
          "parent": "body",
          "pivot": [1.75, 7, 0.25],
          "cubes": [
            { "origin": [0.5, 0, -2.5], "size": [2, 7, 0], "pivot": [0, 0, 0], "rotation": [-15, -30, 0], "uv": [39, 21], "mirror": true }
          ]
        },
        {
          "name": "wing_right",
          "parent": "body",
          "pivot": [0, 13, 2],
          "rotation": [0, 5, 0],
          "cubes": [
            { "origin": [-19, 8, 2], "size": [19, 19, 0], "uv": [0, 0] }
          ]
        },
        {
          "name": "wing_right2",
          "parent": "wing_right",
          "pivot": [0, 9, 2],
          "rotation": [0, 2.5, 0],
          "cubes": [
            { "origin": [-15, 0, 2], "size": [15, 13, 0], "uv": [0, 38] }
          ]
        },
        {
          "name": "wing_left",
          "parent": "body",
          "pivot": [0, 13, 2],
          "rotation": [0, -5, 0],
          "cubes": [
            { "origin": [0, 8, 2], "size": [19, 19, 0], "uv": [0, 19], "mirror": true }
          ]
        },
        {
          "name": "wing_left2",
          "parent": "wing_left",
          "pivot": [0, 9, 2],
          "rotation": [0, -2.5, 0],
          "cubes": [
            { "origin": [0, 0, 2], "size": [15, 13, 0], "uv": [30, 38], "mirror": true }
          ]
        }
      ]
    }
  ]
}
