{
	"format_version": "1.12.0",
	"minecraft:geometry": [
		{
			"description": {
				"identifier": "geometry.bibarel_female",
				"texture_width": 128,
				"texture_height": 64,
				"visible_bounds_width": 5,
				"visible_bounds_height": 2.5,
				"visible_bounds_offset": [0, 0.75, 0]
			},
			"bones": [
				{
					"name": "bibarel",
					"pivot": [0, 0, 0]
				},
				{
					"name": "body",
					"parent": "bibarel",
					"pivot": [0, 11, 0]
				},
				{
					"name": "torso",
					"parent": "body",
					"pivot": [0, 11, 7],
					"cubes": [
						{"origin": [-7.5, 4.5, 1], "size": [15, 12, 11], "uv": [0, 0]},
						{"origin": [-6.5, 5, -7], "size": [13, 11, 8], "uv": [86, 0]}
					]
				},
				{
                    "name": "locator_seat_1",
                    "parent": "body",
                    "pivot": [0, 16, 0],
                    "locators": {
                        "seat_1": [0, 16, 0]
                    }
                },
				{
					"name": "head",
					"parent": "torso",
					"pivot": [0, 12, -7],
					"cubes": [
						{"origin": [-5, 7, -14], "size": [10, 10, 8], "uv": [92, 29]}
					]
				},
				{
					"name": "mask",
					"parent": "head",
					"pivot": [0, 12, -14.5],
					"rotation": [-2.5, 0, 0],
					"cubes": [
						{"origin": [-8.25, 10.5, -14.5], "size": [6, 9, 0], "pivot": [-2.25, 17, -14.5], "rotation": [0, 0, -15], "uv": [93, 47]},
						{"origin": [-2.5, 12, -14.5], "size": [5, 5, 0], "inflate": 0.01, "uv": [0, 0]},
						{"origin": [2.25, 10.5, -14.5], "size": [6, 9, 0], "pivot": [2.25, 17, -14.5], "rotation": [0, 0, 15], "uv": [81, 47]}
					]
				},
				{
					"name": "eye_right",
					"parent": "mask",
					"pivot": [-2.63073, 13.49429, -14.5],
					"rotation": [0, 0, -5],
					"cubes": [
						{"origin": [-3.63073, 11.99429, -14.5], "size": [2, 3, 0], "inflate": 0.02, "uv": [42, 3], "mirror": true}
					]
				},
				{
					"name": "eyelid_right",
					"parent": "eye_right",
					"pivot": [-2.63073, 13.49429, -14.4],
					"cubes": [
						{"origin": [-3.63073, 11.99429, -14.4], "size": [2, 3, 1], "inflate": 0.03, "uv": [0, 27], "mirror": true}
					]
				},
				{
					"name": "eye_left",
					"parent": "mask",
					"pivot": [2.88073, 13.49429, -14.5],
					"rotation": [0, 0, 5],
					"cubes": [
						{"origin": [1.88073, 11.99429, -14.5], "size": [2, 3, 0], "inflate": 0.02, "uv": [42, 0]}
					]
				},
				{
					"name": "eyelid_left",
					"parent": "eye_left",
					"pivot": [2.88073, 13.49429, -14.4],
					"cubes": [
						{"origin": [1.88073, 11.99429, -14.4], "size": [2, 3, 1], "inflate": 0.03, "uv": [0, 23]}
					]
				},
				{
					"name": "muzzle",
					"parent": "head",
					"pivot": [0, 10, -14],
					"cubes": [
						{"origin": [-3.5, 8, -16.5], "size": [7, 4, 3], "uv": [23, 23]},
						{"origin": [-1, 11, -16.5], "size": [2, 1, 0], "inflate": 0.01, "uv": [0, 10]},
						{"origin": [-2, 5.25, -16], "size": [4, 3, 0], "pivot": [0, 8, -16], "rotation": [2.5, 0, 0], "uv": [0, 5]}
					]
				},
				{
					"name": "tuft_right",
					"parent": "head",
					"pivot": [-4.25, 11.5, -10.5],
					"rotation": [0, 7.5, -5],
					"cubes": [
						{"origin": [-6.5, 13.5, -12.5], "size": [4, 4, 4], "pivot": [-4.5, 13.5, -10.5], "rotation": [0, 0, -40], "uv": [78, 0]},
						{"origin": [-9.25, 9, -13], "size": [5, 5, 5], "uv": [66, 12]},
						{"origin": [-6.5, 5.5, -12.5], "size": [4, 4, 4], "pivot": [-4.5, 9.5, -10.5], "rotation": [0, 0, 40], "uv": [76, 39]}
					]
				},
				{
					"name": "tuft_left",
					"parent": "head",
					"pivot": [4.25, 11.5, -10.5],
					"rotation": [0, -7.5, 5],
					"cubes": [
						{"origin": [2.5, 13.5, -12.5], "size": [4, 4, 4], "pivot": [4.5, 13.5, -10.5], "rotation": [0, 0, 40], "uv": [62, 0]},
						{"origin": [4.25, 9, -13], "size": [5, 5, 5], "uv": [70, 29]},
						{"origin": [2.5, 5.5, -12.5], "size": [4, 4, 4], "pivot": [4.5, 9.5, -10.5], "rotation": [0, 0, -40], "uv": [46, 0]}
					]
				},
				{
					"name": "leg_front_right",
					"parent": "torso",
					"pivot": [-5, 8.5, -3.75],
					"cubes": [
						{"origin": [-7, 2, -6.25], "size": [4, 8, 5], "uv": [33, 46]}
					]
				},
				{
					"name": "foot_right",
					"parent": "leg_front_right",
					"pivot": [-5, 2, -3.5],
					"cubes": [
						{"origin": [-6.5, 0, -5], "size": [3, 2, 3], "uv": [98, 24]}
					]
				},
				{
					"name": "toes_right",
					"parent": "foot_right",
					"pivot": [-5, 1, -5],
					"cubes": [
						{"origin": [-6.25, 0, -6], "size": [0, 1, 1], "pivot": [-6.25, 1, -5], "rotation": [0, 10, 0], "uv": [4, 7]},
						{"origin": [-5, 0, -6], "size": [0, 1, 1], "uv": [2, 7]},
						{"origin": [-3.75, 0, -6], "size": [0, 1, 1], "pivot": [-3.75, 1, -5], "rotation": [0, -10, 0], "uv": [0, 7]}
					]
				},
				{
					"name": "leg_front_left",
					"parent": "torso",
					"pivot": [5, 8.5, -3.75],
					"cubes": [
						{"origin": [3, 2, -6.25], "size": [4, 8, 5], "uv": [51, 46]}
					]
				},
				{
					"name": "foot_left",
					"parent": "leg_front_left",
					"pivot": [5, 2, -3.5],
					"cubes": [
						{"origin": [3.5, 0, -5], "size": [3, 2, 3], "uv": [86, 24]}
					]
				},
				{
					"name": "toes_left",
					"parent": "foot_left",
					"pivot": [5, 1, -5],
					"cubes": [
						{"origin": [6.25, 0, -6], "size": [0, 1, 1], "pivot": [6.25, 1, -5], "rotation": [0, -10, 0], "uv": [6, 7]},
						{"origin": [5, 0, -6], "size": [0, 1, 1], "uv": [0, 8]},
						{"origin": [3.75, 0, -6], "size": [0, 1, 1], "pivot": [3.75, 1, -5], "rotation": [0, 10, 0], "uv": [2, 8]}
					]
				},
				{
					"name": "tail",
					"parent": "torso",
					"pivot": [0, 15.5, 12],
					"cubes": [
						{"origin": [-6.5, 15.5, 12], "size": [13, 0, 6], "uv": [38, 40]}
					]
				},
				{
					"name": "tail2",
					"parent": "tail",
					"pivot": [0, 15.5, 18],
					"cubes": [
						{"origin": [-6.5, 15.5, 18], "size": [13, 0, 7], "uv": [5, 43]}
					]
				},
				{
					"name": "tail3",
					"parent": "tail2",
					"pivot": [0, 15.5, 24],
					"cubes": [
						{"origin": [-6.5, 15.5, 25], "size": [13, 0, 6], "uv": [38, 34]}
					]
				},
				{
					"name": "leg_back_right",
					"parent": "body",
					"pivot": [-5, 10.5, 7],
					"cubes": [
						{"origin": [-8.5, 2, 2.5], "size": [7, 11, 9], "inflate": 0.1, "uv": [0, 23]}
					]
				},
				{
					"name": "foot_back_right",
					"parent": "leg_back_right",
					"pivot": [-5, 2, 8.75],
					"cubes": [
						{"origin": [-8, 0, 7.25], "size": [6, 2, 3], "uv": [110, 24]},
						{"origin": [-6, 0, 6.75], "size": [2, 0, 2], "inflate": 0.01, "uv": [2, 9]}
					]
				},
				{
					"name": "foot_back_right2",
					"parent": "foot_back_right",
					"pivot": [-5, 0, 7.25],
					"cubes": [
						{"origin": [-8.5, 0, 4.25], "size": [7, 2, 3], "uv": [83, 19]},
						{"origin": [-7, 0, 4.25], "size": [4, 2, 1], "inflate": 0.01, "uv": [32, 33], "mirror": true}
					]
				},
				{
					"name": "leg_back_left",
					"parent": "body",
					"pivot": [5, 10.5, 7],
					"cubes": [
						{"origin": [1.5, 2, 2.5], "size": [7, 11, 9], "inflate": 0.1, "uv": [43, 14]}
					]
				},
				{
					"name": "foot_back_left",
					"parent": "leg_back_left",
					"pivot": [5, 2, 8.75],
					"cubes": [
						{"origin": [2, 0, 7.25], "size": [6, 2, 3], "uv": [53, 9]},
						{"origin": [4, 0, 6.75], "size": [2, 0, 2], "inflate": 0.01, "uv": [2, 9], "mirror": true}
					]
				},
				{
					"name": "foot_back_left2",
					"parent": "foot_back_left",
					"pivot": [5, 0, 7.25],
					"cubes": [
						{"origin": [1.5, 0, 4.25], "size": [7, 2, 3], "uv": [103, 19]},
						{"origin": [3, 0, 4.25], "size": [4, 2, 1], "inflate": 0.01, "uv": [32, 30]}
					]
				}
			]
		}
	]
}