{
	"format_version": "1.12.0",
	"minecraft:geometry": [
		{
			"description": {
				"identifier": "geometry.houndoom_female",
				"texture_width": 128,
				"texture_height": 64,
				"visible_bounds_width": 7,
				"visible_bounds_height": 3.5,
				"visible_bounds_offset": [0, 1.25, 0]
			},
			"bones": [
				{
					"name": "houndoom",
					"pivot": [0, 0, 0]
				},
				{
					"name": "locator_root",
					"parent": "houndoom",
					"pivot": [0, 0, 0],
					"locators": {
						"root": [0, 0, 0]
					}
				},
				{
					"name": "locator_top",
					"parent": "houndoom",
					"pivot": [0, 35, 0],
					"locators": {
						"top": [0, 35, 0]
					}
				},
				{
					"name": "body",
					"parent": "houndoom",
					"pivot": [-0.5, 19, 0]
				},
				{
					"name": "locator_target",
					"parent": "body",
					"pivot": [0, 19, -15],
					"locators": {
						"target": [0, 19, -15]
					}
				},
				{
					"name": "locator_middle",
					"parent": "body",
					"pivot": [0, 19, 0],
					"locators": {
						"middle": [0, 19, 0]
					}
				},
				{
					"name": "hips",
					"parent": "body",
					"pivot": [-0.5, 18.1, 7.75]
				},
				{
					"name": "torso",
					"parent": "hips",
					"pivot": [0, 18.1, 0],
					"cubes": [
						{"origin": [-4, 14.6, -2], "size": [8, 8, 12], "inflate": -0.02, "uv": [0, 0]},
						{"origin": [-4, 14.6, -1], "size": [8, 8, 8], "inflate": 0.35, "uv": [96, 29]}
					]
				},
				{
                    "name": "locator_seat_1",
                    "parent": "body",
                    "pivot": [0, 22, 4],
                    "locators": {
                        "seat_1": [0, 22, 4]
                    }
                },
				{
					"name": "tail",
					"parent": "torso",
					"pivot": [0, 20.6, 10],
					"cubes": [
						{"origin": [-0.5, 20.1, 9], "size": [1, 1, 6], "inflate": 0.01, "uv": [76, 19]}
					]
				},
				{
					"name": "tail2",
					"parent": "tail",
					"pivot": [0, 20.6, 14.75],
					"cubes": [
						{"origin": [-0.5, 20.1, 14.75], "size": [1, 1, 5], "uv": [84, 19]}
					]
				},
				{
					"name": "tail3",
					"parent": "tail2",
					"pivot": [0, 20.6, 19.5],
					"cubes": [
						{"origin": [-0.5, 20.1, 19.5], "size": [1, 1, 5], "inflate": 0.01, "uv": [91, 20]}
					]
				},
				{
					"name": "locator_tail",
					"parent": "tail3",
					"pivot": [0, 20.6, 23.5],
					"rotation": [-180, 0, 180],
					"locators": {
						"tail": [0, 20.6, 23.5]
					}
				},
				{
					"name": "tail4",
					"parent": "tail3",
					"pivot": [0, 20.6, 24.25],
					"cubes": [
						{"origin": [-0.5, 20.1, 24.25], "size": [1, 1, 5], "uv": [77, 26]}
					]
				},
				{
					"name": "tail5",
					"parent": "tail4",
					"pivot": [0, 20.6, 29],
					"cubes": [
						{"origin": [-0.5, 20.1, 29], "size": [1, 1, 5], "inflate": 0.01, "uv": [84, 25]}
					]
				},
				{
					"name": "tail6",
					"parent": "tail5",
					"pivot": [0, 20.6, 33.75],
					"cubes": [
						{"origin": [-0.5, 20.1, 33.75], "size": [1, 1, 5], "uv": [91, 26]}
					]
				},
				{
					"name": "tail7",
					"parent": "tail6",
					"pivot": [0, 20.6, 38.25],
					"cubes": [
						{"origin": [-2.5, 20.6, 36.75], "size": [5, 0, 6], "uv": [111, 5]}
					]
				},
				{
					"name": "locator_tail_tip",
					"parent": "tail7",
					"pivot": [0, 20.6, 42.75],
					"rotation": [-180, 0, 180],
					"locators": {
						"tail_tip": [0, 20.6, 42.75]
					}
				},
				{
					"name": "torso2",
					"parent": "torso",
					"pivot": [0, 18.6, -1],
					"cubes": [
						{"origin": [-4.5, 13.6, -11], "size": [9, 9, 10], "uv": [0, 20]},
						{"origin": [-4.5, 13.6, -11], "size": [9, 9, 10], "inflate": 0.35, "uv": [90, 45]}
					]
				},
				{
					"name": "neck",
					"parent": "torso2",
					"pivot": [0, 20, -8.25],
					"rotation": [5, 0, 0],
					"cubes": [
						{"origin": [-3, 17.5, -11.25], "size": [6, 11, 6], "inflate": -0.02, "uv": [40, 0]},
						{"origin": [-3, 17.6, -11.25], "size": [6, 11, 6], "inflate": 0.25, "uv": [104, 12]}
					]
				},
				{
					"name": "ornament",
					"parent": "neck",
					"pivot": [0, 20.65, -11.05],
					"cubes": [
						{"origin": [-1.5, 19.15, -12.05], "size": [3, 3, 1], "uv": [38, 32]}
					]
				},
				{
					"name": "head",
					"parent": "neck",
					"pivot": [0, 29.5, -8.75]
				},
				{
					"name": "head_ai",
					"parent": "head",
					"pivot": [0, 29.5, -8.75]
				},
				{
					"name": "head_angle",
					"parent": "head_ai",
					"pivot": [0, 29.5, -8.75],
					"cubes": [
						{"origin": [-3.5, 27, -13.25], "size": [7, 7, 8], "uv": [38, 17]},
						{"origin": [-1.5, 27, -12.27], "size": [3, 2, 1], "inflate": -0.01, "uv": [28, 7]}
					]
				},
				{
					"name": "locator_item_hat",
					"parent": "head_angle",
					"pivot": [0, 34.2, -8.75],
					"locators": {
						"item_hat": [0, 34.2, -8.75]
					}
				},
				{
					"name": "locator_head",
					"parent": "head_angle",
					"pivot": [0, 34, -12.75],
					"locators": {
						"head": [0, 34, -12.75]
					}
				},
				{
					"name": "locator_mouth",
					"parent": "head_angle",
					"pivot": [0, 27.7, -13.3],
					"locators": {
						"mouth": [0, 27.7, -13.3],
						"special": [0, 27.7, -13.3],
						"physical": [0, 27.7, -13.3]
					}
				},
				{
					"name": "locator_item_face",
					"parent": "head_angle",
					"pivot": [0, 30.8, -13.25],
					"locators": {
						"item_face": [0, 30.8, -13.25]
					}
				},
				{
					"name": "horns",
					"parent": "head_angle",
					"pivot": [0, 34, -7.75]
				},
				{
					"name": "horn_right",
					"parent": "horns",
					"pivot": [-2.55, 33.5, -7.95],
					"rotation": [-20, -25, -25],
					"cubes": [
						{"origin": [-4.05, 32.5, -9.45], "size": [3, 4, 3], "inflate": -0.1, "uv": [64, 10]}
					]
				},
				{
					"name": "horn_right2",
					"parent": "horn_right",
					"pivot": [-2.55, 36.35, -8.95],
					"rotation": [-50, 0, 0],
					"cubes": [
						{"origin": [-3.55, 36.35, -8.95], "size": [2, 4, 2], "inflate": 0.1, "uv": [88, 10]}
					]
				},
				{
					"name": "locator_horn_right",
					"parent": "horn_right2",
					"pivot": [-2.55, 40.55, -8.5],
					"locators": {
						"horn1": [-2.55, 40.55, -8.5]
					}
				},
				{
					"name": "horn_right3",
					"parent": "horn_right2",
					"pivot": [-2.55, 40.45, -9.05],
					"rotation": [-35, 0, 0],
					"cubes": [
						{"origin": [-2.55, 40.45, -9.05], "size": [0, 4, 5], "uv": [69, 54]}
					]
				},
				{
					"name": "horn_left",
					"parent": "horns",
					"pivot": [2.55, 33.5, -7.95],
					"rotation": [-20, 25, 25],
					"cubes": [
						{"origin": [1.05, 32.5, -9.45], "size": [3, 4, 3], "inflate": -0.1, "uv": [76, 10], "mirror": true}
					]
				},
				{
					"name": "horn_left2",
					"parent": "horn_left",
					"pivot": [2.55, 36.35, -8.95],
					"rotation": [-50, 0, 0],
					"cubes": [
						{"origin": [1.55, 36.35, -8.95], "size": [2, 4, 2], "inflate": 0.1, "uv": [96, 10], "mirror": true}
					]
				},
				{
					"name": "locator_horn_left",
					"parent": "horn_left2",
					"pivot": [2.55, 40.55, -8.5],
					"locators": {
						"horn2": [2.55, 40.55, -8.5]
					}
				},
				{
					"name": "horn_left3",
					"parent": "horn_left2",
					"pivot": [2.55, 40.45, -9.05],
					"rotation": [-35, 0, 0],
					"cubes": [
						{"origin": [2.55, 40.45, -9.05], "size": [0, 4, 5], "uv": [80, 54], "mirror": true}
					]
				},
				{
					"name": "eyes",
					"parent": "head_angle",
					"pivot": [0, 30.7, -13.25]
				},
				{
					"name": "eye_right",
					"parent": "eyes",
					"pivot": [-2.52, 30.5, -12.77],
					"cubes": [
						{"origin": [-3.52, 30, -13.27], "size": [2, 1, 1], "uv": [1, 1]}
					]
				},
				{
					"name": "eye_emote_right",
					"parent": "eye_right",
					"pivot": [-3.01, 31, -13.26],
					"cubes": [
						{"origin": [-3.51, 30.5, -13.26], "size": [1, 1, 2], "uv": [1, 20]}
					]
				},
				{
					"name": "pupil_right",
					"parent": "eye_right",
					"pivot": [-2, 30.5, -13.28],
					"cubes": [
						{"origin": [-2.5, 30, -13.28], "size": [1, 1, 1], "uv": [1, 7]}
					]
				},
				{
					"name": "locator_eye_right",
					"parent": "pupil_right",
					"pivot": [-2, 30.5, -13.25],
					"locators": {
						"eye1": [-2, 30.5, -13.25]
					}
				},
				{
					"name": "eye_left",
					"parent": "eyes",
					"pivot": [2.52, 30.5, -12.77],
					"cubes": [
						{"origin": [1.52, 30, -13.27], "size": [2, 1, 1], "uv": [1, 4], "mirror": true}
					]
				},
				{
					"name": "eye_emote_left",
					"parent": "eye_left",
					"pivot": [3.01, 31, -13.26],
					"cubes": [
						{"origin": [2.51, 30.5, -13.26], "size": [1, 1, 2], "uv": [1, 24], "mirror": true}
					]
				},
				{
					"name": "pupil_left",
					"parent": "eye_left",
					"pivot": [2, 30.5, -13.28],
					"cubes": [
						{"origin": [1.5, 30, -13.28], "size": [1, 1, 1], "uv": [6, 7], "mirror": true}
					]
				},
				{
					"name": "locator_eye_left",
					"parent": "pupil_left",
					"pivot": [2, 30.5, -13.25],
					"locators": {
						"eye2": [2, 30.5, -13.25]
					}
				},
				{
					"name": "eyelid_right",
					"parent": "eyes",
					"pivot": [-2.42, 31, -11.67],
					"cubes": [
						{"origin": [-3.42, 30, -13.17], "size": [2, 3, 3], "uv": [79, 48]}
					]
				},
				{
					"name": "eyelid_left",
					"parent": "eyes",
					"pivot": [2.42, 31, -11.67],
					"cubes": [
						{"origin": [1.42, 30, -13.17], "size": [2, 3, 3], "uv": [89, 48], "mirror": true}
					]
				},
				{
					"name": "eyelid_happy_right",
					"parent": "eyes",
					"pivot": [-2.42, 31, -11.67],
					"cubes": [
						{"origin": [-3.42, 30, -13.17], "size": [2, 2, 3], "uv": [36, 0]}
					]
				},
				{
					"name": "eyelid_happy_left",
					"parent": "eyes",
					"pivot": [2.42, 31, -11.67],
					"cubes": [
						{"origin": [1.42, 30, -13.17], "size": [2, 2, 3], "uv": [58, 0], "mirror": true}
					]
				},
				{
					"name": "eyelid_hurt_right",
					"parent": "eyes",
					"pivot": [-2.42, 31, -11.67],
					"cubes": [
						{"origin": [-3.42, 30, -13.17], "size": [2, 2, 1], "uv": [73, 51]}
					]
				},
				{
					"name": "eyelid_hurt_left",
					"parent": "eyes",
					"pivot": [2.42, 31, -11.67],
					"cubes": [
						{"origin": [1.42, 30, -13.17], "size": [2, 2, 1], "uv": [67, 51], "mirror": true}
					]
				},
				{
					"name": "eyebrow_right",
					"parent": "eyes",
					"pivot": [-2.41, 32, -11.66],
					"cubes": [
						{"origin": [-3.41, 31, -13.16], "size": [2, 2, 3], "uv": [86, 42]}
					]
				},
				{
					"name": "eyebrow_left",
					"parent": "eyes",
					"pivot": [2.41, 32, -11.66],
					"cubes": [
						{"origin": [1.41, 31, -13.16], "size": [2, 2, 3], "uv": [76, 42], "mirror": true}
					]
				},
				{
					"name": "snout",
					"parent": "head_angle",
					"pivot": [0, 30, -13.25],
					"rotation": [7.5, 0, 0],
					"cubes": [
						{"origin": [-1.5, 28, -17.15], "size": [3, 2, 5], "inflate": 0.01, "uv": [61, 17]},
						{"origin": [-1.48, 27.5, -16], "size": [0, 1, 1], "pivot": [-1.5, 28, -15.5], "rotation": [45, 0, 0], "uv": [105, 15]},
						{"origin": [1.48, 27.5, -16], "size": [0, 1, 1], "pivot": [1.5, 28, -15.5], "rotation": [45, 0, 0], "uv": [108, 15], "mirror": true}
					]
				},
				{
					"name": "locator_jaw_upper",
					"parent": "snout",
					"pivot": [0, 28, -17.15],
					"locators": {
						"jaw1": [0, 28, -17.15]
					}
				},
				{
					"name": "locator_face",
					"parent": "snout",
					"pivot": [0, 30, -17.15],
					"locators": {
						"face": [0, 30, -17.15]
					}
				},
				{
					"name": "jaw",
					"parent": "head_angle",
					"pivot": [0, 28, -13.25],
					"cubes": [
						{"origin": [-1.5, 27.01, -16.35], "size": [3, 1, 4], "uv": [29, 20]},
						{"origin": [-1.25, 27.5, -16], "size": [0, 1, 1], "pivot": [-1.25, 28, -15.5], "rotation": [45, -15, 0], "uv": [105, 13]},
						{"origin": [1.25, 27.5, -16], "size": [0, 1, 1], "pivot": [1.25, 28, -15.5], "rotation": [45, 15, 0], "uv": [108, 13], "mirror": true}
					]
				},
				{
					"name": "tongue",
					"parent": "jaw",
					"pivot": [0, 28.01, -13.35],
					"cubes": [
						{"origin": [-1, 28.01, -16.85], "size": [2, 0, 4], "uv": [65, 27]}
					]
				},
				{
					"name": "locator_jaw_lower",
					"parent": "jaw",
					"pivot": [0, 28, -16.35],
					"locators": {
						"jaw2": [0, 28, -16.35]
					}
				},
				{
					"name": "locator_item",
					"parent": "jaw",
					"pivot": [0, 27.95, -16.35],
					"rotation": [0, 45, 0],
					"locators": {
						"item": [0, 27.95, -16.35]
					}
				},
				{
					"name": "ftorso2",
					"parent": "hips",
					"pivot": [0, 18.6, -2]
				},
				{
					"name": "legs_front",
					"parent": "ftorso2",
					"pivot": [3, 18, -7]
				},
				{
					"name": "leg_front_right",
					"parent": "legs_front",
					"pivot": [-4, 18, -7],
					"cubes": [
						{"origin": [-6, 9.9, -9], "size": [4, 10, 4], "inflate": -0.1, "uv": [36, 50]}
					]
				},
				{
					"name": "leg_front_right2",
					"parent": "leg_front_right",
					"pivot": [-4, 10, -5.65],
					"cubes": [
						{"origin": [-5.5, 1.15, -8.5], "size": [3, 9, 3], "inflate": -0.15, "uv": [48, 38]},
						{"origin": [-6, 2, -9], "size": [4, 3, 4], "inflate": -0.15, "uv": [88, 3]}
					]
				},
				{
					"name": "foot_front_right",
					"parent": "leg_front_right2",
					"pivot": [-3.5, 1, -7],
					"cubes": [
						{"origin": [-5.5, 0, -10], "size": [3, 2, 4], "inflate": 0.02, "uv": [70, 32]},
						{"origin": [-5.25, 0, -11], "size": [0, 1, 1], "uv": [121, 34]},
						{"origin": [-4, 0, -11], "size": [0, 1, 1], "uv": [121, 32]},
						{"origin": [-2.75, 0, -11], "size": [0, 1, 1], "uv": [121, 30]}
					]
				},
				{
					"name": "locator_foot_primary",
					"parent": "foot_front_right",
					"pivot": [-4, 0.5, -8],
					"rotation": [90, 0, 0],
					"locators": {
						"foot_primary": [-4, 0.5, -8]
					}
				},
				{
					"name": "leg_front_left",
					"parent": "legs_front",
					"pivot": [4, 18, -7],
					"cubes": [
						{"origin": [2, 9.9, -9], "size": [4, 10, 4], "inflate": -0.1, "uv": [52, 50], "mirror": true}
					]
				},
				{
					"name": "leg_front_left2",
					"parent": "leg_front_left",
					"pivot": [4, 10, -5.65],
					"cubes": [
						{"origin": [2.5, 1.15, -8.5], "size": [3, 9, 3], "inflate": -0.15, "uv": [60, 38], "mirror": true},
						{"origin": [2, 1.75, -9], "size": [4, 3, 4], "inflate": -0.15, "uv": [100, 0], "mirror": true}
					]
				},
				{
					"name": "foot_front_left",
					"parent": "leg_front_left2",
					"pivot": [3.5, 1, -7],
					"cubes": [
						{"origin": [2.5, 0, -10], "size": [3, 2, 4], "inflate": 0.02, "uv": [80, 34], "mirror": true},
						{"origin": [5.25, 0, -11], "size": [0, 1, 1], "uv": [124, 34], "mirror": true},
						{"origin": [4, 0, -11], "size": [0, 1, 1], "uv": [124, 32], "mirror": true},
						{"origin": [2.75, 0, -11], "size": [0, 1, 1], "uv": [124, 30], "mirror": true}
					]
				},
				{
					"name": "locator_foot_secondary1",
					"parent": "foot_front_left",
					"pivot": [4, 0.5, -8],
					"rotation": [90, 0, 0],
					"locators": {
						"foot_secondary1": [4, 0.5, -8]
					}
				},
				{
					"name": "legs_back",
					"parent": "body",
					"pivot": [0, 18.1, 7.75]
				},
				{
					"name": "leg_back_right",
					"parent": "legs_back",
					"pivot": [-4, 18.1, 7.75],
					"cubes": [
						{"origin": [-6, 11.1, 5.25], "size": [4, 9, 5], "inflate": 0.02, "uv": [0, 50]}
					]
				},
				{
					"name": "leg_back_right2",
					"parent": "leg_back_right",
					"pivot": [-4, 11.1, 5.75],
					"rotation": [45, 0, 0],
					"cubes": [
						{"origin": [-5.5, 5.1, 5.75], "size": [3, 6, 3], "uv": [24, 41]}
					]
				},
				{
					"name": "leg_back_right3",
					"parent": "leg_back_right2",
					"pivot": [-4, 5.1, 8.75],
					"rotation": [-45, 0, 0],
					"cubes": [
						{"origin": [-5.5, -2.9, 5.75], "size": [3, 8, 3], "inflate": 0.01, "uv": [0, 39]},
						{"origin": [-6, -2, 5.25], "size": [4, 3, 4], "inflate": -0.15, "uv": [64, 3]}
					]
				},
				{
					"name": "foot_back_right",
					"parent": "leg_back_right3",
					"pivot": [-4, -2.9, 7.25],
					"cubes": [
						{"origin": [-5.5, -3.9, 4.25], "size": [3, 2, 4], "inflate": 0.02, "uv": [42, 32]},
						{"origin": [-5.25, -3.9, 3.25], "size": [0, 1, 1], "uv": [119, 52]},
						{"origin": [-4, -3.9, 3.25], "size": [0, 1, 1], "uv": [119, 50]},
						{"origin": [-2.75, -3.9, 3.25], "size": [0, 1, 1], "uv": [119, 48]}
					]
				},
				{
					"name": "locator_foot_secondary2",
					"parent": "foot_back_right",
					"pivot": [-4, -3.4, 6.25],
					"rotation": [90, 0, 0],
					"locators": {
						"foot_secondary2": [-4, -3.4, 6.25]
					}
				},
				{
					"name": "leg_back_left",
					"parent": "legs_back",
					"pivot": [4, 18.1, 7.75],
					"cubes": [
						{"origin": [2, 11.1, 5.25], "size": [4, 9, 5], "inflate": 0.02, "uv": [18, 50], "mirror": true}
					]
				},
				{
					"name": "leg_back_left2",
					"parent": "leg_back_left",
					"pivot": [4, 11.1, 5.75],
					"rotation": [45, 0, 0],
					"cubes": [
						{"origin": [2.5, 5.1, 5.75], "size": [3, 6, 3], "uv": [36, 41], "mirror": true}
					]
				},
				{
					"name": "leg_back_left3",
					"parent": "leg_back_left2",
					"pivot": [4, 5.1, 8.75],
					"rotation": [-45, 0, 0],
					"cubes": [
						{"origin": [2.5, -2.9, 5.75], "size": [3, 8, 3], "inflate": 0.01, "uv": [12, 39], "mirror": true},
						{"origin": [2, -2, 5.25], "size": [4, 3, 4], "inflate": -0.15, "uv": [76, 0], "mirror": true}
					]
				},
				{
					"name": "foot_back_left",
					"parent": "leg_back_left3",
					"pivot": [4, -2.9, 7.25],
					"cubes": [
						{"origin": [2.5, -3.9, 4.25], "size": [3, 2, 4], "inflate": 0.02, "uv": [56, 32], "mirror": true},
						{"origin": [5.25, -3.9, 3.25], "size": [0, 1, 1], "uv": [122, 52], "mirror": true},
						{"origin": [4, -3.9, 3.25], "size": [0, 1, 1], "uv": [122, 50], "mirror": true},
						{"origin": [2.75, -3.9, 3.25], "size": [0, 1, 1], "uv": [122, 48], "mirror": true}
					]
				},
				{
					"name": "locator_foot_secondary3",
					"parent": "foot_back_left",
					"pivot": [4, -3.4, 6.25],
					"rotation": [90, 0, 0],
					"locators": {
						"foot_secondary3": [4, -3.4, 6.25]
					}
				}
			]
		}
	]
}