{
	"format_version": "1.12.0",
	"minecraft:geometry": [
		{
			"description": {
				"identifier": "geometry.dodrio_female",
				"texture_width": 64,
				"texture_height": 64,
				"visible_bounds_width": 3,
				"visible_bounds_height": 3.5,
				"visible_bounds_offset": [0, 1.25, 0]
			},
			"bones": [
				{
					"name": "dodrio",
					"pivot": [0, 0, 0]
				},
				{
					"name": "body",
					"parent": "dodrio",
					"pivot": [0, 14, 0]
				},
				{
					"name": "torso",
					"parent": "body",
					"pivot": [0, 10.5, 0],
					"cubes": [
						{"origin": [-4, 10, -4], "size": [8, 8, 8], "uv": [0, 0]}
					]
				},
				{
					"name": "tuff_front",
					"parent": "torso",
					"pivot": [0, 14.01, -4],
					"cubes": [
						{"origin": [-3.999, 11, -4.001], "size": [8, 3, 0], "uv": [48, 55], "mirror": true}
					]
				},
				{
					"name": "tuff_left",
					"parent": "torso",
					"pivot": [4, 14.01, 0],
					"cubes": [
						{"origin": [4.001, 11, -4], "size": [0, 3, 8], "uv": [48, 50], "mirror": true}
					]
				},
				{
					"name": "tuff_right",
					"parent": "torso",
					"pivot": [-4, 14.01, 0],
					"cubes": [
						{"origin": [-4, 11, -4], "size": [0, 3, 8], "uv": [48, 50]}
					]
				},
				{
					"name": "tail",
					"parent": "torso",
					"pivot": [0, 13, 3.5]
				},
				{
					"name": "tail_middle",
					"parent": "tail",
					"pivot": [0, 13, 3],
					"cubes": [
						{"origin": [-1.5, 12, 3], "size": [3, 1, 8], "inflate": 0.001, "uv": [24, 8]}
					]
				},
				{
					"name": "tail_right",
					"parent": "tail",
					"pivot": [0.5, 12.975, 3.25],
					"rotation": [0, -17.5, 0],
					"cubes": [
						{"origin": [-2.5, 12, 3.25], "size": [3, 1, 8], "uv": [14, 17]}
					]
				},
				{
                    "name": "locator_seat_1",
                    "parent": "body",
                    "pivot": [0, 17.5, 2],
                    "locators": {
                        "seat_1": [0, 17.5, 2]
                    }
                },
				{
					"name": "tail_left",
					"parent": "tail",
					"pivot": [-0.5, 12.975, 3.25],
					"rotation": [0, 17.5, 0],
					"cubes": [
						{"origin": [-0.5, 12, 3.25], "size": [3, 1, 8], "uv": [0, 16]}
					]
				},
				{
					"name": "neck_right",
					"parent": "torso",
					"pivot": [-3, 18, -2],
					"cubes": [
						{"origin": [-3.5, 17, -2.5], "size": [1, 5, 1], "uv": [36, 58]}
					]
				},
				{
					"name": "neck_right2",
					"parent": "neck_right",
					"pivot": [-3, 22, -2.5],
					"cubes": [
						{"origin": [-3.5, 22, -2.5], "size": [1, 5, 1], "inflate": 0.001, "uv": [24, 58]}
					]
				},
				{
					"name": "head2",
					"parent": "neck_right2",
					"pivot": [-3, 26.25, -2],
					"cubes": [
						{"origin": [-5.5, 26, -4.5], "size": [5, 5, 5], "uv": [35, 21]},
						{"origin": [-4, 27.5, -11.5], "size": [2, 1, 7], "uv": [0, 36]},
						{"origin": [-3.5, 28, -6], "size": [1, 1, 2], "uv": [16, 44]}
					]
				},
				{
					"name": "jaw2",
					"parent": "head2",
					"pivot": [-3, 28, -4.5],
					"cubes": [
						{"origin": [-3.5, 27, -7.5], "size": [1, 1, 3], "uv": [18, 40]}
					]
				},
				{
					"name": "eye_right",
					"parent": "head2",
					"pivot": [-4.51, 29, -3.51],
					"cubes": [
						{"origin": [-5.51, 28, -4.51], "size": [2, 2, 2], "uv": [40, 17]},
						{"origin": [-4.99, 28.25, -4.515], "size": [1, 1, 1], "uv": [17, 36]}
					]
				},
				{
					"name": "eyelid_right",
					"parent": "eye_right",
					"pivot": [-4.41, 29, -3.41],
					"cubes": [
						{"origin": [-5.41, 28, -4.41], "size": [2, 2, 2], "inflate": 0.01, "uv": [33, 39]}
					]
				},
				{
					"name": "eye_left",
					"parent": "head2",
					"pivot": [-1.49, 29, -3.51],
					"cubes": [
						{"origin": [-2.49, 28, -4.51], "size": [2, 2, 2], "uv": [38, 8]},
						{"origin": [-1.99, 28.25, -4.515], "size": [1, 1, 1], "uv": [36, 23]}
					]
				},
				{
					"name": "eyelid_left",
					"parent": "eye_left",
					"pivot": [-1.59, 29, -3.41],
					"cubes": [
						{"origin": [-2.59, 28, -4.41], "size": [2, 2, 2], "inflate": 0.01, "uv": [38, 12]}
					]
				},
				{
					"name": "hair_left",
					"parent": "head2",
					"pivot": [-2.5, 31, -3],
					"cubes": [
						{"origin": [-3, 31, -3], "size": [2, 4, 0], "uv": [24, 49]}
					]
				},
				{
					"name": "hair_left2",
					"parent": "hair_left",
					"pivot": [-2, 35, -3],
					"cubes": [
						{"origin": [-3, 35, -3], "size": [2, 4, 0], "uv": [48, 46]}
					]
				},
				{
					"name": "hair_right",
					"parent": "head2",
					"pivot": [-3.5, 31, -3],
					"cubes": [
						{"origin": [-5, 31, -3], "size": [2, 4, 0], "uv": [38, 48]}
					]
				},
				{
					"name": "hair_right2",
					"parent": "hair_right",
					"pivot": [-4, 35, -3],
					"cubes": [
						{"origin": [-5, 35, -3], "size": [2, 4, 0], "uv": [29, 48]}
					]
				},
				{
					"name": "neck_left",
					"parent": "torso",
					"pivot": [3, 18, -2],
					"cubes": [
						{"origin": [2.5, 17, -2.5], "size": [1, 5, 1], "uv": [44, 58]}
					]
				},
				{
					"name": "neck_left2",
					"parent": "neck_left",
					"pivot": [3, 22, -2.5],
					"cubes": [
						{"origin": [2.5, 22, -2.5], "size": [1, 5, 1], "inflate": 0.001, "uv": [32, 58]}
					]
				},
				{
					"name": "head3",
					"parent": "neck_left2",
					"pivot": [3, 26.25, -2],
					"cubes": [
						{"origin": [0.5, 26, -4.5], "size": [5, 5, 5], "uv": [20, 26]},
						{"origin": [2, 27.5, -11.5], "size": [2, 1, 7], "uv": [33, 31]},
						{"origin": [2.5, 28, -6], "size": [1, 1, 2], "uv": [44, 0]}
					]
				},
				{
					"name": "jaw3",
					"parent": "head3",
					"pivot": [3, 28, -4.5],
					"cubes": [
						{"origin": [2.5, 27, -7.5], "size": [1, 1, 3], "uv": [27, 36]}
					]
				},
				{
					"name": "eye_right2",
					"parent": "head3",
					"pivot": [4.51, 29, -3.51],
					"cubes": [
						{"origin": [3.51, 28, -4.51], "size": [2, 2, 2], "uv": [11, 36]},
						{"origin": [3.99, 28.25, -4.515], "size": [1, 1, 1], "uv": [32, 23]}
					]
				},
				{
					"name": "eyelid_right2",
					"parent": "eye_right2",
					"pivot": [4.41, 29, -3.41],
					"cubes": [
						{"origin": [3.41, 28, -4.41], "size": [2, 2, 2], "inflate": 0.01, "uv": [19, 36]}
					]
				},
				{
					"name": "eye_left2",
					"parent": "head3",
					"pivot": [1.49, 29, -3.51],
					"cubes": [
						{"origin": [0.49, 28, -4.51], "size": [2, 2, 2], "uv": [14, 20]},
						{"origin": [0.99, 28.25, -4.515], "size": [1, 1, 1], "uv": [28, 23]}
					]
				},
				{
					"name": "eyelid_left2",
					"parent": "eye_left2",
					"pivot": [1.59, 29, -3.41],
					"cubes": [
						{"origin": [0.59, 28, -4.41], "size": [2, 2, 2], "inflate": 0.01, "uv": [15, 26]}
					]
				},
				{
					"name": "hair_left3",
					"parent": "head3",
					"pivot": [2.5, 31, -3],
					"cubes": [
						{"origin": [1, 31, -3], "size": [2, 4, 0], "uv": [48, 3]}
					]
				},
				{
					"name": "hair_left4",
					"parent": "hair_left3",
					"pivot": [2, 35, -3],
					"cubes": [
						{"origin": [1, 35, -3], "size": [2, 4, 0], "uv": [20, 47]}
					]
				},
				{
					"name": "hair_right3",
					"parent": "head3",
					"pivot": [3.5, 31, -3],
					"cubes": [
						{"origin": [3, 31, -3], "size": [2, 4, 0], "uv": [16, 47]}
					]
				},
				{
					"name": "hair_right4",
					"parent": "hair_right3",
					"pivot": [4, 35, -3],
					"cubes": [
						{"origin": [3, 35, -3], "size": [2, 4, 0], "uv": [12, 47]}
					]
				},
				{
					"name": "neck",
					"parent": "torso",
					"pivot": [0, 18, -1],
					"cubes": [
						{"origin": [-0.5, 17, -1.5], "size": [1, 5, 1], "uv": [40, 58]}
					]
				},
				{
					"name": "neck2",
					"parent": "neck",
					"pivot": [0, 22, -1.5],
					"cubes": [
						{"origin": [-0.5, 22, -1.5], "size": [1, 5, 1], "inflate": 0.001, "uv": [28, 58]}
					]
				},
				{
					"name": "head4",
					"parent": "neck2",
					"pivot": [0, 26.25, -1],
					"cubes": [
						{"origin": [-2.5, 26, -3.5], "size": [5, 5, 5], "uv": [0, 26]},
						{"origin": [-1, 27.5, -10.5], "size": [2, 1, 7], "uv": [24, 0]},
						{"origin": [-0.5, 28, -5], "size": [1, 1, 2], "uv": [43, 43]}
					]
				},
				{
					"name": "jaw4",
					"parent": "head4",
					"pivot": [0, 28, -3.5],
					"cubes": [
						{"origin": [-0.5, 27, -6.5], "size": [1, 1, 3], "uv": [0, 20]}
					]
				},
				{
					"name": "eye_right3",
					"parent": "head4",
					"pivot": [1.51, 29, -2.51],
					"cubes": [
						{"origin": [0.51, 28, -3.51], "size": [2, 2, 2], "uv": [0, 16]},
						{"origin": [0.99, 28.25, -3.515], "size": [1, 1, 1], "uv": [27, 5]}
					]
				},
				{
					"name": "eyelid_right3",
					"parent": "eye_right3",
					"pivot": [1.41, 29, -2.41],
					"cubes": [
						{"origin": [0.41, 28, -3.41], "size": [2, 2, 2], "inflate": 0.01, "uv": [14, 16]}
					]
				},
				{
					"name": "eye_left3",
					"parent": "head4",
					"pivot": [-1.51, 29, -2.51],
					"cubes": [
						{"origin": [-2.51, 28, -3.51], "size": [2, 2, 2], "uv": [0, 0]},
						{"origin": [-2.01, 28.25, -3.515], "size": [1, 1, 1], "uv": [21, 26]}
					]
				},
				{
					"name": "eyelid_left3",
					"parent": "eye_left3",
					"pivot": [-1.41, 29, -2.41],
					"cubes": [
						{"origin": [-2.41, 28, -3.41], "size": [2, 2, 2], "inflate": 0.01, "uv": [0, 4]}
					]
				},
				{
					"name": "hair_left5",
					"parent": "head4",
					"pivot": [-0.5, 31, -2],
					"cubes": [
						{"origin": [-2, 31, -2], "size": [2, 4, 0], "uv": [8, 47]}
					]
				},
				{
					"name": "hair_left6",
					"parent": "hair_left5",
					"pivot": [-1, 35, -2],
					"cubes": [
						{"origin": [-2, 35, -2], "size": [2, 4, 0], "uv": [4, 47]}
					]
				},
				{
					"name": "hair_right5",
					"parent": "head4",
					"pivot": [0.5, 31, -2],
					"cubes": [
						{"origin": [0, 31, -2], "size": [2, 4, 0], "uv": [44, 46]}
					]
				},
				{
					"name": "hair_right6",
					"parent": "hair_right5",
					"pivot": [1, 35, -2],
					"cubes": [
						{"origin": [0, 35, -2], "size": [2, 4, 0], "uv": [46, 13]}
					]
				},
				{
					"name": "leg_right",
					"parent": "body",
					"pivot": [-2, 10.5, 0.25],
					"rotation": [0, 0, 0],
					"cubes": [
						{"origin": [-2.5, 5, -0.25], "size": [1, 3, 1], "inflate": 0.001, "uv": [49, 8]},
						{"origin": [-3.5, 8, -1.25], "size": [3, 3, 3], "inflate": 0.001, "uv": [35, 0]}
					]
				},
				{
					"name": "leg_right2",
					"parent": "leg_right",
					"pivot": [-2, 5, 0.75],
					"cubes": [
						{"origin": [-2.5, 0, -0.25], "size": [1, 5, 1], "uv": [25, 43]}
					]
				},
				{
					"name": "foot_right",
					"parent": "leg_right2",
					"pivot": [-2, 0.06031, 0.73298],
					"cubes": [
						{"origin": [-3, 0, -1.25], "size": [2, 1, 2], "inflate": 0.001, "uv": [23, 40]}
					]
				},
				{
					"name": "toe_right",
					"parent": "foot_right",
					"pivot": [-1.1, 1, -1],
					"rotation": [0, -12.5, 0],
					"cubes": [
						{"origin": [-1.1, 0, -4], "size": [0, 1, 1], "uv": [6, 15]},
						{"origin": [-1.6, 0, -3], "size": [1, 1, 2], "inflate": -0.001, "uv": [45, 39]}
					]
				},
				{
					"name": "toe_right2",
					"parent": "foot_right",
					"pivot": [-2, 1, -1],
					"cubes": [
						{"origin": [-2, 0, -4], "size": [0, 1, 1], "uv": [6, 4]},
						{"origin": [-2.5, 0, -3], "size": [1, 1, 2], "inflate": -0.001, "uv": [44, 34]}
					]
				},
				{
					"name": "toe_right3",
					"parent": "foot_right",
					"pivot": [-2, 1, 0.5],
					"cubes": [
						{"origin": [-2, 0, 2.5], "size": [0, 1, 1], "uv": [6, 3]},
						{"origin": [-2.5, 0, 0.5], "size": [1, 1, 2], "inflate": -0.001, "uv": [44, 31]}
					]
				},
				{
					"name": "toe_right4",
					"parent": "foot_right",
					"pivot": [-2.9, 1, -1],
					"rotation": [0, 12.5, 0],
					"cubes": [
						{"origin": [-2.9, 0, -4], "size": [0, 1, 1], "uv": [0, 15]},
						{"origin": [-3.4, 0, -3], "size": [1, 1, 2], "inflate": -0.001, "uv": [38, 45]}
					]
				},
				{
					"name": "leg_left",
					"parent": "body",
					"pivot": [2, 10.5, 0.25],
					"rotation": [0, 0, 0],
					"cubes": [
						{"origin": [1.5, 5, -0.25], "size": [1, 3, 1], "inflate": 0.001, "uv": [48, 17]},
						{"origin": [0.5, 8, -1.25], "size": [3, 3, 3], "inflate": 0.001, "uv": [28, 17]}
					]
				},
				{
					"name": "leg_left2",
					"parent": "leg_left",
					"pivot": [2, 5, 0.75],
					"cubes": [
						{"origin": [1.5, 0, -0.25], "size": [1, 5, 1], "uv": [30, 42]}
					]
				},
				{
					"name": "foot_left",
					"parent": "leg_left2",
					"pivot": [2, 0.06031, 0.73298],
					"cubes": [
						{"origin": [1, 0, -1.25], "size": [2, 1, 2], "inflate": 0.001, "uv": [11, 40]}
					]
				},
				{
					"name": "toe_left",
					"parent": "foot_left",
					"pivot": [1.1, 1, -1],
					"rotation": [0, 12.5, 0],
					"cubes": [
						{"origin": [1.1, 0, -4], "size": [0, 1, 1], "uv": [6, 0]},
						{"origin": [0.6, 0, -3], "size": [1, 1, 2], "inflate": -0.001, "uv": [44, 10]}
					]
				},
				{
					"name": "toe_left2",
					"parent": "foot_left",
					"pivot": [2, 1, -1],
					"cubes": [
						{"origin": [2, 0, -4], "size": [0, 1, 1], "uv": [0, 4]},
						{"origin": [1.5, 0, -3], "size": [1, 1, 2], "inflate": -0.001, "uv": [10, 44]}
					]
				},
				{
					"name": "toe_left3",
					"parent": "foot_left",
					"pivot": [2, 1, 0.5],
					"cubes": [
						{"origin": [2, 0, 2.5], "size": [0, 1, 1], "uv": [0, 3]},
						{"origin": [1.5, 0, 0.5], "size": [1, 1, 2], "inflate": -0.001, "uv": [44, 6]}
					]
				},
				{
					"name": "toe_left4",
					"parent": "foot_left",
					"pivot": [2.9, 1, -1],
					"rotation": [0, -12.5, 0],
					"cubes": [
						{"origin": [2.9, 0, -4], "size": [0, 1, 1], "uv": [0, 0]},
						{"origin": [2.4, 0, -3], "size": [1, 1, 2], "inflate": -0.001, "uv": [4, 44]}
					]
				}
			]
		}
	]
}