{
	"format_version": "1.12.0",
	"minecraft:geometry": [
		{
			"description": {
				"identifier": "geometry.unknown",
				"texture_width": 128,
				"texture_height": 128,
				"visible_bounds_width": 4,
				"visible_bounds_height": 4.5,
				"visible_bounds_offset": [0, 1.75, 0]
			},
			"bones": [
				{
					"name": "overqwil",
					"pivot": [0, 0, 0]
				},
				{
					"name": "body",
					"parent": "overqwil",
					"pivot": [0, 22, 0],
					"cubes": [
						{"origin": [-7, 15, -7], "size": [14, 14, 14], "uv": [0, 0]}
					]
				},
				{
                    "name": "locator_seat_1",
                    "parent": "body",
                    "pivot": [0, 29, 4],
                    "locators": {
                        "seat_1": [0, 29, 4]
                    }
                },
				{
					"name": "eye_left",
					"parent": "body",
					"pivot": [2.5, 22.91506, -7],
					"rotation": [0, 0, 15],
					"cubes": [
						{"origin": [0.5, 23.66506, -7], "size": [4, 1, 1], "inflate": 0.05, "pivot": [2.5, 22.91506, -7], "rotation": [0, 0, -30], "uv": [13, 28]},
						{"origin": [0.5, 21.66506, -7], "size": [3, 3, 0], "inflate": 0.01, "pivot": [2.5, 22.91506, -7], "rotation": [0, 0, -30], "uv": [13, 30]},
						{"origin": [0, 22.16506, -7], "size": [3, 2, 0], "inflate": 0.02, "pivot": [2.5, 22.91506, -7], "rotation": [0, 0, -30], "uv": [29, 38]}
					]
				},
				{
					"name": "eyelid_left",
					"parent": "eye_left",
					"pivot": [1.94199, 22.88157, -6.9],
					"cubes": [
						{"origin": [0.5, 21.66506, -6.9], "size": [3, 3, 1], "inflate": 0.04, "pivot": [2.5, 22.91506, -6.9], "rotation": [0, 0, -30], "uv": [62, 56]}
					]
				},
				{
					"name": "pupil_left",
					"parent": "eye_left",
					"pivot": [2.5, 22.91506, -7],
					"cubes": [
						{"origin": [1.5, 22.66506, -7], "size": [1, 1, 0], "inflate": 0.03, "pivot": [2.5, 22.91506, -7], "rotation": [0, 0, -30], "uv": [12, 13]}
					]
				},
				{
					"name": "eye_right",
					"parent": "body",
					"pivot": [-2.5, 22.91506, -7],
					"rotation": [0, 0, -15],
					"cubes": [
						{"origin": [-4.5, 23.66506, -7], "size": [4, 1, 1], "inflate": 0.05, "pivot": [-2.5, 22.91506, -7], "rotation": [0, 0, 30], "uv": [0, 12]},
						{"origin": [-3.5, 21.66506, -7], "size": [3, 3, 0], "inflate": 0.01, "pivot": [-2.5, 22.91506, -7], "rotation": [0, 0, 30], "uv": [29, 28]},
						{"origin": [-3, 22.16506, -7], "size": [3, 2, 0], "inflate": 0.02, "pivot": [-2.5, 22.91506, -7], "rotation": [0, 0, 30], "uv": [13, 33]}
					]
				},
				{
					"name": "eyelid_right",
					"parent": "eye_right",
					"pivot": [-1.94199, 22.88157, -6.9],
					"cubes": [
						{"origin": [-3.5, 21.66506, -6.9], "size": [3, 3, 1], "inflate": 0.04, "pivot": [-2.5, 22.91506, -6.9], "rotation": [0, 0, 30], "uv": [42, 10]}
					]
				},
				{
					"name": "pupil_right",
					"parent": "eye_right",
					"pivot": [-2.5, 22.91506, -7],
					"cubes": [
						{"origin": [-2.5, 22.66506, -7], "size": [1, 1, 0], "inflate": 0.03, "pivot": [-2.5, 22.91506, -7], "rotation": [0, 0, 30], "uv": [9, 10]}
					]
				},
				{
					"name": "mouth",
					"parent": "body",
					"pivot": [0, 0, 0],
					"cubes": [
						{"origin": [-1.5, 20, -8.5], "size": [3, 3, 2], "uv": [57, 46]}
					]
				},
				{
					"name": "mouth_closed",
					"parent": "mouth",
					"pivot": [0, 21.66667, -8.5],
					"cubes": [
						{"origin": [-0.5, 21.25, -8.5], "size": [1, 1, 0], "inflate": 0.02, "uv": [17, 67]},
						{"origin": [0.25, 20.75, -8.5], "size": [1, 1, 0], "inflate": 0.01, "uv": [17, 67]},
						{"origin": [-1.25, 20.75, -8.5], "size": [1, 1, 0], "inflate": 0.01, "uv": [17, 67]}
					]
				},
				{
					"name": "mouth_open",
					"parent": "mouth",
					"pivot": [0, 21.25, -8.4],
					"cubes": [
						{"origin": [-1, 20.25, -8.4], "size": [2, 2, 0], "inflate": 0.01, "uv": [9, 8]}
					]
				},
				{
					"name": "tail",
					"parent": "body",
					"pivot": [0, 22, 7],
					"cubes": [
						{"origin": [-0.5, 20.5, 6], "size": [1, 3, 4], "inflate": 0.01, "uv": [0, 52]}
					]
				},
				{
					"name": "tail1",
					"parent": "tail",
					"pivot": [0, 22, 9],
					"cubes": [
						{"origin": [-1, 20, 9], "size": [2, 4, 4], "uv": [50, 6]}
					]
				},
				{
					"name": "tail2",
					"parent": "tail1",
					"pivot": [0, 22, 12],
					"cubes": [
						{"origin": [-1.5, 18.5, 12], "size": [3, 7, 7], "uv": [0, 28]},
						{"origin": [-1.5, 20, 13.25], "size": [3, 4, 4], "inflate": 0.01, "uv": [0, 0]},
						{"origin": [-1.5, 20.4773, 14.78796], "size": [3, 1, 3], "inflate": 0.02, "pivot": [0, 20.9773, 16.28796], "rotation": [-45, 0, 0], "uv": [0, 8]}
					]
				},
				{
					"name": "spikes",
					"parent": "body",
					"pivot": [0, 22, 0]
				},
				{
					"name": "spike_top",
					"parent": "spikes",
					"pivot": [0, 29, 0],
					"rotation": [0, 0, -180],
					"cubes": [
						{"origin": [-1.5, 23, -1.5], "size": [3, 7, 3], "uv": [36, 48]},
						{"origin": [-1, 18, -1], "size": [2, 6, 2], "uv": [48, 58]},
						{"origin": [-0.5, 14, -0.5], "size": [1, 5, 1], "uv": [66, 0]}
					]
				},
				{
					"name": "spike_bottom",
					"parent": "spikes",
					"pivot": [0, 15, 0],
					"cubes": [
						{"origin": [-1.5, 9, -1.5], "size": [3, 7, 3], "uv": [48, 48]},
						{"origin": [-1, 4, -1], "size": [2, 6, 2], "uv": [56, 58]},
						{"origin": [-0.5, 0, -0.5], "size": [1, 5, 1], "uv": [8, 66]}
					]
				},
				{
					"name": "spike_left",
					"parent": "spikes",
					"pivot": [7, 22, 0],
					"rotation": [0, 0, -90],
					"cubes": [
						{"origin": [5.5, 16, -1.5], "size": [3, 7, 3], "uv": [24, 48]},
						{"origin": [6, 11, -1], "size": [2, 6, 2], "uv": [40, 58]},
						{"origin": [6.5, 7, -0.5], "size": [1, 5, 1], "uv": [4, 65]}
					]
				},
				{
					"name": "spike_right",
					"parent": "spikes",
					"pivot": [-7, 22, 0],
					"rotation": [0, 0, 90],
					"cubes": [
						{"origin": [-8.5, 16, -1.5], "size": [3, 7, 3], "uv": [12, 48]},
						{"origin": [-8, 11, -1], "size": [2, 6, 2], "uv": [32, 58]},
						{"origin": [-7.5, 7, -0.5], "size": [1, 5, 1], "uv": [0, 65]}
					]
				},
				{
					"name": "spike_front_top_left",
					"parent": "spikes",
					"pivot": [4, 26, -4],
					"rotation": [-30, 0, -125],
					"cubes": [
						{"origin": [2.5, 20, -5.5], "size": [3, 7, 3], "uv": [44, 38]},
						{"origin": [3, 15, -5], "size": [2, 6, 2], "uv": [24, 58]},
						{"origin": [3.5, 11, -4.5], "size": [1, 5, 1], "uv": [64, 60]}
					]
				},
				{
					"name": "spike_front_top_left_small",
					"parent": "spikes",
					"pivot": [6, 28, -3],
					"rotation": [-12.5, 0, -125],
					"cubes": [
						{"origin": [5, 26, -4], "size": [2, 3, 2], "uv": [62, 8]},
						{"origin": [5.5, 23, -3.5], "size": [1, 3, 1], "uv": [12, 66]}
					]
				},
				{
					"name": "spike_front_top_right",
					"parent": "spikes",
					"pivot": [-4, 26, -4],
					"rotation": [-30, 0, 125],
					"cubes": [
						{"origin": [-5.5, 20, -5.5], "size": [3, 7, 3], "uv": [44, 28]},
						{"origin": [-5, 15, -5], "size": [2, 6, 2], "uv": [16, 58]},
						{"origin": [-4.5, 11, -4.5], "size": [1, 5, 1], "uv": [64, 37]}
					]
				},
				{
					"name": "spike_front_top_right_small",
					"parent": "spikes",
					"pivot": [-6, 28, -3],
					"rotation": [-12.5, 0, 125],
					"cubes": [
						{"origin": [-7, 26, -4], "size": [2, 3, 2], "uv": [60, 51]},
						{"origin": [-6.5, 23, -3.5], "size": [1, 3, 1], "uv": [65, 43]}
					]
				},
				{
					"name": "spike_front_bottom_left",
					"parent": "spikes",
					"pivot": [4, 18, -4],
					"rotation": [30, 0, 125],
					"cubes": [
						{"origin": [2.5, 17, -5.5], "size": [3, 7, 3], "uv": [42, 0]},
						{"origin": [3, 23, -5], "size": [2, 6, 2], "uv": [8, 58]},
						{"origin": [3.5, 28, -4.5], "size": [1, 5, 1], "uv": [64, 31]}
					]
				},
				{
					"name": "spike_front_bottom_left_small",
					"parent": "spikes",
					"pivot": [3.5, 16.75, -7],
					"rotation": [49.01916, -11.43563, 134.77243],
					"cubes": [
						{"origin": [2.5, 14.75, -8], "size": [2, 4, 2], "uv": [0, 59]},
						{"origin": [3, 18.75, -7.5], "size": [1, 3, 1], "uv": [6, 52]}
					]
				},
				{
					"name": "spike_front_bottom_right",
					"parent": "spikes",
					"pivot": [-4, 18, -4],
					"rotation": [30, 0, -125],
					"cubes": [
						{"origin": [-5.5, 17, -5.5], "size": [3, 7, 3], "uv": [0, 42]},
						{"origin": [-5, 23, -5], "size": [2, 6, 2], "uv": [58, 0]},
						{"origin": [-4.5, 28, -4.5], "size": [1, 5, 1], "uv": [64, 25]}
					]
				},
				{
					"name": "spike_front_bottom_right_small",
					"parent": "spikes",
					"pivot": [-3.5, 16.75, -7],
					"rotation": [49.01916, 11.43563, -134.77243],
					"cubes": [
						{"origin": [-4.5, 14.75, -8], "size": [2, 4, 2], "uv": [12, 42]},
						{"origin": [-4, 18.75, -7.5], "size": [1, 3, 1], "uv": [0, 52]}
					]
				},
				{
					"name": "spike_back_top_left",
					"parent": "spikes",
					"pivot": [4, 26, 4],
					"rotation": [30, 0, -125],
					"cubes": [
						{"origin": [2.5, 20, 2.5], "size": [3, 7, 3], "uv": [32, 38]},
						{"origin": [3, 15, 3], "size": [2, 6, 2], "uv": [56, 38]},
						{"origin": [3.5, 11, 3.5], "size": [1, 5, 1], "uv": [64, 19]}
					]
				},
				{
					"name": "spike_back_top_right",
					"parent": "spikes",
					"pivot": [-4, 26, 4],
					"rotation": [30, 0, 125],
					"cubes": [
						{"origin": [-5.5, 20, 2.5], "size": [3, 7, 3], "uv": [20, 38]},
						{"origin": [-5, 15, 3], "size": [2, 6, 2], "uv": [56, 30]},
						{"origin": [-4.5, 11, 3.5], "size": [1, 5, 1], "uv": [64, 13]}
					]
				},
				{
					"name": "spike_back_bottom_left",
					"parent": "spikes",
					"pivot": [4, 18, 4],
					"rotation": [-30, 0, 125],
					"cubes": [
						{"origin": [2.5, 17, 2.5], "size": [3, 7, 3], "uv": [32, 28]},
						{"origin": [3, 23, 3], "size": [2, 6, 2], "uv": [56, 22]},
						{"origin": [3.5, 28, 3.5], "size": [1, 5, 1], "uv": [54, 0]}
					]
				},
				{
					"name": "spike_back_bottom_right",
					"parent": "spikes",
					"pivot": [-4, 18, 4],
					"rotation": [-30, 0, -125],
					"cubes": [
						{"origin": [-5.5, 17, 2.5], "size": [3, 7, 3], "uv": [20, 28]},
						{"origin": [-5, 23, 3], "size": [2, 6, 2], "uv": [56, 14]},
						{"origin": [-4.5, 28, 3.5], "size": [1, 5, 1], "uv": [0, 28]}
					]
				},
				{
					"name": "spike_mouth_left",
					"parent": "spikes",
					"pivot": [0.25, 23.25, -6.5],
					"rotation": [-56.04366, -11.56508, -95.52887],
					"cubes": [
						{"origin": [-0.25, 20.25, -7], "size": [1, 3, 1], "uv": [10, 0]},
						{"origin": [-0.25, 18.25, -6.5], "size": [1, 2, 0], "uv": [4, 28]}
					]
				},
				{
					"name": "spike_mouth_left_small",
					"parent": "spikes",
					"pivot": [0, 23, -6.25],
					"rotation": [-82.33978, -19.98015, -90.90956],
					"cubes": [
						{"origin": [-0.5, 19.94861, -6.25629], "size": [1, 3, 0], "uv": [12, 10]}
					]
				},
				{
					"name": "spike_mouth_right",
					"parent": "spikes",
					"pivot": [-0.25, 23.25, -6.5],
					"rotation": [-56.04366, 11.56508, 95.52887],
					"cubes": [
						{"origin": [-0.75, 20.25, -7], "size": [1, 3, 1], "uv": [0, 0]},
						{"origin": [-0.75, 18.25, -6.5], "size": [1, 2, 0], "uv": [10, 12]}
					]
				},
				{
					"name": "spike_mouth_right_small",
					"parent": "spikes",
					"pivot": [0, 23, -6.25],
					"rotation": [-82.33978, 19.98015, 90.90956],
					"cubes": [
						{"origin": [-0.5, 19.94861, -6.25629], "size": [1, 3, 0], "uv": [0, 8]}
					]
				}
			]
		}
	]
}