{
  "format_version": "1.12.0",
  "minecraft:geometry": [
    {
      "description": {
        "identifier": "geometry.nidoking",
        "texture_width": 128,
        "texture_height": 128,
        "visible_bounds_width": 6,
        "visible_bounds_height": 3.5,
        "visible_bounds_offset": [0, 1.25, 0]
      },
      "bones": [
        {
          "name": "nidoking",
          "pivot": [0, 0, 0]
        },
        {
          "name": "locator_root",
          "parent": "nidoking",
          "pivot": [0, 0, 0],
          "locators": {
            "root": [0, 0, 0]
          }
        },
        {
          "name": "locator_top",
          "parent": "nidoking",
          "pivot": [0, 26.5, 0],
          "locators": {
            "top": [0, 26.5, 0]
          }
        },
        {
          "name": "body",
          "parent": "nidoking",
          "pivot": [0, 17, 0]
        },
        {
          "name": "locator_middle",
          "parent": "body",
          "pivot": [0, 15.25, -1],
          "locators": {
            "middle": [0, 15.25, -1]
          }
        },
        {
          "name": "locator_target",
          "parent": "body",
          "pivot": [0, 15.25, -8.5],
          "locators": {
            "target": [0, 15.25, -8.5]
          }
        },
        {
          "name": "torso",
          "parent": "body",
          "pivot": [0, 8.25, 0],
          "cubes": [
            { "origin": [-7.75, 3.25, -5.5], "size": [16, 9, 13], "inflate": 0.01, "uv": [0, 0] },
            { "origin": [-7.75, 4.25, -5.5], "size": [16, 8, 2], "inflate": 0.25, "uv": [0, 93] }
          ]
        },
        {
          "name": "stomach",
          "parent": "torso",
          "pivot": [0, 11.25, 2],
          "cubes": [
            { "origin": [-7, 9.25, -4.5], "size": [14, 10, 12], "uv": [0, 43] }
          ]
        },
        {
          "name": "spike5",
          "parent": "stomach",
          "pivot": [0, 19, 7.5],
          "rotation": [12.5, 0, 0],
          "cubes": [
            { "origin": [0, 17.5, 6.5], "size": [0, 3, 8], "uv": [0, 102] }
          ]
        },
        {
          "name": "spike6",
          "parent": "stomach",
          "pivot": [0, 14.5, 7.5],
          "rotation": [15, 0, 0],
          "cubes": [
            { "origin": [0, 13, 6.5], "size": [0, 3, 8], "uv": [16, 102] }
          ]
        },
        {
          "name": "spike7",
          "parent": "stomach",
          "pivot": [0, 10.5, 7.5],
          "rotation": [5, 0, 0],
          "cubes": [
            { "origin": [0, 9, 6.5], "size": [0, 3, 8], "uv": [102, 98] }
          ]
        },
        {
          "name": "upper_torso",
          "parent": "stomach",
          "pivot": [0, 18.25, 3],
          "cubes": [
            { "origin": [-7.5, 18.25, -5], "size": [15, 8, 12], "uv": [0, 22] },
            { "origin": [-7.5, 18.25, -5], "size": [15, 8, 2], "inflate": 0.25, "uv": [80, 63] }
          ]
        },
        {
          "name": "locator_seat_1",
          "parent": "upper_torso",
          "pivot": [0, 24.59503, 7.56042],
          "locators": {
            "seat_1": [0, 24.59503, 7.56042]
          }
        },
        {
          "name": "seat",
          "parent": "upper_torso",
          "pivot": [0, 24.59503, 7.56042]
        },
        {
          "name": "spike4",
          "parent": "upper_torso",
          "pivot": [0, 22, 7],
          "cubes": [
            { "origin": [0, 20.5, 6], "size": [0, 3, 8], "uv": [56, 101] }
          ]
        },
        {
          "name": "neck",
          "parent": "upper_torso",
          "pivot": [0, 26, 1],
          "cubes": [
            { "origin": [-4.5, 23, -3.5], "size": [9, 8, 9], "inflate": -0.01, "uv": [56, 21] }
          ]
        },
        {
          "name": "spike2",
          "parent": "neck",
          "pivot": [0, 30, 5.5],
          "rotation": [17.5, 0, 0],
          "cubes": [
            { "origin": [0, 28.5, 5], "size": [0, 3, 5], "uv": [0, 113] }
          ]
        },
        {
          "name": "spike3",
          "parent": "neck",
          "pivot": [0, 25, 5.5],
          "rotation": [15, 0, 0],
          "cubes": [
            { "origin": [0, 23.5, 5], "size": [0, 3, 7], "uv": [52, 112] }
          ]
        },
        {
          "name": "head",
          "parent": "neck",
          "pivot": [0, 31.5, 1.5],
          "cubes": [
            { "origin": [-4, 29, -5], "size": [8, 6, 6], "uv": [0, 80] },
            { "origin": [-4, 31, 1], "size": [8, 4, 3], "uv": [90, 84] },
            { "origin": [-4, 27, 1], "size": [8, 4, 3], "uv": [34, 101] },
            { "origin": [3.5, 27, 1], "size": [1, 3, 2], "inflate": 0.01, "uv": [32, 114] },
            { "origin": [-4.5, 27, 1], "size": [1, 3, 2], "inflate": 0.01, "uv": [114, 35] },
            { "origin": [3.5, 27, 2], "size": [5, 4, 0], "pivot": [4.5, 30, 2], "rotation": [-10, -44, 14], "uv": [77, 17] },
            { "origin": [-8.5, 27, 2], "size": [5, 4, 0], "pivot": [-4.5, 30, 2], "rotation": [-10, 44, -14], "uv": [80, 73] },
            { "origin": [-2.5, 28.7, -6.5], "size": [5, 5, 2], "inflate": -0.01, "uv": [108, 91] },
            { "origin": [-1, 27.8, -6.5], "size": [2, 1, 0], "uv": [80, 77] }
          ]
        },
        {
          "name": "locator_mouth",
          "parent": "head",
          "pivot": [0, 29, 0.25],
          "locators": {
            "mouth": [0, 29, 0.25]
          }
        },
        {
          "name": "locator_jaw_upper",
          "parent": "head",
          "pivot": [0, 28.95, -4.85],
          "rotation": [-90, 0, 0],
          "locators": {
            "jaw1": [0, 28.95, -4.85]
          }
        },
        {
          "name": "locator_item_face",
          "parent": "head",
          "pivot": [0, 30.75, -6.5],
          "locators": {
            "item_face": [0, 31.25, -6.5]
          }
        },
        {
          "name": "locator_face",
          "parent": "head",
          "pivot": [0, 31.25, -6.5],
          "locators": {
            "face": [0, 31.25, -6.5]
          }
        },
        {
          "name": "locator_item_hat",
          "parent": "head",
          "pivot": [0, 37.6, -0.5],
          "locators": {
            "item_hat": [0, 37.6, -0.5]
          }
        },
        {
          "name": "locator_head",
          "parent": "head",
          "pivot": [0, 35, -0.75],
          "locators": {
            "head": [0, 35, -0.75]
          }
        },
        {
          "name": "locator_horn",
          "parent": "head",
          "pivot": [0, 36.50281, -9.0475],
          "rotation": [-25, 0, 0],
          "locators": {
            "horn": [0, 36.50281, -9.0475]
          }
        },
        {
          "name": "locator_special",
          "parent": "head",
          "pivot": [0, 29, 0.25],
          "locators": {
            "special": [0, 29, 0.25]
          }
        },
        {
          "name": "horn",
          "parent": "head",
          "pivot": [0, 34, -5.5],
          "rotation": [57.5, 0, 0],
          "cubes": [
            { "origin": [-1.75, 30, -7], "size": [3.25, 6, 3], "uv": [77, 117] },
            { "origin": [-1, 33.25, -6.5], "size": [2, 4, 2], "uv": [90, 120] },
            { "origin": [-0.5, 37, -6], "size": [1, 3, 1], "uv": [82, 122] }
          ]
        },
        {
          "name": "spike1",
          "parent": "head",
          "pivot": [0, 35, 1],
          "cubes": [
            { "origin": [0, 34, -0.5], "size": [0, 5, 3], "uv": [10, 113] }
          ]
        },
        {
          "name": "jaw",
          "parent": "head",
          "pivot": [0, 29, 0.5],
          "cubes": [
            { "origin": [-4.5, 27, -2.9], "size": [9, 2, 4], "uv": [82, 92] },
            { "origin": [4.25, 29, -2], "size": [0, 2, 2], "uv": [52, 108] },
            { "origin": [-4.25, 29, -2], "size": [0, 2, 2], "uv": [48, 114] },
            { "origin": [4.52, 28.5, 0], "size": [0, 3, 2], "uv": [44, 114] },
            { "origin": [-4.52, 28.5, 0], "size": [0, 3, 2], "uv": [114, 46] },
            { "origin": [3.41993, 28.55, -3.63143], "size": [0, 1, 1], "pivot": [3.31993, 28.8, -2.88143], "rotation": [45, 25, 0], "uv": [28, 84] },
            { "origin": [3.41993, 29.35, -4.43143], "size": [0, 1, 1], "pivot": [3.31993, 28.8, -2.88143], "rotation": [45, 25, 0], "uv": [28, 84] },
            { "origin": [3.41993, 27.75, -2.83143], "size": [0, 1, 1], "pivot": [3.31993, 28.8, -2.88143], "rotation": [45, 25, 0], "uv": [28, 84] },
            { "origin": [-3.41993, 27.75, -2.83143], "size": [0, 1, 1], "pivot": [-3.31993, 28.8, -2.88143], "rotation": [45, -25, 0], "uv": [28, 84], "mirror": true },
            { "origin": [-3.41993, 28.55, -3.63143], "size": [0, 1, 1], "pivot": [-3.31993, 28.8, -2.88143], "rotation": [45, -25, 0], "uv": [28, 84], "mirror": true },
            { "origin": [-3.41993, 29.35, -4.43143], "size": [0, 1, 1], "pivot": [-3.31993, 28.8, -2.88143], "rotation": [45, -25, 0], "uv": [28, 84], "mirror": true },
            { "origin": [-3.5, 27, -4.9], "size": [7, 2, 2], "uv": [59, 17] }
          ]
        },
        {
          "name": "locator_jaw_lower",
          "parent": "jaw",
          "pivot": [0, 29, -4.4],
          "rotation": [90, 0, 0],
          "locators": {
            "jaw_lower": [0, 29, -4.4]
          }
        },
        {
          "name": "eyes",
          "parent": "head",
          "pivot": [0, 27.75, 3.5]
        },
        {
          "name": "eye_right",
          "parent": "eyes",
          "pivot": [-4, 31.25, -4],
          "cubes": [
            { "origin": [-4, 30.25, -5], "size": [1, 2, 3], "inflate": 0.01, "uv": [24, 113] }
          ]
        },
        {
          "name": "eyelid_right",
          "parent": "eye_right",
          "pivot": [-4, 31.25, -4.1],
          "cubes": [
            { "origin": [-3.92, 30.25, -5], "size": [2, 2, 4], "inflate": 0.01, "uv": [112, 85] }
          ]
        },
        {
          "name": "pupil_right",
          "parent": "eye_right",
          "pivot": [-3.48, 31.25, -4.5],
          "cubes": [
            { "origin": [-4, 30.25, -5], "size": [1, 2, 1], "inflate": 0.02, "uv": [112, 76] },
            { "origin": [-4, 30.95, -5.01], "size": [1, 1, 0], "inflate": 0.02, "uv": [120, 78] }
          ]
        },
        {
          "name": "locator_eye_right",
          "parent": "pupil_right",
          "pivot": [-4, 30.75, -5],
          "locators": {
            "eye1": [-4, 30.75, -5]
          }
        },
        {
          "name": "eyelid_unamused_right",
          "parent": "eye_right",
          "pivot": [-3.5, 32.75, -3.5],
          "cubes": [
            { "origin": [-4, 32.25, -5], "size": [1, 1, 3], "inflate": 0.03, "uv": [114, 27] }
          ]
        },
        {
          "name": "eyelid_angry_right",
          "parent": "eye_right",
          "pivot": [-3.25, 32, -4],
          "cubes": [
            { "origin": [-4, 31.75, -5.01], "size": [1, 1, 1], "inflate": 0.04, "uv": [76, 106] },
            { "origin": [-3.5, 31.25, -5.01], "size": [1, 1, 3], "inflate": 0.03, "uv": [114, 31] }
          ]
        },
        {
          "name": "eyelid_sad_right",
          "parent": "eye_right",
          "pivot": [-3.4, 31.75, -3.5],
          "cubes": [
            { "origin": [-3.9, 31.25, -4], "size": [1, 1, 2], "inflate": 0.03, "uv": [112, 73] }
          ]
        },
        {
          "name": "eye_left",
          "parent": "eyes",
          "pivot": [4, 31.25, -4],
          "cubes": [
            { "origin": [3, 30.25, -5], "size": [1, 2, 3], "inflate": 0.01, "uv": [24, 113], "mirror": true }
          ]
        },
        {
          "name": "eyelid_left",
          "parent": "eye_left",
          "pivot": [4, 31.25, -4.1],
          "cubes": [
            { "origin": [1.92, 30.25, -5], "size": [2, 2, 4], "inflate": 0.01, "uv": [112, 79], "mirror": true }
          ]
        },
        {
          "name": "pupil_left",
          "parent": "eye_left",
          "pivot": [3.48, 31.25, -4.5],
          "cubes": [
            { "origin": [3, 30.25, -5], "size": [1, 2, 1], "inflate": 0.02, "uv": [112, 76], "mirror": true },
            { "origin": [3, 30.95, -5.01], "size": [1, 1, 0], "inflate": 0.02, "uv": [120, 77], "mirror": true }
          ]
        },
        {
          "name": "locator_eye_left",
          "parent": "pupil_left",
          "pivot": [4, 30.75, -5],
          "locators": {
            "eye2": [4, 30.75, -5]
          }
        },
        {
          "name": "eyelid_unamused_left",
          "parent": "eye_left",
          "pivot": [3.5, 32.75, -3.5],
          "cubes": [
            { "origin": [3, 32.25, -5], "size": [1, 1, 3], "inflate": 0.03, "uv": [114, 27], "mirror": true }
          ]
        },
        {
          "name": "eyelid_angry_left",
          "parent": "eye_left",
          "pivot": [3.25, 32, -4],
          "cubes": [
            { "origin": [3, 31.75, -5.01], "size": [1, 1, 1], "inflate": 0.04, "uv": [76, 106], "mirror": true },
            { "origin": [2.5, 31.25, -5.01], "size": [1, 1, 3], "inflate": 0.03, "uv": [114, 31], "mirror": true }
          ]
        },
        {
          "name": "eyelid_sad_left",
          "parent": "eye_left",
          "pivot": [3.4, 31.75, -3.5],
          "cubes": [
            { "origin": [2.9, 31.25, -4], "size": [1, 1, 2], "inflate": 0.03, "uv": [112, 73], "mirror": true }
          ]
        },
        {
          "name": "ear_left",
          "parent": "head",
          "pivot": [4, 35, 1],
          "cubes": [
            { "origin": [3, 30.5, 1], "size": [12, 9, 0], "uv": [34, 92] }
          ]
        },
        {
          "name": "ear_right",
          "parent": "head",
          "pivot": [-4, 35, 1],
          "cubes": [
            { "origin": [-15, 30.5, 1], "size": [12, 9, 0], "uv": [58, 92] }
          ]
        },
        {
          "name": "shoulder_left",
          "parent": "upper_torso",
          "pivot": [9.5, 23.25, 0.5],
          "cubes": [
            { "origin": [7, 20.75, -2.5], "size": [5, 5, 5], "uv": [30, 65] }
          ]
        },
        {
          "name": "arm_left1",
          "parent": "shoulder_left",
          "pivot": [11.5, 24.75, 0],
          "cubes": [
            { "origin": [10.25, 21.75, -1.5], "size": [7, 3, 3], "uv": [32, 108] }
          ]
        },
        {
          "name": "arm_left2",
          "parent": "arm_left1",
          "pivot": [16, 23.25, 0],
          "cubes": [
            { "origin": [16, 20.75, -2.5], "size": [5, 5, 5], "uv": [94, 36] },
            { "origin": [15.5, 24.75, -1], "size": [4, 1, 2], "inflate": 0.01, "pivot": [19.5, 25.75, 0.5], "rotation": [0, 0, 10], "uv": [56, 38] }
          ]
        },
        {
          "name": "left_arm3",
          "parent": "arm_left2",
          "pivot": [21, 25.25, 0],
          "cubes": [
            { "origin": [21, 20.75, -3], "size": [5, 5, 6], "inflate": 0.01, "uv": [93, 14] }
          ]
        },
        {
          "name": "locator_hand_secondary",
          "parent": "left_arm3",
          "pivot": [25, 23.25, 0],
          "locators": {
            "hand_secondary": [25, 23.25, 0]
          }
        },
        {
          "name": "claw_left2",
          "parent": "left_arm3",
          "pivot": [26, 24.75, 0],
          "rotation": [0, 0, 10],
          "cubes": [
            { "origin": [27.75, 23.75, 0], "size": [1, 1, 0], "uv": [87, 20] },
            { "origin": [25.75, 23.75, -0.5], "size": [2, 2, 1], "uv": [86, 38] }
          ]
        },
        {
          "name": "claw_left1",
          "parent": "left_arm3",
          "pivot": [26, 22.75, -2.25],
          "rotation": [0, -5, 10],
          "cubes": [
            { "origin": [27.75, 21.75, -2.25], "size": [1, 1, 0], "uv": [84, 77] },
            { "origin": [25.75, 21.75, -2.75], "size": [2, 2, 1], "uv": [87, 17] }
          ]
        },
        {
          "name": "claw_left3",
          "parent": "left_arm3",
          "pivot": [26, 22.75, 2.25],
          "rotation": [0, 5, 10],
          "cubes": [
            { "origin": [27.75, 21.85, 2.25], "size": [1, 1, 0], "uv": [89, 20] },
            { "origin": [25.75, 21.75, 1.75], "size": [2, 2, 1], "uv": [80, 38] }
          ]
        },
        {
          "name": "shoulder_right",
          "parent": "upper_torso",
          "pivot": [-9.5, 23.25, 0.5],
          "cubes": [
            { "origin": [-12, 20.75, -2.5], "size": [5, 5, 5], "uv": [94, 46] }
          ]
        },
        {
          "name": "arm_right1",
          "parent": "shoulder_right",
          "pivot": [-11.5, 24.75, 0],
          "cubes": [
            { "origin": [-17.25, 21.75, -1.5], "size": [7, 3, 3], "uv": [72, 108] }
          ]
        },
        {
          "name": "arm_right2",
          "parent": "arm_right1",
          "pivot": [-16, 23.25, 0],
          "cubes": [
            { "origin": [-21, 20.75, -2.5], "size": [5, 5, 5], "uv": [82, 98] },
            { "origin": [-19.5, 24.75, -1], "size": [4, 1, 2], "inflate": 0.01, "pivot": [-19.5, 25.75, 0.5], "rotation": [0, 0, -10], "uv": [68, 38] }
          ]
        },
        {
          "name": "right_arm3",
          "parent": "arm_right2",
          "pivot": [-21, 25.25, 0],
          "cubes": [
            { "origin": [-26, 20.75, -3], "size": [5, 5, 6], "inflate": 0.01, "uv": [90, 73] }
          ]
        },
        {
          "name": "locator_hand_secondary2",
          "parent": "right_arm3",
          "pivot": [-26, 23.25, 0],
          "locators": {
            "hand_secondary2": [-26, 23.25, 0]
          }
        },
        {
          "name": "claw_right2",
          "parent": "right_arm3",
          "pivot": [-26, 24.75, 0],
          "rotation": [0, 0, -10],
          "cubes": [
            { "origin": [-28.75, 23.75, 0], "size": [1, 1, 0], "uv": [28, 88] },
            { "origin": [-27.75, 23.75, -0.5], "size": [2, 2, 1], "uv": [38, 114] }
          ]
        },
        {
          "name": "claw_right1",
          "parent": "right_arm3",
          "pivot": [-26, 22.75, -2.25],
          "rotation": [0, 5, -10],
          "cubes": [
            { "origin": [-28.75, 21.75, -2.25], "size": [1, 1, 0], "uv": [86, 77] },
            { "origin": [-27.75, 21.75, -2.75], "size": [2, 2, 1], "uv": [114, 40] }
          ]
        },
        {
          "name": "claw_right3",
          "parent": "right_arm3",
          "pivot": [-26, 22.75, 2.25],
          "rotation": [0, -5, -10],
          "cubes": [
            { "origin": [-28.75, 21.85, 2.25], "size": [1, 1, 0], "uv": [28, 89] },
            { "origin": [-27.75, 21.75, 1.75], "size": [2, 2, 1], "uv": [114, 43] }
          ]
        },
        {
          "name": "tail",
          "parent": "torso",
          "pivot": [0, 5.75, 3.25],
          "cubes": [
            { "origin": [-5, 1.75, 0.5], "size": [10, 9, 11], "uv": [52, 43] }
          ]
        },
        {
          "name": "tail2",
          "parent": "tail",
          "pivot": [0, 6.20914, 11.42896],
          "cubes": [
            { "origin": [-3.5, 2.75, 10.5], "size": [7, 7, 10], "uv": [59, 0] }
          ]
        },
        {
          "name": "tail3",
          "parent": "tail2",
          "pivot": [0, 6.25, 20.5],
          "cubes": [
            { "origin": [-2.5, 3.75, 19.5], "size": [5, 5, 9], "uv": [93, 0] }
          ]
        },
        {
          "name": "locator_tail",
          "parent": "tail3",
          "pivot": [0, 6.25, 21.75],
          "rotation": [0, 180, 0],
          "locators": {
            "tail": [0, 6.25, 21.75]
          }
        },
        {
          "name": "tail4",
          "parent": "tail3",
          "pivot": [0, 6.25, 28.5],
          "cubes": [
            { "origin": [-1.5, 4.75, 27.5], "size": [3, 3, 8], "uv": [92, 25] }
          ]
        },
        {
          "name": "locator_tail_tip",
          "parent": "tail4",
          "pivot": [0, 6.25, 33.5],
          "rotation": [0, 180, 0],
          "locators": {
            "tail_tip": [0, 6.25, 33.5]
          }
        },
        {
          "name": "leg_left",
          "parent": "body",
          "pivot": [7.5, 6.25, -0.7],
          "cubes": [
            { "origin": [4, 3.75, -5.7], "size": [7, 7, 8], "uv": [50, 63] }
          ]
        },
        {
          "name": "leg_left2",
          "parent": "leg_left",
          "pivot": [7.5, 6.75, -6.2],
          "cubes": [
            { "origin": [3.50186, 0.18903, -7.19734], "size": [8, 7, 7], "uv": [30, 78] }
          ]
        },
        {
          "name": "locator_foot_secondary",
          "parent": "leg_left2",
          "pivot": [7, 1.25, -3.95],
          "rotation": [90, 0, 0],
          "locators": {
            "foot_secondary": [7, 1.25, -3.95]
          }
        },
        {
          "name": "toe_left",
          "parent": "leg_left2",
          "pivot": [7.50186, 0.18903, -7.19734],
          "cubes": [
            { "origin": [5.50186, 0.18903, -10.19734], "size": [4, 2, 3], "inflate": 0.01, "uv": [94, 56] },
            { "origin": [6.00186, 0.18903, -11.69734], "size": [3, 1, 2], "uv": [30, 75] }
          ]
        },
        {
          "name": "knee_left",
          "parent": "leg_left2",
          "pivot": [7.50186, 6.65105, -7.13146],
          "rotation": [10, 0, 0],
          "cubes": [
            { "origin": [5.00186, 3.65105, -8.13146], "size": [5, 6, 3], "uv": [92, 109] }
          ]
        },
        {
          "name": "leg_right",
          "parent": "body",
          "pivot": [-7.5, 6.25, -0.7],
          "cubes": [
            { "origin": [-11, 3.75, -5.7], "size": [7, 7, 8], "uv": [0, 65] }
          ]
        },
        {
          "name": "leg_right2",
          "parent": "leg_right",
          "pivot": [-7.5, 6.75, -6.2],
          "cubes": [
            { "origin": [-11.50186, 0.18903, -7.19734], "size": [8, 7, 7], "uv": [60, 78] }
          ]
        },
        {
          "name": "locator_foot_secondary2",
          "parent": "leg_right2",
          "pivot": [-7, 1.25, -3.95],
          "rotation": [90, 0, 0],
          "locators": {
            "foot_secondary2": [-7, 1.25, -3.95]
          }
        },
        {
          "name": "toe_right",
          "parent": "leg_right2",
          "pivot": [-7.50186, 0.18903, -7.19734],
          "cubes": [
            { "origin": [-9.50186, 0.18903, -10.19734], "size": [4, 2, 3], "inflate": 0.01, "uv": [108, 56] },
            { "origin": [-9.00186, 0.18903, -11.69734], "size": [3, 1, 2], "uv": [40, 75] }
          ]
        },
        {
          "name": "knee_right",
          "parent": "leg_right2",
          "pivot": [-7.50186, 6.65105, -7.13146],
          "rotation": [10, 0, 0],
          "cubes": [
            { "origin": [-10.00186, 3.65105, -8.13146], "size": [5, 6, 3], "uv": [108, 109] }
          ]
        }
      ]
    }
  ]
}
