{
	"format_version": "1.8.0",
	"animations": {
		"animation.vaporeon_kazeran.ground_idle": {
			"loop": true,
			"bones": {
				"body": {
					"position": [0, -0.7, 0]
				},
				"ear_left": {
					"rotation": ["-20-math.sin(query.anim_time*90*2-230)*1", 0, "0+math.sin(query.anim_time*90*2-80)*1"]
				},
				"ear_left2": {
					"rotation": ["-2.5-math.sin(query.anim_time*90*2-290)*1", 0, 0]
				},
				"ear_right": {
					"rotation": ["-20-math.sin(query.anim_time*90*2-210)*1", 0, "0-math.sin(query.anim_time*90*2-80)*1"]
				},
				"ear_right2": {
					"rotation": ["-2.5-math.sin(query.anim_time*90*2-270)*1", 0, 0]
				},
				"tail": {
					"rotation": [0, 0, 0]
				},
				"tail2": {
					"rotation": ["-4.8089-math.sin(query.anim_time*90*2-100)*2", "1.38955-math.sin(query.anim_time*90*1-0)*8", -1.04339]
				},
				"tail3": {
					"rotation": ["10-math.sin(query.anim_time*90*2-160)*2", "0-math.sin(query.anim_time*90*1-60)*10", 0]
				},
				"front_leg_left": {
					"rotation": [2.5, 0, -2]
				},
				"elbow_left": {
					"rotation": [-10, 0, 0]
				},
				"frontpaw_left": {
					"rotation": [9.99294, 0.32621, -0.47864],
					"position": [0, 0.25, 0]
				},
				"front_leg_right": {
					"rotation": [2.5, 0, 2]
				},
				"elbow_right": {
					"rotation": [-10, 0, 0]
				},
				"frontpaw_right": {
					"rotation": [7.47178, -0.65182, 2.95744],
					"position": [0, 0.25, 0]
				},
				"back_leg_left": {
					"rotation": [3, "0-math.sin(query.anim_time*90*2-0)*1.5", -4]
				},
				"ankle_left": {
					"rotation": [-5, 0, 0]
				},
				"foot_left": {
					"rotation": [1.81784, "-0.733+math.sin(query.anim_time*90*2-0)*1", 3.2994],
					"position": [0, 0.4, 0]
				},
				"back_leg_right": {
					"rotation": [3, "0-math.sin(query.anim_time*90*2-0)*1.5", 4]
				},
				"ankle_right": {
					"rotation": [-5, 0, 0]
				},
				"foot_right": {
					"rotation": [2.47028, "0.9731+math.sin(query.anim_time*90*2-0)*1", "-4.8985+math.sin(query.anim_time*90*2-0)*0.5"],
					"position": ["0+math.sin(query.anim_time*90*2-0)*0.0", 0.45, 0]
				},
				"umbreon": {
					"position": [0, -0.25, 0]
				},
				"torso": {
					"rotation": ["-math.sin(query.anim_time*90*2-80)*1", 0, "0-math.sin(query.anim_time*90*1-80)*2"],
					"position": [0, "0-math.sin(query.anim_time*90*2)*0.3", 0]
				},
				"neck": {
					"rotation": ["0-math.sin(query.anim_time*90*2-140)*1", 0, 0]
				},
				"head_angle": {
					"rotation": ["2.1766-math.sin(query.anim_time*90*2-270)*2", 2.12289, "-1.15078+math.sin(query.anim_time*90*1-80)*3"]
				},
				"ear_left3": {
					"rotation": ["0+math.sin(query.anim_time*90*2-150)*2", 0, 0]
				},
				"ear_right3": {
					"rotation": ["0+math.sin(query.anim_time*90*2-120)*2", 0, 0]
				},
				"tail4": {
					"rotation": ["7.5-math.sin(query.anim_time*90*2-220)*3", "0-math.sin(query.anim_time*90*1-120)*12", 0]
				},
				"frill1_left": {
					"rotation": ["22.5+math.sin(query.anim_time*90*2-50)*3", 0, 0]
				},
				"frill2_left": {
					"rotation": ["-22.5+math.sin(query.anim_time*90*2-70)*3", 0, 0]
				},
				"frill1_right": {
					"rotation": ["22.5+math.sin(query.anim_time*90*2-50)*3", 0, 0]
				},
				"frill2_right": {
					"rotation": ["-22.5+math.sin(query.anim_time*90*2-70)*3", 0, 0]
				},
				"frill_top": {
					"rotation": ["22.5+math.sin(query.anim_time*90*2-50)*3", 0, 0]
				},
				"frill_bottom": {
					"rotation": ["-22.5+math.sin(query.anim_time*90*2-70)*3", 0, 0]
				},
				"tail5": {
					"rotation": [0, "0-math.sin(query.anim_time*90*1-180)*14", 0]
				},
				"tail6": {
					"rotation": [0, "0-math.sin(query.anim_time*90*1-240)*16", 0]
				},
				"tailfin_right": {
					"rotation": [0, 0, "0+math.sin(query.anim_time*90*2-80)*5"]
				},
				"tailfin_left": {
					"rotation": [0, 0, "12.5-math.sin(query.anim_time*90*2-80)*5"]
				},
				"fin2": {
					"rotation": ["-5+math.sin(query.anim_time*90*2-90)*3 ", 0, 0]
				}
			}
		},
		"animation.vaporeon_kazeran.ground_walk": {
			"loop": true,
			"animation_length": 4,
			"bones": {
				"torso": {
					"rotation": ["0+math.sin(query.anim_time*90*6-80)*1", "0+math.sin(query.anim_time*90*3-100)*3", "0-math.sin(query.anim_time*90*3-160)*2"],
					"position": [0, "0-math.sin(query.anim_time*90*6+20)*0.4", 0]
				},
				"torso2": {
					"rotation": [0, "0-math.sin(query.anim_time*90*3-100)*3", "0+math.sin(query.anim_time*90*3-160)*2"]
				},
				"torso3": {
					"rotation": [0, "0-math.sin(query.anim_time*90*3-80)*2", "0+math.sin(query.anim_time*90*3-80)*2"]
				},
				"neck": {
					"rotation": [0, 0, 0]
				},
				"head_angle": {
					"rotation": ["0+math.sin(query.anim_time*90*6-140)*1", "0-math.sin(query.anim_time*90*3-40)*2", "0-math.sin(query.anim_time*90*3-120)*4"]
				},
				"ear_left": {
					"rotation": ["-20-math.sin(query.anim_time*90*6-230)*1", 0, "0+math.sin(query.anim_time*90*6-80)*1"]
				},
				"ear_left2": {
					"rotation": ["-7.5+math.sin(query.anim_time*90*6-260)*1", 0, 0]
				},
				"ear_left3": {
					"rotation": ["-10+math.sin(query.anim_time*90*6-280)*2", 0, 0]
				},
				"ear_right": {
					"rotation": ["-20-math.sin(query.anim_time*90*6-210)*1", 0, "0-math.sin(query.anim_time*90*6-80)*1"]
				},
				"ear_right2": {
					"rotation": ["-7.5+math.sin(query.anim_time*90*6-240)*1", 0, 0]
				},
				"ear_right3": {
					"rotation": ["-10+math.sin(query.anim_time*90*6-260)*2", 0, 0]
				},
				"tail": {
					"rotation": [0, 0, 0]
				},
				"tail2": {
					"rotation": ["-4.8089-math.sin(query.anim_time*90*2-100)*2", "1.38955-math.sin(query.anim_time*90*2-0)*8", -1.04339]
				},
				"tail3": {
					"rotation": ["10-math.sin(query.anim_time*90*2-160)*2", "0-math.sin(query.anim_time*90*2-60)*10", 0]
				},
				"tail4": {
					"rotation": ["7.5-math.sin(query.anim_time*90*2-220)*3", "0-math.sin(query.anim_time*90*2-120)*12", 0]
				},
				"front_leg_left": {
					"rotation": ["2.5+math.sin(q.anim_time*90*3-100)*15", 0, -2],
					"position": [0, "0+math.clamp(-math.sin(q.anim_time*90*3)*1.5,0,1.5)", "0+math.sin(q.anim_time*90*3-80)*0.5"]
				},
				"elbow_left": {
					"rotation": {
						"0.0": {
							"post": [-10, 0, 0],
							"lerp_mode": "catmullrom"
						},
						"0.625": {
							"post": [-10, 0, 0],
							"lerp_mode": "catmullrom"
						},
						"1.0833": {
							"post": [-12.56441, 0, 0],
							"lerp_mode": "catmullrom"
						},
						"1.3333": {
							"post": [-10, 0, 0],
							"lerp_mode": "catmullrom"
						},
						"1.9583": {
							"post": [-10, 0, 0],
							"lerp_mode": "catmullrom"
						},
						"2.4167": {
							"post": [-12.56441, 0, 0],
							"lerp_mode": "catmullrom"
						},
						"2.6667": {
							"post": [-10, 0, 0],
							"lerp_mode": "catmullrom"
						},
						"3.2917": {
							"post": [-10, 0, 0],
							"lerp_mode": "catmullrom"
						},
						"3.75": {
							"post": [-12.56441, 0, 0],
							"lerp_mode": "catmullrom"
						},
						"4.0": {
							"post": [-10, 0, 0],
							"lerp_mode": "catmullrom"
						}
					}
				},
				"frontpaw_left": {
					"rotation": {
						"0.0": {
							"post": [22.5, 0, 2],
							"lerp_mode": "catmullrom"
						},
						"0.625": {
							"post": [-7.5, 0, 2],
							"lerp_mode": "catmullrom"
						},
						"0.9167": {
							"post": [25, 0, 2],
							"lerp_mode": "catmullrom"
						},
						"1.1667": {
							"post": [-1.25, 0, 2],
							"lerp_mode": "catmullrom"
						},
						"1.3333": {
							"post": [22.5, 0, 2],
							"lerp_mode": "catmullrom"
						},
						"1.9583": {
							"post": [-7.5, 0, 2],
							"lerp_mode": "catmullrom"
						},
						"2.25": {
							"post": [25, 0, 2],
							"lerp_mode": "catmullrom"
						},
						"2.5": {
							"post": [-1.25, 0, 2],
							"lerp_mode": "catmullrom"
						},
						"2.6667": {
							"post": [22.5, 0, 2],
							"lerp_mode": "catmullrom"
						},
						"3.2917": {
							"post": [-7.5, 0, 2],
							"lerp_mode": "catmullrom"
						},
						"3.5833": {
							"post": [25, 0, 2],
							"lerp_mode": "catmullrom"
						},
						"3.8333": {
							"post": [-1.25, 0, 2],
							"lerp_mode": "catmullrom"
						},
						"4.0": {
							"post": [22.5, 0, 2],
							"lerp_mode": "catmullrom"
						}
					},
					"position": {
						"0.0": {
							"post": [0, 0, 0],
							"lerp_mode": "catmullrom"
						},
						"0.375": {
							"post": [0, 0.45, 0],
							"lerp_mode": "catmullrom"
						},
						"0.625": {
							"post": [0, 0.35, 0],
							"lerp_mode": "catmullrom"
						},
						"1.3333": {
							"post": [0, 0, 0],
							"lerp_mode": "catmullrom"
						},
						"1.7083": {
							"post": [0, 0.45, 0],
							"lerp_mode": "catmullrom"
						},
						"1.9583": {
							"post": [0, 0.35, 0],
							"lerp_mode": "catmullrom"
						},
						"2.6667": {
							"post": [0, 0, 0],
							"lerp_mode": "catmullrom"
						},
						"3.0417": {
							"post": [0, 0.45, 0],
							"lerp_mode": "catmullrom"
						},
						"3.2917": {
							"post": [0, 0.35, 0],
							"lerp_mode": "catmullrom"
						},
						"4.0": {
							"post": [0, 0, 0],
							"lerp_mode": "catmullrom"
						}
					}
				},
				"front_leg_right": {
					"rotation": ["2.5-math.sin(q.anim_time*90*3-100)*15", 0, 2],
					"position": [0, "0+math.clamp(math.sin(q.anim_time*90*3)*1.5,0,1.5)", "0-math.sin(q.anim_time*90*3-80)*0.5"]
				},
				"elbow_right": {
					"rotation": {
						"0.0": {
							"post": [-10.16, 0, 0],
							"lerp_mode": "catmullrom"
						},
						"0.4167": {
							"post": [-12.56441, 0, 0],
							"lerp_mode": "catmullrom"
						},
						"0.6667": {
							"post": [-10, 0, 0],
							"lerp_mode": "catmullrom"
						},
						"1.2917": {
							"post": [-10, 0, 0],
							"lerp_mode": "catmullrom"
						},
						"1.75": {
							"post": [-12.56441, 0, 0],
							"lerp_mode": "catmullrom"
						},
						"2.0": {
							"post": [-10, 0, 0],
							"lerp_mode": "catmullrom"
						},
						"2.625": {
							"post": [-10, 0, 0],
							"lerp_mode": "catmullrom"
						},
						"3.0833": {
							"post": [-12.56441, 0, 0],
							"lerp_mode": "catmullrom"
						},
						"3.3333": {
							"post": [-10, 0, 0],
							"lerp_mode": "catmullrom"
						},
						"3.9583": {
							"post": [-10, 0, 0],
							"lerp_mode": "catmullrom"
						},
						"4.0": {
							"post": [-10.16, 0, 0],
							"lerp_mode": "catmullrom"
						}
					}
				},
				"frontpaw_right": {
					"rotation": {
						"0.0": {
							"post": [-5.62, 0, -2],
							"lerp_mode": "catmullrom"
						},
						"0.25": {
							"post": [25, 0, -2],
							"lerp_mode": "catmullrom"
						},
						"0.5": {
							"post": [-1.25, 0, -2],
							"lerp_mode": "catmullrom"
						},
						"0.6667": {
							"post": [22.5, 0, -2],
							"lerp_mode": "catmullrom"
						},
						"1.2917": {
							"post": [-7.5, 0, -2],
							"lerp_mode": "catmullrom"
						},
						"1.5833": {
							"post": [25, 0, -2],
							"lerp_mode": "catmullrom"
						},
						"1.8333": {
							"post": [-1.25, 0, -2],
							"lerp_mode": "catmullrom"
						},
						"2.0": {
							"post": [22.5, 0, -2],
							"lerp_mode": "catmullrom"
						},
						"2.625": {
							"post": [-7.5, 0, -2],
							"lerp_mode": "catmullrom"
						},
						"2.9167": {
							"post": [25, 0, -2],
							"lerp_mode": "catmullrom"
						},
						"3.1667": {
							"post": [-1.25, 0, -2],
							"lerp_mode": "catmullrom"
						},
						"3.3333": {
							"post": [22.5, 0, -2],
							"lerp_mode": "catmullrom"
						},
						"4.0": {
							"post": [-5.62, 0, -2],
							"lerp_mode": "catmullrom"
						}
					},
					"position": {
						"0.0": {
							"post": [0, 0.33, 0],
							"lerp_mode": "catmullrom"
						},
						"0.6667": {
							"post": [0, 0, 0],
							"lerp_mode": "catmullrom"
						},
						"1.0417": {
							"post": [0, 0.45, 0],
							"lerp_mode": "catmullrom"
						},
						"1.2917": {
							"post": [0, 0.35, 0],
							"lerp_mode": "catmullrom"
						},
						"2.0": {
							"post": [0, 0, 0],
							"lerp_mode": "catmullrom"
						},
						"2.375": {
							"post": [0, 0.45, 0],
							"lerp_mode": "catmullrom"
						},
						"2.625": {
							"post": [0, 0.35, 0],
							"lerp_mode": "catmullrom"
						},
						"3.3333": {
							"post": [0, 0, 0],
							"lerp_mode": "catmullrom"
						},
						"3.7083": {
							"post": [0, 0.45, 0],
							"lerp_mode": "catmullrom"
						},
						"4.0": {
							"post": [0, 0.33, 0],
							"lerp_mode": "catmullrom"
						}
					}
				},
				"back_leg_left": {
					"rotation": ["0.5+math.sin(q.anim_time*90*3-40)*15", 0, -4],
					"position": [0, "0+math.clamp(-math.sin(q.anim_time*90*3+60)*1.5,0,1.5)", "0+math.sin(q.anim_time*90*3-20)*0.5"]
				},
				"ankle_left": {
					"rotation": {
						"0.0": {
							"post": [-5, 0, 0],
							"lerp_mode": "catmullrom"
						},
						"0.3333": {
							"post": [-5, 0, 0],
							"lerp_mode": "catmullrom"
						},
						"0.625": {
							"post": [0, 0, 0],
							"lerp_mode": "catmullrom"
						},
						"0.9583": {
							"post": [-5, 0, 0],
							"lerp_mode": "catmullrom"
						},
						"1.1667": {
							"post": [0, 0, 0],
							"lerp_mode": "catmullrom"
						},
						"1.3333": {
							"post": [-5, 0, 0],
							"lerp_mode": "catmullrom"
						},
						"1.6667": {
							"post": [-5, 0, 0],
							"lerp_mode": "catmullrom"
						},
						"1.9583": {
							"post": [0, 0, 0],
							"lerp_mode": "catmullrom"
						},
						"2.2917": {
							"post": [-5, 0, 0],
							"lerp_mode": "catmullrom"
						},
						"2.5": {
							"post": [-1, 0, 0],
							"lerp_mode": "catmullrom"
						},
						"2.6667": {
							"post": [-5, 0, 0],
							"lerp_mode": "catmullrom"
						},
						"3.0": {
							"post": [-5, 0, 0],
							"lerp_mode": "catmullrom"
						},
						"3.2917": {
							"post": [0, 0, 0],
							"lerp_mode": "catmullrom"
						},
						"3.625": {
							"post": [-5, 0, 0],
							"lerp_mode": "catmullrom"
						},
						"3.8333": {
							"post": [-1, 0, 0],
							"lerp_mode": "catmullrom"
						},
						"4.0": {
							"post": [-5, 0, 0],
							"lerp_mode": "catmullrom"
						}
					}
				},
				"foot_left": {
					"rotation": {
						"0.0": {
							"post": [14.5, 0, 4],
							"lerp_mode": "catmullrom"
						},
						"0.4583": {
							"post": [-10.5, 0, 4],
							"lerp_mode": "catmullrom"
						},
						"0.7083": {
							"post": [12, 0, 4],
							"lerp_mode": "catmullrom"
						},
						"0.9167": {
							"post": [-1.75, 0, 4],
							"lerp_mode": "catmullrom"
						},
						"1.125": {
							"post": [14.5, 0, 4],
							"lerp_mode": "catmullrom"
						},
						"1.3333": {
							"post": [14.5, 0, 4],
							"lerp_mode": "catmullrom"
						},
						"1.7917": {
							"post": [-10.5, 0, 4],
							"lerp_mode": "catmullrom"
						},
						"2.0417": {
							"post": [12, 0, 4],
							"lerp_mode": "catmullrom"
						},
						"2.25": {
							"post": [-1.75, 0, 4],
							"lerp_mode": "catmullrom"
						},
						"2.4583": {
							"post": [14.5, 0, 4],
							"lerp_mode": "catmullrom"
						},
						"2.6667": {
							"post": [14.5, 0, 4],
							"lerp_mode": "catmullrom"
						},
						"3.125": {
							"post": [-10.5, 0, 4],
							"lerp_mode": "catmullrom"
						},
						"3.375": {
							"post": [12, 0, 4],
							"lerp_mode": "catmullrom"
						},
						"3.5833": {
							"post": [-1.75, 0, 4],
							"lerp_mode": "catmullrom"
						},
						"3.7917": {
							"post": [14.5, 0, 4],
							"lerp_mode": "catmullrom"
						},
						"4.0": {
							"post": [14.5, 0, 4],
							"lerp_mode": "catmullrom"
						}
					},
					"position": {
						"0.0": {
							"post": [0, 0.4, 0],
							"lerp_mode": "catmullrom"
						},
						"0.25": {
							"post": [0, 0.63, -0.16],
							"lerp_mode": "catmullrom"
						},
						"0.4583": {
							"post": [0, 0.45, -0.25],
							"lerp_mode": "catmullrom"
						},
						"1.125": {
							"post": [0, 0.4, 0],
							"lerp_mode": "catmullrom"
						},
						"1.3333": {
							"post": [0, 0.4, 0],
							"lerp_mode": "catmullrom"
						},
						"1.5833": {
							"post": [0, 0.63, -0.16],
							"lerp_mode": "catmullrom"
						},
						"1.7917": {
							"post": [0, 0.45, -0.25],
							"lerp_mode": "catmullrom"
						},
						"2.4583": {
							"post": [0, 0.4, 0],
							"lerp_mode": "catmullrom"
						},
						"2.6667": {
							"post": [0, 0.4, 0],
							"lerp_mode": "catmullrom"
						},
						"2.9167": {
							"post": [0, 0.63, -0.16],
							"lerp_mode": "catmullrom"
						},
						"3.125": {
							"post": [0, 0.45, -0.25],
							"lerp_mode": "catmullrom"
						},
						"3.7917": {
							"post": [0, 0.4, 0],
							"lerp_mode": "catmullrom"
						},
						"4.0": {
							"post": [0, 0.4, 0],
							"lerp_mode": "catmullrom"
						}
					}
				},
				"back_leg_right": {
					"rotation": ["0.5-math.sin(q.anim_time*90*3-40)*15", 0, 4],
					"position": [0, "0+math.clamp(math.sin(q.anim_time*90*3+60)*1.5,0,1.5)", "0-math.sin(q.anim_time*90*3-20)*0.5"]
				},
				"ankle_right": {
					"rotation": {
						"0.0": {
							"post": [-0.21, 0, 0],
							"lerp_mode": "catmullrom"
						},
						"0.2917": {
							"post": [-5, 0, 0],
							"lerp_mode": "catmullrom"
						},
						"0.5": {
							"post": [-1, 0, 0],
							"lerp_mode": "catmullrom"
						},
						"0.6667": {
							"post": [-5, 0, 0],
							"lerp_mode": "catmullrom"
						},
						"1.0": {
							"post": [-5, 0, 0],
							"lerp_mode": "catmullrom"
						},
						"1.2917": {
							"post": [0, 0, 0],
							"lerp_mode": "catmullrom"
						},
						"1.625": {
							"post": [-5, 0, 0],
							"lerp_mode": "catmullrom"
						},
						"1.8333": {
							"post": [-1, 0, 0],
							"lerp_mode": "catmullrom"
						},
						"2.0": {
							"post": [-5, 0, 0],
							"lerp_mode": "catmullrom"
						},
						"2.3333": {
							"post": [-5, 0, 0],
							"lerp_mode": "catmullrom"
						},
						"2.625": {
							"post": [0, 0, 0],
							"lerp_mode": "catmullrom"
						},
						"2.9583": {
							"post": [-5, 0, 0],
							"lerp_mode": "catmullrom"
						},
						"3.1667": {
							"post": [0, 0, 0],
							"lerp_mode": "catmullrom"
						},
						"3.3333": {
							"post": [-5, 0, 0],
							"lerp_mode": "catmullrom"
						},
						"3.6667": {
							"post": [-5, 0, 0],
							"lerp_mode": "catmullrom"
						},
						"3.9583": {
							"post": [0, 0, 0],
							"lerp_mode": "catmullrom"
						},
						"4.0": {
							"post": [-0.21, 0, 0],
							"lerp_mode": "catmullrom"
						}
					}
				},
				"foot_right": {
					"rotation": {
						"0.0": {
							"post": [9.8, 0, -4],
							"lerp_mode": "catmullrom"
						},
						"0.0417": {
							"post": [12, 0, -4],
							"lerp_mode": "catmullrom"
						},
						"0.25": {
							"post": [-1.75, 0, -4],
							"lerp_mode": "catmullrom"
						},
						"0.4583": {
							"post": [14.5, 0, -4],
							"lerp_mode": "catmullrom"
						},
						"0.6667": {
							"post": [14.5, 0, -4],
							"lerp_mode": "catmullrom"
						},
						"1.125": {
							"post": [-10.5, 0, -4],
							"lerp_mode": "catmullrom"
						},
						"1.375": {
							"post": [12, 0, -4],
							"lerp_mode": "catmullrom"
						},
						"1.5833": {
							"post": [-1.75, 0, -4],
							"lerp_mode": "catmullrom"
						},
						"1.7917": {
							"post": [14.5, 0, -4],
							"lerp_mode": "catmullrom"
						},
						"2.0": {
							"post": [14.5, 0, -4],
							"lerp_mode": "catmullrom"
						},
						"2.4583": {
							"post": [-10.5, 0, -4],
							"lerp_mode": "catmullrom"
						},
						"2.7083": {
							"post": [12, 0, -4],
							"lerp_mode": "catmullrom"
						},
						"2.9167": {
							"post": [-1.75, 0, -4],
							"lerp_mode": "catmullrom"
						},
						"3.125": {
							"post": [14.5, 0, -4],
							"lerp_mode": "catmullrom"
						},
						"3.3333": {
							"post": [14.5, 0, -4],
							"lerp_mode": "catmullrom"
						},
						"3.7917": {
							"post": [-10.5, 0, -4],
							"lerp_mode": "catmullrom"
						},
						"4.0": {
							"post": [9.8, 0, -4],
							"lerp_mode": "catmullrom"
						}
					},
					"position": {
						"0.0": {
							"post": [0, 0.42, -0.19],
							"lerp_mode": "catmullrom"
						},
						"0.4583": {
							"post": [0, 0.4, 0],
							"lerp_mode": "catmullrom"
						},
						"0.6667": {
							"post": [0, 0.4, 0],
							"lerp_mode": "catmullrom"
						},
						"0.9167": {
							"post": [0, 0.63, -0.16],
							"lerp_mode": "catmullrom"
						},
						"1.125": {
							"post": [0, 0.45, -0.25],
							"lerp_mode": "catmullrom"
						},
						"1.7917": {
							"post": [0, 0.4, 0],
							"lerp_mode": "catmullrom"
						},
						"2.0": {
							"post": [0, 0.4, 0],
							"lerp_mode": "catmullrom"
						},
						"2.25": {
							"post": [0, 0.63, -0.16],
							"lerp_mode": "catmullrom"
						},
						"2.4583": {
							"post": [0, 0.45, -0.25],
							"lerp_mode": "catmullrom"
						},
						"3.125": {
							"post": [0, 0.4, 0],
							"lerp_mode": "catmullrom"
						},
						"3.3333": {
							"post": [0, 0.4, 0],
							"lerp_mode": "catmullrom"
						},
						"3.5833": {
							"post": [0, 0.63, -0.16],
							"lerp_mode": "catmullrom"
						},
						"3.7917": {
							"post": [0, 0.45, -0.25],
							"lerp_mode": "catmullrom"
						},
						"4.0": {
							"post": [0, 0.42, -0.19],
							"lerp_mode": "catmullrom"
						}
					}
				},
				"body": {
					"position": [0, -1, 0]
				},
				"mane_main": {
					"rotation": [0, "0+math.sin(query.anim_time*90*3-280)*5", 0]
				},
				"manefur": {
					"rotation": ["0-math.sin(query.anim_time*90*6-130)*4", 0, 0]
				},
				"manefur2": {
					"rotation": ["0-math.sin(query.anim_time*90*6-190)*4", 0, 0]
				},
				"manefur3": {
					"rotation": ["0-math.sin(query.anim_time*90*6-190)*8", 0, 0]
				},
				"ear2_right": {
					"rotation": [0, "22.5-math.sin(query.anim_time*90*6-180)*5", 0]
				},
				"ear2_left": {
					"rotation": [0, "-22.5-math.sin(query.anim_time*90*6-180)*5", 0]
				},
				"headfur": {
					"rotation": ["0-math.sin(query.anim_time*90*2-290)*2", 0, 0]
				},
				"headfur2": {
					"rotation": ["0+math.sin(query.anim_time*90*6-150)*4", 0, 0]
				},
				"headfur3": {
					"rotation": ["-15+math.sin(query.anim_time*90*6-260)*6", 0, 0]
				},
				"fur_tail_left1": {
					"rotation": [0, "0+math.sin(query.anim_time*90*3-260)*10", 0]
				},
				"fur_tail_right1": {
					"rotation": [0, "0+math.sin(query.anim_time*90*3-260)*10", 0]
				},
				"fur_tail_top1": {
					"rotation": ["0+math.sin(query.anim_time*90*6-180)*2", 0, 0]
				},
				"fur_tail_bot1": {
					"rotation": ["0+math.sin(query.anim_time*90*6-240)*2", 0, 0]
				},
				"fur_tail_left2": {
					"rotation": [0, "-22.5+math.sin(query.anim_time*90*3-230)*10", 0]
				},
				"fur_tail_right2": {
					"rotation": [0, "22.5+math.sin(query.anim_time*90*3-230)*10", 0]
				},
				"fur_tail_top2": {
					"rotation": ["12.5+math.sin(query.anim_time*90*6-180)*2", 0, 0]
				},
				"fur_tail_bot2": {
					"rotation": ["12.5+math.sin(query.anim_time*90*6-240)*2", 0, 0]
				},
				"fur_tail_left3": {
					"rotation": [0, "0+math.sin(query.anim_time*90*3-200)*10", 0],
					"position": [0, 0, 0]
				},
				"fur_tail_right3": {
					"rotation": [0, "0+math.sin(query.anim_time*90*3-200)*10", 0]
				},
				"fur_tail_top3": {
					"rotation": ["0+math.sin(query.anim_time*90*6-150)*5", 0, 0]
				},
				"fur_tail_bot3": {
					"rotation": ["0+math.sin(query.anim_time*90*6-140)*5", 0, 0]
				},
				"fur_tip_right1": {
					"rotation": [0, "0+math.sin(query.anim_time*90*3-240)*10", 0]
				},
				"fur_tip_top1": {
					"rotation": ["0-math.sin(query.anim_time*90*6-280)*5", 0, 0]
				},
				"fur_tip_left1": {
					"rotation": [0, "0+math.sin(query.anim_time*90*3-240)*10", 0]
				},
				"tail5": {
					"rotation": [0, "0-math.sin(query.anim_time*90*2-180)*14", 0]
				},
				"tail6": {
					"rotation": [0, "0-math.sin(query.anim_time*90*2-240)*16", 0]
				},
				"frill1_left": {
					"rotation": ["22.5+math.sin(query.anim_time*90*6-110)*3", 0, 0]
				},
				"frill2_left": {
					"rotation": ["-22.5+math.sin(query.anim_time*90*6-130)*3", 0, 0]
				},
				"frill1_right": {
					"rotation": ["22.5+math.sin(query.anim_time*90*6-110)*3", 0, 0]
				},
				"frill2_right": {
					"rotation": ["-22.5+math.sin(query.anim_time*90*6-130)*3", 0, 0]
				},
				"frill_top": {
					"rotation": ["22.5+math.sin(query.anim_time*90*6-110)*3", 0, 0]
				},
				"frill_bottom": {
					"rotation": ["-22.5+math.sin(query.anim_time*90*6-130)*3", 0, 0]
				},
				"fin": {
					"rotation": ["0+math.sin(query.anim_time*90*6-130)*1", 0, "0-math.sin(query.anim_time*90*3-240)*3"],
					"position": [0, 0, -0.025]
				},
				"tailfin_right": {
					"rotation": [0, 0, "0+math.sin(query.anim_time*90*2-80)*5"]
				},
				"tailfin_left": {
					"rotation": [0, 0, "12.5-math.sin(query.anim_time*90*2-80)*5"]
				},
				"frontleg_left": {
					"rotation": ["2.5+math.sin(q.anim_time*90*3-100)*15", 0, -2],
					"position": [0, "0+math.clamp(-math.sin(q.anim_time*90*3)*1.5,0,1.5)", "0+math.sin(q.anim_time*90*3-80)*0.5"]
				},
				"frontleg_right": {
					"rotation": ["2.5-math.sin(q.anim_time*90*3-100)*15", 0, 2],
					"position": [0, "0+math.clamp(math.sin(q.anim_time*90*3)*1.5,0,1.5)", "0-math.sin(q.anim_time*90*3-80)*0.5"]
				},
				"fin2": {
					"rotation": ["0+math.sin(query.anim_time*90*6-130)*1", 0, "0-math.sin(query.anim_time*90*3-240)*3"]
				}
			}
		},
		"animation.vaporeon_kazeran.battle_idle": {
			"loop": true,
			"bones": {
				"body": {
					"position": [0, -3.7, 0]
				},
				"ear_left": {
					"rotation": ["-20-math.sin(query.anim_time*90*2-230)*1", 0, "0+math.sin(query.anim_time*90*2-80)*1"]
				},
				"ear_left2": {
					"rotation": ["-2.5-math.sin(query.anim_time*90*2-290)*1", 0, 0]
				},
				"ear_right": {
					"rotation": ["-20-math.sin(query.anim_time*90*2-210)*1", 0, "0-math.sin(query.anim_time*90*2-80)*1"]
				},
				"ear_right2": {
					"rotation": ["-2.5-math.sin(query.anim_time*90*2-270)*1", 0, 0]
				},
				"tail": {
					"rotation": [12.5, 0, 0]
				},
				"tail2": {
					"rotation": ["-4.8089-math.sin(query.anim_time*90*2-100)*2", "1.38955-math.sin(query.anim_time*90*1-0)*8", -1.04339]
				},
				"tail3": {
					"rotation": ["10-math.sin(query.anim_time*90*2-160)*2", "0-math.sin(query.anim_time*90*1-60)*10", 0]
				},
				"front_leg_left": {
					"rotation": [2.5, 0, -2]
				},
				"elbow_left": {
					"rotation": ["-60-math.sin(query.anim_time*90*2+30)*1.5", 0, 0]
				},
				"frontpaw_left": {
					"rotation": [27.12762, -15.54088, 7.75939],
					"position": [0, "0.5-math.sin(query.anim_time*90*2+30)*0.1", "0-math.sin(query.anim_time*90*2+30)*0.02"]
				},
				"front_leg_right": {
					"rotation": [2.5, 0, 2]
				},
				"elbow_right": {
					"rotation": ["-52.5-math.sin(query.anim_time*90*2+15)*1.5", 0, 0]
				},
				"frontpaw_right": {
					"rotation": [46.88413, 8.53348, -5.55018],
					"position": [0, "0.15-math.sin(query.anim_time*90*2+30)*0.1", "-0.3-math.sin(query.anim_time*90*2+30)*0.02"]
				},
				"back_leg_left": {
					"rotation": ["45.5+math.sin(query.anim_time*90*2-0)*1", "-math.sin(query.anim_time*90*2-0)*1.5", -4],
					"position": [0, 0, 0]
				},
				"ankle_left": {
					"rotation": [-22.5, "0-math.sin(query.anim_time*90*2-0)*1", 0]
				},
				"foot_left": {
					"rotation": [
						"-20.6821619445-math.sin(query.anim_time*90*2-0)*1",
						"-0.733+math.sin(query.anim_time*90*2-0)*1.5",
						"3.2994+math.sin(query.anim_time*90*2-0)*0.4"
					],
					"position": ["0+math.sin(query.anim_time*90*2-0)*0.05", "0.4-math.sin(query.anim_time*90*2-0)*0.08", "0-math.sin(query.anim_time*90*2-0)*0.165"]
				},
				"back_leg_right": {
					"rotation": ["38+math.sin(query.anim_time*90*2-0)*1", "math.sin(query.anim_time*90*2-0)*1.5", 4],
					"position": [0, 0, 0]
				},
				"ankle_right": {
					"rotation": [-40, "0+math.sin(query.anim_time*90*2-0)*1", 0]
				},
				"foot_right": {
					"rotation": ["1.8339-math.sin(query.anim_time*90*2-0)*1", "0.484-math.sin(query.anim_time*90*2-0)*1.5", "-4.1013-math.sin(query.anim_time*90*2-0)*1.2"],
					"position": ["0+math.sin(query.anim_time*90*2-0)*0.01", "0.65-math.sin(query.anim_time*90*2-0)*0.09", "0-math.sin(query.anim_time*90*2-0)*0.13"]
				},
				"umbreon": {
					"position": [0, -0.25, 0]
				},
				"torso": {
					"rotation": ["5-math.sin(query.anim_time*90*2-80)*1", 0, "-math.sin(query.anim_time*90*1-80)*2"],
					"position": [0, "1-math.sin(query.anim_time*90*2)*0.3", 0]
				},
				"neck": {
					"rotation": ["0-math.sin(query.anim_time*90*2-140)*1", 0, 0]
				},
				"head_angle": {
					"rotation": ["-2.8234-math.sin(query.anim_time*90*2-270)*2", 2.12289, "-1.1508+math.sin(query.anim_time*90*1-80)*3"]
				},
				"ear_left3": {
					"rotation": ["0+math.sin(query.anim_time*90*2-150)*2", 0, 0]
				},
				"ear_right3": {
					"rotation": ["0+math.sin(query.anim_time*90*2-120)*2", 0, 0]
				},
				"tail4": {
					"rotation": ["7.5-math.sin(query.anim_time*90*2-220)*3", "0-math.sin(query.anim_time*90*1-120)*12", 0]
				},
				"frill1_left": {
					"rotation": ["22.5+math.sin(query.anim_time*90*2-50)*3", 0, 0]
				},
				"frill2_left": {
					"rotation": ["-22.5+math.sin(query.anim_time*90*2-70)*3", 0, 0]
				},
				"frill1_right": {
					"rotation": ["22.5+math.sin(query.anim_time*90*2-50)*3", 0, 0]
				},
				"frill2_right": {
					"rotation": ["-22.5+math.sin(query.anim_time*90*2-70)*3", 0, 0]
				},
				"frill_top": {
					"rotation": ["22.5+math.sin(query.anim_time*90*2-50)*3", 0, 0]
				},
				"frill_bottom": {
					"rotation": ["-22.5+math.sin(query.anim_time*90*2-70)*3", 0, 0]
				},
				"fin": {
					"rotation": ["-5+math.sin(query.anim_time*90*2-90)*1", 0, 0],
					"position": [0, 0, -0.1]
				},
				"tail5": {
					"rotation": [0, "0-math.sin(query.anim_time*90*1-180)*14", 0]
				},
				"tail6": {
					"rotation": [0, "0-math.sin(query.anim_time*90*1-240)*16", 0]
				},
				"tailfin_right": {
					"rotation": [0, 0, "0+math.sin(query.anim_time*90*2-80)*5"]
				},
				"tailfin_left": {
					"rotation": [0, 0, "12.5-math.sin(query.anim_time*90*2-80)*5"]
				},
				"frontleg_left": {
					"rotation": ["28.838444018+math.sin(query.anim_time*90*2+30)*1.5", 8.64738, -15.27269]
				},
				"frontleg_right": {
					"rotation": ["4.9244151512+math.sin(query.anim_time*90*2+15)*1.5", -0.86717, 9.96271]
				},
				"fin2": {
					"rotation": ["-5+math.sin(query.anim_time*90*2-90)*3 ", 0, 0]
				}
			}
		},
		"animation.vaporeon_kazeran.blink": {
			"animation_length": 0.1667,
			"bones": {
				"eye_right": {
					"position": {
						"0.0": [0.1, 0, 0.1],
						"0.1667": {
							"pre": [0.1, 0, 0.1],
							"post": [0, 0, 0]
						}
					}
				},
				"eye_left": {
					"position": {
						"0.0": [-0.1, 0, 0.1],
						"0.1667": {
							"pre": [-0.1, 0, 0.1],
							"post": [0, 0, 0]
						}
					}
				},
				"eyelid_right": {
					"position": {
						"0.0": [-0.1, 0, -0.1],
						"0.1667": {
							"pre": [-0.1, 0, -0.1],
							"post": [0, 0, 0]
						}
					}
				},
				"eyelid_left": {
					"position": {
						"0.0": [0.1, 0, -0.1],
						"0.1667": {
							"pre": [0.1, 0, -0.1],
							"post": [0, 0, 0]
						}
					}
				}
			}
		},
		"animation.vaporeon_kazeran.pose": {
			"loop": true,
			"bones": {
				"ankle_left": {
					"rotation": [-10, 0, 0]
				},
				"foot_left": {
					"rotation": [4.64233, -4.59902, 8.88927]
				},
				"frill_left": {
					"rotation": [0, 0, -22.5]
				},
				"frill1_left": {
					"rotation": [22.5, 0, 0]
				},
				"frill2_left": {
					"rotation": [-22.5, 0, 0]
				},
				"frill_right": {
					"rotation": [0, 0, 22.5]
				},
				"frill1_right": {
					"rotation": [22.5, 0, 0]
				},
				"frill2_right": {
					"rotation": [-22.5, 0, 0]
				},
				"frill_top": {
					"rotation": [22.5, 0, 0]
				},
				"frill_bottom": {
					"rotation": [-22.5, 0, 0]
				},
				"fin": {
					"rotation": [-10, 0, 0]
				},
				"tail": {
					"rotation": [-2.58807, 17.48539, 16.83037]
				},
				"tail2": {
					"rotation": [-25.08377, 4.53051, 2.88249]
				},
				"tail3": {
					"rotation": [17.68664, 9.76061, 7.18558]
				},
				"tail4": {
					"rotation": [32.5, -7.5, 7.5]
				},
				"tail6": {
					"rotation": [15.35952, -17.34551, -2.35666]
				},
				"frontleg_left": {
					"rotation": [40.22735, -32.89858, -8.77064],
					"position": [3, -1, 3]
				},
				"elbow_left": {
					"rotation": [-37.5, 0, 0]
				},
				"neck": {
					"rotation": [2.5, 0, 0]
				},
				"head_angle": {
					"rotation": [10, -30, 20]
				},
				"frontleg_right": {
					"rotation": [-37.72771, -16.40744, 10.65711],
					"position": [3, -1.75, -2]
				},
				"elbow_right": {
					"rotation": [2.5, 0, 0]
				},
				"body": {
					"rotation": [0, 70, 0],
					"position": [0, -1, -3]
				},
				"waist": {
					"rotation": [0, -2.5, 0]
				},
				"torso": {
					"rotation": [12.5, 0, 0]
				},
				"torso2": {
					"rotation": [5.42638, -14.63639, 1.68086]
				},
				"torso3": {
					"rotation": [-11.28773, -18.42031, 2.92945]
				},
				"tail5": {
					"rotation": [35, 0, 0]
				},
				"tailfin_right": {
					"rotation": [0, -12.5, 0]
				},
				"tailfin_left": {
					"rotation": [0, 10, 0]
				},
				"frontpaw_left": {
					"rotation": [3.30638, -14.54607, 0.12666]
				},
				"back_leg_left": {
					"rotation": [0, 0, -12.5]
				},
				"knee_left": {
					"rotation": [5, 0, 0]
				},
				"frontpaw_right": {
					"rotation": [32.18821, 9.23186, -3.86032]
				},
				"back_leg_right": {
					"rotation": [25, 0, 15]
				},
				"knee_right": {
					"rotation": [0, 0, 0]
				},
				"ankle_right": {
					"rotation": [37.5, 0, 0]
				},
				"foot_right": {
					"rotation": [-59.83045, -1.29256, -14.94548]
				}
			}
		},
		"animation.vaporeon_kazeran.cry": {
			"animation_length": 1.5,
			"bones": {
				"neck": {
					"rotation": {
						"0.0": {
							"post": [0, 0, 0],
							"lerp_mode": "catmullrom"
						},
						"0.0833": {
							"post": [2.5, 0, 0],
							"lerp_mode": "catmullrom"
						},
						"0.25": {
							"post": [-2.5, 0, 0],
							"lerp_mode": "catmullrom"
						},
						"0.5417": {
							"post": [-3.5, 0, 0],
							"lerp_mode": "catmullrom"
						},
						"0.8333": {
							"post": [0, 0, 0],
							"lerp_mode": "catmullrom"
						},
						"1.2917": {
							"post": [0, 0, 0],
							"lerp_mode": "catmullrom"
						}
					}
				},
				"head_angle": {
					"rotation": {
						"0.0": {
							"post": [0, 0, 0],
							"lerp_mode": "catmullrom"
						},
						"0.125": {
							"post": [2.5, 0, 0],
							"lerp_mode": "catmullrom"
						},
						"0.2917": {
							"post": [-2.5, 0, 0],
							"lerp_mode": "catmullrom"
						},
						"0.625": {
							"post": [-3.5, 0, 0],
							"lerp_mode": "catmullrom"
						},
						"0.8333": {
							"post": [0, 0, 0],
							"lerp_mode": "catmullrom"
						},
						"1.375": {
							"post": [0, 0, 0],
							"lerp_mode": "catmullrom"
						}
					}
				},
				"mouth": {
					"position": {
						"0.0": [0, 0, 0],
						"0.125": [0, 0, 0],
						"0.1667": [0, 0, -0.1],
						"0.7083": [0, 0, -0.1],
						"0.75": [0, 0, 0]
					}
				},
				"eyelid_left": {
					"position": {
						"0.0": [0, 0, 0],
						"0.0833": {
							"pre": [0, 0, 0],
							"post": [0.1, 0, -0.1]
						},
						"0.7083": {
							"pre": [0.1, 0, -0.1],
							"post": [0, 0, 0]
						}
					}
				},
				"eyelid_right": {
					"position": {
						"0.0": [0, 0, 0],
						"0.0833": {
							"pre": [0, 0, 0],
							"post": [-0.1, 0, -0.1]
						},
						"0.7083": {
							"pre": [-0.1, 0, -0.1],
							"post": [0, 0, 0]
						}
					}
				},
				"eye_left": {
					"position": {
						"0.0": [0, 0, 0],
						"0.0833": {
							"pre": [0, 0, 0],
							"post": [-0.1, 0, 0.1]
						},
						"0.7083": {
							"pre": [-0.1, 0, 0.1],
							"post": [0, 0, 0]
						}
					}
				},
				"eye_right": {
					"position": {
						"0.0": [0, 0, 0],
						"0.0833": {
							"pre": [0, 0, 0],
							"post": [0.1, 0, 0.1]
						},
						"0.7083": {
							"pre": [0.1, 0, 0.1],
							"post": [0, 0, 0]
						}
					}
				}
			},
			"sound_effects": {
				"0.1667": {
					"effect": "pokemon.vaporeon_kazeran.cry"
				}
			}
		},
		"animation.vaporeon_kazeran.sirenssong": {
			"animation_length": 3.2917,
			"bones": {
				"neck": {
					"rotation": {
						"0.0": {
							"post": [0, 0, 0],
							"lerp_mode": "catmullrom"
						},
						"0.0833": {
							"post": [2.5, 0, 0],
							"lerp_mode": "catmullrom"
						},
						"0.25": {
							"post": [-2.5, 0, 0],
							"lerp_mode": "catmullrom"
						},
						"0.5417": {
							"post": [-3.5, 0, 0],
							"lerp_mode": "catmullrom"
						},
						"0.8333": {
							"post": [0, 0, 0],
							"lerp_mode": "catmullrom"
						},
						"1.2917": {
							"post": [0, 0, 0],
							"lerp_mode": "catmullrom"
						}
					}
				},
				"head_angle": {
					"rotation": {
						"0.0": {
							"post": [0, 0, 0],
							"lerp_mode": "catmullrom"
						},
						"0.125": {
							"post": [2.5, 0, 0],
							"lerp_mode": "catmullrom"
						},
						"0.2917": {
							"post": [-2.5, 0, 0],
							"lerp_mode": "catmullrom"
						},
						"1.125": {
							"post": [-3.5, 0, 0],
							"lerp_mode": "catmullrom"
						},
						"1.3333": {
							"post": [0, 0, 0],
							"lerp_mode": "catmullrom"
						},
						"1.875": {
							"post": [0, 0, 0],
							"lerp_mode": "catmullrom"
						}
					}
				},
				"mouth": {
					"position": {
						"0.0": [0, 0, 0],
						"0.125": [0, 0, 0],
						"0.1667": [0, 0, -0.1],
						"1.9167": [0, 0, -0.1],
						"1.9583": [0, 0, 0]
					}
				},
				"eyelid_left": {
					"position": {
						"0.0": [0, 0, 0],
						"0.0833": {
							"pre": [0, 0, 0],
							"post": [0.1, 0, -0.1]
						},
						"1.9167": {
							"pre": [0.1, 0, -0.1],
							"post": [0, 0, 0]
						}
					}
				},
				"eyelid_right": {
					"position": {
						"0.0": [0, 0, 0],
						"0.0833": {
							"pre": [0, 0, 0],
							"post": [-0.1, 0, -0.1]
						},
						"1.9167": {
							"pre": [-0.1, 0, -0.1],
							"post": [0, 0, 0]
						}
					}
				},
				"eye_left": {
					"position": {
						"0.0": [0, 0, 0],
						"0.0833": {
							"pre": [0, 0, 0],
							"post": [-0.1, 0, 0.1]
						},
						"1.875": {
							"pre": [-0.1, 0, 0.1],
							"post": [0, 0, 0]
						}
					}
				},
				"eye_right": {
					"position": {
						"0.0": [0, 0, 0],
						"0.0833": {
							"pre": [0, 0, 0],
							"post": [0.1, 0, 0.1]
						},
						"1.875": {
							"pre": [0.1, 0, 0.1],
							"post": [0, 0, 0]
						}
					}
				}
			},
			"sound_effects": {
				"0.3333": {
					"effect": "move.sing.actor"
				}
			},
			"particle_effects": {
				"0.3333": {
					"effect": "sing_actor",
					"locator": "mouth",
					"pre_effect_script": "2;"
				}
			}
		},
		"animation.vaporeon_kazeran.surfacewater_swim": {
			"loop": true
		},
		"animation.vaporeon_kazeran.water_swim": {
			"loop": true,
			"bones": {
				"body": {
					"rotation": ["-10+math.sin(q.anim_time*90*4*2+90)*15", 0, 0]
				},
				"frill_left": {
					"rotation": [0, 0, 20]
				},
				"frill_right": {
					"rotation": [0, 0, -20]
				},
				"frill_top": {
					"rotation": [-5, 0, 0]
				},
				"frill_bottom": {
					"rotation": [2.5, 0, 0]
				},
				"head": {
					"rotation": ["-math.sin(q.anim_time*90*4*2+60)*10", 0, 0]
				},
				"ear_left": {
					"rotation": [
						0,
						"-30+8*math.sin(q.anim_time*90*8-45)-math.clamp(math.sin(q.anim_time*90*8-45),-2,2)",
						"-math.sin(q.anim_time*90*8-135)-math.clamp(math.sin(q.anim_time*90*8-90),-2,2)"
					]
				},
				"ear_right": {
					"rotation": [
						0,
						"30-8*math.sin(q.anim_time*90*8-45)+math.clamp(math.sin(q.anim_time*90*8-45),-2,2)",
						"math.sin(q.anim_time*90*8-135)+math.clamp(math.sin(q.anim_time*90*8-90),-2,2)"
					]
				},
				"fin": {
					"rotation": [
						"-12.5+math.sin(q.anim_time*90*8-135)+math.clamp(math.sin(q.anim_time*90*8-90),-2,2)",
						0,
						"math.sin(q.anim_time*90*8-135)+math.clamp(math.sin(q.anim_time*90*8-90),-2,2)"
					]
				},
				"tail": {
					"rotation": ["-math.sin(q.anim_time*90*4*2+160)*5", 0, 0]
				},
				"tail2": {
					"rotation": ["-math.sin(q.anim_time*90*4*2+140)*10", 0, 0]
				},
				"tail3": {
					"rotation": ["-math.sin(q.anim_time*90*4*2+110)*10", 0, 0]
				},
				"tail4": {
					"rotation": ["-math.sin(q.anim_time*90*4*2+90)*10", 0, 0]
				},
				"tail6": {
					"rotation": ["-math.sin(q.anim_time*90*4*2+60)*15", 0, 0]
				},
				"tailfin_right": {
					"rotation": ["-math.sin(q.anim_time*90*4*2+60)*15", 0, 0]
				},
				"tailfin_middle": {
					"rotation": ["-math.sin(q.anim_time*90*4*2+60)*15", 0, 0]
				},
				"tailfin_middle2": {
					"rotation": ["-math.sin(q.anim_time*90*4*2+60)*15", 0, 0]
				},
				"tailfin_left": {
					"rotation": ["-math.sin(q.anim_time*90*4*2+60)*15", 0, 0]
				},
				"frontleg_left": {
					"rotation": ["60+math.sin(q.anim_time*90*4*2-15)*10", 0, 0]
				},
				"elbow_left": {
					"rotation": ["-20-4*math.sin(q.anim_time*90*4-90)", 0, 0]
				},
				"frontpaw_left": {
					"rotation": ["97.5+4*math.sin(q.anim_time*90*4+90)", 0, 0]
				},
				"frontleg_right": {
					"rotation": ["60+math.sin(q.anim_time*90*4*2-15)*10", 0, 0]
				},
				"elbow_right": {
					"rotation": ["-20-4*math.sin(q.anim_time*90*4-90)", 0, 0]
				},
				"frontpaw_right": {
					"rotation": ["97.5+4*math.sin(q.anim_time*90*4+90)", 0, 0]
				},
				"back_leg_left": {
					"rotation": ["60+math.sin(q.anim_time*90*4*2-45)*10", 0, 0]
				},
				"ankle_left": {
					"rotation": ["-5-4*math.sin(q.anim_time*90*4-90)", 0, 0]
				},
				"foot_left": {
					"rotation": ["90+4*math.sin(q.anim_time*90*4+90)", 0, 0]
				},
				"back_leg_right": {
					"rotation": ["60+math.sin(q.anim_time*90*4*2-45)*10", 0, 0]
				},
				"ankle_right": {
					"rotation": ["5-4*math.sin(q.anim_time*90*4-90)", 0, 0]
				},
				"foot_right": {
					"rotation": ["90+4*math.sin(q.anim_time*90*4+90)", 0, 0]
				}
			}
		},
		"animation.vaporeon_kazeran.water_idle": {
			"loop": true,
			"animation_length": 36.1667,
			"bones": {
				"body": {
					"rotation": ["-15+4*(math.sin(q.anim_time*90*4+180)*1)+4*(math.sin(q.anim_time*90*4/2+180)*1)", 0, 0],
					"position": [
						0,
						"-0.7+1*math.sin(q.anim_time*90*2)*0.1-2.25*math.sin(q.anim_time*90*2-30)*0.4-2.25*math.sin(q.anim_time*90*2-60)*0.4+2.25*math.sin(q.anim_time*90*2-90)*0.4",
						0
					]
				},
				"ear_left": {
					"rotation": ["-20-math.sin(query.anim_time*90*2-230)*1", 0, "0+math.sin(query.anim_time*90*2-80)*1"]
				},
				"ear_left2": {
					"rotation": ["-2.5-math.sin(query.anim_time*90*2-290)*1", 0, 0]
				},
				"ear_right": {
					"rotation": ["-20-math.sin(query.anim_time*90*2-210)*1", 0, "0-math.sin(query.anim_time*90*2-80)*1"]
				},
				"ear_right2": {
					"rotation": ["-2.5-math.sin(query.anim_time*90*2-270)*1", 0, 0]
				},
				"tail": {
					"rotation": ["-15-6*(math.sin(q.anim_time*90*4-20)*1)-6*(math.sin(q.anim_time*1*800/2-90)*0.1)", 0, 0]
				},
				"tail2": {
					"rotation": ["-6*(math.sin(q.anim_time*90*4-60)*1)-6*(math.sin(q.anim_time*90*4/2-60)*1)", 0, 0]
				},
				"tail3": {
					"rotation": ["-6*(math.sin(q.anim_time*90*4-120)*1)-6*(math.sin(q.anim_time*90*4/2-120)*1)", 0, 0]
				},
				"front_leg_left": {
					"rotation": [2.5, 0, -2]
				},
				"elbow_left": {
					"rotation": ["0-10*(math.sin(q.anim_time*90*4+180)*1)-4*(math.sin(q.anim_time*90*4/2+180)*1)", 0, 0]
				},
				"frontpaw_left": {
					"rotation": [39.99294, 0.32621, -0.47864],
					"position": [0, 0.25, 0]
				},
				"front_leg_right": {
					"rotation": [2.5, 0, 2]
				},
				"elbow_right": {
					"rotation": ["0-10*(math.sin(q.anim_time*90*4+180)*1)-4*(math.sin(q.anim_time*90*4/2+180)*1)", 0, 0]
				},
				"frontpaw_right": {
					"rotation": [39.97178, -0.65182, 2.95744],
					"position": [0, 0.25, 0]
				},
				"back_leg_left": {
					"rotation": ["47.5-9*(math.sin(q.anim_time*90*4+180)*1)-4*(math.sin(q.anim_time*90*4/2+180)*1)", 0, 0]
				},
				"ankle_left": {
					"rotation": [-5, 0, 0]
				},
				"foot_left": {
					"rotation": [61.77368, "-0.733+math.sin(query.anim_time*90*2-0)*1", 3.2994],
					"position": [0, 0.4, 0]
				},
				"back_leg_right": {
					"rotation": ["47.5-10*(math.sin(q.anim_time*90*4+180)*1)-4*(math.sin(q.anim_time*90*4/2+180)*1)", 0, 0]
				},
				"ankle_right": {
					"rotation": [-5, 0, 0]
				},
				"foot_right": {
					"rotation": [49.97028, "0.9731+math.sin(query.anim_time*90*2-0)*1", "-4.8985+math.sin(query.anim_time*90*2-0)*0.5"],
					"position": ["0+math.sin(query.anim_time*90*2-0)*0.0", 0.45, 0]
				},
				"umbreon": {
					"position": [0, -0.25, 0]
				},
				"torso": {
					"rotation": ["-math.sin(query.anim_time*90*2-80)*1", 0, "0-math.sin(query.anim_time*90*1-80)*2"],
					"position": [0, "0-math.sin(query.anim_time*90*2)*0.3", 0]
				},
				"neck": {
					"rotation": ["0-math.sin(query.anim_time*90*2-140)*1", 0, 0]
				},
				"head_angle": {
					"rotation": ["2.1766-math.sin(query.anim_time*90*2-270)*2", 2.12289, "-1.15078+math.sin(query.anim_time*90*1-80)*3"]
				},
				"ear_left3": {
					"rotation": ["0+math.sin(query.anim_time*90*2-150)*2", 0, 0]
				},
				"ear_right3": {
					"rotation": ["0+math.sin(query.anim_time*90*2-120)*2", 0, 0]
				},
				"tail4": {
					"rotation": ["-6*(math.sin(q.anim_time*90*4-120)*1)-6*(math.sin(q.anim_time*90*4/2-120)*1)", 0, 0]
				},
				"frill1_left": {
					"rotation": ["22.5+math.sin(query.anim_time*90*2-50)*3", 0, 0]
				},
				"frill2_left": {
					"rotation": ["-22.5+math.sin(query.anim_time*90*2-70)*3", 0, 0]
				},
				"frill1_right": {
					"rotation": ["22.5+math.sin(query.anim_time*90*2-50)*3", 0, 0]
				},
				"frill2_right": {
					"rotation": ["-22.5+math.sin(query.anim_time*90*2-70)*3", 0, 0]
				},
				"frill_top": {
					"rotation": ["22.5+math.sin(query.anim_time*90*2-50)*3", 0, 0]
				},
				"frill_bottom": {
					"rotation": ["-22.5+math.sin(query.anim_time*90*2-70)*3", 0, 0]
				},
				"tail5": {
					"rotation": [0, "0-math.sin(query.anim_time*90*1-180)*14", 0]
				},
				"tail6": {
					"rotation": ["-8*(math.sin(q.anim_time*90*4-150)*1)-8*(math.sin(q.anim_time*90*4/2-150)*1)", 0, 0]
				},
				"tailfin_right": {
					"rotation": [0, 0, "0+math.sin(query.anim_time*90*2-80)*5"]
				},
				"tailfin_left": {
					"rotation": [0, 0, "12.5-math.sin(query.anim_time*90*2-80)*5"]
				},
				"fin2": {
					"rotation": ["-5+math.sin(query.anim_time*90*2-90)*3 ", 0, 0]
				},
				"frontleg_left": {
					"rotation": ["60-8*(math.sin(q.anim_time*90*4+180)*1)-4*(math.sin(q.anim_time*90*4/2+180)*1)", 0, 0]
				},
				"frontleg_right": {
					"rotation": ["57.5-10*(math.sin(q.anim_time*90*4+180)*1)-4*(math.sin(q.anim_time*90*4/2+180)*1)", 0, 0]
				}
			}
		},
		"animation.vaporeon_kazeran.sleep": {
			"loop": true,
			"bones": {
				"hair_left2": {
					"rotation": [-17.39638, -1.61888, "-7.3241734575+math.sin(q.anim_time*90*1-210)*3  "]
				},
				"hair_left3": {
					"rotation": [-7.43656, -0.9762, "-7.4366+math.sin(q.anim_time*-90*1-210)*3  "],
					"position": [0, 0.25, 0]
				},
				"hair_left4": {
					"rotation": [0, 0, "-15+math.sin(q.anim_time*90*1-210)*4"]
				},
				"hair_right2": {
					"rotation": [-28.50045, 13.81269, "27.2374+math.sin(q.anim_time*-90*1-100)*3  "],
					"position": [0, 0.25, 0]
				},
				"hair_right3": {
					"rotation": [-6.31812, 16.45034, "16.8647+math.sin(q.anim_time*-90*1-210)*3  "],
					"position": [0, 0.5, 0]
				},
				"hair_right4": {
					"rotation": [-0.21803, 2.49048, "17.4953+math.sin(q.anim_time*-90*1-100)*9 "]
				},
				"ear2_right": {
					"rotation": [0, "22.5+math.sin(q.anim_time*-90*1-210)*2 ", 0]
				},
				"ear2_left": {
					"rotation": [0, "-17.5+math.sin(q.anim_time*-90*1-210)*2 ", 0]
				},
				"forehead_leaf": {
					"rotation": ["5+math.sin(q.anim_time*-90*1-210)*2", 0, 0]
				},
				"forehead_leaf2": {
					"rotation": ["7.5+math.sin(q.anim_time*-90*1-210)*2", 0, 0]
				},
				"hair_left": {
					"rotation": [-15, 0, 0]
				},
				"hair_right": {
					"rotation": [25.19622, 3.45254, 29.2006]
				},
				"front_leg_left": {
					"rotation": [-82.51553, -4.90099, -1.30044]
				},
				"front_leg_right": {
					"rotation": [-85.02144, -0.02128, "0.3255954155+math.sin(q.anim_time*90*1-210)*4"]
				},
				"body": {
					"position": [0, -7.75, 0]
				},
				"torso": {
					"rotation": ["math.sin(q.anim_time*90*1)*1", 0, 0],
					"position": [0, -0.5, 0]
				},
				"torso3": {
					"rotation": ["-5+math.sin(q.anim_time*90*1-90)*1", 0, 0]
				},
				"neck": {
					"rotation": [39.50642, -35.89968, -37.40599]
				},
				"head": {
					"rotation": ["5+math.sin(q.anim_time*-90*1-210)*2  ", 0, 0]
				},
				"head_angle": {
					"position": [0, -1, 0]
				},
				"eye_right": {
					"position": [0.1, 0, 0.1]
				},
				"eye_left": {
					"position": [-0.1, 0, 0.1]
				},
				"eyelid_right": {
					"position": [-0.1, 0, -0.1]
				},
				"eyelid_left": {
					"position": [0.1, 0, -0.1]
				},
				"ear_left": {
					"rotation": [0, "0+math.sin(q.anim_time*90*1-210)*5", 0]
				},
				"ear_right": {
					"rotation": [0, "0+math.sin(q.anim_time*-90*1-210)*5", 0]
				},
				"tail": {
					"rotation": ["-30.3693+math.sin(q.anim_time*90*1-210)*4", 8.77792, -4.80931]
				},
				"tail2": {
					"rotation": ["10.3328-math.sin(q.anim_time*90*1-210)*4 ", 14.85077, 2.40345]
				},
				"tail3": {
					"rotation": ["26.475 +math.sin(q.anim_time*90*1-210)*4", 31.53191, 20.50482],
					"position": [0, 0, -0.25]
				},
				"tail4": {
					"rotation": ["-4.7815+math.sin(q.anim_time*-90*1-210)*4", 44.96537, 1.07672]
				},
				"tail5": {
					"rotation": ["2.6858+math.sin(q.anim_time*90*1-210)*2", 32.49444, 0.63708]
				},
				"tail6": {
					"rotation": ["-4.9962+math.sin(q.anim_time*90*1-210)*2", -0.17434, -2.49392]
				},
				"tailfin_right": {
					"rotation": ["0+math.sin(q.anim_time*90*1-210)*2", 0, "0+math.sin(q.anim_time*-90*1-210)*2"]
				},
				"tailfin_middle": {
					"rotation": ["0+math.sin(q.anim_time*-90*1-210)*2", 0, 0]
				},
				"tailfin_middle2": {
					"rotation": ["0+math.sin(q.anim_time*-90*1-105)*12", 0, 0],
					"position": [0, 0, 0.05]
				},
				"tailfin_left": {
					"rotation": ["0+math.sin(q.anim_time*90*1-210)*2", 0, "0+math.sin(q.anim_time*90*1-210)*2"]
				},
				"frontleg_left": {
					"rotation": [-73.19143, -26.48829, -7.6734]
				},
				"elbow_left": {
					"rotation": [-5, 0, "40+math.sin(q.anim_time*90*1-210)*2"],
					"position": [0, 0.75, 0]
				},
				"frontpaw_left": {
					"rotation": ["52.5+math.sin(q.anim_time*90*1-210)*1 ", 0, 0],
					"position": [0, -0.5, 0.5]
				},
				"frontleg_right": {
					"rotation": [-62.5, 0, 0]
				},
				"elbow_right": {
					"rotation": [-17.15993, -3.21132, -22.08681],
					"position": [0, 0.5, 0.25]
				},
				"frontpaw_right": {
					"rotation": ["75+math.sin(q.anim_time*90*1-210)*1 ", 0, 0]
				},
				"back_leg_left": {
					"rotation": [-80.10282, -12.48791, "-0.554+math.sin(q.anim_time*90*1-210)*1 "],
					"position": [0, -1, 0]
				},
				"knee_left": {
					"rotation": [-0.43246, "7.6443+math.sin(q.anim_time*90*1-210)*3 ", -6.46635],
					"position": [0, 0, 0]
				},
				"ankle_left": {
					"rotation": [-2.5, 0, 0]
				},
				"foot_left": {
					"rotation": [65, 0, 0],
					"position": [0, -0.5, 0.5]
				},
				"back_leg_right": {
					"rotation": [-87.33978, 19.98015, "0.9096+math.sin(q.anim_time*90*1-210)*1  "],
					"position": [0, -1, 0]
				},
				"knee_right": {
					"rotation": [7.3924, "3.8282-math.sin(q.anim_time*90*1-210)*3 ", -3.21873],
					"position": [0, 0, 0]
				},
				"ankle_right": {
					"rotation": [2.5, 0, 0]
				},
				"foot_right": {
					"rotation": [75, 0, 0],
					"position": [0, -0.5, 0.5]
				}
			}
		}
	}
}