{
	"format_version": "1.12.0",
	"minecraft:geometry": [
		{
			"description": {
				"identifier": "geometry.walkingwake",
				"texture_width": 256,
				"texture_height": 256,
				"visible_bounds_width": 12,
				"visible_bounds_height": 6.5,
				"visible_bounds_offset": [0, 2.75, 0]
			},
			"bones": [
				{
					"name": "walkingwake",
					"pivot": [0, 0, 0]
				},
				{
					"name": "body",
					"parent": "walkingwake",
					"pivot": [0, 35.25, 9]
				},
				{
                    "name": "locator_seat_1",
                    "parent": "body",
                    "pivot": [0, 49, -4],
                    "locators": {
                        "seat_1": [0, 49, -4]
                    }
                },
				{
					"name": "torso",
					"parent": "body",
					"pivot": [0, 35.25, 9],
					"rotation": [-7.5, 0, 0],
					"cubes": [
						{"origin": [-8, 22.25, -7], "size": [16, 13, 17], "inflate": 0.02, "uv": [77, 3]}
					]
				},
				{
					"name": "tails",
					"parent": "torso",
					"pivot": [0, 29.25, 10]
				},
				{
					"name": "tail_left",
					"parent": "tails",
					"pivot": [4, 30, 10],
					"cubes": [
						{"origin": [0.5, 24.25, 9], "size": [7, 11, 10], "inflate": 0.01, "uv": [206, 75]}
					]
				},
				{
					"name": "tail_left2",
					"parent": "tail_left",
					"pivot": [4, 29.75, 19],
					"cubes": [
						{"origin": [0.5, 24.75, 18], "size": [7, 10, 10], "uv": [193, 55]}
					]
				},
				{
					"name": "tail_left3",
					"parent": "tail_left2",
					"pivot": [4, 30, 28],
					"cubes": [
						{"origin": [1, 25.25, 27], "size": [6, 9, 9], "uv": [217, 47]},
						{"origin": [4, 34, 34], "size": [0, 2, 2], "uv": [230, 76]}
					]
				},
				{
					"name": "tail_left4",
					"parent": "tail_left3",
					"pivot": [4, 30, 36],
					"cubes": [
						{"origin": [1.5, 26.25, 35], "size": [5, 7, 10], "uv": [194, 37]},
						{"origin": [4, 33.25, 37.5], "size": [0, 2, 2], "uv": [234, 76]},
						{"origin": [4, 33, 41.5], "size": [0, 2, 2], "uv": [238, 76]}
					]
				},
				{
					"name": "tail_left5",
					"parent": "tail_left4",
					"pivot": [4, 29.75, 45],
					"cubes": [
						{"origin": [2, 27.25, 44], "size": [4, 5, 11], "uv": [214, 31]},
						{"origin": [4, 32.25, 45.5], "size": [0, 2, 2], "uv": [242, 76]},
						{"origin": [4, 32, 49.5], "size": [0, 2, 2], "uv": [246, 76]},
						{"origin": [4, 30.75, 53.5], "size": [0, 3, 2], "uv": [245, 68]}
					]
				},
				{
					"name": "tail_left6",
					"parent": "tail_left5",
					"pivot": [4, 29.75, 55],
					"cubes": [
						{"origin": [2.5, 28.25, 55], "size": [3, 3, 11], "uv": [223, 96]},
						{"origin": [4, 30.75, 57.5], "size": [0, 2, 2], "uv": [250, 76]}
					]
				},
				{
					"name": "tail_left7",
					"parent": "tail_left6",
					"pivot": [4, 29.75, 65],
					"cubes": [
						{"origin": [3, 28.75, 64], "size": [2, 2, 11], "uv": [230, 65]}
					]
				},
				{
					"name": "tail_left8",
					"parent": "tail_left7",
					"pivot": [4.5, 29.25, 75],
					"cubes": [
						{"origin": [3.5, 29.25, 74], "size": [1, 1, 9], "uv": [175, 10]}
					]
				},
				{
					"name": "tail_right",
					"parent": "tails",
					"pivot": [-4, 30, 10],
					"cubes": [
						{"origin": [-7.5, 24.25, 9], "size": [7, 11, 10], "inflate": 0.01, "uv": [185, 16], "mirror": true}
					]
				},
				{
					"name": "tail_right2",
					"parent": "tail_right",
					"pivot": [-4, 29.75, 19],
					"cubes": [
						{"origin": [-7.5, 24.75, 18], "size": [7, 10, 10], "uv": [222, 11], "mirror": true}
					]
				},
				{
					"name": "tail_right3",
					"parent": "tail_right2",
					"pivot": [-4, 30, 28],
					"cubes": [
						{"origin": [-7, 25.25, 27], "size": [6, 9, 9], "uv": [226, 115], "mirror": true},
						{"origin": [-4, 34, 34], "size": [0, 2, 2], "uv": [230, 78], "mirror": true}
					]
				},
				{
					"name": "tail_right4",
					"parent": "tail_right3",
					"pivot": [-4, 30, 36],
					"cubes": [
						{"origin": [-6.5, 26.25, 35], "size": [5, 7, 10], "uv": [226, 133], "mirror": true},
						{"origin": [-4, 33.25, 37.5], "size": [0, 2, 2], "uv": [234, 78], "mirror": true},
						{"origin": [-4, 33, 41.5], "size": [0, 2, 2], "uv": [238, 78], "mirror": true}
					]
				},
				{
					"name": "tail_right5",
					"parent": "tail_right4",
					"pivot": [-4, 29.75, 45],
					"cubes": [
						{"origin": [-6, 27.25, 44], "size": [4, 5, 11], "uv": [196, 133], "mirror": true},
						{"origin": [-4, 32.25, 45.5], "size": [0, 2, 2], "uv": [242, 78], "mirror": true},
						{"origin": [-4, 32, 49.5], "size": [0, 2, 2], "uv": [246, 78], "mirror": true},
						{"origin": [-4, 30.75, 53.5], "size": [0, 3, 2], "uv": [245, 71], "mirror": true}
					]
				},
				{
					"name": "tail_right6",
					"parent": "tail_right5",
					"pivot": [-4, 29.75, 55],
					"cubes": [
						{"origin": [-5.5, 28.25, 54], "size": [3, 3, 11], "uv": [179, 128], "mirror": true},
						{"origin": [-4, 30.75, 57.5], "size": [0, 2, 2], "uv": [250, 78], "mirror": true}
					]
				},
				{
					"name": "tail_right7",
					"parent": "tail_right6",
					"pivot": [-4, 29.75, 65],
					"cubes": [
						{"origin": [-5, 28.75, 64], "size": [2, 2, 11], "uv": [159, 126], "mirror": true}
					]
				},
				{
					"name": "tail_right8",
					"parent": "tail_right7",
					"pivot": [-4.5, 29.25, 75],
					"cubes": [
						{"origin": [-4.5, 29.25, 74], "size": [1, 1, 9], "uv": [150, 127], "mirror": true}
					]
				},
				{
					"name": "torso2",
					"parent": "torso",
					"pivot": [-0.5, 22.25, -7],
					"rotation": [-10, 0, 0],
					"cubes": [
						{"origin": [-7, 23.25, -19], "size": [14, 12, 12], "uv": [22, 30]}
					]
				},
				{
					"name": "arms",
					"parent": "torso2",
					"pivot": [-0.5, -0.75, 3]
				},
				{
					"name": "arm_left",
					"parent": "arms",
					"pivot": [7, 29.25, -14],
					"rotation": [25, 0, 0],
					"cubes": [
						{"origin": [5, 20.25, -16], "size": [4, 9, 4], "uv": [0, 127]}
					]
				},
				{
					"name": "arm_left2",
					"parent": "arm_left",
					"pivot": [7, 20.25, -12],
					"rotation": [-42.5, 0, 0],
					"cubes": [
						{"origin": [5.5, 15.25, -15], "size": [3, 5, 3], "inflate": 0.01, "uv": [0, 140]},
						{"origin": [6, 10.75, -14.75], "size": [2, 5, 2], "uv": [0, 148]}
					]
				},
				{
					"name": "hand_left",
					"parent": "arm_left2",
					"pivot": [7, 10.75, -14.75],
					"rotation": [35, 0, 0],
					"cubes": [
						{"origin": [5.5, 7.75, -14.75], "size": [3, 3, 1], "inflate": 0.02, "uv": [8, 149]}
					]
				},
				{
					"name": "fingers_left",
					"parent": "hand_left",
					"pivot": [7, 7.75, -14.75]
				},
				{
					"name": "finger_inner_left",
					"parent": "fingers_left",
					"pivot": [6, 8, -14.75],
					"rotation": [0, 0, 15],
					"cubes": [
						{"origin": [5.5, 6, -14.75], "size": [1, 2, 1], "inflate": 0.01, "uv": [40, 128]}
					]
				},
				{
					"name": "finger_inner_left2",
					"parent": "finger_inner_left",
					"pivot": [6, 6, -14.75],
					"rotation": [10, 0, 0],
					"cubes": [
						{"origin": [5.5, 4, -14.75], "size": [1, 2, 1], "uv": [40, 131]}
					]
				},
				{
					"name": "claw_inner_left",
					"parent": "finger_inner_left2",
					"pivot": [6, 4, -14.75],
					"rotation": [22.5, 0, 0],
					"cubes": [
						{"origin": [6, 3, -14.75], "size": [0, 1, 1], "uv": [48, 127]}
					]
				},
				{
					"name": "finger_middle_left",
					"parent": "fingers_left",
					"pivot": [7, 7.75, -14.75],
					"cubes": [
						{"origin": [6.5, 5.75, -14.75], "size": [1, 2, 1], "inflate": 0.01, "uv": [36, 128]}
					]
				},
				{
					"name": "finger_middle_left2",
					"parent": "finger_middle_left",
					"pivot": [7, 5.75, -14.75],
					"rotation": [10, 0, 0],
					"cubes": [
						{"origin": [6.5, 3.75, -14.75], "size": [1, 2, 1], "uv": [36, 131]}
					]
				},
				{
					"name": "claw_middle_left",
					"parent": "finger_middle_left2",
					"pivot": [7, 3.75, -14.75],
					"rotation": [22.5, 0, 0],
					"cubes": [
						{"origin": [7, 2.75, -14.75], "size": [0, 1, 1], "uv": [46, 127]}
					]
				},
				{
					"name": "finger_outer_left",
					"parent": "fingers_left",
					"pivot": [8, 8, -14.75],
					"rotation": [0, 0, -15],
					"cubes": [
						{"origin": [7.5, 6, -14.75], "size": [1, 2, 1], "inflate": 0.01, "uv": [32, 128]}
					]
				},
				{
					"name": "finger_outer_left2",
					"parent": "finger_outer_left",
					"pivot": [8, 6, -14.75],
					"rotation": [10, 0, 0],
					"cubes": [
						{"origin": [7.5, 4, -14.75], "size": [1, 2, 1], "uv": [32, 131]}
					]
				},
				{
					"name": "claw_outer_left",
					"parent": "finger_outer_left2",
					"pivot": [8, 4, -14.75],
					"rotation": [22.5, 0, 0],
					"cubes": [
						{"origin": [8, 3, -14.75], "size": [0, 1, 1], "uv": [44, 127]}
					]
				},
				{
					"name": "arm_right",
					"parent": "arms",
					"pivot": [-7, 29.25, -14],
					"rotation": [25, 0, 0],
					"cubes": [
						{"origin": [-9, 20.25, -16], "size": [4, 9, 4], "uv": [16, 121], "mirror": true}
					]
				},
				{
					"name": "arm_right2",
					"parent": "arm_right",
					"pivot": [-7, 20.25, -12],
					"rotation": [-42.5, 0, 0],
					"cubes": [
						{"origin": [-8.5, 15.25, -15], "size": [3, 5, 3], "inflate": 0.01, "uv": [16, 134], "mirror": true},
						{"origin": [-8, 10.75, -14.75], "size": [2, 5, 2], "uv": [12, 142], "mirror": true}
					]
				},
				{
					"name": "hand_right",
					"parent": "arm_right2",
					"pivot": [-7, 10.75, -14.75],
					"rotation": [35, 0, 0],
					"cubes": [
						{"origin": [-8.5, 7.75, -14.75], "size": [3, 3, 1], "inflate": 0.02, "uv": [0, 155], "mirror": true}
					]
				},
				{
					"name": "fingers_right",
					"parent": "hand_right",
					"pivot": [-7, 7.75, -14.75]
				},
				{
					"name": "finger_inner_right",
					"parent": "fingers_right",
					"pivot": [-6, 8, -14.75],
					"rotation": [0, 0, -15],
					"cubes": [
						{"origin": [-6.5, 6, -14.75], "size": [1, 2, 1], "inflate": 0.01, "uv": [36, 134], "mirror": true}
					]
				},
				{
					"name": "finger_inner_right2",
					"parent": "finger_inner_right",
					"pivot": [-6, 6, -14.75],
					"rotation": [10, 0, 0],
					"cubes": [
						{"origin": [-6.5, 4, -14.75], "size": [1, 2, 1], "uv": [36, 137], "mirror": true}
					]
				},
				{
					"name": "claw_inner_right",
					"parent": "finger_inner_right2",
					"pivot": [-6, 4, -14.75],
					"rotation": [22.5, 0, 0],
					"cubes": [
						{"origin": [-6, 3, -14.75], "size": [0, 1, 1], "uv": [48, 128], "mirror": true}
					]
				},
				{
					"name": "finger_middle_right",
					"parent": "fingers_right",
					"pivot": [-7, 7.75, -14.75],
					"cubes": [
						{"origin": [-7.5, 5.75, -14.75], "size": [1, 2, 1], "inflate": 0.01, "uv": [32, 134], "mirror": true}
					]
				},
				{
					"name": "finger_middle_right2",
					"parent": "finger_middle_right",
					"pivot": [-7, 5.75, -14.75],
					"rotation": [10, 0, 0],
					"cubes": [
						{"origin": [-7.5, 3.75, -14.75], "size": [1, 2, 1], "uv": [32, 137], "mirror": true}
					]
				},
				{
					"name": "claw_middle_right",
					"parent": "finger_middle_right2",
					"pivot": [-7, 3.75, -14.75],
					"rotation": [22.5, 0, 0],
					"cubes": [
						{"origin": [-7, 2.75, -14.75], "size": [0, 1, 1], "uv": [46, 128], "mirror": true}
					]
				},
				{
					"name": "finger_outer_right",
					"parent": "fingers_right",
					"pivot": [-8, 8, -14.75],
					"rotation": [0, 0, 15],
					"cubes": [
						{"origin": [-8.5, 6, -14.75], "size": [1, 2, 1], "inflate": 0.01, "uv": [28, 134], "mirror": true}
					]
				},
				{
					"name": "finger_outer_right2",
					"parent": "finger_outer_right",
					"pivot": [-8, 6, -14.75],
					"rotation": [10, 0, 0],
					"cubes": [
						{"origin": [-8.5, 4, -14.75], "size": [1, 2, 1], "uv": [28, 137], "mirror": true}
					]
				},
				{
					"name": "claw_outer_right",
					"parent": "finger_outer_right2",
					"pivot": [-8, 4, -14.75],
					"rotation": [22.5, 0, 0],
					"cubes": [
						{"origin": [-8, 3, -14.75], "size": [0, 1, 1], "uv": [44, 128], "mirror": true}
					]
				},
				{
					"name": "neck",
					"parent": "torso2",
					"pivot": [-0.5, 24.25, -19],
					"rotation": [-42.5, 0, 0],
					"cubes": [
						{"origin": [-5, 24.25, -29], "size": [10, 10, 10], "uv": [54, 0]}
					]
				},
				{
					"name": "neck2",
					"parent": "neck",
					"pivot": [-0.5, 34.25, -29],
					"rotation": [22.5, 0, 0],
					"cubes": [
						{"origin": [-4, 26.25, -36], "size": [8, 8, 7], "uv": [30, 15]}
					]
				},
				{
					"name": "neck3",
					"parent": "neck2",
					"pivot": [-0.5, 34.25, -36],
					"rotation": [25, 0, 0],
					"cubes": [
						{"origin": [-3.5, 27.25, -42], "size": [7, 7, 6], "uv": [28, 0]}
					]
				},
				{
					"name": "head",
					"parent": "neck3",
					"pivot": [-0.5, 34.25, -42],
					"rotation": [12.5, 0, 0],
					"cubes": [
						{"origin": [-3.5, 27.25, -49], "size": [7, 7, 7], "inflate": 0.01, "uv": [0, 0]}
					]
				},
				{
					"name": "eyes",
					"parent": "head",
					"pivot": [-0.5, 1.25, -17]
				},
				{
					"name": "eye_left",
					"parent": "eyes",
					"pivot": [-0.4, 31, -47],
					"cubes": [
						{"origin": [1.52, 30.5, -49.02], "size": [2, 2, 2], "uv": [48, 0]}
					]
				},
				{
					"name": "pupil_left",
					"parent": "eye_left",
					"pivot": [2.52, 31.5, -49.03],
					"cubes": [
						{"origin": [2.02, 30.5, -49.03], "size": [1, 2, 0], "uv": [48, 4]}
					]
				},
				{
					"name": "eyelid_left",
					"parent": "eye_left",
					"pivot": [2.42, 31.5, -47.93],
					"cubes": [
						{"origin": [1.42, 30.5, -48.93], "size": [2, 2, 2], "inflate": 0.01, "uv": [26, 13]}
					]
				},
				{
					"name": "eye_right",
					"parent": "eyes",
					"pivot": [0.4, 31, -47],
					"cubes": [
						{"origin": [-3.52, 30.5, -49.02], "size": [2, 2, 2], "uv": [56, 0], "mirror": true}
					]
				},
				{
					"name": "pupil_right",
					"parent": "eye_right",
					"pivot": [-2.52, 31.5, -49.03],
					"cubes": [
						{"origin": [-3.02, 30.5, -49.03], "size": [1, 2, 0], "uv": [50, 4], "mirror": true}
					]
				},
				{
					"name": "eyelid_right",
					"parent": "eye_right",
					"pivot": [-2.42, 31.5, -47.93],
					"cubes": [
						{"origin": [-3.42, 30.5, -48.93], "size": [2, 2, 2], "inflate": 0.01, "uv": [20, 23], "mirror": true}
					]
				},
				{
					"name": "jaw",
					"parent": "head",
					"pivot": [-0.5, 28.75, -49],
					"cubes": [
						{"origin": [-2.5, 27.25, -53], "size": [5, 1, 4], "uv": [0, 14]},
						{"origin": [0, 25.4, -52.5], "size": [0, 2, 2], "pivot": [0, 27.25, -52.5], "rotation": [10, 0, 0], "uv": [0, 12]},
						{"origin": [2.49, 27.75, -51], "size": [0, 1, 2], "uv": [0, 14]},
						{"origin": [-2.49, 27.75, -51], "size": [0, 1, 2], "uv": [0, 15]},
						{"origin": [-3.05, 27.25, -52.99], "size": [1, 1, 0], "pivot": [-1, 33.25, -53.9], "rotation": [0, 0, -45], "uv": [14, 14]},
						{"origin": [2.1, 27.25, -52.99], "size": [1, 1, 0], "pivot": [1, 33.25, -53.9], "rotation": [0, 0, 45], "uv": [16, 14], "mirror": true}
					]
				},
				{
					"name": "muzzle",
					"parent": "head",
					"pivot": [-0.5, 28.25, -48.1],
					"cubes": [
						{"origin": [-2.5, 28.25, -53.1], "size": [5, 3, 5], "inflate": 0.02, "uv": [0, 19]},
						{"origin": [-2.1, 27.25, -53.1], "size": [2, 2, 0], "inflate": 0.01, "pivot": [-1, 29.75, -54.1], "rotation": [0, 0, -45], "uv": [14, 16]},
						{"origin": [2.5, 27.5, -53.25], "size": [0, 2, 2], "inflate": 0.01, "pivot": [2.5, 29.25, -52.1], "rotation": [45, 0, 0], "uv": [0, 17]},
						{"origin": [-2.5, 27.5, -53.25], "size": [0, 2, 2], "inflate": 0.01, "pivot": [-2.5, 29.25, -52.1], "rotation": [45, 0, 0], "uv": [0, 19], "mirror": true}
					]
				},
				{
					"name": "horn",
					"parent": "head",
					"pivot": [0, 32, -49.75],
					"rotation": [-7.5, 0, 0],
					"cubes": [
						{"origin": [-1.5, 32, -49.75], "size": [3, 4, 4], "inflate": 0.02, "uv": [16, 15]}
					]
				},
				{
					"name": "horn_top",
					"parent": "horn",
					"pivot": [0, 33.5, -49.75],
					"rotation": [-20, 0, 0],
					"cubes": [
						{"origin": [-1, 33.5, -53.75], "size": [2, 2, 4], "inflate": 0.02, "uv": [22, 67]}
					]
				},
				{
					"name": "horn_left",
					"parent": "horn",
					"pivot": [1.15, 31.9, -47.75],
					"rotation": [0, -10, -12.5],
					"cubes": [
						{"origin": [1.15, 31.9, -49.75], "size": [12, 4, 3], "inflate": 0.02, "uv": [0, 27]}
					]
				},
				{
					"name": "horn_left2",
					"parent": "horn_left",
					"pivot": [13.15, 31.9, -47.75],
					"rotation": [0, 0, -35],
					"cubes": [
						{"origin": [13.15, 31.9, -49.75], "size": [8, 3, 3], "inflate": 0.01, "uv": [0, 41]}
					]
				},
				{
					"name": "horn_left3",
					"parent": "horn_left2",
					"pivot": [21.15, 34.9, -47.75],
					"rotation": [0, 0, 40],
					"cubes": [
						{"origin": [21.15, 31.9, -49.75], "size": [9, 3, 3], "uv": [0, 53]}
					]
				},
				{
					"name": "horn_right",
					"parent": "horn",
					"pivot": [-1.15, 31.9, -47.75],
					"rotation": [0, 10, 12.5],
					"cubes": [
						{"origin": [-13.15, 31.9, -49.75], "size": [12, 4, 3], "inflate": 0.02, "uv": [0, 34], "mirror": true}
					]
				},
				{
					"name": "horn_right2",
					"parent": "horn_right",
					"pivot": [-13.15, 31.9, -47.75],
					"rotation": [0, 0, 35],
					"cubes": [
						{"origin": [-21.15, 31.9, -49.75], "size": [8, 3, 3], "inflate": 0.01, "uv": [0, 47], "mirror": true}
					]
				},
				{
					"name": "horn_right3",
					"parent": "horn_right2",
					"pivot": [-21.15, 34.9, -47.75],
					"rotation": [0, 0, -40],
					"cubes": [
						{"origin": [-30.15, 31.9, -49.75], "size": [9, 3, 3], "uv": [0, 59], "mirror": true}
					]
				},
				{
					"name": "front_horn",
					"parent": "horn",
					"pivot": [0, 34, -49.75]
				},
				{
					"name": "front_horn_left",
					"parent": "front_horn",
					"pivot": [-0.5, 8.5, -17.75],
					"cubes": [
						{"origin": [1.5, 34, -49.75], "size": [8, 4, 3], "pivot": [1.5, 34, -47.25], "rotation": [0, 0, -40], "uv": [0, 65]},
						{"origin": [3.65, 39.15, -49.75], "size": [4, 12, 3], "inflate": 0.01, "uv": [0, 79]},
						{"origin": [3.65, 51.15, -49.75], "size": [4, 10, 3], "pivot": [7.65, 51.15, -47.25], "rotation": [0, 0, -50], "uv": [25, 54]}
					]
				},
				{
					"name": "front_horn_right",
					"parent": "front_horn",
					"pivot": [0.5, 8.5, -17.75],
					"cubes": [
						{"origin": [-9.5, 34, -49.75], "size": [8, 4, 3], "inflate": 0.01, "pivot": [-1.5, 34, -47.25], "rotation": [0, 0, 40], "uv": [0, 72], "mirror": true},
						{"origin": [-7.65, 39.15, -49.75], "size": [4, 12, 3], "inflate": 0.02, "uv": [14, 79], "mirror": true},
						{"origin": [-7.65, 51.15, -49.75], "size": [4, 10, 3], "inflate": 0.01, "pivot": [-7.65, 51.15, -47.25], "rotation": [0, 0, 50], "uv": [39, 54], "mirror": true}
					]
				},
				{
					"name": "hair",
					"parent": "head",
					"pivot": [0, 32.75, -46],
					"rotation": [-7.5, 0, 0],
					"cubes": [
						{"origin": [-11.5, 32.75, -46], "size": [23, 13, 21], "uv": [53, 33]}
					]
				},
				{
					"name": "hair_spike",
					"parent": "hair",
					"pivot": [0, 45.75, -43],
					"rotation": [-17.5, 0, 0],
					"cubes": [
						{"origin": [0, 45.75, -43], "size": [0, 12, 4], "uv": [74, 63]}
					]
				},
				{
					"name": "hair_spike2",
					"parent": "hair",
					"pivot": [0, 45.75, -37],
					"rotation": [-27.5, 0, 0],
					"cubes": [
						{"origin": [0, 45.75, -37], "size": [0, 11, 4], "uv": [82, 63]}
					]
				},
				{
					"name": "hair_spike3",
					"parent": "hair",
					"pivot": [0, 45.75, -31],
					"rotation": [-42.5, 0, 0],
					"cubes": [
						{"origin": [0, 45.75, -31], "size": [0, 10, 4], "uv": [90, 63]}
					]
				},
				{
					"name": "hair2",
					"parent": "hair",
					"pivot": [0, 45.75, -25],
					"rotation": [-55, 0, 0],
					"cubes": [
						{"origin": [-8.5, 32.75, -25], "size": [17, 13, 12], "uv": [28, 67]}
					]
				},
				{
					"name": "hair_spike4",
					"parent": "hair2",
					"pivot": [0, 45.75, -25],
					"rotation": [-10, 0, 0],
					"cubes": [
						{"origin": [0, 45.75, -25], "size": [0, 8, 4], "uv": [31, 88]}
					]
				},
				{
					"name": "hair3",
					"parent": "hair2",
					"pivot": [0, 31.75, -13],
					"rotation": [47.5, 0, 0],
					"cubes": [
						{"origin": [-6.5, 33.75, -13], "size": [13, 10, 13], "uv": [86, 67]}
					]
				},
				{
					"name": "hair4",
					"parent": "hair3",
					"pivot": [0, 33.75, 0],
					"rotation": [50, 0, 0],
					"cubes": [
						{"origin": [-4.5, 34.75, 0], "size": [9, 8, 13], "uv": [120, 33]}
					]
				},
				{
					"name": "hair5",
					"parent": "hair4",
					"pivot": [0, 42.75, 13],
					"rotation": [-35, 0, 0],
					"cubes": [
						{"origin": [-5.5, 36.75, 13], "size": [11, 6, 9], "uv": [0, 94]}
					]
				},
				{
					"name": "hair_spike5",
					"parent": "hair5",
					"pivot": [0, 42.75, 14],
					"rotation": [-17.5, 0, 0],
					"cubes": [
						{"origin": [0, 42.75, 14], "size": [0, 7, 3], "uv": [0, 91]}
					]
				},
				{
					"name": "hair_spike6",
					"parent": "hair5",
					"pivot": [0, 42.75, 18],
					"rotation": [-32.5, 0, 0],
					"cubes": [
						{"origin": [0, 42.75, 18], "size": [0, 7, 3], "uv": [0, 106]}
					]
				},
				{
					"name": "hair6",
					"parent": "hair5",
					"pivot": [0, 42.75, 22],
					"rotation": [-42.5, 0, 0],
					"cubes": [
						{"origin": [-4.5, 38.75, 22], "size": [9, 4, 8], "uv": [0, 109]}
					]
				},
				{
					"name": "hair7",
					"parent": "hair6",
					"pivot": [0, 38.75, 30],
					"rotation": [47.5, 0, 0],
					"cubes": [
						{"origin": [-2.5, 38.75, 30], "size": [5, 3, 5], "uv": [26, 109]}
					]
				},
				{
					"name": "hair8",
					"parent": "hair7",
					"pivot": [0, 38.75, 35],
					"rotation": [30, 0, 0],
					"cubes": [
						{"origin": [-1.5, 38.75, 35], "size": [3, 2, 4], "uv": [0, 121]}
					]
				},
				{
					"name": "hair_bottom",
					"parent": "hair",
					"pivot": [0, 33.75, -40],
					"rotation": [-2.5, 0, 0],
					"cubes": [
						{"origin": [-15.5, 22.75, -40], "size": [31, 11, 13], "uv": [34, 104]}
					]
				},
				{
					"name": "hair_bottom2",
					"parent": "hair_bottom",
					"pivot": [0, 33.75, -27],
					"rotation": [-22.5, 0, 0],
					"cubes": [
						{"origin": [-13.5, 23.75, -27], "size": [27, 10, 11], "uv": [109, 96]}
					]
				},
				{
					"name": "hair_bottom3",
					"parent": "hair_bottom2",
					"pivot": [0, 23.75, -16],
					"rotation": [50, 0, 0],
					"cubes": [
						{"origin": [-11.5, 23.75, -16], "size": [23, 9, 11], "inflate": 0.01, "uv": [138, 76]}
					]
				},
				{
					"name": "hair_bottom4",
					"parent": "hair_bottom3",
					"pivot": [0, 23.75, -5],
					"rotation": [47.5, 0, 0],
					"cubes": [
						{"origin": [-9.5, 23.75, -5], "size": [19, 6, 11], "uv": [130, 59]}
					]
				},
				{
					"name": "hair_bottom5",
					"parent": "hair_bottom4",
					"pivot": [0, 29.75, 6],
					"rotation": [-42.5, 0, 0],
					"cubes": [
						{"origin": [-7.5, 24.75, 6], "size": [15, 5, 9], "inflate": 0.01, "uv": [155, 45]}
					]
				},
				{
					"name": "hair_bottom6",
					"parent": "hair_bottom5",
					"pivot": [0, 29.75, 15],
					"rotation": [-60, 0, 0],
					"cubes": [
						{"origin": [-6.5, 25.75, 15], "size": [13, 4, 8], "inflate": 0.01, "uv": [151, 33]}
					]
				},
				{
					"name": "hair_bottom7",
					"parent": "hair_bottom6",
					"pivot": [0, 25.75, 23],
					"rotation": [42.5, 0, 0],
					"cubes": [
						{"origin": [-4.5, 25.75, 23], "size": [9, 3, 6], "inflate": 0.01, "uv": [40, 95]}
					]
				},
				{
					"name": "hair_bottom8",
					"parent": "hair_bottom7",
					"pivot": [0, 25.75, 29],
					"rotation": [20, 0, 0],
					"cubes": [
						{"origin": [-3.5, 25.75, 29], "size": [7, 2, 5], "inflate": 0.01, "uv": [64, 94]}
					]
				},
				{
					"name": "hair_front",
					"parent": "hair",
					"pivot": [0, 33.75, -40],
					"cubes": [
						{"origin": [-5.5, 23.75, -44], "size": [11, 10, 4], "uv": [90, 90]}
					]
				},
				{
					"name": "hair_front2",
					"parent": "hair_front",
					"pivot": [0, 23.75, -44],
					"rotation": [32.5, 0, 0],
					"cubes": [
						{"origin": [-7.5, 11.75, -44], "size": [15, 12, 4], "inflate": 0.01, "uv": [185, 96]}
					]
				},
				{
					"name": "hair_front3",
					"parent": "hair_front2",
					"pivot": [0, 11.75, -44],
					"rotation": [17.5, 0, 0],
					"cubes": [
						{"origin": [-5.5, 1.75, -44], "size": [11, 10, 2], "uv": [203, 112]}
					]
				},
				{
					"name": "hair_front4",
					"parent": "hair_front3",
					"pivot": [0, 1.75, -44],
					"rotation": [7.5, 0, 0],
					"cubes": [
						{"origin": [-4.5, -6.25, -44], "size": [9, 8, 0], "uv": [185, 112]}
					]
				},
				{
					"name": "hair_left",
					"parent": "hair",
					"pivot": [11.5, 41.75, -46],
					"rotation": [-10, -55, 10],
					"cubes": [
						{"origin": [11.5, 33.75, -46], "size": [11, 8, 0], "uv": [122, 117]}
					]
				},
				{
					"name": "hair_left2",
					"parent": "hair_left",
					"pivot": [22.5, 38.25, -46],
					"rotation": [0, -17.5, 0],
					"cubes": [
						{"origin": [22.5, 31.75, -46], "size": [7, 9, 0], "uv": [144, 117]}
					]
				},
				{
					"name": "hair_left3",
					"parent": "hair_left2",
					"pivot": [29.5, 37.25, -46],
					"rotation": [0, -15, 0],
					"cubes": [
						{"origin": [29.5, 31.75, -46], "size": [8, 9, 0], "uv": [158, 117]}
					]
				},
				{
					"name": "hair_right",
					"parent": "hair",
					"pivot": [-11.5, 41.75, -46],
					"rotation": [-10, 55, -10],
					"cubes": [
						{"origin": [-22.5, 33.75, -46], "size": [11, 8, 0], "uv": [174, 120], "mirror": true}
					]
				},
				{
					"name": "hair_right2",
					"parent": "hair_right",
					"pivot": [-22.5, 38.25, -46],
					"rotation": [0, 17.5, 0],
					"cubes": [
						{"origin": [-29.5, 31.75, -46], "size": [7, 9, 0], "uv": [212, 124], "mirror": true}
					]
				},
				{
					"name": "hair_right3",
					"parent": "hair_right2",
					"pivot": [-29.5, 37.25, -46],
					"rotation": [0, 15, 0],
					"cubes": [
						{"origin": [-37.5, 31.75, -46], "size": [8, 9, 0], "uv": [196, 124], "mirror": true}
					]
				},
				{
					"name": "hair_bottom_left",
					"parent": "hair",
					"pivot": [2.5, 35.75, -45],
					"rotation": [0, -5, 17.5],
					"cubes": [
						{"origin": [2.5, 26.75, -45], "size": [11, 9, 0], "uv": [126, 0]}
					]
				},
				{
					"name": "hair_bottom_left2",
					"parent": "hair_bottom_left",
					"pivot": [13.5, 34.75, -45],
					"rotation": [0, -27.5, 0],
					"cubes": [
						{"origin": [13.5, 22.75, -45], "size": [9, 12, 0], "uv": [148, 0]}
					]
				},
				{
					"name": "hair_bottom_left3",
					"parent": "hair_bottom_left2",
					"pivot": [22.5, 27.75, -45],
					"rotation": [0, -45, 0],
					"cubes": [
						{"origin": [22.5, 20.75, -45], "size": [9, 10, 0], "uv": [126, 9]}
					]
				},
				{
					"name": "hair_bottom_left4",
					"parent": "hair_bottom_left3",
					"pivot": [31.5, 25.75, -45],
					"rotation": [0, -15, 0],
					"cubes": [
						{"origin": [31.5, 18.75, -45], "size": [8, 10, 0], "uv": [143, 20]}
					]
				},
				{
					"name": "hair_bottom_left5",
					"parent": "hair_bottom_left4",
					"pivot": [39.5, 23.75, -45],
					"rotation": [0, -7.5, 0],
					"cubes": [
						{"origin": [39.5, 18.75, -45], "size": [9, 8, 0], "uv": [144, 12]}
					]
				},
				{
					"name": "hair_bottom_right",
					"parent": "hair",
					"pivot": [-2.5, 35.75, -45],
					"rotation": [0, 5, -17.5],
					"cubes": [
						{"origin": [-13.5, 26.75, -45], "size": [11, 9, 0], "uv": [166, 0], "mirror": true}
					]
				},
				{
					"name": "hair_bottom_right2",
					"parent": "hair_bottom_right",
					"pivot": [-13.5, 34.75, -45],
					"rotation": [0, 27.5, 0],
					"cubes": [
						{"origin": [-22.5, 22.75, -45], "size": [9, 12, 0], "uv": [188, 0], "mirror": true}
					]
				},
				{
					"name": "hair_bottom_right3",
					"parent": "hair_bottom_right2",
					"pivot": [-22.5, 27.75, -45],
					"rotation": [0, 45, 0],
					"cubes": [
						{"origin": [-31.5, 20.75, -45], "size": [9, 10, 0], "uv": [166, 9], "mirror": true}
					]
				},
				{
					"name": "hair_bottom_right4",
					"parent": "hair_bottom_right3",
					"pivot": [-31.5, 25.75, -45],
					"rotation": [0, 15, 0],
					"cubes": [
						{"origin": [-39.5, 18.75, -45], "size": [8, 10, 0], "uv": [159, 20], "mirror": true}
					]
				},
				{
					"name": "hair_bottom_right5",
					"parent": "hair_bottom_right4",
					"pivot": [-39.5, 23.75, -45],
					"rotation": [0, 7.5, 0],
					"cubes": [
						{"origin": [-48.5, 18.75, -45], "size": [9, 8, 0], "uv": [206, 0], "mirror": true}
					]
				},
				{
					"name": "legs",
					"parent": "body",
					"pivot": [0, 31.25, 6]
				},
				{
					"name": "leg_left",
					"parent": "legs",
					"pivot": [8, 30.95, 6],
					"rotation": [-30, 0, 0],
					"cubes": [
						{"origin": [3, 20.04808, 2.36603], "size": [7, 14, 10], "uv": [34, 130]}
					]
				},
				{
					"name": "leg_left2",
					"parent": "leg_left",
					"pivot": [6.5, 20.04808, 3.36603],
					"rotation": [57.5, 0, 0],
					"cubes": [
						{"origin": [4, 8.04808, 3.36603], "size": [5, 12, 5], "uv": [44, 154]}
					]
				},
				{
					"name": "leg_left3",
					"parent": "leg_left2",
					"pivot": [6, 8.04808, 7.36603],
					"rotation": [-52.5, 0, 0],
					"cubes": [
						{"origin": [4, 1.04808, 3.36603], "size": [5, 7, 4], "inflate": 0.01, "uv": [20, 168]},
						{"origin": [3.5, -6.95192, 3.36603], "size": [6, 8, 5], "uv": [20, 179]}
					]
				},
				{
					"name": "leg_hair_left",
					"parent": "leg_left3",
					"pivot": [6.5, -3.95192, 3.36603]
				},
				{
					"name": "leg_hair_left_left",
					"parent": "leg_hair_left",
					"pivot": [9.5, -3.70192, 3.36603],
					"rotation": [10, 0, -25],
					"cubes": [
						{"origin": [9.5, -8.70192, 3.36603], "size": [0, 5, 5], "uv": [68, 132]}
					]
				},
				{
					"name": "leg_hair_left_left2",
					"parent": "leg_hair_left_left",
					"pivot": [9.5, -8.70192, 4.36603],
					"cubes": [
						{"origin": [9.5, -12.70192, 3.36603], "size": [0, 4, 5], "uv": [78, 132]}
					]
				},
				{
					"name": "leg_hair_right_left",
					"parent": "leg_hair_left",
					"pivot": [3.5, -3.70192, 3.36603],
					"rotation": [10, 0, 25],
					"cubes": [
						{"origin": [3.5, -8.70192, 3.36603], "size": [0, 5, 5], "uv": [68, 142], "mirror": true}
					]
				},
				{
					"name": "leg_hair_right_left2",
					"parent": "leg_hair_right_left",
					"pivot": [3.5, -8.70192, 4.36603],
					"cubes": [
						{"origin": [3.5, -12.70192, 3.36603], "size": [0, 4, 5], "uv": [78, 140], "mirror": true}
					]
				},
				{
					"name": "leg_hair_bottom_left",
					"parent": "leg_hair_left",
					"pivot": [6.5, -3.45192, 8.36603],
					"rotation": [77.5, 0, 0],
					"cubes": [
						{"origin": [2.5, -8.45192, 8.36603], "size": [8, 5, 0], "uv": [64, 157]}
					]
				},
				{
					"name": "leg_hair_bottom_left2",
					"parent": "leg_hair_bottom_left",
					"pivot": [6.5, -8.45192, 8.36603],
					"cubes": [
						{"origin": [3.5, -13.45192, 8.36603], "size": [6, 5, 0], "uv": [64, 167]}
					]
				},
				{
					"name": "foot_left",
					"parent": "leg_left3",
					"pivot": [6.5, -6.75, 5.5],
					"rotation": [-65, 0, 0],
					"cubes": [
						{"origin": [3.5, -10.5, 4], "size": [6, 6, 3], "inflate": 0.02, "uv": [58, 128]}
					]
				},
				{
					"name": "toes_left",
					"parent": "foot_left",
					"pivot": [6.5, -10.483, 4.63388]
				},
				{
					"name": "toe_inner_left",
					"parent": "toes_left",
					"pivot": [4.5, -9.983, 4.63388],
					"rotation": [0, 0, 15],
					"cubes": [
						{"origin": [3.5, -13, 5], "size": [2, 3, 2], "inflate": 0.01, "uv": [96, 153]}
					]
				},
				{
					"name": "toe_inner_left2",
					"parent": "toe_inner_left",
					"pivot": [4.5, -12.983, 4.63388],
					"cubes": [
						{"origin": [3.5, -16, 5], "size": [2, 3, 2], "uv": [96, 158]}
					]
				},
				{
					"name": "feet_claw_inner_left",
					"parent": "toe_inner_left2",
					"pivot": [4.5, -15.983, 4.63388],
					"rotation": [5, 0, 0],
					"cubes": [
						{"origin": [4.5, -19, 5], "size": [0, 3, 2], "uv": [96, 145]}
					]
				},
				{
					"name": "toe_middle_left",
					"parent": "toes_left",
					"pivot": [6.5, -10.483, 4.63388],
					"cubes": [
						{"origin": [5.5, -13.5, 5], "size": [2, 3, 2], "inflate": 0.01, "uv": [88, 153]}
					]
				},
				{
					"name": "toe_middle_left2",
					"parent": "toe_middle_left",
					"pivot": [6.5, -13.483, 4.63388],
					"cubes": [
						{"origin": [5.5, -16.5, 5], "size": [2, 3, 2], "uv": [88, 158]}
					]
				},
				{
					"name": "feet_claw_middle_left",
					"parent": "toe_middle_left2",
					"pivot": [6.5, -16.483, 4.63388],
					"rotation": [5, 0, 0],
					"cubes": [
						{"origin": [6.5, -19.5, 5], "size": [0, 3, 2], "uv": [92, 145]}
					]
				},
				{
					"name": "toe_outer_left",
					"parent": "toes_left",
					"pivot": [8.5, -9.983, 4.63388],
					"rotation": [0, 0, -15],
					"cubes": [
						{"origin": [7.5, -13, 5], "size": [2, 3, 2], "inflate": 0.01, "uv": [80, 153]}
					]
				},
				{
					"name": "toe_outer_left2",
					"parent": "toe_outer_left",
					"pivot": [8.5, -12.983, 4.63388],
					"cubes": [
						{"origin": [7.5, -16, 5], "size": [2, 3, 2], "uv": [80, 158]}
					]
				},
				{
					"name": "feet_claw_outer_left",
					"parent": "toe_outer_left2",
					"pivot": [8.5, -15.983, 4.63388],
					"rotation": [5, 0, 0],
					"cubes": [
						{"origin": [8.5, -19, 5], "size": [0, 3, 2], "uv": [88, 145]}
					]
				},
				{
					"name": "leg_right",
					"parent": "legs",
					"pivot": [-8, 30.95, 6],
					"rotation": [-30, 0, 0],
					"cubes": [
						{"origin": [-10, 20.04808, 2.36603], "size": [7, 14, 10], "uv": [10, 144], "mirror": true}
					]
				},
				{
					"name": "leg_right2",
					"parent": "leg_right",
					"pivot": [-6.5, 20.04808, 3.36603],
					"rotation": [57.5, 0, 0],
					"cubes": [
						{"origin": [-9, 8.04808, 3.36603], "size": [5, 12, 5], "uv": [0, 168], "mirror": true}
					]
				},
				{
					"name": "leg_right3",
					"parent": "leg_right2",
					"pivot": [-6, 8.04808, 7.36603],
					"rotation": [-52.5, 0, 0],
					"cubes": [
						{"origin": [-9, 1.04808, 3.36603], "size": [5, 7, 4], "inflate": 0.01, "uv": [38, 171], "mirror": true},
						{"origin": [-9.5, -6.95192, 3.36603], "size": [6, 8, 5], "uv": [42, 182], "mirror": true}
					]
				},
				{
					"name": "leg_hair_right",
					"parent": "leg_right3",
					"pivot": [-6.5, -3.95192, 3.36603]
				},
				{
					"name": "leg_hair_left_right",
					"parent": "leg_hair_right",
					"pivot": [-9.5, -3.70192, 3.36603],
					"rotation": [10, 0, 25],
					"cubes": [
						{"origin": [-9.5, -8.70192, 3.36603], "size": [0, 5, 5], "uv": [68, 137], "mirror": true}
					]
				},
				{
					"name": "leg_hair_left_right2",
					"parent": "leg_hair_left_right",
					"pivot": [-9.5, -8.70192, 4.36603],
					"cubes": [
						{"origin": [-9.5, -12.70192, 3.36603], "size": [0, 4, 5], "uv": [78, 136], "mirror": true}
					]
				},
				{
					"name": "leg_hair_right_right",
					"parent": "leg_hair_right",
					"pivot": [-3.5, -3.70192, 3.36603],
					"rotation": [10, 0, -25],
					"cubes": [
						{"origin": [-3.5, -8.70192, 3.36603], "size": [0, 5, 5], "uv": [68, 147]}
					]
				},
				{
					"name": "leg_hair_right_right2",
					"parent": "leg_hair_right_right",
					"pivot": [-3.5, -8.70192, 4.36603],
					"cubes": [
						{"origin": [-3.5, -12.70192, 3.36603], "size": [0, 4, 5], "uv": [78, 144]}
					]
				},
				{
					"name": "leg_hair_bottom_right",
					"parent": "leg_hair_right",
					"pivot": [-6.5, -3.45192, 8.36603],
					"rotation": [77.5, 0, 0],
					"cubes": [
						{"origin": [-10.5, -8.45192, 8.36603], "size": [8, 5, 0], "uv": [64, 162], "mirror": true}
					]
				},
				{
					"name": "leg_hair_bottom_right2",
					"parent": "leg_hair_bottom_right",
					"pivot": [-6.5, -8.45192, 8.36603],
					"cubes": [
						{"origin": [-9.5, -13.45192, 8.36603], "size": [6, 5, 0], "uv": [56, 172], "mirror": true}
					]
				},
				{
					"name": "foot_right",
					"parent": "leg_right3",
					"pivot": [-6.5, -6.75, 5.5],
					"rotation": [-65, 0, 0],
					"cubes": [
						{"origin": [-9.5, -10.5, 4], "size": [6, 6, 3], "inflate": 0.02, "uv": [76, 128], "mirror": true}
					]
				},
				{
					"name": "toes_right",
					"parent": "foot_right",
					"pivot": [-6.5, -10.41273, 5.06692]
				},
				{
					"name": "toe_inner_right",
					"parent": "toes_right",
					"pivot": [-4.5, -9.91273, 5.06692],
					"rotation": [0, 0, -15],
					"cubes": [
						{"origin": [-5.5, -13, 5], "size": [2, 3, 2], "inflate": 0.01, "uv": [96, 163], "mirror": true}
					]
				},
				{
					"name": "toe_inner_right2",
					"parent": "toe_inner_right",
					"pivot": [-4.5, -12.91273, 5.06692],
					"cubes": [
						{"origin": [-5.5, -16, 5], "size": [2, 3, 2], "uv": [96, 168], "mirror": true}
					]
				},
				{
					"name": "feet_claw_inner_right",
					"parent": "toe_inner_right2",
					"pivot": [-4.5, -15.91273, 5.06692],
					"rotation": [5, 0, 0],
					"cubes": [
						{"origin": [-4.5, -19, 5], "size": [0, 3, 2], "uv": [96, 148], "mirror": true}
					]
				},
				{
					"name": "toe_middle_right",
					"parent": "toes_right",
					"pivot": [-6.5, -10.41273, 5.06692],
					"cubes": [
						{"origin": [-7.5, -13.5, 5], "size": [2, 3, 2], "inflate": 0.01, "uv": [88, 163], "mirror": true}
					]
				},
				{
					"name": "toe_middle_right2",
					"parent": "toe_middle_right",
					"pivot": [-6.5, -13.41273, 5.06692],
					"cubes": [
						{"origin": [-7.5, -16.5, 5], "size": [2, 3, 2], "uv": [88, 168], "mirror": true}
					]
				},
				{
					"name": "feet_claw_middle_right",
					"parent": "toe_middle_right2",
					"pivot": [-6.5, -16.41273, 5.06692],
					"rotation": [5, 0, 0],
					"cubes": [
						{"origin": [-6.5, -19.5, 5], "size": [0, 3, 2], "uv": [92, 148], "mirror": true}
					]
				},
				{
					"name": "toe_outer_right",
					"parent": "toes_right",
					"pivot": [-8.5, -9.91273, 5.06692],
					"rotation": [0, 0, 15],
					"cubes": [
						{"origin": [-9.5, -13, 5], "size": [2, 3, 2], "inflate": 0.01, "uv": [80, 163], "mirror": true}
					]
				},
				{
					"name": "toe_outer_right2",
					"parent": "toe_outer_right",
					"pivot": [-8.5, -12.91273, 5.06692],
					"cubes": [
						{"origin": [-9.5, -16, 5], "size": [2, 3, 2], "uv": [80, 168], "mirror": true}
					]
				},
				{
					"name": "feet_claw_outer_right",
					"parent": "toe_outer_right2",
					"pivot": [-8.5, -15.91273, 5.06692],
					"rotation": [5, 0, 0],
					"cubes": [
						{"origin": [-8.5, -19, 5], "size": [0, 3, 2], "uv": [88, 148], "mirror": true}
					]
				}
			]
		}
	]
}