{
	"format_version": "1.12.0",
	"minecraft:geometry": [
		{
			"description": {
				"identifier": "geometry.unknown",
				"texture_width": 128,
				"texture_height": 128,
				"visible_bounds_width": 5,
				"visible_bounds_height": 4.5,
				"visible_bounds_offset": [0, 1.75, 0]
			},
			"bones": [
				{
					"name": "jellicent",
					"pivot": [0, 0, 0]
				},
				{
					"name": "body",
					"parent": "jellicent",
					"pivot": [0, 21, 0]
				},
				{
					"name": "head",
					"parent": "body",
					"pivot": [0, 21, 0],
					"cubes": [
						{"origin": [-12, 21, -12], "size": [24, 19, 24], "uv": [0, 0]},
						{"origin": [1.5, 40, -1.5], "size": [0, 5, 3], "uv": [6, 111]},
						{"origin": [-1.5, 40, 1.5], "size": [3, 5, 0], "uv": [6, 109]},
						{"origin": [-1.5, 40, -1.5], "size": [3, 5, 0], "uv": [0, 109]},
						{"origin": [-1.5, 40, -1.5], "size": [0, 5, 3], "uv": [0, 111]}
					]
				},
				{
                    "name": "locator_seat_1",
                    "parent": "body",
                    "pivot": [0, 39, 7],
                    "locators": {
                        "seat_1": [0, 39, 7]
                    }
                },
				{
					"name": "stache_left",
					"parent": "head",
					"pivot": [1, 34.5, -12],
					"rotation": [-10, 0, 10],
					"cubes": [
						{"origin": [1, 24.25, -14], "size": [14, 10, 8], "uv": [84, 43]},
						{"origin": [1, 24.25, -16], "size": [10, 10, 2], "uv": [24, 88]}
					]
				},
				{
					"name": "bone5",
					"parent": "stache_left",
					"pivot": [0, 24.25, -1],
					"rotation": [20, 0, 0],
					"cubes": [
						{"origin": [1, 24.25, 7], "size": [14, 10, 11], "uv": [72, 0]}
					]
				},
				{
					"name": "bone7",
					"parent": "stache_left",
					"pivot": [0, 24.25, -1],
					"rotation": [10, 0, 0],
					"cubes": [
						{"origin": [3, 25.1, -5.25], "size": [14, 10, 14], "pivot": [0, 11.25, -5], "rotation": [2.5, 0, 0], "uv": [42, 53]}
					]
				},
				{
					"name": "stache_right",
					"parent": "head",
					"pivot": [-1, 34.5, -12],
					"rotation": [-10, 0, -10],
					"cubes": [
						{"origin": [-15, 24.25, -14], "size": [14, 10, 8], "uv": [50, 77]},
						{"origin": [-11, 24.25, -16], "size": [10, 10, 2], "uv": [0, 88]}
					]
				},
				{
					"name": "bone4",
					"parent": "stache_right",
					"pivot": [0, 24.25, -1],
					"rotation": [20, 0, 0],
					"cubes": [
						{"origin": [-15, 24.25, 7], "size": [14, 10, 11], "uv": [0, 67]}
					]
				},
				{
					"name": "bone6",
					"parent": "stache_right",
					"pivot": [0, 24.25, -1],
					"rotation": [10, 0, 0],
					"cubes": [
						{"origin": [-17, 25.1, -5.25], "size": [14, 10, 14], "pivot": [0, 11.25, -5], "rotation": [2.5, 0, 0], "uv": [0, 43]}
					]
				},
				{
					"name": "right_eye",
					"parent": "head",
					"pivot": [-3.25, 36.5, 0],
					"rotation": [0, 0, 2.5],
					"cubes": [
						{"origin": [-4.75, 35, -12.01], "size": [3, 3, 0], "uv": [0, 18]},
						{"origin": [-4.25, 35.5, -12.02], "size": [2, 2, 0], "uv": [20, 10]},
						{"origin": [-3.75, 36.25, -12.03], "size": [1, 1, 0], "uv": [0, 1]}
					]
				},
				{
					"name": "left_eye",
					"parent": "head",
					"pivot": [3.25, 36.5, 0],
					"rotation": [0, 0, -2.5],
					"cubes": [
						{"origin": [1.75, 35, -12.01], "size": [3, 3, 0], "uv": [0, 15]},
						{"origin": [2.25, 35.5, -12.02], "size": [2, 2, 0], "uv": [20, 8]},
						{"origin": [2.75, 36.25, -12.03], "size": [1, 1, 0], "uv": [0, 0]}
					]
				},
				{
					"name": "right_eye_closed",
					"parent": "head",
					"pivot": [-3.25, 36.5, 0.1],
					"rotation": [0, 0, 2.5],
					"cubes": [
						{"origin": [-4.75, 35, -11.94], "size": [3, 3, 0], "uv": [0, 12]}
					]
				},
				{
					"name": "left_eye_closed",
					"parent": "head",
					"pivot": [3.25, 36.5, 0.1],
					"rotation": [0, 0, -2.5],
					"cubes": [
						{"origin": [1.75, 35, -11.94], "size": [3, 3, 0], "uv": [0, 9]}
					]
				},
				{
					"name": "neck",
					"parent": "body",
					"pivot": [0, 25, 0]
				},
				{
					"name": "right_arm",
					"parent": "neck",
					"pivot": [-2.25, 21, 0],
					"cubes": [
						{"origin": [-8.25, 21, -1], "size": [6, 0, 2], "uv": [54, 50]},
						{"origin": [-10.25, 21, -1.5], "size": [2, 0, 3], "uv": [0, 3]}
					]
				},
				{
					"name": "right_hand",
					"parent": "right_arm",
					"pivot": [-10.25, 21, 0],
					"cubes": [
						{"origin": [-16.25, 21, -4], "size": [6, 0, 8], "uv": [0, 8]}
					]
				},
				{
					"name": "right_hand_bend",
					"parent": "right_hand",
					"pivot": [-16.25, 21, 0.5],
					"cubes": [
						{"origin": [-22.25, 21, -3], "size": [6, 0, 6], "uv": [36, 43]}
					]
				},
				{
					"name": "left_arm",
					"parent": "neck",
					"pivot": [2.25, 21, 0],
					"cubes": [
						{"origin": [2.25, 21, -1], "size": [6, 0, 2], "uv": [0, 22]},
						{"origin": [8.25, 21, -1.5], "size": [2, 0, 3], "uv": [0, 0]}
					]
				},
				{
					"name": "left_hand",
					"parent": "left_arm",
					"pivot": [10.25, 21, 0],
					"cubes": [
						{"origin": [10.25, 21, -4], "size": [6, 0, 8], "uv": [0, 0]}
					]
				},
				{
					"name": "left_hand_bend",
					"parent": "left_hand",
					"pivot": [16.25, 21, 0.5],
					"cubes": [
						{"origin": [16.25, 21, -3], "size": [6, 0, 6], "uv": [0, 16]}
					]
				},
				{
					"name": "frill_back",
					"parent": "neck",
					"pivot": [-1, 25.25, 1.63]
				},
				{
					"name": "frill_back_bend",
					"parent": "frill_back",
					"pivot": [0, 21.25, 1.63],
					"rotation": [22.5, 0, 0],
					"cubes": [
						{"origin": [-4.5, 12.25, 1.63], "size": [9, 9, 0], "uv": [36, 100]}
					]
				},
				{
					"name": "frill_back_end",
					"parent": "frill_back_bend",
					"pivot": [0, 12.25, 1.63],
					"cubes": [
						{"origin": [-4.5, 6.25, 1.63], "size": [9, 6, 0], "uv": [86, 77]}
					]
				},
				{
					"name": "frill_back_end2",
					"parent": "frill_back_end",
					"pivot": [0, 6.25, 1.63],
					"cubes": [
						{"origin": [-2.5, 1.25, 1.63], "size": [5, 5, 0], "uv": [72, 0]}
					]
				},
				{
					"name": "frill_left",
					"parent": "neck",
					"pivot": [1.25, 25.25, -2.35],
					"rotation": [0, -60, 0]
				},
				{
					"name": "frill_left_bend",
					"parent": "frill_left",
					"pivot": [2.25, 21.25, -2.35],
					"rotation": [-22.5, 0, 0],
					"cubes": [
						{"origin": [-2.25, 12.25, -2.35], "size": [9, 9, 0], "uv": [18, 100]}
					]
				},
				{
					"name": "frill_left_end",
					"parent": "frill_left_bend",
					"pivot": [2.25, 12.25, -2.35],
					"cubes": [
						{"origin": [-2.25, 6.25, -2.35], "size": [9, 6, 0], "uv": [72, 43]}
					]
				},
				{
					"name": "frill_left_end2",
					"parent": "frill_left_end",
					"pivot": [2.25, 6.25, -2.35],
					"cubes": [
						{"origin": [-0.25, 1.25, -2.35], "size": [5, 5, 0], "uv": [0, 72]}
					]
				},
				{
					"name": "frill_right",
					"parent": "neck",
					"pivot": [-1.25, 25.25, -2.35],
					"rotation": [0, -120, 0]
				},
				{
					"name": "frill_right_bend",
					"parent": "frill_right",
					"pivot": [-0.25, 21.25, -2.35],
					"rotation": [22.5, 0, 0],
					"cubes": [
						{"origin": [-4.75, 12.25, -2.35], "size": [9, 9, 0], "uv": [0, 100]}
					]
				},
				{
					"name": "frill_right_end",
					"parent": "frill_right_bend",
					"pivot": [-0.25, 12.25, -2.35],
					"cubes": [
						{"origin": [-4.75, 6.25, -2.35], "size": [9, 6, 0], "uv": [54, 43]}
					]
				},
				{
					"name": "frill_right_end2",
					"parent": "frill_right_end",
					"pivot": [-0.25, 6.25, -2.35],
					"cubes": [
						{"origin": [-2.75, 1.25, -2.35], "size": [5, 5, 0], "uv": [0, 67]}
					]
				}
			]
		}
	]
}