{
	"format_version": "1.12.0",
	"minecraft:geometry": [
		{
			"description": {
				"identifier": "geometry.inteleon",
				"texture_width": 128,
				"texture_height": 64,
				"visible_bounds_width": 8,
				"visible_bounds_height": 5,
				"visible_bounds_offset": [0, 1.5, 0]
			},
			"bones": [
				{
					"name": "inteleon",
					"pivot": [0, 0, -0.1]
				},
				{
					"name": "body",
					"parent": "inteleon",
					"pivot": [0, 22, -1.6]
				},
				{
					"name": "torso",
					"parent": "body",
					"pivot": [0, 21, -1.75],
					"cubes": [
						{"origin": [-2, 20, -3.25], "size": [4, 5, 3], "inflate": 0.15, "uv": [20, 28]},
						{"origin": [-1.5, 22, -3.41], "size": [3, 2, 0], "uv": [42, 33]}
					]
				},
				{
                    "name": "locator_seat_1",
                    "parent": "body",
                    "pivot": [0, 24, 5],
                    "locators": {
                        "seat_1": [0, 24, 5]
                    }
                },
				{
					"name": "waist",
					"parent": "torso",
					"pivot": [0, 25, -1.75],
					"rotation": [-5, 0, 0],
					"cubes": [
						{"origin": [-1.5, 25, -3.25], "size": [3, 5, 3], "uv": [8, 30]}
					]
				},
				{
					"name": "chest",
					"parent": "waist",
					"pivot": [0, 30, -0.65],
					"cubes": [
						{"origin": [-1, 29.5, -2.6], "size": [2, 5, 2], "uv": [0, 32]},
						{"origin": [-0.5, 33.51, -1.59], "size": [1, 1, 1], "uv": [7, 31]}
					]
				},
				{
					"name": "arms",
					"parent": "chest",
					"pivot": [0, 33.25, -1.55],
					"rotation": [5, 0, 0]
				},
				{
					"name": "arm_left",
					"parent": "arms",
					"pivot": [1, 34, -1.5],
					"cubes": [
						{"origin": [1, 33, -2], "size": [7, 1, 1], "uv": [0, 39]}
					]
				},
				{
					"name": "arm_left2",
					"parent": "arm_left",
					"pivot": [8, 33.5, -1],
					"cubes": [
						{"origin": [8, 33, -2], "size": [7, 1, 1], "inflate": 0.01, "uv": [20, 36]}
					]
				},
				{
					"name": "hand_left",
					"parent": "arm_left2",
					"pivot": [14.75, 33.5, -1.5],
					"cubes": [
						{"origin": [14.75, 33, -3.55], "size": [4, 1, 4], "inflate": 0.03, "uv": [0, 43]}
					]
				},
				{
					"name": "fingers_left",
					"parent": "hand_left",
					"pivot": [18.75, 34, -0.05]
				},
				{
					"name": "finger1_left",
					"parent": "fingers_left",
					"pivot": [18.75, 34, -0.05],
					"cubes": [
						{"origin": [18.75, 33, -0.55], "size": [2, 1, 1], "inflate": 0.01, "uv": [0, 48]}
					]
				},
				{
					"name": "finger1_left2",
					"parent": "finger1_left",
					"pivot": [20.75, 34, -0.05],
					"cubes": [
						{"origin": [20.75, 33, -0.55], "size": [2, 1, 1], "inflate": 0.04, "uv": [12, 48]}
					]
				},
				{
					"name": "finger2_left",
					"parent": "fingers_left",
					"pivot": [18.75, 34, -1.05],
					"cubes": [
						{"origin": [18.75, 33, -1.55], "size": [2, 1, 1], "uv": [0, 50]}
					]
				},
				{
					"name": "finger2_left2",
					"parent": "finger2_left",
					"pivot": [20.75, 34, -1.05],
					"cubes": [
						{"origin": [20.75, 33, -1.55], "size": [2, 1, 1], "inflate": 0.04, "uv": [12, 50]}
					]
				},
				{
					"name": "finger3_left",
					"parent": "fingers_left",
					"pivot": [18.75, 34, -2.05],
					"cubes": [
						{"origin": [18.75, 33, -2.55], "size": [2, 1, 1], "inflate": 0.01, "uv": [0, 52]},
						{"origin": [20.25, 33, -2.55], "size": [1, 1, 1], "inflate": 0.015, "uv": [6, 52]}
					]
				},
				{
					"name": "finger3_left2",
					"parent": "finger3_left",
					"pivot": [21.25, 34, -2.05],
					"cubes": [
						{"origin": [21.25, 33, -2.55], "size": [2, 1, 1], "inflate": 0.07, "uv": [19, 49]}
					]
				},
				{
					"name": "finger4_left",
					"parent": "fingers_left",
					"pivot": [18.75, 34, -3.05],
					"cubes": [
						{"origin": [18.75, 33, -3.55], "size": [2, 1, 1], "uv": [0, 54]},
						{"origin": [20.25, 33, -3.55], "size": [1, 1, 1], "inflate": 0.005, "uv": [6, 54]}
					]
				},
				{
					"name": "finger4_left2",
					"parent": "finger4_left",
					"pivot": [21.25, 34, -3.05],
					"cubes": [
						{"origin": [21.25, 33, -3.55], "size": [2, 1, 1], "inflate": 0.06, "uv": [19, 51]}
					]
				},
				{
					"name": "thumb_left",
					"parent": "hand_left",
					"pivot": [15.85, 33.25, -3.55],
					"cubes": [
						{"origin": [15.1, 32.75, -4.05], "size": [3, 1, 1], "uv": [0, 56]}
					]
				},
				{
					"name": "thumb_left2",
					"parent": "thumb_left",
					"pivot": [18.05, 33.25, -4.05],
					"cubes": [
						{"origin": [18.05, 32.75, -4.05], "size": [2, 1, 1], "inflate": 0.07, "uv": [24, 62]}
					]
				},
				{
					"name": "arm_right",
					"parent": "arms",
					"pivot": [-1, 34, -1.5],
					"cubes": [
						{"origin": [-8, 33, -2], "size": [7, 1, 1], "uv": [0, 41], "mirror": true}
					]
				},
				{
					"name": "arm_right2",
					"parent": "arm_right",
					"pivot": [-8, 33.5, -1],
					"cubes": [
						{"origin": [-15, 33, -2], "size": [7, 1, 1], "inflate": 0.01, "uv": [15, 38], "mirror": true}
					]
				},
				{
					"name": "hand_right",
					"parent": "arm_right2",
					"pivot": [-14.75, 33.5, -1.5],
					"cubes": [
						{"origin": [-18.75, 33, -3.55], "size": [4, 1, 4], "inflate": 0.03, "uv": [12, 40], "mirror": true}
					]
				},
				{
					"name": "fingers_right",
					"parent": "hand_right",
					"pivot": [-18.75, 34, -0.05]
				},
				{
					"name": "finger1_right",
					"parent": "fingers_right",
					"pivot": [-18.75, 34, -0.05],
					"cubes": [
						{"origin": [-20.75, 33, -0.55], "size": [2, 1, 1], "inflate": 0.01, "uv": [6, 48], "mirror": true}
					]
				},
				{
					"name": "finger1_right2",
					"parent": "finger1_right",
					"pivot": [-20.75, 34, -0.05],
					"cubes": [
						{"origin": [-22.75, 33, -0.55], "size": [2, 1, 1], "inflate": 0.04, "uv": [17, 45], "mirror": true}
					]
				},
				{
					"name": "finger2_right",
					"parent": "fingers_right",
					"pivot": [-18.75, 34, -1.05],
					"cubes": [
						{"origin": [-20.75, 33, -1.55], "size": [2, 1, 1], "uv": [6, 50], "mirror": true}
					]
				},
				{
					"name": "finger2_right2",
					"parent": "finger2_right",
					"pivot": [-20.75, 34, -1.05],
					"cubes": [
						{"origin": [-22.75, 33, -1.55], "size": [2, 1, 1], "inflate": 0.04, "uv": [17, 47], "mirror": true}
					]
				},
				{
					"name": "finger3_right",
					"parent": "fingers_right",
					"pivot": [-18.75, 34, -2.05],
					"cubes": [
						{"origin": [-20.75, 33, -2.55], "size": [2, 1, 1], "inflate": 0.01, "uv": [10, 52], "mirror": true},
						{"origin": [-21.25, 33, -2.55], "size": [1, 1, 1], "inflate": 0.015, "uv": [16, 54], "mirror": true}
					]
				},
				{
					"name": "finger3_right2",
					"parent": "finger3_right",
					"pivot": [-21.25, 34, -2.05],
					"cubes": [
						{"origin": [-23.25, 33, -2.55], "size": [2, 1, 1], "inflate": 0.07, "uv": [23, 45], "mirror": true}
					]
				},
				{
					"name": "finger4_right",
					"parent": "fingers_right",
					"pivot": [-18.75, 34, -3.05],
					"cubes": [
						{"origin": [-20.75, 33, -3.55], "size": [2, 1, 1], "uv": [10, 54], "mirror": true},
						{"origin": [-21.25, 33, -3.55], "size": [1, 1, 1], "inflate": 0.005, "uv": [16, 56], "mirror": true}
					]
				},
				{
					"name": "finger4_right2",
					"parent": "finger4_right",
					"pivot": [-21.25, 34, -3.05],
					"cubes": [
						{"origin": [-23.25, 33, -3.55], "size": [2, 1, 1], "inflate": 0.06, "uv": [23, 47], "mirror": true}
					]
				},
				{
					"name": "thumb_right",
					"parent": "hand_right",
					"pivot": [-15.85, 33.25, -3.55],
					"cubes": [
						{"origin": [-18.1, 32.75, -4.05], "size": [3, 1, 1], "uv": [8, 56], "mirror": true}
					]
				},
				{
					"name": "thumb_right2",
					"parent": "thumb_right",
					"pivot": [-18.05, 33.25, -4.05],
					"cubes": [
						{"origin": [-20.05, 32.75, -4.05], "size": [2, 1, 1], "inflate": 0.07, "uv": [30, 62], "mirror": true}
					]
				},
				{
					"name": "cape",
					"parent": "chest",
					"pivot": [0, 34, -0.55],
					"rotation": [20, 0, 0]
				},
				{
					"name": "cape_left",
					"parent": "cape",
					"pivot": [-0.5, 34, -0.55],
					"rotation": [0, 0, -12.5],
					"cubes": [
						{"origin": [-0.5, 30, -0.55], "size": [3, 4, 0], "uv": [40, 52]}
					]
				},
				{
					"name": "cape_left2",
					"parent": "cape_left",
					"pivot": [-0.5, 30, -0.55],
					"cubes": [
						{"origin": [-0.5, 26, -0.55], "size": [4, 4, 0], "uv": [24, 58]}
					]
				},
				{
					"name": "cape_left3",
					"parent": "cape_left2",
					"pivot": [-0.5, 26, -0.55],
					"cubes": [
						{"origin": [-0.5, 21, -0.55], "size": [5, 5, 0], "uv": [20, 53]}
					]
				},
				{
					"name": "cape_left4",
					"parent": "cape_left3",
					"pivot": [-0.5, 21, -0.55],
					"cubes": [
						{"origin": [-0.5, 15, -0.55], "size": [6, 6, 0], "uv": [0, 58]}
					]
				},
				{
					"name": "cape_right",
					"parent": "cape",
					"pivot": [0.5, 34, -0.55],
					"rotation": [0, 0, 12.5],
					"cubes": [
						{"origin": [-2.5, 30, -0.55], "size": [3, 4, 0], "uv": [40, 56], "mirror": true}
					]
				},
				{
					"name": "cape_right2",
					"parent": "cape_right",
					"pivot": [0.5, 30, -0.55],
					"cubes": [
						{"origin": [-3.5, 26, -0.55], "size": [4, 4, 0], "uv": [32, 57], "mirror": true}
					]
				},
				{
					"name": "cape_right3",
					"parent": "cape_right2",
					"pivot": [0.5, 26, -0.55],
					"cubes": [
						{"origin": [-4.5, 21, -0.55], "size": [5, 5, 0], "uv": [30, 52], "mirror": true}
					]
				},
				{
					"name": "cape_right4",
					"parent": "cape_right3",
					"pivot": [0.5, 21, -0.55],
					"cubes": [
						{"origin": [-5.5, 15, -0.55], "size": [6, 6, 0], "uv": [12, 58], "mirror": true}
					]
				},
				{
					"name": "cape_unfolded",
					"parent": "chest",
					"pivot": [0, 34, -0.55],
					"rotation": [25, 0, 0]
				},
				{
					"name": "cape_unfolded_left",
					"parent": "cape_unfolded",
					"pivot": [-0.5, 34, -0.55],
					"rotation": [0, 0, -10],
					"cubes": [
						{"origin": [-0.5, 29, -0.55], "size": [7, 5, 0], "uv": [68, 21]}
					]
				},
				{
					"name": "cape_unfolded_left2",
					"parent": "cape_unfolded_left",
					"pivot": [-0.5, 29, -0.55],
					"cubes": [
						{"origin": [-0.5, 23, -0.55], "size": [13, 6, 0], "uv": [74, 26]}
					]
				},
				{
					"name": "cape_unfolded_left3",
					"parent": "cape_unfolded_left2",
					"pivot": [-0.5, 23, -0.55],
					"cubes": [
						{"origin": [-0.5, 17, -0.55], "size": [19, 6, 0], "uv": [81, 38]}
					]
				},
				{
					"name": "cape_unfolded_left4",
					"parent": "cape_unfolded_left3",
					"pivot": [-0.5, 17, -0.55],
					"cubes": [
						{"origin": [-0.5, 10, -0.55], "size": [24, 7, 0], "uv": [72, 50]}
					]
				},
				{
					"name": "cape_unfolded_right",
					"parent": "cape_unfolded",
					"pivot": [0.5, 34, -0.55],
					"rotation": [0, 0, 10],
					"cubes": [
						{"origin": [-6.5, 29, -0.55], "size": [7, 5, 0], "uv": [82, 21], "mirror": true}
					]
				},
				{
					"name": "cape_unfolded_right2",
					"parent": "cape_unfolded_right",
					"pivot": [0.5, 29, -0.55],
					"cubes": [
						{"origin": [-12.5, 23, -0.55], "size": [13, 6, 0], "uv": [79, 32], "mirror": true}
					]
				},
				{
					"name": "cape_unfolded_right3",
					"parent": "cape_unfolded_right2",
					"pivot": [0.5, 23, -0.55],
					"cubes": [
						{"origin": [-18.5, 17, -0.55], "size": [19, 6, 0], "uv": [78, 44], "mirror": true}
					]
				},
				{
					"name": "cape_unfolded_right4",
					"parent": "cape_unfolded_right3",
					"pivot": [0.5, 17, -0.55],
					"cubes": [
						{"origin": [-23.5, 10, -0.55], "size": [24, 7, 0], "uv": [72, 57], "mirror": true}
					]
				},
				{
					"name": "neck",
					"parent": "chest",
					"pivot": [0, 34.5, -2],
					"cubes": [
						{"origin": [-0.5, 34, -2], "size": [1, 7, 1], "inflate": 0.01, "uv": [32, 23]}
					]
				},
				{
					"name": "neck_fin",
					"parent": "neck",
					"pivot": [0, 36.3, -1],
					"rotation": [-2.5, 0, 0],
					"cubes": [
						{"origin": [0, 34.25, -1.5], "size": [0, 5, 5], "uv": [22, 18]}
					]
				},
				{
					"name": "head",
					"parent": "neck",
					"pivot": [0, 39.75, -1.5],
					"rotation": [7.5, 0, 0],
					"cubes": [
						{"origin": [-2.5, 39.75, -2.5], "size": [5, 1, 3], "inflate": 0.01, "uv": [0, 11]},
						{"origin": [-2.5, 40.75, -5.5], "size": [5, 5, 6], "inflate": 0.01, "pivot": [0, 40.75, 0.5], "rotation": [1, 0, 0], "uv": [0, 0]},
						{"origin": [-2.5, 40.72, -6.5], "size": [5, 2, 1], "inflate": 0.01, "pivot": [0, 40.7, -1.5], "rotation": [1, 0, 0], "uv": [56, 23]}
					]
				},
				{
					"name": "head_smile",
					"parent": "head",
					"pivot": [0, 40.75, -2],
					"cubes": [
						{"origin": [2.51, 40.25, -2.5], "size": [0, 1, 1], "inflate": 0.01, "uv": [22, 14]},
						{"origin": [-2.51, 40.25, -2.5], "size": [0, 1, 1], "inflate": 0.01, "uv": [22, 15], "mirror": true}
					]
				},
				{
					"name": "eyes",
					"parent": "head",
					"pivot": [0.5, 42.5, -4.8]
				},
				{
					"name": "eye_base_left",
					"parent": "eyes",
					"pivot": [2.52, 42.5, -6],
					"rotation": [5, 0, 0],
					"cubes": [
						{"origin": [2.52, 41.5, -6.5], "size": [0, 2, 4], "uv": [0, 11]}
					]
				},
				{
					"name": "eyelid_base_left",
					"parent": "eye_base_left",
					"pivot": [2.255, 42.5, -5],
					"cubes": [
						{"origin": [2.45, 41.5, -6.5], "size": [0, 2, 4], "inflate": 0.01, "uv": [0, 15]},
						{"origin": [1.56, 42, -6], "size": [1, 1, 1], "inflate": -0.09, "uv": [16, 19]}
					]
				},
				{
					"name": "eyebrow_left",
					"parent": "eye_base_left",
					"pivot": [2.4, 42.5, -2.25],
					"cubes": [
						{"origin": [1.65, 42.7, -6.34], "size": [1, 2, 4], "inflate": 0.2, "pivot": [2.15, 42.65, -4.32], "rotation": [0, 0, -2.5], "uv": [18, 8]}
					]
				},
				{
					"name": "eye_left",
					"parent": "eye_base_left",
					"pivot": [2.53, 42.5, -5],
					"cubes": [
						{"origin": [2.53, 41.5, -6.5], "size": [0, 2, 3], "uv": [8, 14]}
					]
				},
				{
					"name": "eye_angry_left",
					"parent": "eye_left",
					"pivot": [2.45, 42.65, -6],
					"cubes": [
						{"origin": [2.45, 42.15, -6.5], "size": [0, 1, 1], "inflate": 0.01, "uv": [0, 1]}
					]
				},
				{
					"name": "eye_sad_left",
					"parent": "eye_left",
					"pivot": [2.45, 42.65, -4.1],
					"cubes": [
						{"origin": [2.45, 42.15, -5.1], "size": [0, 1, 2], "inflate": 0.01, "uv": [0, -2]}
					]
				},
				{
					"name": "pupil_left",
					"parent": "eye_left",
					"pivot": [2.52, 42.5, -5.5],
					"cubes": [
						{"origin": [2.29, 42, -6], "size": [0, 1, 1], "inflate": 0.25, "uv": [8, 14]}
					]
				},
				{
					"name": "pupil_left2",
					"parent": "pupil_left",
					"pivot": [2.15, 42.5, -5.5],
					"cubes": [
						{"origin": [1.65, 42, -6], "size": [1, 1, 1], "inflate": -0.1, "uv": [24, 15]}
					]
				},
				{
					"name": "eye_closed_left",
					"parent": "eye_left",
					"pivot": [2.47, 42.6, -5.5],
					"cubes": [
						{"origin": [2.44, 41.85, -6.25], "size": [0, 1, 2], "uv": [2, 0]},
						{"origin": [2.45, 42.35, -6.25], "size": [0, 1, 2], "uv": [2, 1]}
					]
				},
				{
					"name": "eye_happy_left",
					"parent": "eye_left",
					"pivot": [2.44, 42, -5],
					"cubes": [
						{"origin": [2.44, 41.25, -6.5], "size": [0, 1, 3], "uv": [37, -3]},
						{"origin": [2.44, 41.75, -5.5], "size": [0, 1, 1], "uv": [37, 1]}
					]
				},
				{
					"name": "eye_base_right",
					"parent": "eyes",
					"pivot": [-2.52, 42.5, -6],
					"rotation": [5, 0, 0],
					"cubes": [
						{"origin": [-2.52, 41.5, -6.5], "size": [0, 2, 4], "uv": [0, 13], "mirror": true}
					]
				},
				{
					"name": "eyelid_base_right",
					"parent": "eye_base_right",
					"pivot": [-2.255, 42.5, -5],
					"cubes": [
						{"origin": [-2.45, 41.5, -6.5], "size": [0, 2, 4], "inflate": 0.01, "uv": [8, 15], "mirror": true},
						{"origin": [-2.56, 42, -6], "size": [1, 1, 1], "inflate": -0.09, "uv": [32, 15], "mirror": true}
					]
				},
				{
					"name": "eyebrow_right",
					"parent": "eye_base_right",
					"pivot": [-2.4, 42.5, -2.25],
					"cubes": [
						{"origin": [-2.65, 42.7, -6.34], "size": [1, 2, 4], "inflate": 0.2, "pivot": [-2.15, 42.65, -4.32], "rotation": [0, 0, 2.5], "uv": [12, 11], "mirror": true}
					]
				},
				{
					"name": "eye_right",
					"parent": "eye_base_right",
					"pivot": [-2.53, 42.5, -5],
					"cubes": [
						{"origin": [-2.53, 41.5, -6.5], "size": [0, 2, 3], "uv": [14, 14], "mirror": true}
					]
				},
				{
					"name": "eye_angry_right",
					"parent": "eye_right",
					"pivot": [-2.45, 42.65, -6],
					"cubes": [
						{"origin": [-2.45, 42.15, -6.5], "size": [0, 1, 1], "inflate": 0.01, "uv": [0, 2], "mirror": true}
					]
				},
				{
					"name": "eye_sad_right",
					"parent": "eye_right",
					"pivot": [-2.45, 42.65, -4.1],
					"cubes": [
						{"origin": [-2.45, 42.15, -5.1], "size": [0, 1, 2], "inflate": 0.01, "uv": [0, -1], "mirror": true}
					]
				},
				{
					"name": "pupil_right",
					"parent": "eye_right",
					"pivot": [-2.52, 42.5, -5.5],
					"cubes": [
						{"origin": [-2.29, 42, -6], "size": [0, 1, 1], "inflate": 0.25, "uv": [8, 15], "mirror": true}
					]
				},
				{
					"name": "pupil_right2",
					"parent": "pupil_right",
					"pivot": [-2.15, 42.5, -5.5],
					"cubes": [
						{"origin": [-2.65, 42, -6], "size": [1, 1, 1], "inflate": -0.1, "uv": [28, 15], "mirror": true}
					]
				},
				{
					"name": "eye_closed_right",
					"parent": "eye_right",
					"pivot": [-2.47, 42.6, -5.5],
					"cubes": [
						{"origin": [-2.44, 41.85, -6.25], "size": [0, 1, 2], "uv": [2, 2], "mirror": true},
						{"origin": [-2.45, 42.35, -6.25], "size": [0, 1, 2], "uv": [2, 3], "mirror": true}
					]
				},
				{
					"name": "eye_happy_right",
					"parent": "eye_right",
					"pivot": [-2.44, 42, -5],
					"cubes": [
						{"origin": [-2.44, 41.25, -6.5], "size": [0, 1, 3], "uv": [37, -2], "mirror": true},
						{"origin": [-2.44, 41.75, -5.5], "size": [0, 1, 1], "uv": [39, 1], "mirror": true}
					]
				},
				{
					"name": "muzzle",
					"parent": "head",
					"pivot": [0, 44.75, -5.25],
					"rotation": [10, 0, 0],
					"cubes": [
						{"origin": [-2, 40.75, -8.25], "size": [4, 4, 3], "inflate": 0.01, "uv": [26, 0]},
						{"origin": [-1.5, 40.75, -10.25], "size": [3, 3, 2], "inflate": 0.01, "uv": [16, 1]}
					]
				},
				{
					"name": "jaw",
					"parent": "head",
					"pivot": [0, 40.75, -2.5],
					"cubes": [
						{"origin": [-2.5, 39.75, -6], "size": [5, 1, 4], "uv": [24, 7]},
						{"origin": [-2, 39.76, -7.5], "size": [4, 1, 2], "uv": [26, 12]},
						{"origin": [-1.5, 39.76, -9], "size": [3, 1, 2], "inflate": -0.01, "uv": [42, 35]}
					]
				},
				{
					"name": "head_fin",
					"parent": "head",
					"pivot": [0, 45.65, -5.25],
					"rotation": [-12.5, 0, 0],
					"cubes": [
						{"origin": [0, 45.65, -5.25], "size": [0, 9, 11], "uv": [0, 10]}
					]
				},
				{
					"name": "head_fin2",
					"parent": "head_fin",
					"pivot": [0, 45.65, 0.5],
					"cubes": [
						{"origin": [0, 39.65, -0.25], "size": [0, 6, 7], "inflate": 0.005, "uv": [22, 10]}
					]
				},
				{
					"name": "tail",
					"parent": "torso",
					"pivot": [0, 22.25, -1],
					"rotation": [-42, 0, 0],
					"cubes": [
						{"origin": [-1.5, 20.25, -2], "size": [3, 4, 6], "inflate": 0.02, "uv": [40, 54]}
					]
				},
				{
					"name": "tail2",
					"parent": "tail",
					"pivot": [0, 22.25, 4],
					"cubes": [
						{"origin": [-1.5, 20.25, 3.5], "size": [3, 4, 6], "inflate": 0.1, "uv": [48, 13]}
					]
				},
				{
					"name": "tail_fin",
					"parent": "tail2",
					"pivot": [0, 24.25, 7],
					"cubes": [
						{"origin": [0, 24.25, 4.5], "size": [0, 2, 5], "uv": [56, -5]}
					]
				},
				{
					"name": "tail3",
					"parent": "tail2",
					"pivot": [0, 22.25, 9.5],
					"cubes": [
						{"origin": [-1.5, 20.25, 9], "size": [3, 4, 5], "inflate": 0.02, "uv": [44, 43]}
					]
				},
				{
					"name": "tail_fin2",
					"parent": "tail3",
					"pivot": [0, 24.25, 11.5],
					"cubes": [
						{"origin": [0, 24.25, 9], "size": [0, 2, 5], "inflate": 0.005, "uv": [66, -5]}
					]
				},
				{
					"name": "tail4",
					"parent": "tail3",
					"pivot": [0, 22.25, 14],
					"cubes": [
						{"origin": [-1.5, 20.75, 13.5], "size": [3, 3, 5], "inflate": 0.01, "uv": [47, 35]}
					]
				},
				{
					"name": "tail_fin3",
					"parent": "tail4",
					"pivot": [0, 23.75, 16],
					"cubes": [
						{"origin": [0, 23.75, 13.5], "size": [0, 2, 5], "uv": [58, -3]}
					]
				},
				{
					"name": "tail5",
					"parent": "tail4",
					"pivot": [0, 22.25, 18.5],
					"cubes": [
						{"origin": [-1.5, 20.75, 18], "size": [3, 3, 5], "uv": [45, 23]}
					]
				},
				{
					"name": "tail_fin4",
					"parent": "tail5",
					"pivot": [0, 23.75, 20.5],
					"cubes": [
						{"origin": [0, 23.75, 18], "size": [0, 2, 5], "inflate": 0.005, "uv": [68, -3]}
					]
				},
				{
					"name": "tail6",
					"parent": "tail5",
					"pivot": [0, 22.25, 23],
					"cubes": [
						{"origin": [-1, 20.75, 22.5], "size": [2, 3, 5], "inflate": 0.01, "uv": [56, 26]},
						{"origin": [-0.5, 23.76, 22.5], "size": [1, 0, 5], "inflate": 0.01, "uv": [63, 36]}
					]
				},
				{
					"name": "tail_fin5",
					"parent": "tail6",
					"pivot": [0, 23.75, 25],
					"cubes": [
						{"origin": [0, 23.75, 22.5], "size": [0, 2, 5], "uv": [58, -1]}
					]
				},
				{
					"name": "tail7",
					"parent": "tail6",
					"pivot": [0, 22.25, 27.5],
					"cubes": [
						{"origin": [-1, 20.75, 27], "size": [2, 3, 5], "inflate": 0.03, "uv": [58, 38]},
						{"origin": [-0.5, 22.76, 27.01], "size": [1, 1, 5], "inflate": 0.03, "uv": [55, 47]}
					]
				},
				{
					"name": "tail_fin6",
					"parent": "tail7",
					"pivot": [0, 23.75, 29.5],
					"cubes": [
						{"origin": [0, 23.75, 27], "size": [0, 2, 5], "inflate": 0.005, "uv": [68, -1]}
					]
				},
				{
					"name": "tail8",
					"parent": "tail7",
					"pivot": [0, 22.25, 32],
					"cubes": [
						{"origin": [-1, 21.25, 31.5], "size": [2, 2, 5], "inflate": 0.02, "uv": [65, 29]},
						{"origin": [-0.5, 23.26, 31.5], "size": [1, 0, 5], "inflate": 0.02, "uv": [65, 36]}
					]
				},
				{
					"name": "tail_fin7",
					"parent": "tail8",
					"pivot": [0, 23.25, 34],
					"cubes": [
						{"origin": [0, 23.25, 31.5], "size": [0, 2, 5], "uv": [58, 1]}
					]
				},
				{
					"name": "tail9",
					"parent": "tail8",
					"pivot": [0, 22.25, 36.5],
					"cubes": [
						{"origin": [-1, 21.25, 36], "size": [2, 2, 5], "inflate": 0.01, "uv": [67, 36]},
						{"origin": [-0.5, 23.26, 36], "size": [1, 0, 5], "inflate": 0.01, "uv": [71, 36]}
					]
				},
				{
					"name": "tail_fin8",
					"parent": "tail9",
					"pivot": [0, 23.25, 38.5],
					"cubes": [
						{"origin": [0, 23.25, 36], "size": [0, 2, 5], "inflate": 0.005, "uv": [68, 1]}
					]
				},
				{
					"name": "tail10",
					"parent": "tail9",
					"pivot": [0, 22.25, 41],
					"cubes": [
						{"origin": [-0.5, 21.25, 40.5], "size": [1, 2, 4], "uv": [68, 43]}
					]
				},
				{
					"name": "tail_fin9",
					"parent": "tail10",
					"pivot": [0, 23.25, 42.5],
					"cubes": [
						{"origin": [0, 23.25, 39.5], "size": [0, 2, 5], "uv": [58, 3]}
					]
				},
				{
					"name": "tail11",
					"parent": "tail10",
					"pivot": [0, 22.25, 44.5],
					"cubes": [
						{"origin": [-0.5, 21.25, 44], "size": [1, 2, 4], "inflate": 0.02, "uv": [62, 46]}
					]
				},
				{
					"name": "tail_fin10",
					"parent": "tail11",
					"pivot": [0, 23.25, 46],
					"cubes": [
						{"origin": [0, 23.25, 43], "size": [0, 2, 5], "inflate": 0.005, "uv": [68, 3]}
					]
				},
				{
					"name": "tail12",
					"parent": "tail11",
					"pivot": [0, 22.25, 48],
					"cubes": [
						{"origin": [-0.5, 21.75, 47.5], "size": [1, 1, 4], "inflate": 0.01, "uv": [58, 53]}
					]
				},
				{
					"name": "tail_fin11",
					"parent": "tail12",
					"pivot": [0, 22.75, 49.5],
					"cubes": [
						{"origin": [0, 22.75, 46.5], "size": [0, 2, 5], "uv": [58, 5]}
					]
				},
				{
					"name": "tail13",
					"parent": "tail12",
					"pivot": [0, 22.75, 51.5],
					"cubes": [
						{"origin": [-0.5, 21.75, 51.5], "size": [1, 1, 4], "uv": [52, 55]}
					]
				},
				{
					"name": "tail_fin12",
					"parent": "tail13",
					"pivot": [0, 22.75, 53.5],
					"cubes": [
						{"origin": [0, 22.75, 50.5], "size": [0, 2, 5], "inflate": 0.005, "uv": [68, 5]}
					]
				},
				{
					"name": "tail14",
					"parent": "tail13",
					"pivot": [0, 22.75, 55.5],
					"cubes": [
						{"origin": [-0.5, 21.75, 55.5], "size": [1, 1, 4], "inflate": 0.01, "uv": [62, 59]}
					]
				},
				{
					"name": "tail15",
					"parent": "tail14",
					"pivot": [0, 22.75, 59.5],
					"cubes": [
						{"origin": [0, 21.75, 59.5], "size": [0, 1, 4], "inflate": 0.005, "uv": [58, 57]}
					]
				},
				{
					"name": "tail16",
					"parent": "tail15",
					"pivot": [0, 22.75, 63.5],
					"cubes": [
						{"origin": [0, 21.75, 63.5], "size": [0, 1, 4], "uv": [58, 58]}
					]
				},
				{
					"name": "legs",
					"parent": "body",
					"pivot": [0, 22, -1.5]
				},
				{
					"name": "leg_left",
					"parent": "legs",
					"pivot": [1.7, 21.1, -1.75],
					"cubes": [
						{"origin": [0.5, 11.1, -2.75], "size": [2, 11, 2], "uv": [42, 0]}
					]
				},
				{
					"name": "leg_left2",
					"parent": "leg_left",
					"pivot": [1, 11.1, -2.25],
					"cubes": [
						{"origin": [1, 1.1, -2.25], "size": [1, 10, 2], "uv": [36, 14]}
					]
				},
				{
					"name": "foot_left",
					"parent": "leg_left2",
					"pivot": [1, 1.6, -1.25],
					"cubes": [
						{"origin": [0, -0.4, -5.25], "size": [3, 2, 5], "inflate": 0.02, "uv": [34, 26]}
					]
				},
				{
					"name": "toes_left",
					"parent": "foot_left",
					"pivot": [1.5, -0.4, -5.25]
				},
				{
					"name": "toe_inner_left",
					"parent": "toes_left",
					"pivot": [1, 1.6, -5.25],
					"rotation": [0, 5, 0],
					"cubes": [
						{"origin": [0, -0.4, -8.25], "size": [1, 2, 3], "uv": [28, 40]}
					]
				},
				{
					"name": "toe_middle_left",
					"parent": "toes_left",
					"pivot": [1.5, 1.6, -5.25],
					"cubes": [
						{"origin": [1, -0.4, -8.25], "size": [1, 2, 3], "inflate": 0.01, "uv": [26, 47]}
					]
				},
				{
					"name": "toe_outer_left",
					"parent": "toes_left",
					"pivot": [2, 1.6, -5.25],
					"rotation": [0, -7.5, 0],
					"cubes": [
						{"origin": [2, -0.4, -8.25], "size": [1, 2, 3], "uv": [41, 40]}
					]
				},
				{
					"name": "leg_right",
					"parent": "legs",
					"pivot": [-1.7, 21.1, -1.75],
					"cubes": [
						{"origin": [-2.5, 11.1, -2.75], "size": [2, 11, 2], "uv": [50, 0], "mirror": true}
					]
				},
				{
					"name": "leg_right2",
					"parent": "leg_right",
					"pivot": [-1, 11.1, -2.25],
					"cubes": [
						{"origin": [-2, 1.1, -2.25], "size": [1, 10, 2], "uv": [42, 14], "mirror": true}
					]
				},
				{
					"name": "foot_right",
					"parent": "leg_right2",
					"pivot": [-1, 1.6, -1.25],
					"cubes": [
						{"origin": [-3, -0.4, -5.25], "size": [3, 2, 5], "inflate": 0.02, "uv": [31, 33], "mirror": true}
					]
				},
				{
					"name": "toes_right",
					"parent": "foot_right",
					"pivot": [-1.5, -0.4, -5.25]
				},
				{
					"name": "toe_inner_right",
					"parent": "toes_right",
					"pivot": [-1, 1.6, -5.25],
					"rotation": [0, -5, 0],
					"cubes": [
						{"origin": [-1, -0.4, -8.25], "size": [1, 2, 3], "uv": [36, 42], "mirror": true}
					]
				},
				{
					"name": "toe_middle_right",
					"parent": "toes_right",
					"pivot": [-1.5, 1.6, -5.25],
					"cubes": [
						{"origin": [-2, -0.4, -8.25], "size": [1, 2, 3], "inflate": 0.01, "uv": [31, 45], "mirror": true}
					]
				},
				{
					"name": "toe_outer_right",
					"parent": "toes_right",
					"pivot": [-2, 1.6, -5.25],
					"rotation": [0, 7.5, 0],
					"cubes": [
						{"origin": [-3, -0.4, -8.25], "size": [1, 2, 3], "uv": [36, 47], "mirror": true}
					]
				}
			]
		}
	]
}