{
	"format_version": "1.12.0",
	"minecraft:geometry": [
		{
			"description": {
				"identifier": "geometry.clodsire",
				"texture_width": 128,
				"texture_height": 128,
				"visible_bounds_width": 5,
				"visible_bounds_height": 3.5,
				"visible_bounds_offset": [0, 1.25, 0]
			},
			"bones": [
				{
					"name": "clodsire",
					"pivot": [0, 0, 0]
				},
				{
					"name": "torso",
					"parent": "clodsire",
					"pivot": [0, 0, 0.5],
					"cubes": [
						{"origin": [-7.5, 0, -0.5], "size": [15, 13, 12], "uv": [10, 43]},
						{"origin": [2, 13.01, 3], "size": [4, 0, 4], "uv": [-4, 41]},
						{"origin": [-6, 13.01, 3], "size": [4, 0, 4], "uv": [-4, 45], "mirror": true},
						{"origin": [0, 8, 1], "size": [0, 8, 13], "inflate": 0.01, "uv": [68, 61]}
					]
				},
				{
                    "name": "locator_seat_1",
                    "parent": "torso",
                    "pivot": [0, 15, -11],
                    "locators": {
                        "seat_1": [0, 15, -11]
                    }
                },
				{
					"name": "spike_back_left",
					"parent": "torso",
					"pivot": [2, 13, 5],
					"rotation": [0, 0, 12.5],
					"cubes": [
						{"origin": [2, 13, 3], "size": [4, 4, 4], "uv": [112, 15]}
					]
				},
				{
					"name": "spike_back_left2",
					"parent": "spike_back_left",
					"pivot": [5.5, 17, 5],
					"rotation": [0, 0, -12.5],
					"cubes": [
						{"origin": [2.5, 17, 3.5], "size": [3, 3, 3], "uv": [116, 3]}
					]
				},
				{
					"name": "spike_back_left3",
					"parent": "spike_back_left2",
					"pivot": [5, 20, 5],
					"rotation": [0, 0, -5],
					"cubes": [
						{"origin": [3, 20, 4], "size": [2, 2, 2], "uv": [98, 30]}
					]
				},
				{
					"name": "spike_back_right",
					"parent": "torso",
					"pivot": [-2, 13, 5],
					"rotation": [0, 0, -12.5],
					"cubes": [
						{"origin": [-6, 13, 3], "size": [4, 4, 4], "uv": [112, 23], "mirror": true}
					]
				},
				{
					"name": "spike_back_right2",
					"parent": "spike_back_right",
					"pivot": [-5.5, 17, 5],
					"rotation": [0, 0, 12.5],
					"cubes": [
						{"origin": [-5.5, 17, 3.5], "size": [3, 3, 3], "uv": [116, 9], "mirror": true}
					]
				},
				{
					"name": "spike_back_right3",
					"parent": "spike_back_right2",
					"pivot": [-5, 20, 5],
					"rotation": [0, 0, 5],
					"cubes": [
						{"origin": [-5, 20, 4], "size": [2, 2, 2], "uv": [106, 30], "mirror": true}
					]
				},
				{
					"name": "head",
					"parent": "torso",
					"pivot": [0, 6.5, 0.5],
					"cubes": [
						{"origin": [-10, 0, -11.5], "size": [20, 16, 12], "inflate": 0.01, "uv": [64, 34]},
						{"origin": [9.98, 0, -21.5], "size": [0, 2, 10], "uv": [94, 64]},
						{"origin": [-9.98, 0, -21.5], "size": [0, 2, 10], "uv": [94, 66]},
						{"origin": [-10, 0, -21.5], "size": [20, 0, 10], "uv": [58, 64]},
						{"origin": [-10, 0, -21.48], "size": [20, 2, 0], "uv": [64, 62]}
					]
				},
				{
					"name": "upper_jaw",
					"parent": "head",
					"pivot": [0, 10, -11.5],
					"cubes": [
						{"origin": [-10, 10, -21.5], "size": [20, 6, 16], "uv": [0, 0]}
					]
				},
				{
					"name": "upper_jaw2",
					"parent": "upper_jaw",
					"pivot": [0, 10, -11.5],
					"cubes": [
						{"origin": [10, 4, -21.5], "size": [0, 6, 10], "inflate": 0.01, "uv": [56, -10]},
						{"origin": [-10, 4, -21.5], "size": [0, 6, 10], "inflate": 0.01, "uv": [56, -4]},
						{"origin": [-10, 4, -21.5], "size": [20, 6, 0], "inflate": 0.01, "uv": [76, 0]},
						{"origin": [-2, 6.5, -21.52], "size": [1, 1, 0], "uv": [2, 1]},
						{"origin": [1, 6.5, -21.52], "size": [1, 1, 0], "uv": [2, 0]}
					]
				},
				{
					"name": "eyes",
					"parent": "upper_jaw2",
					"pivot": [0, 8.5, -21.52]
				},
				{
					"name": "eye_left",
					"parent": "eyes",
					"pivot": [7.5, 8.5, -21.52],
					"cubes": [
						{"origin": [7, 8, -21.52], "size": [1, 1, 0], "uv": [0, 0]}
					]
				},
				{
					"name": "eyelid_left",
					"parent": "eye_left",
					"pivot": [7.5, 8.375, -21.425],
					"cubes": [
						{"origin": [7, 8, -21.42], "size": [1, 1, 0], "inflate": 0.01, "uv": [4, 0]},
						{"origin": [6.75, 8, -21.43], "size": [1.5, 0.5, 0], "inflate": 0.01, "uv": [6, 1]}
					]
				},
				{
					"name": "eye_right",
					"parent": "eyes",
					"pivot": [-7.5, 8.5, -21.52],
					"cubes": [
						{"origin": [-8, 8, -21.52], "size": [1, 1, 0], "uv": [0, 0], "mirror": true}
					]
				},
				{
					"name": "eyelid_right",
					"parent": "eye_right",
					"pivot": [-7.5, 8.375, -21.425],
					"cubes": [
						{"origin": [-8, 8, -21.42], "size": [1, 1, 0], "inflate": 0.01, "uv": [4, 1], "mirror": true},
						{"origin": [-8.25, 8, -21.43], "size": [1.5, 0.5, 0], "inflate": 0.01, "uv": [6, 2], "mirror": true}
					]
				},
				{
					"name": "spike_front_left",
					"parent": "upper_jaw",
					"pivot": [4, 16, -9.5],
					"rotation": [0, 0, 12.5],
					"cubes": [
						{"origin": [4, 16, -11.5], "size": [4, 5, 4], "uv": [0, 22]}
					]
				},
				{
					"name": "spike_front_left2",
					"parent": "spike_front_left",
					"pivot": [7.5, 21, -9.5],
					"rotation": [0, 0, -12.5],
					"cubes": [
						{"origin": [4.5, 21, -11], "size": [3, 4, 3], "uv": [16, 22]}
					]
				},
				{
					"name": "spike_front_left3",
					"parent": "spike_front_left2",
					"pivot": [7, 25, -9.5],
					"rotation": [0, 0, -7.5],
					"cubes": [
						{"origin": [5, 25, -10.5], "size": [2, 3, 2], "uv": [28, 22]}
					]
				},
				{
					"name": "spike_front_right",
					"parent": "upper_jaw",
					"pivot": [-4, 16, -9.5],
					"rotation": [0, 0, -12.5],
					"cubes": [
						{"origin": [-8, 16, -11.5], "size": [4, 5, 4], "uv": [3, 32], "mirror": true}
					]
				},
				{
					"name": "spike_front_right2",
					"parent": "spike_front_right",
					"pivot": [-7.5, 21, -9.5],
					"rotation": [0, 0, 12.5],
					"cubes": [
						{"origin": [-7.5, 21, -11], "size": [3, 4, 3], "uv": [15, 29], "mirror": true}
					]
				},
				{
					"name": "spike_front_right3",
					"parent": "spike_front_right2",
					"pivot": [-7, 25, -9.5],
					"rotation": [0, 0, 7.5],
					"cubes": [
						{"origin": [-7, 25, -10.5], "size": [2, 3, 2], "uv": [24, 36], "mirror": true}
					]
				},
				{
					"name": "lower_jaw",
					"parent": "head",
					"pivot": [0, 5, -11.5],
					"cubes": [
						{"origin": [-10, 2, -21.49], "size": [20, 3, 0], "uv": [76, 6]},
						{"origin": [-10, 4, -21.5], "size": [20, 0, 10], "uv": [66, 9]},
						{"origin": [9.99, 2, -21.5], "size": [0, 11, 10], "uv": [72, 9]},
						{"origin": [-9.99, 2, -21.5], "size": [0, 11, 10], "uv": [92, 9]}
					]
				},
				{
					"name": "tongue",
					"parent": "lower_jaw",
					"pivot": [0, 3.5, -11.5],
					"cubes": [
						{"origin": [-9, 3.5, -20.5], "size": [18, 3, 9], "uv": [27, 22]}
					]
				},
				{
					"name": "arms",
					"parent": "head",
					"pivot": [0, 2, -4]
				},
				{
					"name": "arm_left",
					"parent": "arms",
					"pivot": [10, 2.25, -4.5],
					"cubes": [
						{"origin": [9, 0.25, -7.5], "size": [6, 4, 6], "uv": [0, 89]}
					]
				},
				{
					"name": "arm_right",
					"parent": "arms",
					"pivot": [-10, 2.25, -4.5],
					"cubes": [
						{"origin": [-15, 0.25, -7.5], "size": [6, 4, 6], "uv": [24, 89], "mirror": true}
					]
				},
				{
					"name": "spike_middle_left",
					"parent": "head",
					"pivot": [3, 16, -2.5],
					"rotation": [0, 0, 12.5],
					"cubes": [
						{"origin": [3, 16, -4.5], "size": [4, 5, 4], "uv": [32, 34]}
					]
				},
				{
					"name": "spike_middle_left2",
					"parent": "spike_middle_left",
					"pivot": [6.5, 21, -2.5],
					"rotation": [0, 0, -12.5],
					"cubes": [
						{"origin": [3.5, 21, -4], "size": [3, 3, 3], "uv": [64, 34]}
					]
				},
				{
					"name": "spike_middle_left3",
					"parent": "spike_middle_left2",
					"pivot": [6, 24, -2.5],
					"rotation": [0, 0, -7.5],
					"cubes": [
						{"origin": [4, 24, -3.5], "size": [2, 3, 2], "uv": [8, 41]}
					]
				},
				{
					"name": "spike_middle_right",
					"parent": "head",
					"pivot": [-3, 16, -2.5],
					"rotation": [0, 0, -12.5],
					"cubes": [
						{"origin": [-7, 16, -4.5], "size": [4, 5, 4], "uv": [48, 34], "mirror": true}
					]
				},
				{
					"name": "spike_middle_right2",
					"parent": "spike_middle_right",
					"pivot": [-6.5, 21, -2.5],
					"rotation": [0, 0, 12.5],
					"cubes": [
						{"origin": [-6.5, 21, -4], "size": [3, 3, 3], "uv": [64, 40], "mirror": true}
					]
				},
				{
					"name": "spike_middle_right3",
					"parent": "spike_middle_right2",
					"pivot": [-6, 24, -2.5],
					"rotation": [0, 0, 7.5],
					"cubes": [
						{"origin": [-6, 24, -3.5], "size": [2, 3, 2], "uv": [14, 44], "mirror": true}
					]
				},
				{
					"name": "tail",
					"parent": "torso",
					"pivot": [0, 4.5, 11.5],
					"cubes": [
						{"origin": [-4, 0.25, 10.5], "size": [8, 8, 4], "uv": [44, 68]}
					]
				},
				{
					"name": "tail2",
					"parent": "tail",
					"pivot": [0, 4.5, 13.5],
					"cubes": [
						{"origin": [-5.5, 0, 13.5], "size": [11, 10, 11], "inflate": 0.01, "uv": [0, 68]},
						{"origin": [0, 10, 13.5], "size": [0, 2, 9], "uv": [94, 69]}
					]
				},
				{
					"name": "legs",
					"parent": "clodsire",
					"pivot": [0, 2.25, 7]
				},
				{
					"name": "leg_left",
					"parent": "legs",
					"pivot": [7.5, 2.25, 4],
					"cubes": [
						{"origin": [6.5, 0.25, 4], "size": [6, 4, 6], "uv": [0, 99]}
					]
				},
				{
					"name": "leg_right",
					"parent": "legs",
					"pivot": [-7.5, 2.25, 4],
					"cubes": [
						{"origin": [-12.5, 0.25, 4], "size": [6, 4, 6], "uv": [24, 99], "mirror": true}
					]
				}
			]
		}
	]
}