{
	"format_version": "1.12.0",
	"minecraft:geometry": [
		{
			"description": {
				"identifier": "geometry.honchkrow",
				"texture_width": 128,
				"texture_height": 128,
				"visible_bounds_width": 8,
				"visible_bounds_height": 3.5,
				"visible_bounds_offset": [0, 1.25, 0]
			},
			"bones": [
				{
					"name": "honchkrow",
					"pivot": [0, 0, 0]
				},
				{
					"name": "locator_root",
					"parent": "honchkrow",
					"pivot": [0, 0, 0],
					"locators": {
						"root": [0, 0, 0]
					}
				},
				{
					"name": "locator_top",
					"parent": "honchkrow",
					"pivot": [0, 29, 0],
					"locators": {
						"top": [0, 29, 0]
					}
				},
				{
					"name": "body",
					"parent": "honchkrow",
					"pivot": [0, 13, 0]
				},
				{
                    "name": "locator_seat_1",
                    "parent": "body",
                    "pivot": [0, 15, 5],
                    "locators": {
                        "seat_1": [0, 15, 5]
                    }
                },
				{
					"name": "locator_target",
					"parent": "body",
					"pivot": [0, 14, -14],
					"locators": {
						"target": [0, 14, -14]
					}
				},
				{
					"name": "locator_middle",
					"parent": "body",
					"pivot": [0, 16, 0],
					"locators": {
						"middle": [0, 16, 0]
					}
				},
				{
					"name": "torso",
					"parent": "body",
					"pivot": [0, 9, 2],
					"cubes": [
						{"origin": [-5.5, 6.7, -5.7], "size": [11, 8, 11], "uv": [0, 24]}
					]
				},
				{
					"name": "tail",
					"parent": "torso",
					"pivot": [0, 10.2, 5.3],
					"cubes": [
						{"origin": [-3.5, 6.7, 5.3], "size": [7, 6, 5], "pivot": [0, 6.7, 5.3], "rotation": [45, 0, 0], "uv": [33, 24]}
					]
				},
				{
					"name": "tail2",
					"parent": "tail",
					"pivot": [0, 8.3, 7.25],
					"rotation": [-45, 0, 0],
					"cubes": [
						{"origin": [-2, 6.3, 6.2], "size": [4, 4, 6], "uv": [73, 40]}
					]
				},
				{
					"name": "tail3",
					"parent": "tail2",
					"pivot": [0, 8.3, 12.2],
					"cubes": [
						{"origin": [-2.5, 5.8, 11.7], "size": [5, 5, 5], "uv": [1, 97]},
						{"origin": [-4.5, 3.8, 15.7], "size": [9, 9, 0], "uv": [18, 108]},
						{"origin": [-4.5, 3.8, 12.7], "size": [9, 9, 0], "uv": [18, 118]},
						{"origin": [-4.5, 9.8, 10.7], "size": [9, 0, 8], "uv": [29, 110]},
						{"origin": [-4.5, 6.8, 10.7], "size": [9, 0, 8], "uv": [29, 119]},
						{"origin": [1.5, 3.8, 10.7], "size": [0, 9, 8], "uv": [1, 110]},
						{"origin": [-1.5, 3.8, 10.7], "size": [0, 9, 8], "uv": [1, 100]}
					]
				},
				{
					"name": "locator_tail",
					"parent": "tail3",
					"pivot": [0, 8.3, 14.2],
					"rotation": [-180, 0, 180],
					"locators": {
						"tail": [0, 8.3, 14.2]
					}
				},
				{
					"name": "locator_tail_tip",
					"parent": "tail3",
					"pivot": [0, 8.3, 16.7],
					"rotation": [-180, 0, 180],
					"locators": {
						"tail_tip": [0, 8.3, 16.7]
					}
				},
				{
					"name": "torso2",
					"parent": "torso",
					"pivot": [0, 11.1, -0.3],
					"rotation": [30, 0, 0],
					"cubes": [
						{"origin": [-6.5, 10, -7.3], "size": [13, 10, 14], "uv": [0, 0]}
					]
				},
				{
					"name": "wings",
					"parent": "torso2",
					"pivot": [0, 18, -0.3]
				},
				{
					"name": "wings_closed",
					"parent": "wings",
					"pivot": [0, 18.5, -0.3]
				},
				{
					"name": "wing_closed_right",
					"parent": "wings_closed",
					"pivot": [-7, 18.5, -0.3],
					"cubes": [
						{"origin": [-9, 10.5, -5.3], "size": [3, 10, 10], "inflate": 0.01, "uv": [0, 43]}
					]
				},
				{
					"name": "wing_closed_right2",
					"parent": "wing_closed_right",
					"pivot": [-7, 10.5, -2.8],
					"rotation": [40, 0, 0],
					"cubes": [
						{"origin": [-8, 4.5, -3.3], "size": [2, 7, 5], "uv": [0, 83]}
					]
				},
				{
					"name": "wing_closed_right3",
					"parent": "wing_closed_right2",
					"pivot": [-7, 4.5, -1.8],
					"cubes": [
						{"origin": [-7.5, 1.5, -2.8], "size": [1, 4, 3], "uv": [0, 46]}
					]
				},
				{
					"name": "wing_closed_right4",
					"parent": "wing_closed_right3",
					"pivot": [-7, 1.5, -1.8]
				},
				{
					"name": "wing_closed_feather_right",
					"parent": "wing_closed_right4",
					"pivot": [-7, 3, 0.2],
					"cubes": [
						{"origin": [-7, 1.5, -0.8], "size": [0, 3, 8], "inflate": 0.02, "uv": [90, 70]}
					]
				},
				{
					"name": "wing_closed_feather_right2",
					"parent": "wing_closed_right4",
					"pivot": [-7, 1.5, 0.2],
					"cubes": [
						{"origin": [-7, -1.5, -0.8], "size": [0, 4, 7], "inflate": 0.01, "uv": [59, 85]}
					]
				},
				{
					"name": "wing_closed_feather_right3",
					"parent": "wing_closed_right4",
					"pivot": [-7, 1.5, -0.3],
					"cubes": [
						{"origin": [-7, -3.5, -0.8], "size": [0, 5, 6], "uv": [74, 84]}
					]
				},
				{
					"name": "wing_closed_feather_right4",
					"parent": "wing_closed_right4",
					"pivot": [-7, 1.5, -2],
					"cubes": [
						{"origin": [-7, -5.5, -2.8], "size": [0, 8, 5], "inflate": 0.02, "uv": [87, 79]}
					]
				},
				{
					"name": "wing_closed_left",
					"parent": "wings_closed",
					"pivot": [7, 18.5, -0.3],
					"cubes": [
						{"origin": [6, 10.5, -5.3], "size": [3, 10, 10], "inflate": 0.01, "uv": [0, 63]}
					]
				},
				{
					"name": "wing_closed_left2",
					"parent": "wing_closed_left",
					"pivot": [7, 10.5, -2.8],
					"rotation": [40, 0, 0],
					"cubes": [
						{"origin": [6, 4.5, -3.3], "size": [2, 7, 5], "uv": [14, 83]}
					]
				},
				{
					"name": "wing_closed_left3",
					"parent": "wing_closed_left2",
					"pivot": [7, 4.5, -1.8],
					"cubes": [
						{"origin": [6.5, 1.5, -2.8], "size": [1, 4, 3], "uv": [0, 66]}
					]
				},
				{
					"name": "wing_closed_left4",
					"parent": "wing_closed_left3",
					"pivot": [7, 1.5, -1.8]
				},
				{
					"name": "wing_closed_feather_left",
					"parent": "wing_closed_left4",
					"pivot": [7, 3, 0.2],
					"cubes": [
						{"origin": [7, 1.5, -0.8], "size": [0, 3, 8], "inflate": 0.02, "uv": [90, 66]}
					]
				},
				{
					"name": "wing_closed_feather_left2",
					"parent": "wing_closed_left4",
					"pivot": [7, 1.5, 0.2],
					"cubes": [
						{"origin": [7, -1.5, -0.8], "size": [0, 4, 7], "inflate": 0.01, "uv": [59, 90]}
					]
				},
				{
					"name": "wing_closed_feather_left3",
					"parent": "wing_closed_left4",
					"pivot": [7, 1.5, -0.3],
					"cubes": [
						{"origin": [7, -3.5, -0.8], "size": [0, 5, 6], "uv": [74, 90]}
					]
				},
				{
					"name": "wing_closed_feather_left4",
					"parent": "wing_closed_left4",
					"pivot": [7, 1.5, -2],
					"cubes": [
						{"origin": [7, -5.5, -2.8], "size": [0, 8, 5], "inflate": 0.02, "uv": [87, 88]}
					]
				},
				{
					"name": "wings_open",
					"parent": "wings",
					"pivot": [0, 19, -0.3],
					"rotation": [-45, 0, 0]
				},
				{
					"name": "wing_open_right",
					"parent": "wings_open",
					"pivot": [-6.5, 19, -0.3],
					"cubes": [
						{"origin": [-17, 18, -3.3], "size": [11, 2, 6], "uv": [23, 80]}
					]
				},
				{
					"name": "feathers_inner_right",
					"parent": "wing_open_right",
					"pivot": [-11.5, 19, 2.7],
					"cubes": [
						{"origin": [-17, 19, 1.7], "size": [10, 0, 12], "uv": [45, 102]}
					]
				},
				{
					"name": "wing_open_right2",
					"parent": "wing_open_right",
					"pivot": [-17, 19, -3.3],
					"cubes": [
						{"origin": [-27.5, 18, -3.8], "size": [11, 2, 7], "inflate": 0.02, "uv": [16, 44]}
					]
				},
				{
					"name": "locator_wing_right",
					"parent": "wing_open_right2",
					"pivot": [-26.5, 19, -1.4],
					"rotation": [0, 90, 0],
					"locators": {
						"wing": [-26.5, 19, -1.4]
					}
				},
				{
					"name": "feathers_middle_right",
					"parent": "wing_open_right2",
					"pivot": [-24, 19, 3.2],
					"cubes": [
						{"origin": [-27.5, 19, 2.2], "size": [11, 0, 12], "inflate": 0.01, "uv": [66, 102]}
					]
				},
				{
					"name": "feathers_middle_right2",
					"parent": "feathers_middle_right",
					"pivot": [-27.5, 19, 8.2],
					"cubes": [
						{"origin": [-31.5, 19, 5.2], "size": [4, 0, 8], "inflate": 0.01, "uv": [90, 82]}
					]
				},
				{
					"name": "wing_open_right3",
					"parent": "wing_open_right2",
					"pivot": [-27.5, 19.5, -3.3],
					"cubes": [
						{"origin": [-36.5, 19, -3.3], "size": [9, 1, 4], "inflate": 0.01, "uv": [26, 53]}
					]
				},
				{
					"name": "feathers_end_right",
					"parent": "wing_open_right3",
					"pivot": [-34, 19, 0.7],
					"cubes": [
						{"origin": [-40.5, 19, -3.3], "size": [13, 0, 13], "uv": [88, 100]}
					]
				},
				{
					"name": "feathers_end_right2",
					"parent": "feathers_end_right",
					"pivot": [-40.5, 19, -3.3],
					"cubes": [
						{"origin": [-50.5, 19, -3.3], "size": [10, 0, 9], "uv": [98, 80]}
					]
				},
				{
					"name": "wing_open_left",
					"parent": "wings_open",
					"pivot": [6.5, 19, -0.3],
					"cubes": [
						{"origin": [6, 18, -3.3], "size": [11, 2, 6], "uv": [26, 72]}
					]
				},
				{
					"name": "feathers_inner_left",
					"parent": "wing_open_left",
					"pivot": [11.5, 19, 2.7],
					"cubes": [
						{"origin": [7, 19, 1.7], "size": [10, 0, 12], "uv": [45, 115]}
					]
				},
				{
					"name": "wing_open_left2",
					"parent": "wing_open_left",
					"pivot": [17, 19, -3.3],
					"cubes": [
						{"origin": [16.5, 18, -3.8], "size": [11, 2, 7], "inflate": 0.02, "uv": [16, 63]}
					]
				},
				{
					"name": "locator_wing_left",
					"parent": "wing_open_left2",
					"pivot": [26.5, 19, -1.4],
					"rotation": [0, -90, 0],
					"locators": {
						"wing2": [26.5, 19, -1.4]
					}
				},
				{
					"name": "feathers_middle_left",
					"parent": "wing_open_left2",
					"pivot": [24, 19, 3.2],
					"cubes": [
						{"origin": [16.5, 19, 2.2], "size": [11, 0, 12], "inflate": 0.01, "uv": [66, 115]}
					]
				},
				{
					"name": "feathers_middle_left2",
					"parent": "feathers_middle_left",
					"pivot": [27.5, 19, 8.2],
					"cubes": [
						{"origin": [27.5, 19, 5.2], "size": [4, 0, 8], "inflate": 0.01, "uv": [90, 91]}
					]
				},
				{
					"name": "wing_open_left3",
					"parent": "wing_open_left2",
					"pivot": [27.5, 19, -3.3],
					"cubes": [
						{"origin": [27.5, 19, -3.3], "size": [9, 1, 4], "inflate": 0.01, "uv": [26, 58]}
					]
				},
				{
					"name": "feathers_end_left",
					"parent": "wing_open_left3",
					"pivot": [34, 19, 0.7],
					"cubes": [
						{"origin": [27.5, 19, -3.3], "size": [13, 0, 13], "uv": [88, 114]}
					]
				},
				{
					"name": "feathers_end_left2",
					"parent": "feathers_end_left",
					"pivot": [40.5, 19, -3.3],
					"cubes": [
						{"origin": [40.5, 19, -3.3], "size": [10, 0, 9], "uv": [98, 90]}
					]
				},
				{
					"name": "plumage",
					"parent": "torso2",
					"pivot": [0, 21, 0.7],
					"rotation": [-14, 0, 0],
					"cubes": [
						{"origin": [-5.5, 18, -6.3], "size": [11, 4, 13], "inflate": 0.01, "uv": [80, 37]}
					]
				},
				{
					"name": "plumage2",
					"parent": "plumage",
					"pivot": [0, 22, -6.3],
					"rotation": [70, 0, 0],
					"cubes": [
						{"origin": [-5.5, 19, -11.3], "size": [11, 3, 5], "uv": [53, 50]}
					]
				},
				{
					"name": "plumage3",
					"parent": "plumage2",
					"pivot": [0, 20.5, -11.3],
					"cubes": [
						{"origin": [-2.5, 19.5, -14.3], "size": [5, 2, 4], "uv": [82, 54]},
						{"origin": [-5.5, 20.5, -15.3], "size": [11, 0, 5], "uv": [54, 59]}
					]
				},
				{
					"name": "plumage4",
					"parent": "plumage3",
					"pivot": [0, 20.5, -15.3],
					"cubes": [
						{"origin": [-2.5, 20.5, -18.3], "size": [5, 0, 3], "uv": [79, 61]}
					]
				},
				{
					"name": "plumage_back",
					"parent": "plumage",
					"pivot": [0, 22, 6.7],
					"rotation": [-60, 0, 0],
					"cubes": [
						{"origin": [-5.5, 19, 6.7], "size": [11, 3, 6], "uv": [94, 54]}
					]
				},
				{
					"name": "head",
					"parent": "torso2",
					"pivot": [0, 21.6, 1.5],
					"rotation": [-30, 0, 0]
				},
				{
					"name": "head_ai",
					"parent": "head",
					"pivot": [0, 21.6, 0.5]
				},
				{
					"name": "head_angle",
					"parent": "head_ai",
					"pivot": [0, 21.6, 0.5],
					"cubes": [
						{"origin": [-3.5, 20, -2.5], "size": [7, 5, 8], "uv": [79, 0]},
						{"origin": [-1, 21.3, -2.51], "size": [2, 1, 0], "uv": [29, 89]}
					]
				},
				{
					"name": "locator_face",
					"parent": "head_angle",
					"pivot": [0, 22.1, -7.4],
					"locators": {
						"face": [0, 22.1, -7.4]
					}
				},
				{
					"name": "locator_item_face",
					"parent": "head_angle",
					"pivot": [0, 23, -2.5],
					"locators": {
						"item_face": [0, 23, -2.5]
					}
				},
				{
					"name": "locator_mouth",
					"parent": "head_angle",
					"pivot": [0, 22.1, -2.5],
					"locators": {
						"mouth": [0, 22.1, -2.5],
						"special": [0, 22.1, -2.5]
					}
				},
				{
					"name": "beak",
					"parent": "head_angle",
					"pivot": [0, 24.1, -2.5],
					"rotation": [12, 0, 0],
					"cubes": [
						{"origin": [-1, 22.1, -5.6], "size": [2, 2, 4], "inflate": 0.01, "uv": [39, 89]},
						{"origin": [-0.5, 22.1, -7.6], "size": [1, 2, 2], "inflate": 0.01, "uv": [37, 89]}
					]
				},
				{
					"name": "locator_jaw_upper",
					"parent": "beak",
					"pivot": [0, 22, -5.6],
					"rotation": [-90, 0, 0],
					"locators": {
						"jaw1": [0, 22, -5.6]
					}
				},
				{
					"name": "locator_beak",
					"parent": "beak",
					"pivot": [0, 23.1, -7.6],
					"locators": {
						"beak": [0, 23.1, -7.6],
						"physical": [0, 23.1, -7.6]
					}
				},
				{
					"name": "jaw",
					"parent": "head_angle",
					"pivot": [0, 21.7, -2.1],
					"rotation": [-4, 0, 0],
					"cubes": [
						{"origin": [-1, 20.7, -5.1], "size": [2, 1, 3], "uv": [29, 91]},
						{"origin": [-1, 21.05, -5.1], "size": [2, 1, 3], "uv": [29, 91]},
						{"origin": [-0.5, 20.7, -6.1], "size": [1, 1, 1], "uv": [48, 90]},
						{"origin": [-0.5, 21.05, -6.1], "size": [1, 1, 1], "uv": [48, 90]}
					]
				},
				{
					"name": "locator_jaw_lower",
					"parent": "jaw",
					"pivot": [0, 22.15, -5],
					"locators": {
						"jaw2": {
							"offset": [0, 22.15, -5],
							"rotation": [-90, 0, 0]
						},
						"item": [0, 22.15, -5]
					}
				},
				{
					"name": "hat",
					"parent": "head_angle",
					"pivot": [0, 24.1, -1.9],
					"cubes": [
						{"origin": [-9.19, 24.1, -1.77], "size": [10, 1, 10], "inflate": 0.01, "uv": [52, 14]},
						{"origin": [-0.81, 24.1, -1.77], "size": [10, 1, 10], "inflate": 0.01, "uv": [47, 25]},
						{"origin": [-4.5, 24.1, -9.1], "size": [13, 1, 13], "pivot": [0, 24.6, -4.6], "rotation": [0, -45, 0], "uv": [40, 0]}
					]
				},
				{
					"name": "hat2",
					"parent": "hat",
					"pivot": [0, 25.05, 0.6],
					"cubes": [
						{"origin": [-3.5, 25, -2], "size": [7, 4, 7], "inflate": -0.15, "uv": [85, 13]},
						{"origin": [-3.5, 25.1, -2], "size": [7, 4, 7], "uv": [85, 24]}
					]
				},
				{
					"name": "locator_head",
					"parent": "hat2",
					"pivot": [0, 29.1, 1.5],
					"locators": {
						"head": [0, 29.1, 1.5],
						"item_hat": [0, 29.1, 1.5]
					}
				},
				{
					"name": "brim_back_middle",
					"parent": "hat",
					"pivot": [0, 25.1, 8.25],
					"rotation": [15, 0, 0],
					"cubes": [
						{"origin": [-5, 25.1, 7.3], "size": [10, 0, 6], "uv": [101, 73]}
					]
				},
				{
					"name": "brim_back_right",
					"parent": "hat",
					"pivot": [-7, 25.1, 8.25],
					"rotation": [15, 0, 0],
					"cubes": [
						{"origin": [-10, 25.1, 5.3], "size": [5, 0, 7], "uv": [99, 65]}
					]
				},
				{
					"name": "brim_back_left",
					"parent": "hat",
					"pivot": [7, 25.1, 8.25],
					"rotation": [15, 0, 0],
					"cubes": [
						{"origin": [5, 25.1, 5.3], "size": [5, 0, 7], "uv": [110, 65]}
					]
				},
				{
					"name": "eyes",
					"parent": "head_angle",
					"pivot": [0, 14.26094, 2.98017]
				},
				{
					"name": "eye_right",
					"parent": "eyes",
					"pivot": [-2.5, 23, -2.5],
					"cubes": [
						{"origin": [-3.5, 22, -2.5], "size": [2, 1, 0], "inflate": 0.01, "uv": [1, 1]}
					]
				},
				{
					"name": "eye_emote_right",
					"parent": "eye_right",
					"pivot": [-3, 23, -2.51],
					"cubes": [
						{"origin": [-3.5, 22.5, -2.51], "size": [1, 1, 0], "inflate": 0.01, "uv": [1, 3]}
					]
				},
				{
					"name": "pupil_right",
					"parent": "eye_right",
					"pivot": [-2.41, 23, -2.52],
					"cubes": [
						{"origin": [-2.91, 22.5, -2.52], "size": [1, 1, 0], "inflate": 0.01, "uv": [1, 5]}
					]
				},
				{
					"name": "locator_eye_right",
					"parent": "pupil_right",
					"pivot": [-2.4, 23, -2.5],
					"locators": {
						"eye1": [-2.4, 23, -2.5]
					}
				},
				{
					"name": "eyelid_right",
					"parent": "eye_right",
					"pivot": [-2.4, 23, -1.9],
					"cubes": [
						{"origin": [-3.4, 22, -2.4], "size": [2, 2, 1], "inflate": 0.04, "uv": [40, 0]}
					]
				},
				{
					"name": "eyelid_happy_right",
					"parent": "eye_right",
					"pivot": [-2.4, 23, -1.9],
					"cubes": [
						{"origin": [-3.4, 22, -2.4], "size": [2, 2, 1], "inflate": 0.04, "uv": [40, 3]}
					]
				},
				{
					"name": "eyelid_hurt_right",
					"parent": "eye_right",
					"pivot": [-2.4, 23, -1.9],
					"cubes": [
						{"origin": [-3.4, 22, -2.4], "size": [2, 2, 1], "inflate": 0.04, "uv": [40, 6]}
					]
				},
				{
					"name": "eye_left",
					"parent": "eyes",
					"pivot": [2.5, 23, -2.5],
					"cubes": [
						{"origin": [1.5, 22, -2.5], "size": [2, 1, 0], "inflate": 0.01, "uv": [6, 1]}
					]
				},
				{
					"name": "eye_emote_left",
					"parent": "eye_left",
					"pivot": [3, 23, -2.51],
					"cubes": [
						{"origin": [2.5, 22.5, -2.51], "size": [1, 1, 0], "inflate": 0.01, "uv": [4, 3]}
					]
				},
				{
					"name": "pupil_left",
					"parent": "eye_left",
					"pivot": [2.41, 23, -2.52],
					"cubes": [
						{"origin": [1.91, 22.5, -2.52], "size": [1, 1, 0], "inflate": 0.01, "uv": [4, 5]}
					]
				},
				{
					"name": "locator_eye_left",
					"parent": "pupil_left",
					"pivot": [2.4, 23, -2.5],
					"locators": {
						"eye2": [2.4, 23, -2.5]
					}
				},
				{
					"name": "eyelid_left",
					"parent": "eye_left",
					"pivot": [2.4, 23, -1.9],
					"cubes": [
						{"origin": [1.4, 22, -2.4], "size": [2, 2, 1], "inflate": 0.04, "uv": [46, 0]}
					]
				},
				{
					"name": "eyelid_happy_left",
					"parent": "eye_left",
					"pivot": [2.4, 23, -1.9],
					"cubes": [
						{"origin": [1.4, 22, -2.4], "size": [2, 2, 1], "inflate": 0.04, "uv": [46, 3]}
					]
				},
				{
					"name": "eyelid_hurt_left",
					"parent": "eye_left",
					"pivot": [2.4, 23, -1.9],
					"cubes": [
						{"origin": [1.4, 22, -2.4], "size": [2, 2, 1], "inflate": 0.04, "uv": [46, 6]}
					]
				},
				{
					"name": "seat_1_locator",
					"parent": "torso2",
					"pivot": [0, 13, 6],
					"locators": {
						"seat_1": [0, 13, 6]
					}
				},
				{
					"name": "legs",
					"parent": "body",
					"pivot": [0, 7.1, 1.85]
				},
				{
					"name": "leg_right",
					"parent": "legs",
					"pivot": [-2.5, 7.1, 1.8],
					"cubes": [
						{"origin": [-3, 3.6, 1.3], "size": [1, 1, 1], "inflate": 0.2, "uv": [63, 72]},
						{"origin": [-4.5, 4.7, -0.2], "size": [4, 4, 4], "uv": [44, 36]}
					]
				},
				{
					"name": "leg_right2",
					"parent": "leg_right",
					"pivot": [-2.5, 3.4, 2.5],
					"cubes": [
						{"origin": [-3, 1.2, 1.3], "size": [1, 2, 1], "inflate": 0.21, "uv": [70, 67]}
					]
				},
				{
					"name": "foot_right",
					"parent": "leg_right2",
					"pivot": [-2.5, 1.6, 1.8],
					"cubes": [
						{"origin": [-4, 0, 0], "size": [3, 2, 3], "inflate": 0.01, "uv": [61, 67]}
					]
				},
				{
					"name": "locator_foot_primary",
					"parent": "foot_right",
					"pivot": [-2.5, 1, 1],
					"locators": {
						"foot_primary": [-2.5, 1, 1]
					}
				},
				{
					"name": "toe_back_right",
					"parent": "foot_right",
					"pivot": [-2.5, 2, 3],
					"cubes": [
						{"origin": [-3, 0, 3], "size": [1, 2, 2], "uv": [65, 80]}
					]
				},
				{
					"name": "claw_back_right",
					"parent": "toe_back_right",
					"pivot": [-2.5, 2, 5],
					"cubes": [
						{"origin": [-2.5, 0, 5], "size": [0, 2, 2], "uv": [22, 103]}
					]
				},
				{
					"name": "toe_inner_right",
					"parent": "foot_right",
					"pivot": [-2, 2, 0],
					"rotation": [0, -15, 0],
					"cubes": [
						{"origin": [-2, 0, -1.7], "size": [1, 2, 2], "uv": [69, 74]}
					]
				},
				{
					"name": "toe_inner_right2",
					"parent": "toe_inner_right",
					"pivot": [-1.5, 2, -1.7],
					"cubes": [
						{"origin": [-2, 0, -3.7], "size": [1, 2, 2], "inflate": 0.01, "uv": [69, 78]}
					]
				},
				{
					"name": "claw_inner_right",
					"parent": "toe_inner_right2",
					"pivot": [-1.5, 2, -3.7],
					"cubes": [
						{"origin": [-1.5, 0, -5.7], "size": [0, 2, 2], "uv": [22, 94]}
					]
				},
				{
					"name": "toe_middle_right",
					"parent": "foot_right",
					"pivot": [-2.5, 2, 0],
					"cubes": [
						{"origin": [-3, 0, -1.9], "size": [1, 2, 2], "uv": [65, 72]}
					]
				},
				{
					"name": "toe_middle_right2",
					"parent": "toe_middle_right",
					"pivot": [-2.5, 2, -1.9],
					"cubes": [
						{"origin": [-3, 0, -3.9], "size": [1, 2, 2], "inflate": 0.01, "uv": [65, 76]}
					]
				},
				{
					"name": "claw_middle_right",
					"parent": "toe_middle_right2",
					"pivot": [-2.5, 2, -3.9],
					"cubes": [
						{"origin": [-2.5, 0, -5.9], "size": [0, 2, 2], "uv": [22, 97]}
					]
				},
				{
					"name": "toe_outer_right",
					"parent": "foot_right",
					"pivot": [-3, 2, 0],
					"rotation": [0, 15, 0],
					"cubes": [
						{"origin": [-4, 0, -1.7], "size": [1, 2, 2], "uv": [61, 74]}
					]
				},
				{
					"name": "toe_outer_right2",
					"parent": "toe_outer_right",
					"pivot": [-3.5, 2, -1.7],
					"cubes": [
						{"origin": [-4, 0, -3.7], "size": [1, 2, 2], "inflate": 0.01, "uv": [61, 78]}
					]
				},
				{
					"name": "claw_outer_right",
					"parent": "toe_outer_right2",
					"pivot": [-3.5, 2, -3.7],
					"cubes": [
						{"origin": [-3.5, 0, -5.7], "size": [0, 2, 2], "uv": [22, 100]}
					]
				},
				{
					"name": "leg_left",
					"parent": "legs",
					"pivot": [2.5, 7.1, 1.8],
					"cubes": [
						{"origin": [2, 3.6, 1.3], "size": [1, 1, 1], "inflate": 0.2, "uv": [69, 72]},
						{"origin": [0.5, 4.7, -0.2], "size": [4, 4, 4], "uv": [60, 36]}
					]
				},
				{
					"name": "leg_left2",
					"parent": "leg_left",
					"pivot": [2.5, 3.4, 2.5],
					"cubes": [
						{"origin": [2, 1.2, 1.3], "size": [1, 2, 1], "inflate": 0.21, "uv": [82, 67]}
					]
				},
				{
					"name": "foot_left",
					"parent": "leg_left2",
					"pivot": [2.5, 1.6, 1.8],
					"cubes": [
						{"origin": [1, 0, 0], "size": [3, 2, 3], "inflate": 0.01, "uv": [73, 67]}
					]
				},
				{
					"name": "locator_foot_secondary",
					"parent": "foot_left",
					"pivot": [2.5, 1, 1],
					"locators": {
						"foot_secondary": [2.5, 1, 1]
					}
				},
				{
					"name": "toe_back_left",
					"parent": "foot_left",
					"pivot": [2.5, 2, 3],
					"cubes": [
						{"origin": [2, 0, 3], "size": [1, 2, 2], "uv": [73, 80]}
					]
				},
				{
					"name": "claw_back_left",
					"parent": "toe_back_left",
					"pivot": [2.5, 2, 5],
					"cubes": [
						{"origin": [2.5, 0, 5], "size": [0, 2, 2], "uv": [27, 103]}
					]
				},
				{
					"name": "toe_inner_left",
					"parent": "foot_left",
					"pivot": [2, 2, 0],
					"rotation": [0, 15, 0],
					"cubes": [
						{"origin": [1, 0, -1.7], "size": [1, 2, 2], "uv": [81, 72]}
					]
				},
				{
					"name": "toe_inner_left2",
					"parent": "toe_inner_left",
					"pivot": [1.5, 2, -1.7],
					"cubes": [
						{"origin": [1, 0, -3.7], "size": [1, 2, 2], "inflate": 0.01, "uv": [81, 76]}
					]
				},
				{
					"name": "claw_inner_left",
					"parent": "toe_inner_left2",
					"pivot": [1.5, 2, -3.7],
					"cubes": [
						{"origin": [1.5, 0, -5.7], "size": [0, 2, 2], "uv": [27, 94]}
					]
				},
				{
					"name": "toe_middle_left",
					"parent": "foot_left",
					"pivot": [2.5, 2, 0],
					"cubes": [
						{"origin": [2, 0, -1.9], "size": [1, 2, 2], "uv": [77, 74]}
					]
				},
				{
					"name": "toe_middle_left2",
					"parent": "toe_middle_left",
					"pivot": [2.5, 2, -1.9],
					"cubes": [
						{"origin": [2, 0, -3.9], "size": [1, 2, 2], "inflate": 0.01, "uv": [77, 78]}
					]
				},
				{
					"name": "claw_middle_left",
					"parent": "toe_middle_left2",
					"pivot": [2.5, 2, -3.9],
					"cubes": [
						{"origin": [2.5, 0, -5.9], "size": [0, 2, 2], "uv": [27, 97]}
					]
				},
				{
					"name": "toe_outer_left",
					"parent": "foot_left",
					"pivot": [3, 2, 0],
					"rotation": [0, -15, 0],
					"cubes": [
						{"origin": [3, 0, -1.7], "size": [1, 2, 2], "uv": [73, 72]}
					]
				},
				{
					"name": "toe_outer_left2",
					"parent": "toe_outer_left",
					"pivot": [3.5, 2, -1.7],
					"cubes": [
						{"origin": [3, 0, -3.7], "size": [1, 2, 2], "inflate": 0.01, "uv": [73, 76]}
					]
				},
				{
					"name": "claw_outer_left",
					"parent": "toe_outer_left2",
					"pivot": [3.5, 2, -3.7],
					"cubes": [
						{"origin": [3.5, 0, -5.7], "size": [0, 2, 2], "uv": [27, 100]}
					]
				}
			]
		}
	]
}