{
	"format_version": "1.12.0",
	"minecraft:geometry": [
		{
			"description": {
				"identifier": "geometry.quaquaval",
				"texture_width": 128,
				"texture_height": 128,
				"visible_bounds_width": 5,
				"visible_bounds_height": 5.5,
				"visible_bounds_offset": [0, 2.25, 0]
			},
			"bones": [
				{
					"name": "quaquaval",
					"pivot": [0, 0, 0]
				},
				{
					"name": "body",
					"parent": "quaquaval",
					"pivot": [0, 30.5, 0]
				},
				{
                    "name": "locator_seat_1",
                    "parent": "body",
                    "pivot": [0, 31, 6],
                    "locators": {
                        "seat_1": [0, 31, 6]
                    }
                },
				{
					"name": "torso_bottom",
					"parent": "body",
					"pivot": [0, 26.5, 0],
					"cubes": [
						{"origin": [-5, 23.5, -5], "size": [10, 9, 9], "inflate": 0.01, "uv": [0, 20]}
					]
				},
				{
					"name": "torso_top",
					"parent": "torso_bottom",
					"pivot": [0, 29.5, -3],
					"rotation": [7.5, 0, 0],
					"cubes": [
						{"origin": [-2.5, 26, -5.5], "size": [5, 7, 5], "uv": [15, 60]}
					]
				},
				{
					"name": "chest",
					"parent": "torso_top",
					"pivot": [0, 33, -5.5],
					"rotation": [-10, 0, 0],
					"cubes": [
						{"origin": [-2.5, 33, -5.5], "size": [5, 8, 5], "inflate": 0.01, "uv": [0, 52]},
						{"origin": [-2.7, 37.25, -5.5], "size": [0, 9, 5], "pivot": [-4.5, 39.85, -3], "rotation": [-50, -2.5, 0], "uv": [60, 90]},
						{"origin": [2.7, 37.25, -5.5], "size": [0, 9, 5], "pivot": [4.5, 39.85, -3], "rotation": [-55, 2.5, 0], "uv": [0, 86]}
					]
				},
				{
					"name": "neck",
					"parent": "chest",
					"pivot": [0, 41, -2.75],
					"cubes": [
						{"origin": [-1.5, 40, -4.25], "size": [3, 7, 3], "uv": [70, 95]}
					]
				},
				{
					"name": "head",
					"parent": "neck",
					"pivot": [0, 44.75, -2.75],
					"cubes": [
						{"origin": [-3, 44.75, -6.75], "size": [6, 7, 7], "uv": [0, 38]}
					]
				},
				{
					"name": "eyes",
					"parent": "head",
					"pivot": [0, 8.75, 0.75]
				},
				{
					"name": "eye_right",
					"parent": "eyes",
					"pivot": [-2, 48.25, -5.25],
					"cubes": [
						{"origin": [-3, 46.75, -6.75], "size": [2, 3, 3], "inflate": 0.01, "uv": [118, 14], "mirror": true}
					]
				},
				{
					"name": "pupil_right",
					"parent": "eye_right",
					"pivot": [-1.65, 48.10019, -6.74128],
					"rotation": [0, 0, 2.5],
					"cubes": [
						{"origin": [-2.15, 47.10019, -6.74128], "size": [1, 2, 0], "inflate": 0.02, "uv": [126, 20], "mirror": true}
					]
				},
				{
					"name": "eyelid_right",
					"parent": "eye_right",
					"pivot": [-1.9, 48.25, -5.15],
					"cubes": [
						{"origin": [-2.9, 46.75, -6.65], "size": [2, 3, 3], "inflate": 0.03, "uv": [118, 30], "mirror": true}
					]
				},
				{
					"name": "eye_left",
					"parent": "eyes",
					"pivot": [2, 48.25, -5.25],
					"cubes": [
						{"origin": [1, 46.75, -6.75], "size": [2, 3, 3], "inflate": 0.01, "uv": [118, 8]}
					]
				},
				{
					"name": "pupil_left",
					"parent": "eye_left",
					"pivot": [1.65, 48.10019, -6.74128],
					"rotation": [0, 0, -2.5],
					"cubes": [
						{"origin": [1.15, 47.10019, -6.74128], "size": [1, 2, 0], "inflate": 0.02, "uv": [126, 22]}
					]
				},
				{
					"name": "eyelid_left",
					"parent": "eye_left",
					"pivot": [1.9, 48.25, -5.15],
					"cubes": [
						{"origin": [0.9, 46.75, -6.65], "size": [2, 3, 3], "inflate": 0.03, "uv": [118, 24]}
					]
				},
				{
					"name": "beak",
					"parent": "head",
					"pivot": [0, 45.8, -6.75],
					"rotation": [12.5, 0, 0],
					"cubes": [
						{"origin": [-1.9, 46, -7.95], "size": [3, 4, 3], "pivot": [0, 46.2, -6.85], "rotation": [-32.19651, 40.23876, -22.13338], "uv": [25, 96]},
						{"origin": [-3, 45.8, -8.04289], "size": [6, 1, 3], "inflate": 0.04, "uv": [88, 86]},
						{"origin": [-2.7, 45.8, -9.75], "size": [4, 1, 4], "inflate": 0.03, "pivot": [-0.7, 46.3, -8.75], "rotation": [0, 45, 0], "uv": [92, 38]},
						{"origin": [1.3, 45.3, -9.75], "size": [0, 1, 1], "pivot": [-0.7, 45.8, -8.75], "rotation": [0, 45, 0], "uv": [92, 40]},
						{"origin": [-1.3, 45.3, -9.75], "size": [0, 1, 1], "pivot": [0.7, 45.8, -8.75], "rotation": [0, -45, 0], "uv": [92, 39], "mirror": true}
					]
				},
				{
					"name": "jaw",
					"parent": "beak",
					"pivot": [-0.5, 45.54341, -6.7462],
					"rotation": [-32.5, 0, 0],
					"cubes": [
						{"origin": [-1.5, 44.79341, -8.4962], "size": [3, 1, 2], "uv": [58, 42]}
					]
				},
				{
					"name": "feather_head_top",
					"parent": "head",
					"pivot": [0, 49.65, -7.5],
					"rotation": [10, 0, 0],
					"cubes": [
						{"origin": [-1, 49.65, -7.5], "size": [2, 2, 0], "uv": [0, 0]}
					]
				},
				{
					"name": "feather_head_top2",
					"parent": "feather_head_top",
					"pivot": [0.5, 51.65, -7.5],
					"cubes": [
						{"origin": [-2, 51.65, -7.5], "size": [4, 2, 0], "uv": [0, 27]}
					]
				},
				{
					"name": "feather_head_top3",
					"parent": "feather_head_top2",
					"pivot": [0, 53.65, -7.5],
					"cubes": [
						{"origin": [-4, 53.65, -7.5], "size": [8, 4, 0], "uv": [0, 107]}
					]
				},
				{
					"name": "feather_head_top4",
					"parent": "feather_head_top3",
					"pivot": [0, 57.65, -7.5],
					"cubes": [
						{"origin": [-4, 57.65, -7.5], "size": [8, 7, 0], "uv": [93, 4]}
					]
				},
				{
					"name": "feather_head_top5",
					"parent": "feather_head_top4",
					"pivot": [0, 64.65, -7.5],
					"cubes": [
						{"origin": [-4, 64.65, -7.5], "size": [8, 4, 0], "uv": [109, 4]}
					]
				},
				{
					"name": "eyebrow_center",
					"parent": "head",
					"pivot": [0, 47.9, -7.4],
					"rotation": [10, 0, 0],
					"cubes": [
						{"origin": [-1.5, 47.9, -7.4], "size": [3, 4, 0], "uv": [0, 38]}
					]
				},
				{
					"name": "eyebrow_right",
					"parent": "eyebrow_center",
					"pivot": [-1.5, 48, -7.4],
					"cubes": [
						{"origin": [-3.5, 48, -7.4], "size": [2, 2, 0], "uv": [0, 20]}
					]
				},
				{
					"name": "eyebrow_right2",
					"parent": "eyebrow_right",
					"pivot": [-3.5, 50, -7.4],
					"cubes": [
						{"origin": [-7.5, 47.5, -7.41], "size": [4, 3, 0], "uv": [83, 18]}
					]
				},
				{
					"name": "eyebrow_right3",
					"parent": "eyebrow_right2",
					"pivot": [-7.5, 47.5, -7.4],
					"cubes": [
						{"origin": [-13.5, 47.5, -7.4], "size": [6, 3, 0], "uv": [98, 43]}
					]
				},
				{
					"name": "eyebrow_left",
					"parent": "eyebrow_center",
					"pivot": [1.5, 48, -7.4],
					"cubes": [
						{"origin": [1.5, 48, -7.4], "size": [2, 2, 0], "uv": [0, 2]}
					]
				},
				{
					"name": "eyebrow_left2",
					"parent": "eyebrow_left",
					"pivot": [3.5, 50, -7.4],
					"cubes": [
						{"origin": [3.5, 47.5, -7.41], "size": [4, 3, 0], "uv": [71, 10]}
					]
				},
				{
					"name": "eyebrow_left3",
					"parent": "eyebrow_left2",
					"pivot": [7.5, 47.5, -7.4],
					"cubes": [
						{"origin": [7.5, 47.5, -7.4], "size": [6, 3, 0], "uv": [36, 7]}
					]
				},
				{
					"name": "hair_middle",
					"parent": "head",
					"pivot": [0, 49.75, -3],
					"rotation": [5, 0, 0],
					"cubes": [
						{"origin": [-4.5, 48.75, -7.5], "size": [9, 10, 10], "inflate": 0.01, "uv": [0, 0]}
					]
				},
				{
					"name": "hair_middle2",
					"parent": "hair_middle",
					"pivot": [0, 49, 2.5],
					"rotation": [10, 0, 0],
					"cubes": [
						{"origin": [-3.5, 49, 2.5], "size": [7, 9, 5], "uv": [26, 46]}
					]
				},
				{
					"name": "hair_middle_ruff",
					"parent": "hair_middle2",
					"pivot": [0, 49, 5.75],
					"rotation": [-20, 0, 0],
					"cubes": [
						{"origin": [0, 44, 1.75], "size": [0, 5, 4], "uv": [15, 48]}
					]
				},
				{
					"name": "hair_middle3",
					"parent": "hair_middle2",
					"pivot": [0, 49.5, 7.5],
					"rotation": [15, 0, 0],
					"cubes": [
						{"origin": [-2, 49.5, 7.5], "size": [4, 7, 4], "uv": [28, 85]}
					]
				},
				{
					"name": "hair_middle4",
					"parent": "hair_middle3",
					"pivot": [0, 50.25, 11.5],
					"rotation": [25, 0, 0],
					"cubes": [
						{"origin": [0, 50.25, 11.5], "size": [0, 5, 5], "uv": [0, 0]}
					]
				},
				{
					"name": "hair_right",
					"parent": "hair_middle",
					"pivot": [-4.5, 50.5, -2.5],
					"rotation": [0, 0, -22.5],
					"cubes": [
						{"origin": [-5.75, 49, -7.5], "size": [5, 8, 10], "uv": [29, 10]}
					]
				},
				{
					"name": "hair_right2",
					"parent": "hair_right",
					"pivot": [-5, 49.5, 2.5],
					"rotation": [7.5, 7.5, 0],
					"cubes": [
						{"origin": [-5, 49.5, 2.5], "size": [4, 6, 4], "uv": [44, 86]}
					]
				},
				{
					"name": "hair_right3",
					"parent": "hair_right2",
					"pivot": [-4.5, 50, 6.5],
					"rotation": [7.5, 12.5, 0],
					"cubes": [
						{"origin": [-4.5, 50, 6.5], "size": [4, 5, 4], "uv": [76, 86]}
					]
				},
				{
					"name": "hair_right4",
					"parent": "hair_right3",
					"pivot": [-3.75, 50.5, 10.5],
					"rotation": [20, 5, 10],
					"cubes": [
						{"origin": [-3.75, 50.5, 10.5], "size": [0, 5, 4], "uv": [71, 1]}
					]
				},
				{
					"name": "hair_left",
					"parent": "hair_middle",
					"pivot": [4.5, 50.5, -2.5],
					"rotation": [0, 0, 22.5],
					"cubes": [
						{"origin": [0.75, 49, -7.5], "size": [5, 8, 10], "uv": [28, 28]}
					]
				},
				{
					"name": "hair_left2",
					"parent": "hair_left",
					"pivot": [5, 49.5, 2.5],
					"rotation": [7.5, -7.5, 0],
					"cubes": [
						{"origin": [1, 49.5, 2.5], "size": [4, 6, 4], "uv": [86, 43]}
					]
				},
				{
					"name": "hair_left3",
					"parent": "hair_left2",
					"pivot": [4.5, 50, 6.5],
					"rotation": [7.5, -12.5, 0],
					"cubes": [
						{"origin": [0.5, 50, 6.5], "size": [4, 5, 4], "uv": [60, 86]}
					]
				},
				{
					"name": "hair_left4",
					"parent": "hair_left3",
					"pivot": [3.75, 50.5, 10.5],
					"rotation": [20, -5, -10],
					"cubes": [
						{"origin": [3.75, 50.5, 10.5], "size": [0, 5, 4], "uv": [30, 56]}
					]
				},
				{
					"name": "chest_ruff",
					"parent": "chest",
					"pivot": [0, 40.5, -5.5],
					"rotation": [75, 0, 0],
					"cubes": [
						{"origin": [-2, 40.5, -8.5], "size": [4, 0, 3], "uv": [25, 7]}
					]
				},
				{
					"name": "chest_ruff2",
					"parent": "chest_ruff",
					"pivot": [0, 40.5, -8.5],
					"rotation": [15, 0, 0],
					"cubes": [
						{"origin": [-2, 40.5, -11.5], "size": [4, 0, 3], "uv": [45, 34]}
					]
				},
				{
					"name": "chest_ruff3",
					"parent": "chest_ruff2",
					"pivot": [0, 40.5, -11.5],
					"rotation": [5, 0, 0],
					"cubes": [
						{"origin": [-1.5, 40.5, -14.5], "size": [3, 0, 3], "uv": [110, 0]}
					]
				},
				{
					"name": "arm_right",
					"parent": "chest",
					"pivot": [-2.5, 40.25, -3],
					"cubes": [
						{"origin": [-11.5, 38.5, -4.5], "size": [9, 2, 3], "inflate": 0.01, "uv": [66, 42]}
					]
				},
				{
					"name": "arm_right2",
					"parent": "arm_right",
					"pivot": [-11.5, 39.5, -1.5],
					"cubes": [
						{"origin": [-19.5, 38.5, -5], "size": [8, 2, 4], "uv": [59, 15]}
					]
				},
				{
					"name": "feathers_right",
					"parent": "arm_right2",
					"pivot": [-15.25, 39.5, -1]
				},
				{
					"name": "feather_right",
					"parent": "feathers_right",
					"pivot": [-13, 39.5, -1],
					"rotation": [0, 20, 0],
					"cubes": [
						{"origin": [-14, 39.5, -1.75], "size": [2, 0, 5], "uv": [0, 20]}
					]
				},
				{
					"name": "feather_right2",
					"parent": "feathers_right",
					"pivot": [-14.75, 39.4, -1],
					"cubes": [
						{"origin": [-16.25, 39.51, -1], "size": [3, 0, 6], "uv": [44, 46]}
					]
				},
				{
					"name": "feather_right3",
					"parent": "feathers_right",
					"pivot": [-16.75, 39.5, -1],
					"rotation": [0, -20, 0],
					"cubes": [
						{"origin": [-18.25, 39.5, -1.5], "size": [3, 0, 6], "uv": [42, 28]}
					]
				},
				{
					"name": "hand_right",
					"parent": "arm_right2",
					"pivot": [-19.5, 39.5, -3],
					"cubes": [
						{"origin": [-21.5, 38.5, -5], "size": [2, 2, 4], "inflate": 0.02, "uv": [47, 96]}
					]
				},
				{
					"name": "finger_index_right",
					"parent": "hand_right",
					"pivot": [-20.75, 40.25, -4],
					"rotation": [0, -27.5, 0],
					"cubes": [
						{"origin": [-23.77014, 39.24905, -5.03869], "size": [3, 1, 2], "uv": [104, 37]}
					]
				},
				{
					"name": "finger_index_right2",
					"parent": "finger_index_right",
					"pivot": [-23.75, 39.75, -4],
					"cubes": [
						{"origin": [-25.77014, 39.24905, -5.03869], "size": [2, 1, 2], "uv": [56, 86]}
					]
				},
				{
					"name": "finger_middle_right",
					"parent": "hand_right",
					"pivot": [-21.5, 40.25, -3],
					"cubes": [
						{"origin": [-24.5, 39.24905, -4.04362], "size": [3, 1, 2], "inflate": 0.01, "uv": [105, 66]}
					]
				},
				{
					"name": "finger_middle_right2",
					"parent": "finger_middle_right",
					"pivot": [-24.5, 39.75, -3],
					"cubes": [
						{"origin": [-27.5, 39.24905, -4.04362], "size": [3, 1, 2], "uv": [65, 105]}
					]
				},
				{
					"name": "finger_ring_right",
					"parent": "hand_right",
					"pivot": [-20.75, 40.25, -2],
					"rotation": [0, 27.5, 0],
					"cubes": [
						{"origin": [-23.72986, 39.24905, -3.03869], "size": [3, 1, 2], "uv": [31, 105]}
					]
				},
				{
					"name": "finger_ring_right2",
					"parent": "finger_ring_right",
					"pivot": [-23.75, 39.75, -2],
					"cubes": [
						{"origin": [-26.72986, 39.24905, -3.03869], "size": [3, 1, 2], "uv": [57, 104]}
					]
				},
				{
					"name": "arm_left",
					"parent": "chest",
					"pivot": [2.5, 40.25, -3],
					"cubes": [
						{"origin": [2.5, 38.5, -4.5], "size": [9, 2, 3], "inflate": 0.01, "uv": [65, 0]}
					]
				},
				{
					"name": "arm_left2",
					"parent": "arm_left",
					"pivot": [11.5, 39.5, -1.5],
					"cubes": [
						{"origin": [11.5, 38.5, -5], "size": [8, 2, 4], "uv": [58, 36]}
					]
				},
				{
					"name": "feathers_left",
					"parent": "arm_left2",
					"pivot": [15.25, 39.5, -1]
				},
				{
					"name": "feather_left",
					"parent": "feathers_left",
					"pivot": [13, 39.5, -1],
					"rotation": [0, -20, 0],
					"cubes": [
						{"origin": [12, 39.5, -1.75], "size": [2, 0, 5], "uv": [0, 0]}
					]
				},
				{
					"name": "feather_left2",
					"parent": "feathers_left",
					"pivot": [14.75, 39.4, -1],
					"cubes": [
						{"origin": [13.25, 39.51, -1], "size": [3, 0, 6], "uv": [42, 0]}
					]
				},
				{
					"name": "feather_left3",
					"parent": "feathers_left",
					"pivot": [16.75, 39.5, -1],
					"rotation": [0, 20, 0],
					"cubes": [
						{"origin": [15.25, 39.5, -1.5], "size": [3, 0, 6], "uv": [36, 0]}
					]
				},
				{
					"name": "hand_left",
					"parent": "arm_left2",
					"pivot": [19.5, 39.5, -3],
					"cubes": [
						{"origin": [19.5, 38.5, -5], "size": [2, 2, 4], "inflate": 0.02, "uv": [6, 96]}
					]
				},
				{
					"name": "finger_index_left",
					"parent": "hand_left",
					"pivot": [20.75, 40.25, -4],
					"rotation": [0, 27.5, 0],
					"cubes": [
						{"origin": [20.77014, 39.24905, -5.03869], "size": [3, 1, 2], "uv": [104, 30]}
					]
				},
				{
					"name": "finger_index_left2",
					"parent": "finger_index_left",
					"pivot": [23.75, 39.75, -4],
					"cubes": [
						{"origin": [23.77014, 39.24905, -5.03869], "size": [2, 1, 2], "uv": [40, 86]}
					]
				},
				{
					"name": "finger_middle_left",
					"parent": "hand_left",
					"pivot": [21.5, 40.25, -3],
					"cubes": [
						{"origin": [21.5, 39.24905, -4.04362], "size": [3, 1, 2], "inflate": 0.01, "uv": [104, 23]}
					]
				},
				{
					"name": "finger_middle_left2",
					"parent": "finger_middle_left",
					"pivot": [24.5, 39.75, -3],
					"cubes": [
						{"origin": [24.5, 39.24905, -4.04362], "size": [3, 1, 2], "uv": [104, 14]}
					]
				},
				{
					"name": "finger_ring_left",
					"parent": "hand_left",
					"pivot": [20.75, 40.25, -2],
					"rotation": [0, -27.5, 0],
					"cubes": [
						{"origin": [20.72986, 39.24905, -3.03869], "size": [3, 1, 2], "uv": [12, 104]}
					]
				},
				{
					"name": "finger_ring_left2",
					"parent": "finger_ring_left",
					"pivot": [23.75, 39.75, -2],
					"cubes": [
						{"origin": [23.72986, 39.24905, -3.03869], "size": [3, 1, 2], "uv": [102, 46]}
					]
				},
				{
					"name": "tail",
					"parent": "torso_bottom",
					"pivot": [-0.5, 24, 4],
					"rotation": [7.5, 0, 0],
					"cubes": [
						{"origin": [-4, 24, 4], "size": [8, 8, 3], "uv": [56, 25]}
					]
				},
				{
					"name": "tail2",
					"parent": "tail",
					"pivot": [-0.5, 26, 7],
					"rotation": [10, 0, 0],
					"cubes": [
						{"origin": [-2.5, 26, 6.5], "size": [5, 5, 3], "uv": [89, 65]}
					]
				},
				{
					"name": "tail3",
					"parent": "tail2",
					"pivot": [0, 28.75, 9.5],
					"rotation": [45, 0, 0],
					"cubes": [
						{"origin": [-4, 28.75, 9], "size": [8, 0, 8], "uv": [-1, 119]}
					]
				},
				{
					"name": "tail_feather_top_right",
					"parent": "tail3",
					"pivot": [-1.75, 28.75, 13],
					"rotation": [0, 45, 0],
					"cubes": [
						{"origin": [-9.75, 28.75, 10.25], "size": [8, 0, 5], "inflate": 0.01, "uv": [48, 123]}
					]
				},
				{
					"name": "tail_feather_top",
					"parent": "tail3",
					"pivot": [0, 28.75, 14.25],
					"cubes": [
						{"origin": [-2.5, 28.75, 14.25], "size": [5, 0, 8], "inflate": 0.02, "uv": [28, 117]}
					]
				},
				{
					"name": "tail_feather_top_left",
					"parent": "tail3",
					"pivot": [1.75, 28.75, 12.75],
					"rotation": [0, -45, 0],
					"cubes": [
						{"origin": [1.75, 28.75, 10.25], "size": [8, 0, 5], "inflate": 0.01, "uv": [48, 118]}
					]
				},
				{
					"name": "tail_feather_right",
					"parent": "tail3",
					"pivot": [-1.75, 28.75, 11.5],
					"rotation": [0, -40, 0],
					"cubes": [
						{"origin": [-9.75, 28.76, 9], "size": [8, 0, 5], "uv": [107, 106]}
					]
				},
				{
					"name": "tail_feather_right2",
					"parent": "tail_feather_right",
					"pivot": [-9.75, 28.75, 11.5],
					"cubes": [
						{"origin": [-17.75, 28.75, 9], "size": [8, 0, 5], "uv": [83, 116]}
					]
				},
				{
					"name": "tail_feather_right3",
					"parent": "tail_feather_right2",
					"pivot": [-17.75, 28.75, 11.5],
					"cubes": [
						{"origin": [-25.75, 28.76, 9], "size": [8, 0, 5], "uv": [70, 123]}
					]
				},
				{
					"name": "tail_feather_left",
					"parent": "tail3",
					"pivot": [2, 28.75, 11.5],
					"rotation": [0, 40, 0],
					"cubes": [
						{"origin": [2, 28.76, 9], "size": [8, 0, 5], "uv": [91, 123]}
					]
				},
				{
					"name": "tail_feather_left2",
					"parent": "tail_feather_left",
					"pivot": [10, 28.75, 11.5],
					"cubes": [
						{"origin": [10, 28.75, 9], "size": [8, 0, 5], "uv": [107, 113]}
					]
				},
				{
					"name": "tail_feather_left3",
					"parent": "tail_feather_left2",
					"pivot": [18, 28.75, 11.5],
					"cubes": [
						{"origin": [18, 28.76, 9], "size": [8, 0, 5], "uv": [107, 123]}
					]
				},
				{
					"name": "water_feathers",
					"parent": "tail",
					"pivot": [0, 0, 0]
				},
				{
					"name": "water_feather",
					"parent": "water_feathers",
					"pivot": [0, 0.5, -12],
					"cubes": [
						{"origin": [-3.5, 0, -12], "size": [7, 13, 0], "uv": [14, 85]}
					]
				},
				{
					"name": "water_feather2",
					"parent": "water_feathers",
					"pivot": [0, 0.5, -10],
					"cubes": [
						{"origin": [-3.5, 0, -10], "size": [7, 13, 0], "uv": [84, 73]}
					]
				},
				{
					"name": "water_feather3",
					"parent": "water_feathers",
					"pivot": [0, 0.5, -8],
					"cubes": [
						{"origin": [-3.5, 0, -8], "size": [7, 13, 0], "uv": [79, 5]}
					]
				},
				{
					"name": "water_feather4",
					"parent": "water_feathers",
					"pivot": [0, 0.5, -6],
					"cubes": [
						{"origin": [-3.5, 0, -6], "size": [7, 13, 0], "uv": [78, 21]}
					]
				},
				{
					"name": "water_feather5",
					"parent": "water_feathers",
					"pivot": [0, 0.5, -4],
					"cubes": [
						{"origin": [-3.5, 0, -4], "size": [7, 13, 0], "uv": [0, 78]}
					]
				},
				{
					"name": "water_feather6",
					"parent": "water_feathers",
					"pivot": [0, 0.5, -2],
					"cubes": [
						{"origin": [-3.5, 0, -2], "size": [7, 13, 0], "uv": [75, 60]}
					]
				},
				{
					"name": "water_feather7",
					"parent": "water_feathers",
					"pivot": [0, 0.5, 0],
					"cubes": [
						{"origin": [-3.5, 0, 0], "size": [7, 13, 0], "uv": [70, 73]}
					]
				},
				{
					"name": "water_feather8",
					"parent": "water_feathers",
					"pivot": [0, 0.5, 2],
					"cubes": [
						{"origin": [-3.5, 0, 2], "size": [7, 13, 0], "uv": [56, 73]}
					]
				},
				{
					"name": "water_feather9",
					"parent": "water_feathers",
					"pivot": [0, 0.5, 4],
					"cubes": [
						{"origin": [-3.5, 0, 4], "size": [7, 13, 0], "uv": [42, 73]}
					]
				},
				{
					"name": "water_feather10",
					"parent": "water_feathers",
					"pivot": [0, 0.5, 6],
					"cubes": [
						{"origin": [-3.5, 0, 6], "size": [7, 13, 0], "uv": [72, 47]}
					]
				},
				{
					"name": "water_feather11",
					"parent": "water_feathers",
					"pivot": [0, 0.5, 8],
					"cubes": [
						{"origin": [-3.5, 0, 8], "size": [7, 13, 0], "uv": [28, 72]}
					]
				},
				{
					"name": "water_feather12",
					"parent": "water_feathers",
					"pivot": [0, 0.5, 10],
					"cubes": [
						{"origin": [-3.5, 0, 10], "size": [7, 13, 0], "uv": [14, 72]}
					]
				},
				{
					"name": "water_feather13",
					"parent": "water_feathers",
					"pivot": [0, 0.5, 12],
					"cubes": [
						{"origin": [-3.5, 0, 12], "size": [7, 13, 0], "uv": [0, 65]}
					]
				},
				{
					"name": "leg_right",
					"parent": "body",
					"pivot": [-3.5, 25.6, 0],
					"cubes": [
						{"origin": [-6, 20.6, -3], "size": [5, 9, 6], "uv": [49, 0]},
						{"origin": [-5.5, 17.6, -2], "size": [4, 3, 4], "uv": [92, 23]},
						{"origin": [-5, 15.6, -1.5], "size": [3, 2, 3], "inflate": 0.01, "uv": [98, 73]}
					]
				},
				{
					"name": "leg_right2",
					"parent": "leg_right",
					"pivot": [-3.5, 15.6, -1.5],
					"cubes": [
						{"origin": [-5, 13.6, -1.5], "size": [3, 2, 3], "uv": [82, 100]},
						{"origin": [-5.5, 9.1, -2], "size": [4, 5, 4], "uv": [88, 91]}
					]
				},
				{
					"name": "ankle_right",
					"parent": "leg_right2",
					"pivot": [-3.5, 9.1, 2],
					"rotation": [-5, 0, 0],
					"cubes": [
						{"origin": [-6, 2.1, -2.5], "size": [5, 7, 5], "uv": [35, 60]}
					]
				},
				{
					"name": "right_foot",
					"parent": "ankle_right",
					"pivot": [-3.5, 2.85, 0],
					"rotation": [5, 0, 0],
					"cubes": [
						{"origin": [-5, 0.85, -1], "size": [3, 2, 2], "inflate": 0.01, "uv": [103, 0]}
					]
				},
				{
					"name": "toe_right",
					"parent": "right_foot",
					"pivot": [-2.75, 2.1, -1],
					"rotation": [0, -30, 0],
					"cubes": [
						{"origin": [-3.75, 1.1, -5], "size": [2, 1, 4], "inflate": 0.01, "uv": [100, 49]}
					]
				},
				{
					"name": "toe_right_end",
					"parent": "toe_right",
					"pivot": [-2.75, 1.1, -5],
					"cubes": [
						{"origin": [-3.75, 1.1, -8], "size": [2, 1, 3], "uv": [102, 97]}
					]
				},
				{
					"name": "toe_right2",
					"parent": "right_foot",
					"pivot": [-3.5, 2.1, -1],
					"cubes": [
						{"origin": [-4.5, 1.1, -5], "size": [2, 1, 4], "inflate": 0.02, "uv": [33, 100]}
					]
				},
				{
					"name": "toe_right_end2",
					"parent": "toe_right2",
					"pivot": [-3.5, 1.1, -5],
					"cubes": [
						{"origin": [-4.5, 1.1, -8], "size": [2, 1, 3], "uv": [102, 62]}
					]
				},
				{
					"name": "toe_right3",
					"parent": "right_foot",
					"pivot": [-4.25, 2.1, -1],
					"rotation": [0, 30, 0],
					"cubes": [
						{"origin": [-5.25, 1.1, -5], "size": [2, 1, 4], "inflate": 0.01, "uv": [14, 99]}
					]
				},
				{
					"name": "toe_right_end3",
					"parent": "toe_right3",
					"pivot": [-4.25, 1.1, -5],
					"cubes": [
						{"origin": [-5.25, 1.1, -8], "size": [2, 1, 3], "uv": [49, 102]}
					]
				},
				{
					"name": "toe_back_right",
					"parent": "right_foot",
					"pivot": [-3.5, 2, 1],
					"cubes": [
						{"origin": [-4.5, 1, 1], "size": [2, 1, 2], "inflate": 0.01, "uv": [72, 86]}
					]
				},
				{
					"name": "toe_back_right_end",
					"parent": "toe_back_right",
					"pivot": [-3.5, 1, 3],
					"cubes": [
						{"origin": [-4.5, 1, 3], "size": [2, 1, 3], "uv": [50, 61]}
					]
				},
				{
					"name": "leg_left",
					"parent": "body",
					"pivot": [3.5, 26.5, 0],
					"cubes": [
						{"origin": [1, 20.6, -3], "size": [5, 9, 6], "uv": [50, 46]},
						{"origin": [1.5, 17.6, -2], "size": [4, 3, 4], "uv": [92, 30]},
						{"origin": [2, 15.6, -1.5], "size": [3, 2, 3], "inflate": 0.01, "uv": [98, 78]}
					]
				},
				{
					"name": "leg_left2",
					"parent": "leg_left",
					"pivot": [3.5, 15.6, -1.5],
					"cubes": [
						{"origin": [2, 13.6, -1.5], "size": [3, 2, 3], "uv": [100, 90]},
						{"origin": [1.5, 9.1, -2], "size": [4, 5, 4], "uv": [92, 14]}
					]
				},
				{
					"name": "ankle_left",
					"parent": "leg_left2",
					"pivot": [3.5, 9.1, 2],
					"rotation": [-5, 0, 0],
					"cubes": [
						{"origin": [1, 2.1, -2.5], "size": [5, 7, 5], "uv": [55, 61]}
					]
				},
				{
					"name": "left_foot",
					"parent": "ankle_left",
					"pivot": [3.5, 2.85, 0],
					"rotation": [5, 0, 0],
					"cubes": [
						{"origin": [2, 0.85, -1], "size": [3, 2, 2], "inflate": 0.01, "uv": [103, 83]}
					]
				},
				{
					"name": "toe_left",
					"parent": "left_foot",
					"pivot": [2.75, 2.1, -1],
					"rotation": [0, 30, 0],
					"cubes": [
						{"origin": [1.75, 1.1, -5], "size": [2, 1, 4], "inflate": 0.01, "uv": [0, 102]}
					]
				},
				{
					"name": "toe_left_end",
					"parent": "toe_left",
					"pivot": [2.75, 1.1, -5],
					"cubes": [
						{"origin": [1.75, 1.1, -8], "size": [2, 1, 3], "uv": [103, 58]}
					]
				},
				{
					"name": "toe_left2",
					"parent": "left_foot",
					"pivot": [3.5, 2.1, -1],
					"cubes": [
						{"origin": [2.5, 1.1, -5], "size": [2, 1, 4], "inflate": 0.02, "uv": [41, 102]}
					]
				},
				{
					"name": "toe_left_end2",
					"parent": "toe_left2",
					"pivot": [3.5, 1.1, -5],
					"cubes": [
						{"origin": [2.5, 1.1, -8], "size": [2, 1, 3], "uv": [103, 102]}
					]
				},
				{
					"name": "toe_left3",
					"parent": "left_foot",
					"pivot": [4.25, 2.1, -1],
					"rotation": [0, -30, 0],
					"cubes": [
						{"origin": [3.25, 1.1, -5], "size": [2, 1, 4], "inflate": 0.01, "uv": [94, 100]}
					]
				},
				{
					"name": "toe_left_end3",
					"parent": "toe_left3",
					"pivot": [4.25, 1.1, -5],
					"cubes": [
						{"origin": [3.25, 1.1, -8], "size": [2, 1, 3], "uv": [103, 54]}
					]
				},
				{
					"name": "toe_back_left",
					"parent": "left_foot",
					"pivot": [3.5, 2, 1],
					"cubes": [
						{"origin": [2.5, 1, 1], "size": [2, 1, 2], "inflate": 0.01, "uv": [79, 95]}
					]
				},
				{
					"name": "toe_back_left_end",
					"parent": "toe_back_left",
					"pivot": [3.5, 1, 3],
					"cubes": [
						{"origin": [2.5, 1, 3], "size": [2, 1, 3], "uv": [23, 103]}
					]
				}
			]
		}
	]
}