{
    "portraitScale": 1.95,
    "portraitTranslation": [-0.6, 1.6, 0],
    "profileScale": 0.8,
    "profileTranslation": [0, 1.1, 0],
    "rootBone": "espeon_kazeran",
    "animations": {
    "cry": "q.bedrock_stateful('espeon_kazeran', 'cry')"
    },
    "poses": {
    "battle-standing": {
        "poseTypes": ["STAND"],
        "isBattle": true,
        "animations": ["q.look('neck')", "q.bedrock('espeon_kazeran', 'battle_idle')"]
        },
    "standing": {
        "poseTypes": [    
        "STAND",
        "NONE",
        "PORTRAIT",
        "PROFILE",
        "FLOAT"
    ],
        "isBattle": false,
        "animations": [
        "q.look('head', 1, 1, 70, -45, 45, -45)",
        "q.bedrock('espeon_kazeran', 'ground_idle')"
    ]
    },
    "walking": {
        "poseTypes": [
        "WALK",
        "SWIM"
    ],
    "animations": [
        "q.look('head', 1, 1, 70, -45, 45, -45)",
        "q.bedrock('espeon_kazeran', 'ground_walk')"
    ]
    },
    "sleep": {
      "poseTypes": ["SLEEP"],
      "isTouchingWater": false,
      "animations": ["q.bedrock('espeon_kazeran', 'sleep')"]
    }
}
}