{
  "portraitScale": 2.08,
  "portraitTranslation": [-0.7, -0.37, 0],
  "profileScale": 0.85,
  "profileTranslation": [0, 0.45, 0],
  "rootBone": "vaporeon_kazeran",
  "animations": {
    "cry": "q.bedrock_stateful('vaporeon_kazeran', 'cry')",
    "sirenssong": "q.bedrock_stateful('vaporeon_kazeran', 'sirenssong')"
  },
  "poses": {
    "battle-standing": {
        "poseTypes": ["STAND"],
        "isBattle": true,
        "animations": ["q.look('neck')", "q.bedrock('vaporeon_kazeran', 'battle_idle')"],
        "quirks": ["q.bedrock_quirk('vaporeon_kazeran', 'blink')"]
      },
    "standing": {
      "poseTypes": [
        "STAND",
        "NONE",
        "PORTRAIT",
        "PROFILE"
      ],
      "isTouchingWater": false,
      "isBattle": false,
      "animations": [
        "q.look('head', 1, 1, 70, -45, 45, -45)",
        "q.bedrock('vaporeon_kazeran', 'ground_idle')"
      ],
      "quirks": [
        "q.bedrock_quirk('vaporeon_kazeran', 'blink')"
      ]
    },
    "surface_idle": {
      "poseTypes": ["FLOAT", "STAND"],
      "isTouchingWater": true,
      "animations": ["q.look('head')", "q.bedrock('vaporeon_kazeran', 'water_idle')"],
      "quirks": ["q.bedrock_quirk('vaporeon_kazeran', 'blink')"],
      "transformedParts": [
        {
          "part": "body",
          "position": [0, 6, 0]
        }
      ]
    },
    "swim": {
      "poseTypes": ["SWIM", "WALK"],
      "isTouchingWater": true,
      "animations": ["q.pitch_tilt('body', 0.22)", "q.look('head')", "q.bedrock('vaporeon_kazeran', 'water_swim')"],
      "quirks": ["q.bedrock_quirk('vaporeon_kazeran', 'blink')"],
      "transformedParts": [
        {
          "part": "body",
          "position": [0, 10, 0]
        }
      ]
    },
    "walking": {
      "poseTypes": [
        "WALK"
      ],
      "isTouchingWater": false,
      "animations": [
        "q.look('head', 1, 1, 70, -45, 45, -45)",
        "q.bedrock('vaporeon_kazeran', 'ground_walk')"
      ],
      "quirks": [
        "q.bedrock_quirk('vaporeon_kazeran', 'blink')"
      ]
    },
    "sleep": {
      "poseTypes": ["SLEEP"],
      "isTouchingWater": false,
      "animations": ["q.bedrock('vaporeon_kazeran', 'sleep')"]
    }
  }
}