{
	"format_version": "1.12.0",
	"minecraft:geometry": [
		{
			"description": {
				"identifier": "geometry.glaceon",
				"texture_width": 64,
				"texture_height": 64,
				"visible_bounds_width": 5,
				"visible_bounds_height": 3.5,
				"visible_bounds_offset": [0, 1.25, 0]
			},
			"bones": [
				{
					"name": "glaceon_kazeran",
					"pivot": [0, 0, 0]
				},
				{
					"name": "body",
					"parent": "glaceon_kazeran",
					"pivot": [0, 9.75, 0]
				},
				{
					"name": "torso",
					"parent": "body",
					"pivot": [0, 9.75, 0],
					"cubes": [
						{"origin": [-3.5, 6.75, -7], "size": [7, 6, 14], "uv": [0, 0]}
					]
				},
				{
					"name": "icicles",
					"parent": "torso",
					"pivot": [-3.6, 12.9, 0],
					"rotation": [0, 0, -22.5]
				},
				{
					"name": "icicle1",
					"parent": "icicles",
					"pivot": [-1.36158, 15.22995, -0.90057],
					"rotation": [12.5, 0, 0],
					"cubes": [
						{"origin": [-4.1, 11.88416, -1.03824], "size": [2, 4, 2], "inflate": -0.5, "pivot": [-3.6, 11.38416, -0.03824], "rotation": [10, 7.5, 25], "uv": [28, 28]},
						{"origin": [-3.2, 13.88416, -1.43824], "size": [2, 4, 2], "inflate": -0.65, "pivot": [-2.7, 13.38416, -0.43824], "rotation": [10, 7.5, 25], "uv": [28, 28]},
						{"origin": [-2.6, 15.28416, -1.73824], "size": [2, 4, 2], "inflate": -0.8, "pivot": [-2.1, 14.78416, -0.73824], "rotation": [10, 7.5, 25], "uv": [28, 28]}
					]
				},
				{
					"name": "icicle2",
					"parent": "icicles",
					"pivot": [-2.46158, 13.92995, 2.09943],
					"rotation": [-43.92612, -14.40214, -7.30484],
					"cubes": [
						{"origin": [-5.2, 10.58416, 1.96176], "size": [2, 4, 2], "inflate": -0.6, "pivot": [-4.7, 10.08416, 2.96176], "rotation": [10, 7.5, 25], "uv": [28, 28]},
						{"origin": [-4.3, 12.58416, 1.56176], "size": [2, 4, 2], "inflate": -0.75, "pivot": [-3.8, 12.08416, 2.56176], "rotation": [10, 7.5, 25], "uv": [28, 28]},
						{"origin": [-3.7, 13.98416, 1.26176], "size": [2, 4, 2], "inflate": -0.9, "pivot": [-3.2, 13.48416, 2.26176], "rotation": [10, 7.5, 25], "uv": [28, 28]}
					]
				},
				{
					"name": "icicle3",
					"parent": "icicles",
					"pivot": [-4.96158, 14.22995, 1.09943],
					"rotation": [-22.92336, -19.27247, -60.46602],
					"cubes": [
						{"origin": [-7.7, 10.88416, 0.96176], "size": [2, 4, 2], "inflate": -0.4, "pivot": [-7.2, 10.38416, 1.96176], "rotation": [10, 7.5, 25], "uv": [28, 28]},
						{"origin": [-6.8, 12.88416, 0.56176], "size": [2, 4, 2], "inflate": -0.55, "pivot": [-6.3, 12.38416, 1.56176], "rotation": [10, 7.5, 25], "uv": [28, 28]},
						{"origin": [-6.2, 14.28416, 0.26176], "size": [2, 4, 2], "inflate": -0.7, "pivot": [-5.7, 13.78416, 1.26176], "rotation": [10, 7.5, 25], "uv": [28, 28]},
						{"origin": [-5.8, 15.18416, 0.06176], "size": [2, 4, 2], "inflate": -0.85, "pivot": [-5.3, 14.68416, 1.06176], "rotation": [10, 7.5, 25], "uv": [28, 28]}
					]
				},
				{
					"name": "head",
					"parent": "torso",
					"pivot": [0, 12.25, -5],
					"cubes": [
						{"origin": [-3.5, 10.75, -12], "size": [7, 7, 7], "inflate": 0.01, "uv": [0, 20]},
						{"origin": [-3.5, 14.975, -12.35], "size": [7, 4, 2], "inflate": 0.02, "pivot": [0, 16.975, -11.35], "rotation": [-42.5, 0, 0], "uv": [38, 33]},
						{"origin": [-2.5, 10.75, -13], "size": [5, 2, 1], "uv": [40, 0]}
					]
				},
				{
					"name": "mouth",
					"parent": "head",
					"pivot": [0, 11.26, -12.91],
					"cubes": [
						{"origin": [-1, 10.76, -12.91], "size": [2, 1, 0], "uv": [60, 8]}
					]
				},
				{
					"name": "eyes",
					"parent": "head",
					"pivot": [0.00001, 13.75273, -11.025]
				},
				{
					"name": "eye_right",
					"parent": "eyes",
					"pivot": [-2.515, 13.75, -11.515],
					"cubes": [
						{"origin": [-3.515, 12.75, -12.015], "size": [2, 2, 1], "uv": [58, 0], "mirror": true}
					]
				},
				{
					"name": "eyelid_right",
					"parent": "eye_right",
					"pivot": [-2.415, 13.75, -11.415],
					"cubes": [
						{"origin": [-3.415, 12.75, -11.915], "size": [2, 2, 1], "inflate": 0.01, "uv": [58, 4], "mirror": true}
					]
				},
				{
					"name": "eye_left",
					"parent": "eyes",
					"pivot": [2.515, 13.75, -11.515],
					"cubes": [
						{"origin": [1.515, 12.75, -12.015], "size": [2, 2, 1], "uv": [52, 0]}
					]
				},
				{
					"name": "eyelid_left",
					"parent": "eye_left",
					"pivot": [2.415, 13.75, -11.415],
					"cubes": [
						{"origin": [1.415, 12.75, -11.915], "size": [2, 2, 1], "inflate": 0.01, "uv": [52, 4]}
					]
				},
				{
					"name": "hair_left",
					"parent": "head",
					"pivot": [3.5, 18.75, -9.5],
					"rotation": [30, -52.5, -45],
					"cubes": [
						{"origin": [0.75, 13, -10], "size": [2, 6, 0], "inflate": 0.01, "uv": [60, 19]}
					]
				},
				{
					"name": "hair_left2",
					"parent": "hair_left",
					"pivot": [2.75, 13, -10],
					"rotation": [0, 0, 10],
					"cubes": [
						{"origin": [-1.25, 5, -10], "size": [5, 8, 0], "uv": [50, 25]}
					]
				},
				{
					"name": "hair_right",
					"parent": "head",
					"pivot": [-3.5, 18.75, -9.5],
					"rotation": [30, 52.5, 45],
					"cubes": [
						{"origin": [-2.75, 13, -10], "size": [2, 6, 0], "inflate": 0.01, "uv": [0, 20], "mirror": true}
					]
				},
				{
					"name": "hair_right2",
					"parent": "hair_right",
					"pivot": [-2.75, 13, -10],
					"rotation": [0, 0, -10],
					"cubes": [
						{"origin": [-3.75, 5, -10], "size": [5, 8, 0], "uv": [40, 25], "mirror": true}
					]
				},
				{
					"name": "ear_left",
					"parent": "head",
					"pivot": [3, 17, -8.5],
					"rotation": [-20, -15, 40],
					"cubes": [
						{"origin": [0.99118, 16.66963, -8.40767], "size": [5, 10, 0], "uv": [38, 39], "mirror": true}
					]
				},
				{
					"name": "ear_right",
					"parent": "head",
					"pivot": [-3, 17, -8.5],
					"rotation": [-20, 15, -40],
					"cubes": [
						{"origin": [-5.99118, 16.66963, -8.40767], "size": [5, 10, 0], "uv": [48, 39]}
					]
				},
				{
					"name": "tail",
					"parent": "torso",
					"pivot": [0, 12.24167, 6.98333],
					"cubes": [
						{"origin": [-1.5, 12.25, 7], "size": [3, 0, 4], "uv": [27, 10]}
					]
				},
				{
					"name": "tail2",
					"parent": "tail",
					"pivot": [0, 12.25, 11],
					"cubes": [
						{"origin": [-3, 12.25, 11], "size": [6, 0, 5], "uv": [23, 5]}
					]
				},
				{
					"name": "tail3",
					"parent": "tail2",
					"pivot": [0, 12.25, 16],
					"cubes": [
						{"origin": [-3, 12.25, 16], "size": [6, 0, 5], "uv": [23, 0]}
					]
				},
				{
					"name": "tail4",
					"parent": "tail3",
					"pivot": [0, 12, 21],
					"cubes": [
						{"origin": [-3, 12.26675, 21.00048], "size": [6, 0, 5], "uv": [16, 20]}
					]
				},
				{
					"name": "leg_front_right",
					"parent": "body",
					"pivot": [-2.5, 9, -4.5],
					"rotation": [7.5, 0, 0],
					"cubes": [
						{"origin": [-4, 4.5, -6], "size": [3, 6, 3], "inflate": 0.01, "uv": [51, 50], "mirror": true}
					]
				},
				{
					"name": "leg_front_right2",
					"parent": "leg_front_right",
					"pivot": [-2.5, 4.5, -3],
					"rotation": [-22.5, 0, 0],
					"cubes": [
						{"origin": [-4, 0.5, -6], "size": [3, 4, 3], "uv": [28, 57], "mirror": true}
					]
				},
				{
					"name": "leg_front_right3",
					"parent": "leg_front_right2",
					"pivot": [-2.5, 1, -4.5],
					"rotation": [15, 0, 0],
					"cubes": [
						{"origin": [-4, -0.75, -6.25], "size": [3, 2, 3], "inflate": 0.01, "uv": [52, 59], "mirror": true}
					]
				},
				{
					"name": "leg_front_left",
					"parent": "body",
					"pivot": [2.5, 9, -4.5],
					"rotation": [7.5, 0, 0],
					"cubes": [
						{"origin": [1, 4.5, -6], "size": [3, 6, 3], "inflate": 0.01, "uv": [0, 0]}
					]
				},
				{
					"name": "leg_front_left2",
					"parent": "leg_front_left",
					"pivot": [2.5, 4.5, -3],
					"rotation": [-22.5, 0, 0],
					"cubes": [
						{"origin": [1, 0.5, -6], "size": [3, 4, 3], "uv": [41, 4]}
					]
				},
				{
					"name": "leg_front_left3",
					"parent": "leg_front_left2",
					"pivot": [2.5, 1, -4.5],
					"rotation": [15, 0, 0],
					"cubes": [
						{"origin": [1, -0.75, -6.25], "size": [3, 2, 3], "inflate": 0.01, "uv": [46, 14]}
					]
				},
				{
					"name": "leg_back_right",
					"parent": "body",
					"pivot": [-2.5, 9, 4.75],
					"rotation": [5, 0, 0],
					"cubes": [
						{"origin": [-4, 4.5, 2.75], "size": [3, 6, 4], "inflate": 0.01, "uv": [14, 34], "mirror": true}
					]
				},
				{
					"name": "leg_back_right2",
					"parent": "leg_back_right",
					"pivot": [-2.5, 4.5, 6.25],
					"rotation": [-12.5, 0, 0],
					"cubes": [
						{"origin": [-4, 0.75, 4.25], "size": [3, 4, 3], "uv": [16, 57], "mirror": true}
					]
				},
				{
					"name": "leg_back_right3",
					"parent": "leg_back_right2",
					"pivot": [-2.5, 1.25, 5.75],
					"rotation": [7.5, 0, 0],
					"cubes": [
						{"origin": [-4, -0.25, 4], "size": [3, 2, 3], "inflate": 0.01, "uv": [40, 59], "mirror": true}
					]
				},
				{
					"name": "leg_back_left",
					"parent": "body",
					"pivot": [2.5, 9, 4.75],
					"rotation": [5, 0, 0],
					"cubes": [
						{"origin": [1, 4.5, 2.75], "size": [3, 6, 4], "inflate": 0.01, "uv": [0, 34]}
					]
				},
				{
					"name": "leg_back_left2",
					"parent": "leg_back_left",
					"pivot": [2.5, 4.5, 6.25],
					"rotation": [-12.5, 0, 0],
					"cubes": [
						{"origin": [1, 0.75, 4.25], "size": [3, 4, 3], "uv": [0, 52]}
					]
				},
				{
					"name": "leg_back_left3",
					"parent": "leg_back_left2",
					"pivot": [2.5, 1.25, 5.75],
					"rotation": [7.5, 0, 0],
					"cubes": [
						{"origin": [1, -0.25, 4], "size": [3, 2, 3], "inflate": 0.01, "uv": [21, 44]}
					]
				}
			]
		}
	]
}