{
	"format_version": "1.21.6",
	"credit": "Made with Blockbench",
	"textures": {
		"1": "mega_showdown:item/keystone_base",
		"2": "mega_showdown:item/texture-anchor",
		"particle": "mega_showdown:item/texture-anchor"
	},
	"elements": [
		{
			"from": [3, 0, 7.75],
			"to": [13, 11, 7.75],
			"rotation": {"angle": 0, "axis": "y", "origin": [7, 0, 7.75]},
			"faces": {
				"north": {"uv": [0, 0, 10, 11], "texture": "#2"},
				"south": {"uv": [0, 0, 10, 11], "texture": "#2"}
			}
		},
		{
			"from": [3, 11, 7.75],
			"to": [13, 11, 12.75],
			"rotation": {"angle": 0, "axis": "y", "origin": [7, 0, 7.75]},
			"faces": {
				"up": {"uv": [0, 11, 10, 16], "texture": "#2"},
				"down": {"uv": [0, 16, 10, 11], "texture": "#2"}
			}
		},
		{
			"name": "Stone",
			"from": [7, 5, 7.74],
			"to": [9, 7, 7.74],
			"rotation": {"angle": 0, "axis": "y", "origin": [8.57, 6.5, 7.725]},
			"faces": {
				"north": {"uv": [1, 1, 3, 3], "texture": "#1"}
			}
		},
		{
			"name": "up",
			"from": [7, 7, 6.74],
			"to": [9, 7, 7.74],
			"rotation": {"angle": 0, "axis": "y", "origin": [8.57, 6.5, 7.725]},
			"faces": {
				"down": {"uv": [3, 1, 1, 0], "texture": "#1"}
			}
		},
		{
			"name": "down",
			"from": [7, 5, 6.74],
			"to": [9, 5, 7.74],
			"rotation": {"angle": 0, "axis": "y", "origin": [8.57, 5.5, 7.725]},
			"faces": {
				"up": {"uv": [3, 4, 1, 3], "texture": "#1"}
			}
		},
		{
			"name": "left",
			"from": [9, 5, 6.74],
			"to": [9, 7, 7.74],
			"rotation": {"angle": 0, "axis": "y", "origin": [10.57, 6.5, 7.725]},
			"faces": {
				"west": {"uv": [0, 1, 1, 3], "texture": "#1"}
			}
		},
		{
			"name": "left",
			"from": [7, 5, 6.74],
			"to": [7, 7, 7.74],
			"rotation": {"angle": 0, "axis": "y", "origin": [7.57, 6.5, 7.475]},
			"faces": {
				"east": {"uv": [3, 1, 4, 3], "texture": "#1"}
			}
		}
	],
	"gui_light": "front",
	"display": {
		"thirdperson_righthand": {
			"rotation": [67.5, 0, 0],
			"translation": [-6, 0, 8.5]
		},
		"thirdperson_lefthand": {
			"rotation": [67.5, 0, 0],
			"translation": [-6, 0, 8.5]
		},
		"firstperson_righthand": {
			"scale": [0, 0, 0]
		},
		"firstperson_lefthand": {
			"scale": [0, 0, 0]
		},
		"ground": {
			"translation": [0, 4.25, 0]
		},
		"gui": {
			"rotation": [0, -180, 0]
		},
		"head": {
			"translation": [0, -10.25, -3.5],
			"scale": [1.5, 1.5, 1.5]
		}
	},
	"groups": [
		{
			"name": "group",
			"origin": [7, 0, 8],
			"color": 0,
			"children": [0, 1]
		},
		{
			"name": "keystone",
			"origin": [8, 8, 8],
			"color": 0,
			"children": [2, 3, 4, 5, 6]
		}
	]
}