{
	"format_version": "1.21.6",
	"credit": "Made with Blockbench",
	"textures": {
		"0": "mega_showdown:item/dynamax_band_3d",
		"1": "mega_showdown:item/dmax-screen",
		"particle": "mega_showdown:item/dynamax_band_3d"
	},
	"elements": [
		{
			"from": [2, 0, 2],
			"to": [14, 10, 14],
			"rotation": {"angle": 0, "axis": "y", "origin": [3, 0, 1]},
			"faces": {
				"north": {"uv": [0, 0, 6, 5], "texture": "#0"},
				"east": {"uv": [0, 0, 6, 5], "texture": "#0"},
				"south": {"uv": [0, 0, 6, 5], "texture": "#0"},
				"west": {"uv": [0, 0, 6, 5], "texture": "#0"},
				"up": {"uv": [0, 6, 6, 12], "texture": "#0"},
				"down": {"uv": [13, 6, 7, 12], "texture": "#0"}
			}
		},
		{
			"name": "inside",
			"from": [12, 10, 12],
			"to": [4, 0, 4],
			"rotation": {"angle": 0, "axis": "y", "origin": [13, 10, 11]},
			"faces": {
				"north": {"uv": [7, 0, 11, 5], "texture": "#0"},
				"east": {"uv": [7, 0, 11, 5], "texture": "#0"},
				"south": {"uv": [7, 0, 11, 5], "texture": "#0"},
				"west": {"uv": [7, 0, 11, 5], "texture": "#0"}
			}
		},
		{
			"from": [3, 0, 14.55],
			"to": [13, 10, 14.55],
			"rotation": {"angle": 0, "axis": "y", "origin": [0, 0, 13.6]},
			"faces": {
				"south": {"uv": [0, 0, 5, 5], "texture": "#1"}
			}
		}
	],
	"gui_light": "front",
	"display": {
		"thirdperson_righthand": {
			"rotation": [90, -90, 0],
			"translation": [0, -2, 4.5],
			"scale": [0.45001, 0.45001, 0.45001]
		},
		"thirdperson_lefthand": {
			"rotation": [90, -90, 0],
			"translation": [0, -2, 4.5],
			"scale": [0.45001, 0.45001, 0.45001]
		},
		"firstperson_righthand": {
			"rotation": [99, 0, -180],
			"translation": [5.5, -4.75, -4.75]
		},
		"firstperson_lefthand": {
			"rotation": [99, 0, -180],
			"translation": [5.5, -4.75, -4.75]
		},
		"ground": {
			"translation": [0, 4.25, 0],
			"scale": [0.4, 0.4, 0.4]
		},
		"gui": {
			"rotation": [0, -180, 0],
			"translation": [0, 2.5, 0]
		},
		"head": {
			"translation": [0, 2.5, 0]
		},
		"fixed": {
			"translation": [0, 3, 0]
		}
	},
	"groups": [
		{
			"name": "group",
			"origin": [-2, 0, 9],
			"color": 0,
			"children": [0, 1]
		},
		2
	]
}