{
	"format_version": "1.21.6",
	"credit": "Made with Blockbench",
	"textures": {
		"0": "mega_showdown:item/texture-glove",
		"1": "mega_showdown:item/keystone_base",
		"particle": "mega_showdown:item/texture-glove"
	},
	"elements": [
		{
			"name": "outside_cuff",
			"from": [2.75, 6.51, 1.75],
			"to": [13.25, 8.51, 12.25],
			"rotation": {"angle": 0, "axis": "y", "origin": [5, 6.5, 5]},
			"faces": {
				"north": {"uv": [0, 5, 5, 6], "texture": "#0"},
				"east": {"uv": [0, 5, 5, 6], "texture": "#0"},
				"south": {"uv": [0, 5, 5, 6], "texture": "#0"},
				"west": {"uv": [0, 5, 5, 6], "texture": "#0"},
				"up": {"uv": [0, 0, 5, 5], "texture": "#0"},
				"down": {"uv": [0, 0, 5, 5], "texture": "#0"}
			}
		},
		{
			"name": "outside_glove",
			"from": [3.25, 2.01, 2.25],
			"to": [12.75, 8.01, 11.75],
			"rotation": {"angle": 0, "axis": "y", "origin": [5, 6, 5]},
			"faces": {
				"north": {"uv": [6, 0, 11, 3], "texture": "#0"},
				"east": {"uv": [6, 3, 11, 6], "texture": "#0"},
				"south": {"uv": [6, 0, 11, 3], "texture": "#0"},
				"west": {"uv": [6, 0, 11, 3], "texture": "#0"}
			}
		},
		{
			"name": "inside_glove",
			"from": [12.75, 8.01, 11.75],
			"to": [3.25, 2.01, 2.25],
			"rotation": {"angle": 0, "axis": "y", "origin": [14.5, 12, 14.5]},
			"faces": {
				"north": {"uv": [0, 8, 5, 11], "texture": "#0"},
				"east": {"uv": [0, 8, 5, 11], "texture": "#0"},
				"south": {"uv": [0, 8, 5, 11], "texture": "#0"},
				"west": {"uv": [0, 8, 5, 11], "texture": "#0"}
			}
		},
		{
			"name": "inside_cuff",
			"from": [11.25, 8.5, 10.25],
			"to": [4.75, 6.5, 3.75],
			"rotation": {"angle": 0, "axis": "y", "origin": [11.25, 8.5, 10.25]},
			"faces": {
				"north": {"uv": [0, 6, 5, 7], "texture": "#0"},
				"east": {"uv": [0, 6, 5, 7], "texture": "#0"},
				"south": {"uv": [0, 6, 5, 7], "texture": "#0"},
				"west": {"uv": [0, 6, 5, 7], "texture": "#0"}
			}
		},
		{
			"name": "Stone",
			"from": [12.76, 2, 5],
			"to": [12.76, 6, 9],
			"rotation": {"angle": 0, "axis": "y", "origin": [12.75, 3, 9]},
			"faces": {
				"east": {"uv": [1, 1, 3, 3], "texture": "#1"}
			}
		},
		{
			"name": "up",
			"from": [12.76, 6, 5],
			"to": [13.76, 6, 9],
			"rotation": {"angle": 0, "axis": "y", "origin": [11.75, 6, 9]},
			"faces": {
				"down": {"uv": [3, 1, 1, 0], "rotation": 270, "texture": "#1"}
			}
		},
		{
			"name": "down",
			"from": [12.76, 2, 5],
			"to": [13.76, 2, 9],
			"rotation": {"angle": 0, "axis": "y", "origin": [11.75, 0, 9]},
			"faces": {
				"up": {"uv": [3, 4, 1, 3], "rotation": 90, "texture": "#1"}
			}
		},
		{
			"name": "left",
			"from": [12.76, 2, 9],
			"to": [13.76, 6, 9],
			"rotation": {"angle": 0, "axis": "y", "origin": [11.75, 3, 12]},
			"faces": {
				"north": {"uv": [0, 1, 1, 3], "texture": "#1"}
			}
		},
		{
			"name": "right",
			"from": [12.76, 2, 5],
			"to": [13.76, 6, 5],
			"rotation": {"angle": 0, "axis": "y", "origin": [11.75, 3, 6]},
			"faces": {
				"south": {"uv": [3, 1, 4, 3], "texture": "#1"}
			}
		}
	],
	"gui_light": "front",
	"display": {
		"thirdperson_righthand": {
			"rotation": [90, 0, 0],
			"translation": [0, -2.5, 3.5],
			"scale": [0.51, 0.51, 0.51]
		},
		"thirdperson_lefthand": {
			"rotation": [90, -180, 0],
			"translation": [0, -1.5, 3.75],
			"scale": [0.51, 0.51, 0.51]
		},
		"firstperson_righthand": {
			"rotation": [98.5, 0, 0],
			"translation": [2, -5.25, 0]
		},
		"firstperson_lefthand": {
			"rotation": [98.5, -180, 0],
			"translation": [2, -3.25, 0]
		},
		"ground": {
			"translation": [0, 1.25, 0],
			"scale": [0.5, 0.5, 0.5]
		},
		"gui": {
			"rotation": [0, -90, 0],
			"translation": [-0.5, 3, 0]
		},
		"fixed": {
			"rotation": [0, 90, 0]
		}
	},
	"groups": [
		{
			"name": "glove",
			"origin": [7.5, 6, 7.5],
			"color": 0,
			"children": [0, 1, 2, 3]
		},
		{
			"name": "keystone",
			"origin": [8, 8, 8],
			"color": 0,
			"children": [4, 5, 6, 7, 8]
		}
	]
}