{
	"format_version": "1.21.6",
	"credit": "Made with Blockbench",
	"textures": {
		"0": "mega_showdown:item/likos_pendant_3d",
		"particle": "mega_showdown:item/likos_pendant_3d"
	},
	"elements": [
		{
			"from": [6.5, 8, 6.5],
			"to": [8.5, 10, 9.5],
			"rotation": {"angle": 0, "axis": "y", "origin": [6.5, 9.05, 7.6]},
			"faces": {
				"north": {"uv": [0, 7, 2, 9], "texture": "#0"},
				"east": {"uv": [3, 10, 6, 12], "texture": "#0"},
				"south": {"uv": [2, 7, 0, 9], "texture": "#0"},
				"west": {"uv": [0, 2, 3, 4], "texture": "#0"}
			}
		},
		{
			"from": [6.51, 7.5, 6.59],
			"to": [8.51, 9.625, 8.715],
			"rotation": {"angle": -45, "axis": "x", "origin": [6.5625, 8.7, 8.5]},
			"faces": {
				"north": {"uv": [0, 12, 2, 14], "texture": "#0"},
				"east": {"uv": [3, 10, 5, 12], "texture": "#0"},
				"west": {"uv": [0, 4, 2, 6], "texture": "#0"},
				"down": {"uv": [2, 11, 0, 13], "texture": "#0"}
			}
		},
		{
			"from": [6.51, 9.49, 6.59],
			"to": [8.51, 11.615, 8.715],
			"rotation": {"angle": -45, "axis": "x", "origin": [6.5, 10.7, 8.5]},
			"faces": {
				"east": {"uv": [3, 10, 5, 12], "texture": "#0"},
				"south": {"uv": [0, 8, 2, 10], "rotation": 180, "texture": "#0"},
				"west": {"uv": [0, 0, 2, 2], "texture": "#0"},
				"up": {"uv": [2, 11, 0, 9], "texture": "#0"}
			}
		},
		{
			"from": [7.5, 11.1, 7.5],
			"to": [8.5, 12.1, 8.5],
			"rotation": {"angle": 0, "axis": "y", "origin": [6.5, 12.1, 8.5]},
			"faces": {
				"north": {"uv": [13, 9, 14, 10], "texture": "#0"},
				"east": {"uv": [10, 13, 11, 14], "texture": "#0"},
				"south": {"uv": [13, 10, 14, 11], "texture": "#0"},
				"west": {"uv": [11, 13, 12, 14], "texture": "#0"},
				"up": {"uv": [14, 12, 13, 11], "texture": "#0"},
				"down": {"uv": [13, 13, 12, 14], "texture": "#0"}
			}
		},
		{
			"from": [7.75, 12.1, 2.3125],
			"to": [7.75, 18.1, 8.3125],
			"rotation": {"angle": 45, "axis": "x", "origin": [7.75, 12.1, 7.3125]},
			"faces": {
				"east": {"uv": [4, 0, 10, 6], "rotation": 90, "texture": "#0"},
				"west": {"uv": [4, 0, 10, 6], "texture": "#0"}
			}
		},
		{
			"from": [7.62, 16.35, 5],
			"to": [13.62, 16.35, 11],
			"rotation": {"angle": 0, "axis": "y", "origin": [10.625, 16.35, 8.0625]},
			"faces": {
				"up": {"uv": [7, 16, 13, 10], "rotation": 270, "texture": "#0"},
				"down": {"uv": [7, 10, 13, 16], "rotation": 90, "texture": "#0"}
			}
		},
		{
			"from": [7.5, 5.25, 6.5],
			"to": [7.5, 7.25, 9.5],
			"rotation": {"angle": 0, "axis": "y", "origin": [5.5, 7.25, 8.5]},
			"faces": {
				"east": {"uv": [3, 7, 6, 9], "texture": "#0"},
				"west": {"uv": [3, 7, 6, 9], "texture": "#0"}
			}
		}
	],
	"gui_light": "front",
	"display": {
		"thirdperson_righthand": {
			"rotation": [-26.85, -89.49, -92.63],
			"translation": [-5, -0.75, 5.75],
			"scale": [0.9, 0.9, 0.9]
		},
		"thirdperson_lefthand": {
			"rotation": [152.77, 89.75, -85.32],
			"translation": [-7, -1, 5],
			"scale": [0.9, 0.9, 0.9]
		},
		"firstperson_righthand": {
			"translation": [0, -5, 0]
		},
		"firstperson_lefthand": {
			"translation": [0, -5, 0]
		},
		"fixed": {
			"rotation": [0, -90, 0],
			"translation": [0, -4, -0.5]
		}
	},
	"groups": [
		{
			"name": "pendent",
			"origin": [8, 8, 8],
			"color": 0,
			"children": [0, 1, 2, 3, 4, 5, 6]
		}
	]
}