{
	"format_version": "1.21.6",
	"credit": "Made with Blockbench",
	"textures": {
		"0": "mega_showdown:item/lisia_mega_tiara_3d",
		"1": "mega_showdown:item/keystone_base",
		"particle": "mega_showdown:item/lisia_mega_tiara_3d"
	},
	"elements": [
		{
			"from": [6.5, 1.25, 5.5],
			"to": [7.5, 1.25, 6.5],
			"rotation": {"angle": 0, "axis": "y", "origin": [5, -0.25, 4]},
			"faces": {
				"up": {"uv": [4, 7, 5, 8], "texture": "#0"},
				"down": {"uv": [4, 7, 5, 8], "texture": "#0"}
			}
		},
		{
			"from": [9.5, 1.25, 8.5],
			"to": [10.5, 1.25, 9.5],
			"rotation": {"angle": 0, "axis": "y", "origin": [8, -0.25, 7]},
			"faces": {
				"up": {"uv": [4, 7, 5, 8], "texture": "#0"},
				"down": {"uv": [4, 7, 5, 8], "texture": "#0"}
			}
		},
		{
			"from": [4.75, -0.001, 4.75],
			"to": [6.75, 0.999, 6.75],
			"rotation": {"angle": 0, "axis": "y", "origin": [4.75, 0, 7.75]},
			"faces": {
				"north": {"uv": [1, 6, 2, 8], "rotation": 270, "texture": "#0"},
				"east": {"uv": [1, 6, 3, 7], "rotation": 180, "texture": "#0"},
				"south": {"uv": [2, 6, 3, 8], "rotation": 90, "texture": "#0"},
				"west": {"uv": [1, 7, 3, 8], "texture": "#0"},
				"up": {"uv": [3, 8, 1, 6], "rotation": 270, "texture": "#0"},
				"down": {"uv": [1, 8, 3, 6], "rotation": 270, "texture": "#0"}
			}
		},
		{
			"from": [5.75, 0, 3.75],
			"to": [7.75, 1, 5.75],
			"rotation": {"angle": 0, "axis": "y", "origin": [4.75, 0, 7.75]},
			"faces": {
				"north": {"uv": [0, 5, 1, 7], "rotation": 270, "texture": "#0"},
				"east": {"uv": [0, 5, 2, 6], "rotation": 180, "texture": "#0"},
				"south": {"uv": [1, 5, 2, 7], "rotation": 90, "texture": "#0"},
				"west": {"uv": [0, 6, 2, 7], "texture": "#0"},
				"up": {"uv": [2, 7, 0, 5], "rotation": 270, "texture": "#0"},
				"down": {"uv": [0, 7, 2, 5], "rotation": 270, "texture": "#0"}
			}
		},
		{
			"from": [9, 0, 5],
			"to": [11, 1, 7],
			"rotation": {"angle": 0, "axis": "y", "origin": [9, 0, 4]},
			"faces": {
				"north": {"uv": [1, 1, 2, 3], "rotation": 270, "texture": "#0"},
				"east": {"uv": [1, 1, 3, 2], "rotation": 180, "texture": "#0"},
				"south": {"uv": [2, 1, 3, 3], "rotation": 90, "texture": "#0"},
				"west": {"uv": [1, 2, 3, 3], "texture": "#0"},
				"up": {"uv": [3, 3, 1, 1], "rotation": 270, "texture": "#0"},
				"down": {"uv": [1, 3, 3, 1], "rotation": 270, "texture": "#0"}
			}
		},
		{
			"from": [6, 0.02, 8],
			"to": [8, 1.02, 10],
			"rotation": {"angle": 0, "axis": "y", "origin": [6, 0, 7]},
			"faces": {
				"north": {"uv": [4, 4, 5, 6], "rotation": 270, "texture": "#0"},
				"east": {"uv": [4, 4, 6, 5], "rotation": 180, "texture": "#0"},
				"south": {"uv": [5, 4, 6, 6], "rotation": 90, "texture": "#0"},
				"west": {"uv": [4, 5, 6, 6], "texture": "#0"},
				"up": {"uv": [6, 6, 4, 4], "rotation": 270, "texture": "#0"},
				"down": {"uv": [4, 6, 6, 4], "rotation": 270, "texture": "#0"}
			}
		},
		{
			"from": [7, 0, 6],
			"to": [10, 1, 9],
			"rotation": {"angle": 0, "axis": "y", "origin": [7, 0, 6]},
			"faces": {
				"north": {"uv": [2, 2, 3, 5], "rotation": 270, "texture": "#0"},
				"east": {"uv": [2, 2, 5, 3], "rotation": 180, "texture": "#0"},
				"south": {"uv": [4, 2, 5, 5], "rotation": 90, "texture": "#0"},
				"west": {"uv": [2, 4, 5, 5], "texture": "#0"},
				"up": {"uv": [5, 5, 2, 2], "rotation": 270, "texture": "#0"},
				"down": {"uv": [2, 5, 5, 2], "rotation": 270, "texture": "#0"}
			}
		},
		{
			"from": [9.25, -0.001, 9.25],
			"to": [11.25, 0.999, 11.25],
			"rotation": {"angle": 0, "axis": "y", "origin": [8.25, 0, 11.25]},
			"faces": {
				"north": {"uv": [6, 1, 7, 3], "rotation": 270, "texture": "#0"},
				"east": {"uv": [6, 1, 8, 2], "rotation": 180, "texture": "#0"},
				"south": {"uv": [7, 1, 8, 3], "rotation": 90, "texture": "#0"},
				"west": {"uv": [6, 2, 8, 3], "texture": "#0"},
				"up": {"uv": [8, 3, 6, 1], "rotation": 270, "texture": "#0"},
				"down": {"uv": [6, 3, 8, 1], "rotation": 270, "texture": "#0"}
			}
		},
		{
			"from": [10.25, 0, 8.25],
			"to": [12.25, 1, 10.25],
			"rotation": {"angle": 0, "axis": "y", "origin": [8.25, 0, 11.25]},
			"faces": {
				"north": {"uv": [5, 0, 6, 2], "rotation": 270, "texture": "#0"},
				"east": {"uv": [5, 0, 7, 1], "rotation": 180, "texture": "#0"},
				"south": {"uv": [6, 0, 7, 2], "rotation": 90, "texture": "#0"},
				"west": {"uv": [5, 1, 7, 2], "texture": "#0"},
				"up": {"uv": [7, 2, 5, 0], "rotation": 270, "texture": "#0"},
				"down": {"uv": [5, 2, 7, 0], "rotation": 270, "texture": "#0"}
			}
		},
		{
			"name": "Stone",
			"from": [7.5, 1.03, 6.5],
			"to": [9.5, 1.03, 8.5],
			"rotation": {"angle": 0, "axis": "y", "origin": [8, 1, 7]},
			"faces": {
				"up": {"uv": [1, 1, 3, 3], "texture": "#1"}
			}
		},
		{
			"name": "up",
			"from": [7.5, 1, 6.5],
			"to": [9.5, 2, 6.5],
			"rotation": {"angle": 0, "axis": "y", "origin": [8, 1, 7]},
			"faces": {
				"south": {"uv": [3, 1, 1, 0], "rotation": 180, "texture": "#1"}
			}
		},
		{
			"name": "down",
			"from": [7.5, 1, 8.5],
			"to": [9.5, 2, 8.5],
			"rotation": {"angle": 0, "axis": "y", "origin": [8, 1, 8]},
			"faces": {
				"north": {"uv": [3, 4, 1, 3], "texture": "#1"}
			}
		},
		{
			"name": "left",
			"from": [7.5, 1, 6.5],
			"to": [7.5, 2, 8.5],
			"rotation": {"angle": 0, "axis": "y", "origin": [8, 1, 7]},
			"faces": {
				"east": {"uv": [0, 1, 1, 3], "rotation": 90, "texture": "#1"}
			}
		},
		{
			"name": "right",
			"from": [9.5, 1, 6.5],
			"to": [9.5, 2, 8.5],
			"rotation": {"angle": 0, "axis": "y", "origin": [9, 1, 7]},
			"faces": {
				"west": {"uv": [3, 1, 4, 3], "rotation": 270, "texture": "#1"}
			}
		}
	],
	"gui_light": "front",
	"display": {
		"thirdperson_righthand": {
			"rotation": [-180, 0, 155],
			"translation": [-0.25, 4, 0],
			"scale": [0.5, 0.5, 0.5]
		},
		"thirdperson_lefthand": {
			"translation": [0.5, 3.75, 0],
			"scale": [0.5, 0.5, 0.5]
		},
		"firstperson_righthand": {
			"rotation": [90, 15, 0],
			"translation": [5.25, 0.5, 6]
		},
		"firstperson_lefthand": {
			"rotation": [90, 0, 0],
			"translation": [-1.75, 4.5, 8.75],
			"scale": [0.5, 0.5, 0.5]
		},
		"ground": {
			"translation": [0, 14, 0]
		},
		"gui": {
			"rotation": [90, 0, 0]
		},
		"head": {
			"rotation": [90, -20, -180],
			"translation": [-4, 5, -14]
		}
	},
	"groups": [
		{
			"name": "tiara",
			"origin": [8, 8, 8],
			"color": 0,
			"children": [
				0,
				1,
				{
					"name": "right",
					"origin": [8, 0, 11],
					"color": 0,
					"children": [2, 3]
				},
				{
					"name": "middle",
					"origin": [8, 8, 8],
					"color": 0,
					"children": [4, 5, 6]
				},
				{
					"name": "left",
					"origin": [8, 0, 11],
					"color": 0,
					"children": [7, 8]
				}
			]
		},
		{
			"name": "keystone",
			"origin": [8, 8, 8],
			"color": 0,
			"children": [9, 10, 11, 12, 13]
		}
	]
}