{
	"format_version": "1.21.6",
	"credit": "Made with Blockbench",
	"textures": {
		"0": "mega_showdown:item/keystone_base",
		"1": "mega_showdown:item/texture-ring",
		"particle": "mega_showdown:item/keystone_base"
	},
	"elements": [
		{
			"from": [5, 3, 6],
			"to": [10, 6, 11],
			"rotation": {"angle": 0, "axis": "y", "origin": [7, 3, 6]},
			"faces": {
				"north": {"uv": [0, 0, 3, 2], "texture": "#1"},
				"east": {"uv": [0, 0, 3, 2], "texture": "#1"},
				"south": {"uv": [0, 0, 3, 2], "texture": "#1"},
				"west": {"uv": [0, 0, 3, 2], "texture": "#1"},
				"up": {"uv": [6, 0, 11, 5], "texture": "#1"},
				"down": {"uv": [6, 0, 11, 5], "texture": "#1"}
			}
		},
		{
			"name": "inside",
			"from": [9, 6, 10],
			"to": [6, 3, 7],
			"rotation": {"angle": 0, "axis": "y", "origin": [11, 6, 10]},
			"faces": {
				"north": {"uv": [0, 3, 2, 5], "texture": "#1"},
				"east": {"uv": [0, 3, 2, 5], "texture": "#1"},
				"south": {"uv": [0, 3, 2, 5], "texture": "#1"},
				"west": {"uv": [0, 3, 2, 5], "texture": "#1"}
			}
		},
		{
			"name": "Stone",
			"from": [6.5, 3.5, 5.975],
			"to": [8.5, 5.5, 5.975],
			"rotation": {"angle": 0, "axis": "y", "origin": [7, 4, 5.975]},
			"faces": {
				"north": {"uv": [1, 1, 2, 2], "texture": "#0"}
			}
		},
		{
			"name": "up",
			"from": [6.5, 5.5, 4.975],
			"to": [8.5, 5.5, 5.975],
			"rotation": {"angle": 0, "axis": "y", "origin": [7.5, 4.5, 6.975]},
			"faces": {
				"down": {"uv": [3, 1, 2, 0], "texture": "#0"}
			}
		},
		{
			"name": "down",
			"from": [6.5, 3.5, 4.975],
			"to": [8.5, 3.5, 5.975],
			"rotation": {"angle": 0, "axis": "y", "origin": [8.5, 3.5, 6.975]},
			"faces": {
				"up": {"uv": [3, 4, 2, 3], "texture": "#0"}
			}
		},
		{
			"name": "left",
			"from": [6.5, 3.5, 4.975],
			"to": [6.5, 5.5, 5.975],
			"rotation": {"angle": 0, "axis": "y", "origin": [6.5, 4.5, 6.975]},
			"faces": {
				"east": {"uv": [3, 2, 4, 3], "texture": "#0"}
			}
		},
		{
			"name": "right",
			"from": [8.5, 3.5, 4.975],
			"to": [8.5, 5.5, 5.975],
			"rotation": {"angle": 0, "axis": "y", "origin": [8.5, 3.5, 6.975]},
			"faces": {
				"west": {"uv": [0, 2, 1, 3], "texture": "#0"}
			}
		}
	],
	"gui_light": "front",
	"display": {
		"thirdperson_righthand": {
			"rotation": [0, -90, -90],
			"translation": [1.25, -2.25, 2.75],
			"scale": [0.5, 0.5, 0.5]
		},
		"thirdperson_lefthand": {
			"rotation": [0, -90, -90],
			"translation": [1.25, -1.75, 2.75],
			"scale": [0.5, 0.5, 0.5]
		},
		"ground": {
			"translation": [0, 1, 0]
		},
		"gui": {
			"rotation": [0, -180, 0],
			"translation": [0, 2.5, 0]
		},
		"fixed": {
			"translation": [0, 3.5, 1]
		}
	},
	"groups": [
		0,
		1,
		{
			"name": "keystone",
			"origin": [8, 8, 8],
			"color": 0,
			"children": [2, 3, 4, 5, 6]
		}
	]
}