{
	"format_version": "1.21.6",
	"credit": "Made with Blockbench",
	"textures": {
		"0": "mega_showdown:item/texture-glass",
		"1": "mega_showdown:item/keystone_base",
		"particle": "mega_showdown:item/texture-glass"
	},
	"elements": [
		{
			"from": [-1, 3, 2],
			"to": [-1, 6, 14],
			"rotation": {"angle": 0, "axis": "y", "origin": [-1, 3, 0]},
			"faces": {
				"east": {"uv": [0, 3, 12, 6], "texture": "#0", "cullface": "west"},
				"west": {"uv": [0, 3, 12, 6], "texture": "#0", "cullface": "west"}
			}
		},
		{
			"from": [-1, 6, 2],
			"to": [0, 7, 14],
			"rotation": {"angle": 0, "axis": "y", "origin": [0, 4, 2]},
			"faces": {
				"east": {"uv": [0, 0, 12, 1], "texture": "#0", "cullface": "west"},
				"west": {"uv": [0, 1, 12, 2], "texture": "#0", "cullface": "west"},
				"up": {"uv": [12, 0, 0, 1], "rotation": 90, "texture": "#0", "cullface": "west"},
				"down": {"uv": [0, 0, 12, 1], "rotation": 90, "texture": "#0", "cullface": "west"}
			}
		},
		{
			"from": [-1, 0, 14],
			"to": [7, 7, 14],
			"rotation": {"angle": 0, "axis": "y", "origin": [0, 4, 12]},
			"faces": {
				"north": {"uv": [8, 7, 0, 14], "texture": "#0"},
				"south": {"uv": [0, 7, 8, 14], "texture": "#0"}
			}
		},
		{
			"from": [-1, 0, 2],
			"to": [7, 7, 2],
			"rotation": {"angle": 0, "axis": "y", "origin": [0, 4, 0]},
			"faces": {
				"north": {"uv": [8, 7, 0, 14], "texture": "#0"},
				"south": {"uv": [0, 7, 8, 14], "texture": "#0"}
			}
		},
		{
			"name": "Stone",
			"from": [-0.58, 4.6, 1.995],
			"to": [1.42, 6.6, 1.995],
			"rotation": {"angle": 0, "axis": "y", "origin": [0.92, 6.1, 1.875]},
			"faces": {
				"north": {"uv": [1, 1, 3, 3], "texture": "#1"}
			}
		},
		{
			"name": "up",
			"from": [-0.58, 6.6, 1.005],
			"to": [1.42, 6.6, 2.005],
			"rotation": {"angle": 0, "axis": "y", "origin": [0.92, 6.1, 1.875]},
			"faces": {
				"down": {"uv": [3, 1, 1, 0], "texture": "#1"}
			}
		},
		{
			"name": "down",
			"from": [-0.58, 4.6, 1.005],
			"to": [1.42, 4.6, 2.005],
			"rotation": {"angle": 0, "axis": "y", "origin": [0.92, 5.1, 1.875]},
			"faces": {
				"up": {"uv": [3, 4, 1, 3], "texture": "#1"}
			}
		},
		{
			"name": "left",
			"from": [1.42, 4.6, 1.005],
			"to": [1.42, 6.6, 2.005],
			"rotation": {"angle": 0, "axis": "y", "origin": [0.92, 6.1, 1.875]},
			"faces": {
				"west": {"uv": [0, 1, 1, 3], "texture": "#1"}
			}
		},
		{
			"name": "right",
			"from": [-0.58, 4.6, 1.005],
			"to": [-0.58, 6.6, 2.005],
			"rotation": {"angle": 0, "axis": "y", "origin": [-0.08, 6.1, 1.875]},
			"faces": {
				"east": {"uv": [3, 1, 4, 3], "texture": "#1"}
			}
		}
	],
	"gui_light": "front",
	"display": {
		"thirdperson_righthand": {
			"rotation": [-21, -90, -90],
			"translation": [-6, -1, 18.5],
			"scale": [0.8, 0.8, 0.8]
		},
		"thirdperson_lefthand": {
			"rotation": [69, 90, 0],
			"translation": [-6, -1, 18.5],
			"scale": [0.8, 0.8, 0.8]
		},
		"firstperson_righthand": {
			"scale": [0, 0, 0]
		},
		"firstperson_lefthand": {
			"scale": [0, 0, 0]
		},
		"ground": {
			"translation": [3.75, 1.25, 0],
			"scale": [0.8, 0.8, 0.8]
		},
		"gui": {
			"rotation": [19, 56, 0],
			"translation": [3, 5, 0]
		},
		"head": {
			"rotation": [0, -90, 0],
			"translation": [0, 4, 3.25],
			"scale": [1.2, 1.2, 1.2]
		},
		"fixed": {
			"rotation": [0, -90, 0],
			"translation": [0, 4, 1]
		},
		"on_shelf": {
			"rotation": [0, 90, 0],
			"translation": [0, 0, -5.5],
			"scale": [1.33, 1.33, 1.33]
		}
	},
	"groups": [
		{
			"name": "glasses",
			"origin": [1, 0, 14],
			"color": 0,
			"children": [0, 1, 2, 3]
		},
		{
			"name": "keystone",
			"origin": [8, 8, 8],
			"color": 0,
			"children": [4, 5, 6, 7, 8]
		}
	]
}