{
	"format_version": "1.21.6",
	"credit": "Made with Blockbench",
	"textures": {
		"1": "mega_showdown:item/keystone_base",
		"2": "mega_showdown:item/may_bracelet_3d"
	},
	"elements": [
		{
			"name": "Stone",
			"from": [-1.20104, 0.76193, 2.18822],
			"to": [-1.20104, 1.76193, 3.18822],
			"rotation": {"angle": 0, "axis": "z", "origin": [-1.45104, 0.76, 3.18173]},
			"faces": {
				"west": {"uv": [1, 1, 2, 2], "texture": "#1"}
			}
		},
		{
			"name": "up",
			"from": [-1.70104, 1.76222, 2.17815],
			"to": [-1.20104, 1.76222, 3.17815],
			"rotation": {"angle": 0, "axis": "z", "origin": [-1.45104, 0.76, 3.18173]},
			"faces": {
				"down": {"uv": [3, 1, 2, 0], "rotation": 90, "texture": "#1"}
			}
		},
		{
			"name": "down",
			"from": [-1.70104, 0.76096, 2.17347],
			"to": [-1.20104, 0.76096, 3.17347],
			"rotation": {"angle": 0, "axis": "z", "origin": [-1.45104, 1.76, 3.18173]},
			"faces": {
				"up": {"uv": [3, 4, 2, 3], "rotation": 270, "texture": "#1"}
			}
		},
		{
			"name": "left",
			"from": [-1.70104, 0.75892, 2.19018],
			"to": [-1.20104, 1.75892, 2.19018],
			"rotation": {"angle": 0, "axis": "z", "origin": [-1.45104, 0.76, 3.18173]},
			"faces": {
				"south": {"uv": [0, 2, 1, 3], "texture": "#1"}
			}
		},
		{
			"name": "right",
			"from": [-1.70104, 0.75425, 3.17144],
			"to": [-1.20104, 1.75425, 3.17144],
			"rotation": {"angle": 0, "axis": "z", "origin": [-1.45104, 0.76, 2.18173]},
			"faces": {
				"north": {"uv": [3, 2, 4, 3], "texture": "#1"},
				"down": {"uv": [4, 0, 0, 0], "texture": "#1"}
			}
		},
		{
			"from": [-0.25, 0, -0.25],
			"to": [5.25, 3, 5.25],
			"rotation": {"angle": 0, "axis": "y", "origin": [1.13466, 1.005, 2.5]},
			"faces": {
				"north": {"uv": [6, 8, 12, 11], "texture": "#2"},
				"east": {"uv": [6, 8, 12, 11], "texture": "#2"},
				"south": {"uv": [6, 8, 12, 11], "texture": "#2"},
				"west": {"uv": [6, 12, 12, 15], "texture": "#2"}
			}
		},
		{
			"name": "base",
			"from": [0, 0, 0],
			"to": [5, 3, 5],
			"rotation": {"angle": 0, "axis": "y", "origin": [1.13466, 1.005, 2.5]},
			"faces": {
				"north": {"uv": [6, 0, 11, 3], "texture": "#2"},
				"east": {"uv": [6, 0, 11, 3], "texture": "#2"},
				"south": {"uv": [6, 0, 11, 3], "texture": "#2"},
				"west": {"uv": [6, 4, 11, 7], "texture": "#2"},
				"up": {"uv": [5, 5, 0, 0], "texture": "#2"},
				"down": {"uv": [5, 5, 0, 10], "texture": "#2"}
			}
		},
		{
			"name": "inside",
			"from": [4, 3, 4],
			"to": [1, 0, 1],
			"rotation": {"angle": 0, "axis": "y", "origin": [4, 3, 4]},
			"faces": {
				"north": {"uv": [0, 14, 3, 11], "texture": "#2"},
				"east": {"uv": [0, 14, 3, 11], "texture": "#2"},
				"south": {"uv": [0, 14, 3, 11], "texture": "#2"},
				"west": {"uv": [0, 14, 3, 11], "texture": "#2"}
			}
		},
		{
			"from": [-1.14297, 0.75051, 1.83284],
			"to": [-0.14297, 2.75051, 2.83284],
			"rotation": {"angle": -45, "axis": "x", "origin": [-0.64297, 1.5, 2.83311]},
			"faces": {
				"north": {"uv": [13, 0, 14, 2], "texture": "#2"},
				"east": {"uv": [13, 2, 14, 0], "rotation": 180, "texture": "#2"},
				"south": {"uv": [13, 1, 15, 2], "rotation": 270, "texture": "#2"},
				"west": {"uv": [13, 0, 14, 2], "texture": "#2"},
				"up": {"uv": [14, 0, 13, 1], "rotation": 270, "texture": "#2"},
				"down": {"uv": [13, 1, 14, 2], "rotation": 270, "texture": "#2"}
			}
		},
		{
			"from": [-1.14297, 0.74949, 2.83338],
			"to": [-0.14297, 1.74949, 3.83338],
			"rotation": {"angle": -45, "axis": "x", "origin": [-0.64297, 1.5, 2.83311]},
			"faces": {
				"east": {"uv": [14, 2, 15, 1], "rotation": 180, "texture": "#2"},
				"south": {"uv": [13, 0, 14, 1], "rotation": 270, "texture": "#2"},
				"west": {"uv": [14, 1, 15, 2], "texture": "#2"},
				"up": {"uv": [14, 1, 15, 2], "rotation": 270, "texture": "#2"},
				"down": {"uv": [14, 1, 15, 2], "rotation": 270, "texture": "#2"}
			}
		}
	],
	"gui_light": "front",
	"display": {
		"thirdperson_righthand": {
			"rotation": [90, -180, 0],
			"translation": [-5.5, 3.5, 9]
		},
		"thirdperson_lefthand": {
			"rotation": [90, 0, 0],
			"translation": [-5.5, -7.5, 9]
		},
		"firstperson_righthand": {
			"rotation": [15, -103, -101],
			"translation": [-6.75, -5.75, 5.75]
		},
		"firstperson_lefthand": {
			"rotation": [15, 63, 92],
			"translation": [-1.5, -4.25, 12]
		},
		"ground": {
			"translation": [6.75, 6.75, 6.75],
			"scale": [1.25, 1.25, 1.25]
		},
		"gui": {
			"rotation": [0, 60, 15],
			"translation": [13, 16, 0],
			"scale": [2, 2, 2]
		},
		"head": {
			"rotation": [0, -90, 0],
			"translation": [-16.5, 24, 16.5],
			"scale": [3, 3, 3]
		},
		"fixed": {
			"rotation": [0, -90, 0],
			"translation": [-13.5, 17.5, 14.5],
			"scale": [2.5, 2.5, 2.5]
		}
	},
	"groups": [
		{
			"name": "bracelet",
			"origin": [8, 8, 8],
			"color": 0,
			"children": [
				{
					"name": "keystone",
					"origin": [8, 8, 8],
					"color": 0,
					"children": [0, 1, 2, 3, 4]
				},
				{
					"name": "Squares",
					"origin": [0, 0, 0],
					"color": 0,
					"children": [5]
				},
				6,
				7
			]
		},
		{
			"name": "heart",
			"origin": [-5, 0, 3],
			"color": 0,
			"children": [8, 9]
		}
	]
}