{
	"format_version": "1.21.6",
	"credit": "Made with Blockbench",
	"textures": {
		"1": "mega_showdown:item/olivias_z_ring_3d"
	},
	"elements": [
		{
			"name": "ring",
			"from": [1, 2, 1],
			"to": [15, 6, 15],
			"rotation": {"angle": 0, "axis": "y", "origin": [-2, 2, 1]},
			"faces": {
				"north": {"uv": [0, 0, 7, 2], "texture": "#1"},
				"east": {"uv": [0, 0, 7, 2], "texture": "#1"},
				"south": {"uv": [0, 0, 7, 2], "texture": "#1"},
				"west": {"uv": [0, 0, 7, 2], "texture": "#1"},
				"up": {"uv": [8, 0, 15, 7], "texture": "#1"},
				"down": {"uv": [8, 0, 15, 7], "texture": "#1"}
			}
		},
		{
			"name": "inside",
			"from": [13, 6, 13],
			"to": [3, 2, 3],
			"rotation": {"angle": 0, "axis": "y", "origin": [10, 6, 13]},
			"faces": {
				"north": {"uv": [9, 8, 14, 10], "texture": "#1"},
				"east": {"uv": [9, 8, 14, 10], "texture": "#1"},
				"south": {"uv": [9, 8, 14, 10], "texture": "#1"},
				"west": {"uv": [9, 8, 14, 10], "texture": "#1"}
			}
		},
		{
			"name": "beads",
			"from": [0.5, 3, 0.5],
			"to": [15.5, 5, 15.5],
			"rotation": {"angle": 0, "axis": "y", "origin": [-2, 4, 1]},
			"faces": {
				"east": {"uv": [0, 8, 8, 9], "texture": "#1"},
				"south": {"uv": [0, 8, 8, 9], "texture": "#1"},
				"west": {"uv": [0, 8, 8, 9], "texture": "#1"}
			}
		},
		{
			"name": "face",
			"from": [4.20711, 0.48579, 0.5],
			"to": [10.20711, 6.48579, 2.5],
			"rotation": {"angle": 45, "axis": "z", "origin": [7.70711, 3.98579, 1.45]},
			"faces": {
				"north": {"uv": [0, 3, 3, 6], "texture": "#1"},
				"east": {"uv": [0, 3, 1, 6], "texture": "#1"},
				"south": {"uv": [0, 3, 3, 6], "rotation": 90, "texture": "#1"},
				"west": {"uv": [2, 3, 3, 6], "texture": "#1"},
				"up": {"uv": [3, 3, 0, 4], "texture": "#1"},
				"down": {"uv": [3, 5, 0, 6], "texture": "#1"}
			}
		}
	],
	"gui_light": "front",
	"display": {
		"thirdperson_righthand": {
			"rotation": [90, -90, 0],
			"translation": [0, -2, 3.5],
			"scale": [0.4, 0.4, 0.4]
		},
		"thirdperson_lefthand": {
			"rotation": [90, -90, 0],
			"translation": [0, -2, 3.5],
			"scale": [0.4, 0.4, 0.4]
		},
		"firstperson_righthand": {
			"rotation": [90, 0, -180],
			"translation": [0, -3, -2.5],
			"scale": [0.5, 0.5, 0.5]
		},
		"firstperson_lefthand": {
			"rotation": [90, 0, -180],
			"translation": [0, -3, -2.5],
			"scale": [0.5, 0.5, 0.5]
		},
		"ground": {
			"translation": [0, 2.5, 0],
			"scale": [0.5, 0.5, 0.5]
		},
		"gui": {
			"rotation": [0, -180, 0]
		},
		"head": {
			"translation": [0, 8, 0]
		},
		"fixed": {
			"translation": [0, 2.25, 0]
		}
	}
}