{
	"format_version": "1.9.0",
	"credit": "Made with Blockbench",
	"textures": {
		"0": "mega_showdown:item/omni_ring_3d",
		"particle": "mega_showdown:item/omni_ring_3d"
	},
	"elements": [
		{
			"from": [3, 2.5, 3],
			"to": [13, 8.5, 13],
			"rotation": {"angle": 0, "axis": "y", "origin": [8, 5.5, 8]},
			"faces": {
				"north": {"uv": [0, 8, 5, 11], "texture": "#0"},
				"east": {"uv": [0, 0, 5, 3], "texture": "#0"},
				"south": {"uv": [0, 4, 5, 7], "texture": "#0"},
				"west": {"uv": [0, 0, 5, 3], "texture": "#0"},
				"up": {"uv": [6, 0, 11, 5], "texture": "#0"},
				"down": {"uv": [6, 6, 11, 11], "texture": "#0"}
			}
		},
		{
			"from": [11, 8.5, 11],
			"to": [5, 2.5, 5],
			"rotation": {"angle": 0, "axis": "y", "origin": [11, 8.5, 11]},
			"faces": {
				"north": {"uv": [12, 0, 15, 3], "texture": "#0"},
				"east": {"uv": [12, 0, 15, 3], "texture": "#0"},
				"south": {"uv": [12, 0, 15, 3], "texture": "#0"},
				"west": {"uv": [12, 0, 15, 3], "texture": "#0"}
			}
		}
	],
	"gui_light": "front",
	"display": {
		"thirdperson_righthand": {
			"rotation": [90, -90, 0],
			"translation": [0, -2, 4.5],
			"scale": [0.5, 0.5, 0.5]
		},
		"thirdperson_lefthand": {
			"rotation": [90, -90, 0],
			"translation": [0, -2, 4.25],
			"scale": [0.5, 0.5, 0.5]
		},
		"firstperson_righthand": {
			"rotation": [-94.04, -1.79, 0],
			"translation": [1.5, -2, -1.5],
			"scale": [0.5, 0.5, 0.5]
		},
		"firstperson_lefthand": {
			"rotation": [94, -180, -180],
			"translation": [1.5, -2, -2],
			"scale": [0.5, 0.5, 0.5]
		},
		"ground": {
			"scale": [0.5, 0.5, 0.5]
		},
		"gui": {
			"rotation": [32, -180, 0]
		},
		"head": {
			"translation": [0, 7.75, 0],
			"scale": [1.5, 1.5, 1.5]
		}
	}
}