{
	"format_version": "1.21.6",
	"credit": "Made with Blockbench",
	"parent": "minecraft:item/handheld",
	"textures": {
		"layer0": "mega_showdown:item/rusted_sword"
	},
	"display": {
		"thirdperson_righthand": {
			"rotation": [135, -90, 0],
			"translation": [0, 3, 2.5],
			"scale": [0.8, 0.8, 0.8]
		},
		"thirdperson_lefthand": {
			"rotation": [135, 90, 0],
			"translation": [0, 3, 2.5],
			"scale": [0.8, 0.8, 0.8]
		},
		"firstperson_righthand": {
			"rotation": [135, -90, 0]
		},
		"firstperson_lefthand": {
			"rotation": [135, 90, 0]
		},
		"ground": {
			"translation": [0, 2.5, 0],
			"scale": [0.6, 0.6, 0.6]
		}
	}
}