{
	"format_version": "1.21.6",
	"credit": "Made with Blockbench",
	"texture_size": [64, 64],
	"textures": {
		"0": "mega_showdown:item/tera_orb_3d",
		"1": "mega_showdown:item/tera_orb_interior",
		"particle": "mega_showdown:item/tera_orb_interior"
	},
	"elements": [
		{
			"name": "ball_outer",
			"from": [3.75, -0.25, 3.75],
			"to": [12.25, 8.25, 12.25],
			"rotation": {"angle": 0, "axis": "y", "origin": [8, 0, 8]},
			"faces": {
				"north": {"uv": [10, 2.5, 12, 4.5], "texture": "#0"},
				"east": {"uv": [8, 2.5, 10, 4.5], "texture": "#0"},
				"south": {"uv": [14, 2.5, 16, 4.5], "texture": "#0"},
				"west": {"uv": [12, 2.5, 14, 4.5], "texture": "#0"},
				"up": {"uv": [12, 2.5, 10, 0.5], "texture": "#0"},
				"down": {"uv": [14, 0.5, 12, 2.5], "texture": "#0"}
			}
		},
		{
			"name": "ball_inner",
			"from": [4, 0, 4],
			"to": [12, 8, 12],
			"rotation": {"angle": 0, "axis": "y", "origin": [8, 0, 8]},
			"faces": {
				"north": {"uv": [2, 2.5, 4, 4.5], "texture": "#0"},
				"east": {"uv": [0, 2.5, 2, 4.5], "texture": "#0"},
				"south": {"uv": [6, 2.5, 8, 4.5], "texture": "#0"},
				"west": {"uv": [4, 2.5, 6, 4.5], "texture": "#0"},
				"up": {"uv": [4, 2.5, 2, 0.5], "texture": "#0"},
				"down": {"uv": [6, 0.5, 4, 2.5], "texture": "#0"}
			}
		},
		{
			"name": "inside_floor",
			"from": [4, 4, 4],
			"to": [12, 4, 12],
			"rotation": {"angle": 0, "axis": "y", "origin": [8, 0, 8]},
			"faces": {
				"up": {"uv": [2.75, 2, 0.75, 0], "texture": "#1"}
			}
		},
		{
			"name": "latch",
			"from": [6, 2, 3.25],
			"to": [10, 6, 3.25],
			"rotation": {"angle": 45, "axis": "z", "origin": [8, 4, 3.25]},
			"faces": {
				"north": {"uv": [0, 0.75, 1, 1.75], "texture": "#0"},
				"south": {"uv": [0, 0.75, 1, 1.75], "texture": "#0"}
			}
		},
		{
			"name": "latch_ring",
			"from": [3.5, 3, 3.5],
			"to": [12.5, 5, 12.5],
			"rotation": {"angle": 0, "axis": "y", "origin": [3.5, 3, 3.5]},
			"faces": {
				"north": {"uv": [0, 0, 2.25, 0.5], "texture": "#0"},
				"east": {"uv": [2.25, 0, 4.5, 0.5], "texture": "#0"},
				"south": {"uv": [2.25, 0, 4.5, 0.5], "texture": "#0"},
				"west": {"uv": [2.25, 0, 4.5, 0.5], "texture": "#0"}
			}
		},
		{
			"from": [7.12, 5.23, 8.001],
			"to": [8.52, 6.63, 8.999],
			"rotation": {"angle": -45, "axis": "z", "origin": [8, 5.75, 8.5]},
			"faces": {
				"north": {"uv": [0, 0, 0.35, 0.35], "rotation": 90, "texture": "#1"},
				"south": {"uv": [0, 0, 0.35, 0.35], "rotation": 270, "texture": "#1"},
				"west": {"uv": [0, 0, 0.35, 0.2495], "rotation": 270, "texture": "#1"},
				"up": {"uv": [0, 0, 0.2495, 0.35], "rotation": 270, "texture": "#1"}
			}
		},
		{
			"from": [7, 4, 8],
			"to": [9, 6, 9],
			"rotation": {"angle": 0, "axis": "y", "origin": [7, 4, 8]},
			"faces": {
				"north": {"uv": [0, 0.5, 0.5, 1], "texture": "#1"},
				"east": {"uv": [0, 0.5, 0.25, 1], "texture": "#1"},
				"south": {"uv": [0, 0.5, 0.5, 1], "texture": "#1"},
				"west": {"uv": [0, 0.5, 0.25, 1], "texture": "#1"}
			}
		}
	],
	"gui_light": "front",
	"display": {
		"thirdperson_righthand": {
			"rotation": [1.53, 40.95, -0.08],
			"translation": [-0.25, 1, -1],
			"scale": [0.5, 0.5, 0.5]
		},
		"thirdperson_lefthand": {
			"rotation": [1.53, 40.95, -0.08],
			"translation": [-0.25, 1, -1],
			"scale": [0.5, 0.5, 0.5]
		},
		"firstperson_righthand": {
			"rotation": [-180, 49.25, -180],
			"translation": [1, 6, 0],
			"scale": [0.7, 0.7, 0.7]
		},
		"firstperson_lefthand": {
			"rotation": [-180, 49.25, -180],
			"translation": [1, 6, 0],
			"scale": [0.7, 0.7, 0.7]
		},
		"ground": {
			"translation": [0, 2.5, 0],
			"scale": [0.5, 0.5, 0.5]
		},
		"gui": {
			"rotation": [-160, 45, -180],
			"translation": [0, 4, 0]
		},
		"head": {
			"translation": [0, 8, 0],
			"scale": [1.8, 1.8, 1.8]
		},
		"fixed": {
			"translation": [0, 4, 0]
		}
	},
	"groups": [
		0,
		1,
		2,
		{
			"name": "ring",
			"origin": [8, 4, 3.25],
			"color": 0,
			"children": [3, 4]
		},
		5,
		6
	]
}