{
	"format_version": "1.21.6",
	"credit": "Made with Blockbench",
	"textures": {
		"0": "mega_showdown:item/z_power_ring_3d",
		"particle": "mega_showdown:item/z_power_ring_3d"
	},
	"elements": [
		{
			"name": "face",
			"from": [4, -0.67843, 0.5],
			"to": [12, 7.32157, 2.5],
			"rotation": {"angle": 45, "axis": "z", "origin": [8, 3.32157, 1.5]},
			"faces": {
				"north": {"uv": [0, 4, 4, 8], "texture": "#0"},
				"east": {"uv": [0, 4, 1, 8], "texture": "#0"},
				"south": {"uv": [0, 4, 4, 8], "rotation": 90, "texture": "#0"},
				"west": {"uv": [3, 4, 4, 8], "texture": "#0"},
				"up": {"uv": [4, 4, 0, 5], "texture": "#0"},
				"down": {"uv": [4, 7, 0, 8], "texture": "#0"}
			}
		},
		{
			"name": "ring",
			"from": [1, 1, 1],
			"to": [15, 7, 15],
			"rotation": {"angle": 0, "axis": "y", "origin": [8, 4, 8]},
			"faces": {
				"north": {"uv": [0, 0, 7, 3], "texture": "#0"},
				"east": {"uv": [0, 0, 7, 3], "texture": "#0"},
				"south": {"uv": [0, 0, 7, 3], "texture": "#0"},
				"west": {"uv": [0, 0, 7, 3], "texture": "#0"},
				"up": {"uv": [8, 0, 15, 7], "texture": "#0"},
				"down": {"uv": [8, 0, 15, 7], "texture": "#0"}
			}
		},
		{
			"name": "inside",
			"from": [13, 7, 13],
			"to": [3, 1, 3],
			"rotation": {"angle": 0, "axis": "y", "origin": [20, 10, 20]},
			"faces": {
				"north": {"uv": [9, 8, 14, 11], "texture": "#0"},
				"east": {"uv": [9, 8, 14, 11], "texture": "#0"},
				"south": {"uv": [9, 8, 14, 11], "texture": "#0"},
				"west": {"uv": [9, 8, 14, 11], "texture": "#0"}
			}
		}
	],
	"gui_light": "front",
	"display": {
		"thirdperson_righthand": {
			"rotation": [90, -90, 0],
			"translation": [0, -2, 3.25],
			"scale": [0.375, 0.375, 0.375]
		},
		"thirdperson_lefthand": {
			"rotation": [90, -90, 0],
			"translation": [0, -2, 3.25],
			"scale": [0.375, 0.375, 0.375]
		},
		"firstperson_righthand": {
			"rotation": [90, 0, -180],
			"translation": [0, -0.75, 0],
			"scale": [0.375, 0.375, 0.375]
		},
		"firstperson_lefthand": {
			"rotation": [90, 0, -180],
			"translation": [0, -0.75, 0],
			"scale": [0.375, 0.375, 0.375]
		},
		"ground": {
			"translation": [0, 3, 0],
			"scale": [0.5, 0.5, 0.5]
		},
		"gui": {
			"rotation": [0, -180, 0],
			"translation": [0, 4, 0]
		},
		"head": {
			"translation": [0, 9, 0]
		},
		"fixed": {
			"translation": [0, 2.75, 0]
		}
	}
}