{
	"format_version": "1.21.6",
	"credit": "Made with Blockbench",
	"texture_size": [32, 32],
	"textures": {
		"0": "mega_showdown:item/zygarde_cube_3d",
		"particle": "mega_showdown:item/zygarde_cube_3d"
	},
	"elements": [
		{
			"from": [3.8, -0.2, 3.8],
			"to": [12.2, 8.2, 12.2],
			"rotation": {"angle": 0, "axis": "y", "origin": [8, 4, 8]},
			"faces": {
				"north": {"uv": [9, 0, 13.5, 4.5], "texture": "#0"},
				"east": {"uv": [4.5, 0, 9, 4.5], "texture": "#0"},
				"south": {"uv": [9, 0, 13.5, 4.5], "texture": "#0"},
				"west": {"uv": [9, 0, 13.5, 4.5], "texture": "#0"},
				"up": {"uv": [9, 0, 13.5, 4.5], "texture": "#0"},
				"down": {"uv": [9, 0, 13.5, 4.5], "texture": "#0"}
			}
		},
		{
			"from": [4, 0, 4],
			"to": [12, 8, 12],
			"rotation": {"angle": 0, "axis": "y", "origin": [8, 4, 8]},
			"faces": {
				"north": {"uv": [0, 0, 4, 4], "texture": "#0"},
				"east": {"uv": [0, 0, 4, 4], "texture": "#0"},
				"south": {"uv": [0, 0, 4, 4], "texture": "#0"},
				"west": {"uv": [0, 0, 4, 4], "texture": "#0"},
				"up": {"uv": [0, 0, 4, 4], "texture": "#0"},
				"down": {"uv": [0, 0, 4, 4], "texture": "#0"}
			}
		}
	],
	"gui_light": "front",
	"display": {
		"thirdperson_righthand": {
			"rotation": [-138.53, 53.72, 174.65],
			"translation": [0.5, 2.25, 1.75],
			"scale": [0.6, 0.6, 0.6]
		},
		"thirdperson_lefthand": {
			"rotation": [46.35, -51.36, 7.6],
			"translation": [1.25, 1.75, 1.5],
			"scale": [0.6, 0.6, 0.6]
		},
		"firstperson_righthand": {
			"rotation": [0, -180, 82],
			"translation": [4, 0, 0]
		},
		"firstperson_lefthand": {
			"rotation": [0, 0, -78],
			"translation": [8, 0, 0]
		},
		"ground": {
			"rotation": [0, -90, 0],
			"translation": [0, 2.75, 0],
			"scale": [0.6, 0.6, 0.6]
		},
		"gui": {
			"rotation": [0, -90, 0],
			"translation": [1.25, 0, 0]
		},
		"head": {
			"rotation": [0, 90, 0],
			"translation": [0, 9.5, 0],
			"scale": [2, 2, 2]
		},
		"fixed": {
			"rotation": [0, 90, 0],
			"translation": [0, 4, 0]
		}
	}
}