{
  "species": "cobblemon:blaziken",
  "order": 0,
  "variations": [
    {
      "aspects": [],
      "poser": "cobblemon:blaziken",
      "model": "cobblemon:blaziken_male.geo",
      "texture": "cobblemon:textures/pokemon/0257_blaziken/blaziken.png",
      "layers": [
	  {
          "name": "emissive",
          "texture": "cobblemon:textures/pokemon/0257_blaziken/flame.png",
          "emissive": true,
          "translucent": true
        }
	 ]
    },
    {
      "aspects": ["shiny"],
      "texture": "cobblemon:textures/pokemon/0257_blaziken/blaziken_shiny.png"
    }
  ]
}
