{
	"format_version": "1.12.0",
	"minecraft:geometry": [
		{
			"description": {
				"identifier": "geometry.azumarill",
				"texture_width": 64,
				"texture_height": 64,
				"visible_bounds_width": 5,
				"visible_bounds_height": 3.5,
				"visible_bounds_offset": [0, 1.25, 0]
			},
			"bones": [
				{
					"name": "azumarill",
					"pivot": [0, 0, 0]
				},
				{
					"name": "locator_root",
					"parent": "azumarill",
					"pivot": [0, 0, 0],
					"locators": {
						"root": [0, 0, 0]
					}
				},
				{
					"name": "locator_top",
					"parent": "azumarill",
					"pivot": [0, 21.35, 0],
					"locators": {
						"top": [0, 21.35, 0]
					}
				},
				{
					"name": "body",
					"parent": "azumarill",
					"pivot": [0, 10, 0]
				},
				{
					"name": "locator_target",
					"parent": "body",
					"pivot": [0, 10, -8],
					"locators": {
						"target": [0, 10, -8]
					}
				},
				{
					"name": "locator_middle",
					"parent": "body",
					"pivot": [0, 10, 0],
					"locators": {
						"middle": [0, 10, 0]
					}
				},
				{
					"name": "torso",
					"parent": "body",
					"pivot": [0, 2.5, 0],
					"cubes": [
						{"origin": [-6, 1.5, -6], "size": [12, 17, 12], "uv": [0, 0]}
					]
				},
				{
                    "name": "locator_seat_1",
                    "parent": "body",
                    "pivot": [0, 18, 2],
                    "locators": {
                        "seat_1": [0, 18, 2]
                    }
                },
				{
					"name": "locator_head",
					"parent": "torso",
					"pivot": [0, 18.5, -4],
					"locators": {
						"head": [0, 18.5, -4]
					}
				},
				{
					"name": "locator_item_hat",
					"parent": "torso",
					"pivot": [0, 18.5, 0],
					"locators": {
						"item_hat": [0, 18.5, 0]
					}
				},
				{
					"name": "locator_face",
					"parent": "torso",
					"pivot": [0, 15.5, -6],
					"locators": {
						"face": [0, 15.5, -6]
					}
				},
				{
					"name": "locator_item_face",
					"parent": "torso",
					"pivot": [0, 15.5, -6],
					"locators": {
						"item_face": [0, 15.5, -6]
					}
				},
				{
					"name": "locator_mouth",
					"parent": "torso",
					"pivot": [0, 13.25, -6],
					"locators": {
						"mouth": [0, 13.25, -6],
						"special": [0, 13.25, -6]
					}
				},
				{
					"name": "tail",
					"parent": "torso",
					"pivot": [0, 4, 6],
					"cubes": [
						{"origin": [0, 3.5, 4], "size": [0, 1, 4], "uv": [55, 40]}
					]
				},
				{
					"name": "tail2",
					"parent": "tail",
					"pivot": [0, 4, 8],
					"cubes": [
						{"origin": [0, 3.5, 8], "size": [0, 1, 3], "inflate": 0.01, "uv": [56, 40]}
					]
				},
				{
					"name": "tail3",
					"parent": "tail2",
					"pivot": [0, 4, 11],
					"cubes": [
						{"origin": [0, 3.5, 11], "size": [0, 1, 3], "uv": [56, 39]}
					]
				},
				{
					"name": "tail4",
					"parent": "tail3",
					"pivot": [0, 4, 14],
					"cubes": [
						{"origin": [0, 3.5, 14], "size": [0, 1, 3], "inflate": 0.01, "uv": [56, 38]}
					]
				},
				{
					"name": "locator_tail",
					"parent": "tail4",
					"pivot": [0, 4, 15.5],
					"rotation": [180, 0, -180],
					"locators": {
						"tail": [0, 4, 15.5]
					}
				},
				{
					"name": "tail5",
					"parent": "tail4",
					"pivot": [0, 4, 17],
					"cubes": [
						{"origin": [0, 3.5, 17], "size": [0, 1, 3], "uv": [56, 37]}
					]
				},
				{
					"name": "tail6",
					"parent": "tail5",
					"pivot": [0, 4, 20],
					"cubes": [
						{"origin": [0, 3.5, 20], "size": [0, 1, 3], "inflate": 0.01, "uv": [56, 36]}
					]
				},
				{
					"name": "tail7",
					"parent": "tail6",
					"pivot": [0, 4, 23],
					"cubes": [
						{"origin": [0, 3.5, 23], "size": [0, 1, 3], "uv": [56, 35]}
					]
				},
				{
					"name": "tail_ball",
					"parent": "tail7",
					"pivot": [0, 4, 25],
					"cubes": [
						{"origin": [-2.5, 1.5, 25], "size": [5, 5, 5], "uv": [44, 26]}
					]
				},
				{
					"name": "locator_tail_tip",
					"parent": "tail_ball",
					"pivot": [0, 4, 30],
					"rotation": [180, 0, -180],
					"locators": {
						"tail_tip": [0, 4, 30]
					}
				},
				{
					"name": "locator_physical",
					"parent": "tail_ball",
					"pivot": [0, 4, 27.5],
					"locators": {
						"physical": [0, 4, 27.5]
					}
				},
				{
					"name": "tail_ball_active",
					"parent": "tail_ball",
					"pivot": [0, 4, 27.5],
					"cubes": [
						{"origin": [-2.5, 1.5, 25], "size": [5, 5, 5], "inflate": -0.1, "uv": [23, 30]}
					]
				},
				{
					"name": "ears",
					"parent": "torso",
					"pivot": [0, 17.5, 0]
				},
				{
					"name": "ear_left",
					"parent": "ears",
					"pivot": [4.5, 17.5, 0],
					"cubes": [
						{"origin": [2.5, 16, 0], "size": [4, 8, 0], "uv": [54, 55]}
					]
				},
				{
					"name": "ear_left2",
					"parent": "ear_left",
					"pivot": [4.5, 24, 0],
					"cubes": [
						{"origin": [2, 24, 0], "size": [5, 7, 0], "uv": [53, 47]}
					]
				},
				{
					"name": "ear_right",
					"parent": "ears",
					"pivot": [-4.5, 17.5, 0],
					"cubes": [
						{"origin": [-6.5, 16, 0], "size": [4, 8, 0], "uv": [42, 55]}
					]
				},
				{
					"name": "ear_right2",
					"parent": "ear_right",
					"pivot": [-4.5, 24, 0],
					"cubes": [
						{"origin": [-7, 24, 0], "size": [5, 7, 0], "uv": [41, 47]}
					]
				},
				{
					"name": "arms",
					"parent": "torso",
					"pivot": [0, 9, 0]
				},
				{
					"name": "arm_left",
					"parent": "arms",
					"pivot": [5.5, 9, 0],
					"cubes": [
						{"origin": [4, 8, -1.5], "size": [6, 2, 3], "uv": [45, 7]}
					]
				},
				{
					"name": "hand_left",
					"parent": "arm_left",
					"pivot": [10, 9, 0],
					"cubes": [
						{"origin": [10, 8, -1.5], "size": [3, 2, 3], "inflate": 0.02, "uv": [0, 5]}
					]
				},
				{
					"name": "locator_hand_secondary",
					"parent": "hand_left",
					"pivot": [12, 9, 0],
					"locators": {
						"hand_secondary": [12, 9, 0]
					}
				},
				{
					"name": "arm_right",
					"parent": "arms",
					"pivot": [-5.5, 9, 0],
					"cubes": [
						{"origin": [-10, 8, -1.5], "size": [6, 2, 3], "uv": [45, 2]}
					]
				},
				{
					"name": "hand_right",
					"parent": "arm_right",
					"pivot": [-10, 9, 0],
					"cubes": [
						{"origin": [-13, 8, -1.5], "size": [3, 2, 3], "inflate": 0.02, "uv": [0, 0]}
					]
				},
				{
					"name": "locator_hand_primary",
					"parent": "hand_right",
					"pivot": [-12, 9, 0],
					"locators": {
						"hand_primary": [-12, 9, 0]
					}
				},
				{
					"name": "locator_item",
					"parent": "hand_right",
					"pivot": [-12.5, 8, 0],
					"locators": {
						"item": [-12.5, 8, 0]
					}
				},
				{
					"name": "face",
					"parent": "torso",
					"pivot": [0, 15.5, -6.02]
				},
				{
					"name": "eyes",
					"parent": "face",
					"pivot": [0, 15.5, -6.02]
				},
				{
					"name": "eye_left",
					"parent": "eyes",
					"pivot": [3, 15.5, -6.02],
					"cubes": [
						{"origin": [2, 14.5, -6.02], "size": [2, 2, 0], "uv": [6, 30]}
					]
				},
				{
					"name": "locator_eye_left",
					"parent": "eye_left",
					"pivot": [3, 15.5, -5.95],
					"locators": {
						"eye2": [3, 15.5, -5.95]
					}
				},
				{
					"name": "eye_shine_left",
					"parent": "eye_left",
					"pivot": [2.75, 15.75, -6.04],
					"cubes": [
						{"origin": [2.25, 15.25, -6.04], "size": [1, 1, 0], "uv": [14, 30]}
					]
				},
				{
					"name": "eyebrow_left",
					"parent": "eye_left",
					"pivot": [3, 16.5, -5.96],
					"cubes": [
						{"origin": [1.5, 16, -5.96], "size": [3, 1, 0], "uv": [8, 56]}
					]
				},
				{
					"name": "eyebrow_left_small",
					"parent": "eye_left",
					"pivot": [2.25, 16.25, -5.96],
					"cubes": [
						{"origin": [1.75, 15.75, -5.96], "size": [1, 1, 0], "uv": [11, 50]}
					]
				},
				{
					"name": "eye_left_happy",
					"parent": "eyes",
					"pivot": [3, 15.5, -5.92],
					"cubes": [
						{"origin": [1.5, 14.5, -5.92], "size": [3, 2, 0], "uv": [8, 47]}
					]
				},
				{
					"name": "eye_left_hurt",
					"parent": "eyes",
					"pivot": [3, 15.5, -5.92],
					"cubes": [
						{"origin": [2, 14.5, -5.92], "size": [2, 2, 0], "uv": [6, 53]}
					]
				},
				{
					"name": "eyelid_left",
					"parent": "eyes",
					"pivot": [3, 15.5, -5.92],
					"cubes": [
						{"origin": [2, 14.5, -5.92], "size": [2, 2, 0], "uv": [6, 50]}
					]
				},
				{
					"name": "eye_right",
					"parent": "eyes",
					"pivot": [-3, 15.5, -6.02],
					"cubes": [
						{"origin": [-4, 14.5, -6.02], "size": [2, 2, 0], "uv": [1, 30]}
					]
				},
				{
					"name": "locator_eye_right",
					"parent": "eye_right",
					"pivot": [-3, 15.5, -5.95],
					"locators": {
						"eye1": [-3, 15.5, -5.95]
					}
				},
				{
					"name": "eye_shine_right",
					"parent": "eye_right",
					"pivot": [-2.75, 15.75, -6.04],
					"cubes": [
						{"origin": [-3.25, 15.25, -6.04], "size": [1, 1, 0], "uv": [11, 30]}
					]
				},
				{
					"name": "eyebrow_right",
					"parent": "eye_right",
					"pivot": [-3, 16.5, -5.96],
					"cubes": [
						{"origin": [-4.5, 16, -5.96], "size": [3, 1, 0], "uv": [1, 56]}
					]
				},
				{
					"name": "eyebrow_right_small",
					"parent": "eye_right",
					"pivot": [-2.25, 16.25, -5.96],
					"cubes": [
						{"origin": [-2.75, 15.75, -5.96], "size": [1, 1, 0], "uv": [11, 53]}
					]
				},
				{
					"name": "eye_right_happy",
					"parent": "eyes",
					"pivot": [-3, 15.5, -5.92],
					"cubes": [
						{"origin": [-4.5, 14.5, -5.92], "size": [3, 2, 0], "uv": [1, 47]}
					]
				},
				{
					"name": "eye_right_hurt",
					"parent": "eyes",
					"pivot": [-3, 15.5, -5.92],
					"cubes": [
						{"origin": [-4, 14.5, -5.92], "size": [2, 2, 0], "uv": [1, 53]}
					]
				},
				{
					"name": "eyelid_right",
					"parent": "eyes",
					"pivot": [-3, 15.5, -5.92],
					"cubes": [
						{"origin": [-4, 14.5, -5.92], "size": [2, 2, 0], "uv": [1, 50]}
					]
				},
				{
					"name": "nose",
					"parent": "face",
					"pivot": [0, 14.75, -6.03],
					"cubes": [
						{"origin": [-1, 15, -6.04], "size": [2, 1, 0], "uv": [10, 43]},
						{"origin": [-0.5, 14.5, -6.02], "size": [1, 1, 0], "uv": [11, 45]}
					]
				},
				{
					"name": "mouth",
					"parent": "face",
					"pivot": [0, 13.5, -6.02]
				},
				{
					"name": "mouth_closed_smile",
					"parent": "mouth",
					"pivot": [0, 13.5, -6.02],
					"cubes": [
						{"origin": [-1, 12.75, -6.02], "size": [2, 1, 0], "uv": [10, 39]},
						{"origin": [-2, 13.25, -6.02], "size": [4, 1, 0], "uv": [1, 39]}
					]
				},
				{
					"name": "mouth_closed_frown",
					"parent": "mouth",
					"pivot": [0, 13.5, -5.92],
					"cubes": [
						{"origin": [-1, 13.25, -5.92], "size": [2, 1, 0], "uv": [10, 41]},
						{"origin": [-2, 12.75, -5.92], "size": [4, 1, 0], "uv": [1, 41]}
					]
				},
				{
					"name": "mouth_closed_frown_small",
					"parent": "mouth",
					"pivot": [0, 13.5, -5.92],
					"cubes": [
						{"origin": [-0.5, 13.25, -5.92], "size": [1, 1, 0], "uv": [8, 45]},
						{"origin": [-1.5, 12.75, -5.92], "size": [3, 1, 0], "uv": [1, 45]}
					]
				},
				{
					"name": "mouth_straight",
					"parent": "mouth",
					"pivot": [0, 13.5, -5.92],
					"cubes": [
						{"origin": [-2, 13, -5.92], "size": [4, 1, 0], "uv": [1, 43]}
					]
				},
				{
					"name": "mouth_open",
					"parent": "mouth",
					"pivot": [0, 13.25, -5.92],
					"cubes": [
						{"origin": [-1, 12.25, -5.92], "size": [2, 2, 0], "uv": [10, 33]}
					]
				},
				{
					"name": "mouth_open_big",
					"parent": "mouth",
					"pivot": [0, 13.25, -5.92],
					"cubes": [
						{"origin": [-2, 12.25, -5.92], "size": [4, 2, 0], "uv": [1, 33]}
					]
				},
				{
					"name": "mouth_open_small",
					"parent": "mouth",
					"pivot": [0, 13.5, -5.92],
					"cubes": [
						{"origin": [-1, 13, -5.92], "size": [2, 1, 0], "uv": [10, 36]}
					]
				},
				{
					"name": "mouth_open_smile",
					"parent": "mouth",
					"pivot": [0, 13.25, -5.92],
					"cubes": [
						{"origin": [-2, 12.25, -5.92], "size": [4, 2, 0], "uv": [1, 36]}
					]
				},
				{
					"name": "locator_jaw_upper",
					"parent": "mouth",
					"pivot": [0, 14.4, -6],
					"locators": {
						"jaw1": [0, 14.4, -6]
					}
				},
				{
					"name": "locator_jaw_lower",
					"parent": "mouth",
					"pivot": [0, 12.1, -6],
					"locators": {
						"jaw2": [0, 12.1, -6]
					}
				},
				{
					"name": "feet",
					"parent": "body",
					"pivot": [0, 1.5, 1.5]
				},
				{
					"name": "foot_left",
					"parent": "feet",
					"pivot": [3, 1.5, 1.5],
					"cubes": [
						{"origin": [1.5, 0, -2], "size": [3, 2, 5], "uv": [48, 12], "mirror": true}
					]
				},
				{
					"name": "locator_foot_secondary",
					"parent": "foot_left",
					"pivot": [3.025, 0.5, -1],
					"rotation": [90, 0, 0],
					"locators": {
						"foot_secondary": [3.025, 0.5, -1]
					}
				},
				{
					"name": "toes_left",
					"parent": "foot_left",
					"pivot": [3, 0, -2],
					"cubes": [
						{"origin": [1.5, 0, -5], "size": [3, 2, 3], "inflate": 0.02, "uv": [36, 0], "mirror": true}
					]
				},
				{
					"name": "foot_right",
					"parent": "feet",
					"pivot": [-3, 1.5, 1.5],
					"cubes": [
						{"origin": [-4.5, 0, -2], "size": [3, 2, 5], "uv": [48, 12]}
					]
				},
				{
					"name": "locator_foot_primary",
					"parent": "foot_right",
					"pivot": [-3.025, 0.5, -1],
					"rotation": [90, 0, 0],
					"locators": {
						"foot_primary": [-3.025, 0.5, -1]
					}
				},
				{
					"name": "toes_right",
					"parent": "foot_right",
					"pivot": [-3, 0, -2],
					"cubes": [
						{"origin": [-4.5, 0, -5], "size": [3, 2, 3], "inflate": 0.02, "uv": [36, 0]}
					]
				}
			]
		}
	]
}