{
	"format_version": "1.8.0",
	"animations": {
		"animation.blaziken.blink": {
			"animation_length": 0.1667,
			"bones": {
				"eyelid_right": {
					"position": {
						"0.0": [-0.1, 0, 0],
						"0.125": [-0.1, 0, 0],
						"0.1667": [0, 0, 0]
					}
				},
				"eyelid_left": {
					"position": {
						"0.0": [0.1, 0, 0],
						"0.125": [0.1, 0, 0],
						"0.1667": [0, 0, 0]
					}
				}
			}
		},
		"animation.blaziken.cry": {
			"animation_length": 1.75,
			"bones": {
				"neck": {
					"rotation": {
						"0.0": {
							"post": [0, 0, 0],
							"lerp_mode": "catmullrom"
						},
						"0.1667": {
							"post": [15, 0, 0],
							"lerp_mode": "catmullrom"
						},
						"0.3333": {
							"post": [10, 0, 0],
							"lerp_mode": "catmullrom"
						},
						"1.25": {
							"post": [10, 0, 0],
							"lerp_mode": "catmullrom"
						},
						"1.5833": {
							"post": [0, 0, 0],
							"lerp_mode": "catmullrom"
						}
					}
				},
				"head": {
					"rotation": {
						"0.0": {
							"post": [0, 0, 0],
							"lerp_mode": "catmullrom"
						},
						"0.3333": {
							"post": [-15, 0, 0],
							"lerp_mode": "catmullrom"
						},
						"1.1667": {
							"post": [-15, 0, 0],
							"lerp_mode": "catmullrom"
						},
						"1.5": {
							"post": [0, 0, 0],
							"lerp_mode": "catmullrom"
						}
					}
				},
				"jaw": {
					"rotation": {
						"0.0": {
							"post": [0, 0, 0],
							"lerp_mode": "catmullrom"
						},
						"0.25": {
							"post": [35, 0, 0],
							"lerp_mode": "catmullrom"
						},
						"1.0833": {
							"post": [35, 0, 0],
							"lerp_mode": "catmullrom"
						},
						"1.5833": {
							"post": [0, 0, 0],
							"lerp_mode": "catmullrom"
						}
					}
				},
				"torso2": {
					"rotation": {
						"0.0": [0, 0, 0],
						"0.5": {
							"pre": [-7.5, 0, 0],
							"post": [-7.5, 0, 0],
							"lerp_mode": "catmullrom"
						},
						"1.0833": {
							"post": [-7.5, 0, 0],
							"lerp_mode": "catmullrom"
						},
						"1.5833": [0, 0, 0]
					}
				}
			},
			"sound_effects": {
				"0.0833": {
					"effect": "pokemon.blaziken.cry"
				}
			}
		},
		"animation.blaziken.battle_cry": {
			"animation_length": 1.8333,
			"bones": {
				"neck": {
					"rotation": {
						"0.0": {
							"post": [0, 0, 0],
							"lerp_mode": "catmullrom"
						},
						"0.1667": {
							"post": [15, 0, 0],
							"lerp_mode": "catmullrom"
						},
						"0.3333": {
							"post": [10, 0, 0],
							"lerp_mode": "catmullrom"
						},
						"1.25": {
							"post": [10, 0, 0],
							"lerp_mode": "catmullrom"
						},
						"1.5833": {
							"post": [0, 0, 0],
							"lerp_mode": "catmullrom"
						}
					}
				},
				"head": {
					"rotation": {
						"0.0": {
							"post": [0, 0, 0],
							"lerp_mode": "catmullrom"
						},
						"0.3333": {
							"post": [-15, 0, 0],
							"lerp_mode": "catmullrom"
						},
						"1.1667": {
							"post": [-15, 0, 0],
							"lerp_mode": "catmullrom"
						},
						"1.5": {
							"post": [0, 0, 0],
							"lerp_mode": "catmullrom"
						}
					}
				},
				"jaw": {
					"rotation": {
						"0.0": {
							"post": [0, 0, 0],
							"lerp_mode": "catmullrom"
						},
						"0.25": {
							"post": [35, 0, 0],
							"lerp_mode": "catmullrom"
						},
						"1.0833": {
							"post": [35, 0, 0],
							"lerp_mode": "catmullrom"
						},
						"1.5833": {
							"post": [0, 0, 0],
							"lerp_mode": "catmullrom"
						}
					}
				},
				"torso2": {
					"rotation": {
						"0.0": [0, 0, 0],
						"0.2083": {
							"pre": [7.5, 0, 0],
							"post": [7.5, 0, 0],
							"lerp_mode": "catmullrom"
						},
						"1.0833": {
							"post": [-17.5, 0, 0],
							"lerp_mode": "catmullrom"
						},
						"1.8333": [0, 0, 0]
					}
				},
				"torso": {
					"rotation": {
						"0.0": [0, 0, 0],
						"0.1667": {
							"pre": [-5.52, 0, 0],
							"post": [-5.52, 0, 0],
							"lerp_mode": "catmullrom"
						},
						"1.0": {
							"post": [15, 0, 0],
							"lerp_mode": "catmullrom"
						},
						"1.7917": [0, 0, 0]
					}
				},
				"arm_right": {
					"rotation": {
						"0.0": [0, 0, 0],
						"0.1667": {
							"pre": [0, -32.5, 0],
							"post": [0, -32.5, 0],
							"lerp_mode": "catmullrom"
						},
						"1.0": {
							"post": [0, 15, 0],
							"lerp_mode": "catmullrom"
						},
						"1.75": [0, 0, 0]
					}
				},
				"arm_right3": {
					"rotation": {
						"0.0": [0, 0, 0],
						"0.3333": {
							"pre": [0, -35, 0],
							"post": [0, -35, 0],
							"lerp_mode": "catmullrom"
						},
						"1.1667": {
							"post": [0, 0, 0],
							"lerp_mode": "catmullrom"
						},
						"1.8333": [0, 0, 0]
					}
				},
				"finger_right1": {
					"rotation": {
						"0.0": [0, 0, 0],
						"0.2083": {
							"pre": [0, 0, -57.5],
							"post": [0, 0, -57.5],
							"lerp_mode": "catmullrom"
						},
						"0.7917": [0, 0, 0]
					}
				},
				"finger_right2": {
					"rotation": {
						"0.0": [0, 0, 0],
						"0.2083": {
							"pre": [0, 0, -40],
							"post": [0, 0, -40],
							"lerp_mode": "catmullrom"
						},
						"0.7917": [0, 0, 0]
					}
				},
				"finger_right4": {
					"rotation": {
						"0.0": [0, 0, 0],
						"0.2083": {
							"pre": [0, 0, -47.5],
							"post": [0, 0, -47.5],
							"lerp_mode": "catmullrom"
						},
						"0.7917": [0, 0, 0]
					}
				},
				"finger_right5": {
					"rotation": {
						"0.0": [0, 0, 0],
						"0.2083": {
							"pre": [0, 0, -40],
							"post": [0, 0, -40],
							"lerp_mode": "catmullrom"
						},
						"0.7917": [0, 0, 0]
					}
				},
				"finger_right7": {
					"rotation": {
						"0.0": [0, 0, 0],
						"0.2083": {
							"pre": [0, 0, -40],
							"post": [0, 0, -40],
							"lerp_mode": "catmullrom"
						},
						"0.7917": [0, 0, 0]
					}
				},
				"finger_right8": {
					"rotation": {
						"0.0": [0, 0, 0],
						"0.2083": {
							"pre": [0, 0, -57.5],
							"post": [0, 0, -57.5],
							"lerp_mode": "catmullrom"
						},
						"0.7917": [0, 0, 0]
					}
				},
				"arm_left": {
					"rotation": {
						"0.0": [0, 0, 0],
						"0.1667": {
							"pre": [0, 32.5, 0],
							"post": [0, 32.5, 0],
							"lerp_mode": "catmullrom"
						},
						"1.0": {
							"post": [0, -15, 0],
							"lerp_mode": "catmullrom"
						},
						"1.75": [0, 0, 0]
					}
				},
				"arm_left3": {
					"rotation": {
						"0.0": [0, 0, 0],
						"0.3333": {
							"pre": [0, 35, 0],
							"post": [0, 35, 0],
							"lerp_mode": "catmullrom"
						},
						"1.1667": {
							"post": [0, 0, 0],
							"lerp_mode": "catmullrom"
						},
						"1.8333": [0, 0, 0]
					}
				},
				"finger_left1": {
					"rotation": {
						"0.0": [0, 0, 0],
						"0.2083": [0, 0, 60],
						"0.7917": [0, 0, 0]
					}
				},
				"finger_left2": {
					"rotation": {
						"0.0": [0, 0, 0],
						"0.2083": [0, 0, 30],
						"0.7917": [0, 0, 0]
					}
				},
				"finger_left4": {
					"rotation": {
						"0.0": [0, 0, 0],
						"0.2083": {
							"pre": [0, 0, 52.5],
							"post": [0, 0, 52.5],
							"lerp_mode": "catmullrom"
						},
						"0.7917": [0, 0, 0]
					}
				},
				"finger_left5": {
					"rotation": {
						"0.0": [0, 0, 0],
						"0.2083": {
							"pre": [0, 0, 20],
							"post": [0, 0, 20],
							"lerp_mode": "catmullrom"
						},
						"0.7917": [0, 0, 0]
					}
				},
				"finger_left7": {
					"rotation": {
						"0.0": [0, 0, 0],
						"0.2083": {
							"pre": [0, 0, 40],
							"post": [0, 0, 40],
							"lerp_mode": "catmullrom"
						},
						"0.7917": [0, 0, 0]
					}
				},
				"finger_left8": {
					"rotation": {
						"0.0": [0, 0, 0],
						"0.2083": [0, 0, 52.5],
						"0.7917": [0, 0, 0]
					}
				}
			},
			"sound_effects": {
				"0.0833": {
					"effect": "pokemon.blaziken.cry"
				}
			}
		},
		"animation.blaziken.battle_idle": {
			"loop": true,
			"bones": {
				"body": {
					"rotation": [0, 25, 0],
					"position": [0, "-2-math.sin(q.anim_time*90*3-15)*0.16", 0]
				},
				"leg_right": {
					"rotation": [14.69674, 61.52781, "35.0756+math.sin(q.anim_time*90*3-15)*0.75"],
					"position": [-1, 0, 0]
				},
				"leg_right2": {
					"rotation": ["19.7127+math.sin(q.anim_time*90*3-15)*0.75", 2.68507, "-12.2127-math.sin(q.anim_time*90*3-15)*0.75"]
				},
				"torso2": {
					"rotation": ["12.5+math.sin(q.anim_time*90*2-35)*1", -7.5, 0]
				},
				"torso": {
					"rotation": ["-7.4912+math.sin(q.anim_time*90*3+15)*0.75", -14.99982, -0.08057],
					"position": [0, "0-math.sin(q.anim_time*90*3-15)*0.2", 0]
				},
				"tail1": {
					"rotation": [-10, 0, 0]
				},
				"tail2": {
					"rotation": [10, 0, 0]
				},
				"tail3": {
					"rotation": [15, 0, 0]
				},
				"arm_right": {
					"rotation": [-15, 37.5, "-45+math.sin(q.anim_time*90*3-15)*2.5"]
				},
				"arm_right2": {
					"rotation": [0, -10, 0]
				},
				"arm_right3": {
					"rotation": [0, "-27.5+math.sin(q.anim_time*90*3-75)*2.5", 0]
				},
				"hand_right": {
					"rotation": [0, -15, -20]
				},
				"finger_right1": {
					"rotation": [0, 0, 7.5]
				},
				"finger_right2": {
					"rotation": [0, 0, -20]
				},
				"finger_right3": {
					"rotation": [0, 0, -15]
				},
				"finger_right4": {
					"rotation": [4.6653, -16.88547, -15.69284]
				},
				"finger_right5": {
					"rotation": [0, 0, -25]
				},
				"finger_right6": {
					"rotation": [0, 0, -22.5]
				},
				"finger_right7": {
					"rotation": [-3.61644, 19.6835, -10.62758]
				},
				"finger_right8": {
					"rotation": [0, 0, -15]
				},
				"finger_right9": {
					"rotation": [0, 0, -7.5]
				},
				"arm_left": {
					"rotation": [-1.95155, 7.24305, "29.8765-math.sin(q.anim_time*90*3-15)*2.5"]
				},
				"arm_left2": {
					"rotation": [0, 10, 0]
				},
				"arm_left3": {
					"rotation": [0, "27.5-math.sin(q.anim_time*90*3-75)*2.5", 0]
				},
				"hand_left": {
					"rotation": [0, 15, 20]
				},
				"finger_left1": {
					"rotation": [0, 0, -7.5]
				},
				"finger_left2": {
					"rotation": [0, 0, 20]
				},
				"finger_left3": {
					"rotation": [0, 0, 15]
				},
				"finger_left4": {
					"rotation": [4.6653, 16.88547, 15.69284]
				},
				"finger_left5": {
					"rotation": [0, 0, 25]
				},
				"finger_left6": {
					"rotation": [0, 0, 22.5]
				},
				"finger_left7": {
					"rotation": [-3.61644, -19.6835, 10.62758]
				},
				"finger_left8": {
					"rotation": [0, 0, 15]
				},
				"finger_left9": {
					"rotation": [0, 0, 7.5]
				},
				"leg_left": {
					"rotation": ["-19.2628-math.sin(q.anim_time*90*3-15)*0.75", -28.463, -7.85573],
					"position": [1, 0, -1]
				},
				"leg_left2": {
					"rotation": ["19.8749+math.sin(q.anim_time*90*3-15)*0.75", -2.14405, 7.18205]
				},
				"neck": {
					"rotation": ["0+math.sin(q.anim_time*90*3-75)*2", 0, 0]
				},
				"hand_fire_right1": {
					"rotation": ["0+math.sin(q.anim_time*90*4)*4", 0, 0],
					"scale": ["2+math.sin(q.anim_time*90*5*6-90)*0.02-1", "2-math.sin(q.anim_time*90*5*6-90)*0.1-1", "2-math.sin(q.anim_time*90*5*6-90)*0.03-1"]
				},
				"hand_fire_right2": {
					"rotation": ["0+math.sin(q.anim_time*90*4)*4", 0, 0],
					"scale": ["2+math.sin(q.anim_time*90*5*6-90)*0.02-1", "2-math.sin(q.anim_time*90*5*6-90)*0.1-1", "2-math.sin(q.anim_time*90*5*6-90)*0.03-1"]
				},
				"hand_fire_right3": {
					"rotation": ["0+math.sin(q.anim_time*90*4)*4", 0, 0],
					"scale": ["2+math.sin(q.anim_time*90*5*6-90)*0.02-1", "2-math.sin(q.anim_time*90*5*6-90)*0.1-1", "2-math.sin(q.anim_time*90*5*6-90)*0.03-1"]
				},
				"hand_fire_left1": {
					"rotation": ["0+math.sin(q.anim_time*90*4)*4", 0, 0],
					"scale": ["2+math.sin(q.anim_time*90*5*6-90)*0.02-1", "2-math.sin(q.anim_time*90*5*6-90)*0.1-1", "2-math.sin(q.anim_time*90*5*6-90)*0.03-1"]
				},
				"hand_fire_left2": {
					"rotation": ["0+math.sin(q.anim_time*90*4)*4", 0, 0],
					"scale": ["2+math.sin(q.anim_time*90*5*6-90)*0.02-1", "2-math.sin(q.anim_time*90*5*6-90)*0.1-1", "2-math.sin(q.anim_time*90*5*6-90)*0.03-1"]
				},
				"hand_fire_left3": {
					"rotation": ["0+math.sin(q.anim_time*90*4)*4", 0, 0],
					"scale": ["2+math.sin(q.anim_time*90*5*6-90)*0.02-1", "2-math.sin(q.anim_time*90*5*6-90)*0.1-1", "2-math.sin(q.anim_time*90*5*6-90)*0.03-1"]
				},
				"jacket_right": {
					"rotation": [-7.5, 0, 0]
				},
				"jacket_left": {
					"rotation": [-10, 0, 0]
				}
			}
		},
		"animation.blaziken.faint": {
			"loop": "hold_on_last_frame",
			"animation_length": 3,
			"bones": {
				"body": {
					"rotation": {
						"0.0": [0, 25, 0],
						"0.375": [0, 0, 0],
						"1.0": [0, 0, 0],
						"3.0": [0, 0, 0]
					},
					"position": {
						"0.0": [0, -1.95859, 0],
						"0.375": [0, -3.86, 9.4],
						"1.0": [0, -5.66, 10.5],
						"1.1667": {
							"pre": [0, -10.36, 10.9],
							"post": [0, -10.36, 10.9],
							"lerp_mode": "catmullrom"
						},
						"1.2917": {
							"post": [0, -10.06, 10.9],
							"lerp_mode": "catmullrom"
						},
						"1.5417": [0, -9.06, 10.9],
						"3.0": [0, -9.06, 10.9]
					},
					"scale": {
						"1.0": [1, 1, 1],
						"1.0833": [1, 1.1, 1.1],
						"1.1667": [1.1, 0.9, 1],
						"1.25": [1, 1, 1],
						"3.0": [1, 1, 1]
					}
				},
				"leg_right": {
					"rotation": {
						"0.0": [14.69674, 61.52781, 34.88149],
						"0.125": {
							"pre": [-10.22663, 36.41398, 17.40461],
							"post": [-10.22663, 36.41398, 17.40461],
							"lerp_mode": "catmullrom"
						},
						"0.2083": {
							"post": [-17.32167, 16.80509, 19.17402],
							"lerp_mode": "catmullrom"
						},
						"0.375": [-37.5, 0, 0],
						"1.0": [-50, 0, 0],
						"1.1667": [-70, 0, 0],
						"1.2917": [-78.5, 0, 0],
						"1.5417": [-72.5, 0, 0]
					},
					"position": {
						"0.0": [-1, 0, 0],
						"0.2083": {
							"pre": [1.1, 0, 0],
							"post": [1.1, 0, 0],
							"lerp_mode": "catmullrom"
						},
						"0.375": [0, 0, -1],
						"1.0": [0, 0, -1]
					}
				},
				"leg_right2": {
					"rotation": {
						"0.0": [19.51859, 2.68507, -12.01859],
						"0.125": {
							"pre": [21.09971, 3.12287, -9.8299],
							"post": [21.09971, 3.12287, -9.8299],
							"lerp_mode": "catmullrom"
						},
						"0.2083": {
							"post": [21.60691, 6.39406, -16.17281],
							"lerp_mode": "catmullrom"
						},
						"0.375": [37.5, 0, 0],
						"1.0": [50, 0, 0],
						"1.1667": [70, 0, 0],
						"1.2917": {
							"pre": [77, 0, 0],
							"post": [77, 0, 0],
							"lerp_mode": "catmullrom"
						},
						"1.5417": [72.5, 0, 0]
					},
					"position": {
						"0.0": [0, 0, 0],
						"0.2083": {
							"pre": [0, 1, 0],
							"post": [0, 1, 0],
							"lerp_mode": "catmullrom"
						},
						"0.375": [0, 0, 0],
						"1.0": {
							"pre": [0, 0, 0],
							"post": [0, 0, 0],
							"lerp_mode": "catmullrom"
						}
					}
				},
				"torso2": {
					"rotation": {
						"0.0": [11.92642, -7.5, 0],
						"0.2917": {
							"pre": [-7.5, 0, 0],
							"post": [-7.5, 0, 0],
							"lerp_mode": "catmullrom"
						},
						"0.75": {
							"post": [17.5, 0, 0],
							"lerp_mode": "catmullrom"
						},
						"1.0": {
							"post": [17.5, 0, 0],
							"lerp_mode": "catmullrom"
						},
						"1.25": {
							"post": [7.5, 0, 0],
							"lerp_mode": "catmullrom"
						},
						"1.5417": {
							"post": [22.5, 0, 0],
							"lerp_mode": "catmullrom"
						},
						"1.9583": {
							"post": [20, 0, 0],
							"lerp_mode": "catmullrom"
						},
						"3.0": {
							"post": [20, 0, 0],
							"lerp_mode": "catmullrom"
						}
					}
				},
				"torso": {
					"rotation": {
						"0.0": [-7.29709, -14.99982, -0.08057],
						"0.2083": {
							"pre": [-22.29709, -14.99982, -0.08057],
							"post": [-22.29709, -14.99982, -0.08057],
							"lerp_mode": "catmullrom"
						},
						"0.6667": {
							"post": [10, 0, 0],
							"lerp_mode": "catmullrom"
						},
						"1.0": [10, 0, 0],
						"1.1667": {
							"pre": [2.5, 0, 0],
							"post": [2.5, 0, 0],
							"lerp_mode": "catmullrom"
						},
						"1.4167": {
							"post": [15, 0, 0],
							"lerp_mode": "catmullrom"
						},
						"1.875": [12.5, 0, 0],
						"3.0": [12.5, 0, 0]
					},
					"position": {
						"0.0": [0, 0.05176, 0],
						"0.5": [0, 0.05, 0],
						"0.7083": [0, "0.05+Math.cos((query.anim_time) * 90 *42) * 0.25", 0],
						"1.0": [0, 0.05, 0],
						"1.3333": [0, 0.05, 0],
						"1.4583": [0, "0.05+Math.cos((query.anim_time) * 90 *42) * 0.25", 0],
						"1.875": [0, 0.05, 0],
						"3.0": [0, 0.05, 0]
					}
				},
				"tail1": {
					"rotation": [-10, 0, 0]
				},
				"tail2": {
					"rotation": [10, 0, 0]
				},
				"tail3": {
					"rotation": [15, 0, 0]
				},
				"arm_right": {
					"rotation": {
						"0.0": [-15, 37.5, -45.64705],
						"0.25": {
							"pre": [-15.81622, -23.58456, -42.47175],
							"post": [-15.81622, -23.58456, -42.47175],
							"lerp_mode": "catmullrom"
						},
						"0.7083": {
							"post": [0, 7.5, -45],
							"lerp_mode": "catmullrom"
						},
						"1.0833": [0, 0, -45],
						"1.25": {
							"pre": [-37.5, 12.5, -5],
							"post": [-37.5, 12.5, -5],
							"lerp_mode": "catmullrom"
						},
						"1.4167": {
							"post": [-37.5, 12.5, -5],
							"lerp_mode": "catmullrom"
						},
						"1.5833": [6.63055, -28.86662, -30.49261],
						"3.0": [6.63, -28.87, -30.49]
					}
				},
				"arm_right2": {
					"rotation": [0, -10, 0]
				},
				"arm_right3": {
					"rotation": {
						"0.0": [0, -29.91481, 0],
						"0.375": {
							"pre": [0, -77.5, 0],
							"post": [0, -77.5, 0],
							"lerp_mode": "catmullrom"
						},
						"0.625": {
							"post": [0, -15, 0],
							"lerp_mode": "catmullrom"
						},
						"1.0417": {
							"post": [0, -15, 0],
							"lerp_mode": "catmullrom"
						},
						"1.375": {
							"post": [-17.9128, -74.12149, 18.57547],
							"lerp_mode": "catmullrom"
						},
						"1.6667": [-17.9128, -74.12149, 18.57547],
						"3.0": [-17.91, -74.12, 18.58]
					}
				},
				"hand_right": {
					"rotation": [0, -15, -20]
				},
				"finger_right1": {
					"rotation": {
						"0.0": [0, 0, 7.5],
						"0.125": {
							"pre": [0, 0, -57.5],
							"post": [0, 0, -57.5],
							"lerp_mode": "catmullrom"
						},
						"0.2917": {
							"post": [0, 0, -57.5],
							"lerp_mode": "catmullrom"
						},
						"0.875": [0, 0, 7.5]
					}
				},
				"finger_right2": {
					"rotation": {
						"0.0": [0, 0, -20],
						"0.125": {
							"pre": [0, 0, -40],
							"post": [0, 0, -40],
							"lerp_mode": "catmullrom"
						},
						"0.2917": {
							"post": [0, 0, -40],
							"lerp_mode": "catmullrom"
						},
						"0.875": [0, 0, -20]
					}
				},
				"finger_right3": {
					"rotation": [0, 0, -15]
				},
				"finger_right4": {
					"rotation": {
						"0.0": [4.6653, -16.88547, -15.69284],
						"0.125": {
							"pre": [0, 0, -47.5],
							"post": [0, 0, -47.5],
							"lerp_mode": "catmullrom"
						},
						"0.2917": {
							"post": [0, 0, -47.5],
							"lerp_mode": "catmullrom"
						},
						"0.875": [4.6653, -16.88547, -15.69284]
					}
				},
				"finger_right5": {
					"rotation": {
						"0.0": [0, 0, -25],
						"0.125": {
							"pre": [0, 0, -40],
							"post": [0, 0, -40],
							"lerp_mode": "catmullrom"
						},
						"0.2917": {
							"post": [0, 0, -40],
							"lerp_mode": "catmullrom"
						},
						"0.875": [0, 0, -25]
					}
				},
				"finger_right6": {
					"rotation": [0, 0, -22.5]
				},
				"finger_right7": {
					"rotation": {
						"0.0": [-3.61644, 19.6835, -10.62758],
						"0.125": {
							"pre": [0, 0, -40],
							"post": [0, 0, -40],
							"lerp_mode": "catmullrom"
						},
						"0.2917": {
							"post": [0, 0, -40],
							"lerp_mode": "catmullrom"
						},
						"0.875": [-3.61644, 19.6835, -10.62758]
					}
				},
				"finger_right8": {
					"rotation": {
						"0.0": [0, 0, -15],
						"0.125": {
							"pre": [0, 0, -57.5],
							"post": [0, 0, -57.5],
							"lerp_mode": "catmullrom"
						},
						"0.2917": {
							"post": [0, 0, -57.5],
							"lerp_mode": "catmullrom"
						},
						"0.875": [0, 0, -15]
					}
				},
				"finger_right9": {
					"rotation": [0, 0, -7.5]
				},
				"arm_left": {
					"rotation": {
						"0.0": [-1.95155, 7.24305, 30.52355],
						"0.25": {
							"pre": [-22.15535, 48.02208, 22.47096],
							"post": [-22.15535, 48.02208, 22.47096],
							"lerp_mode": "catmullrom"
						},
						"0.7083": {
							"post": [-54.74374, 49.12743, -30.78932],
							"lerp_mode": "catmullrom"
						},
						"1.0": {
							"post": [-54.74374, 49.12743, -30.78932],
							"lerp_mode": "catmullrom"
						},
						"1.375": {
							"post": [-79.01251, 6.42632, -16.89961],
							"lerp_mode": "catmullrom"
						},
						"1.75": {
							"post": [0, 12.5, 60],
							"lerp_mode": "catmullrom"
						},
						"2.25": [0, 17.5, 60],
						"3.0": [0, 17.5, 60]
					}
				},
				"arm_left2": {
					"rotation": [0, 10, 0]
				},
				"arm_left3": {
					"rotation": {
						"0.0": [0, 29.91481, 0],
						"0.3333": {
							"pre": [0, 52.5, 0],
							"post": [0, 52.5, 0],
							"lerp_mode": "catmullrom"
						},
						"0.5833": {
							"post": [0, 15, 0],
							"lerp_mode": "catmullrom"
						},
						"1.0": [0, 15, 0],
						"1.4167": {
							"pre": [0, 62.5, 0],
							"post": [0, 62.5, 0],
							"lerp_mode": "catmullrom"
						},
						"1.7917": {
							"post": [0, 22.5, 0],
							"lerp_mode": "catmullrom"
						},
						"2.2917": [0, 15, 0],
						"3.0": [0, 15, 0]
					}
				},
				"hand_left": {
					"rotation": [0, 15, 20]
				},
				"finger_left1": {
					"rotation": {
						"0.0": [0, 0, -7.5],
						"0.125": {
							"pre": [0, 0, 57.5],
							"post": [0, 0, 57.5],
							"lerp_mode": "catmullrom"
						},
						"0.4583": {
							"post": [0, 0, 57.5],
							"lerp_mode": "catmullrom"
						},
						"1.0417": [0, 0, -7.5]
					}
				},
				"finger_left2": {
					"rotation": {
						"0.0": [0, 0, 20],
						"0.125": {
							"pre": [0, 0, 40],
							"post": [0, 0, 40],
							"lerp_mode": "catmullrom"
						},
						"0.4583": {
							"post": [0, 0, 40],
							"lerp_mode": "catmullrom"
						},
						"1.0417": [0, 0, 20]
					}
				},
				"finger_left3": {
					"rotation": [0, 0, 15]
				},
				"finger_left4": {
					"rotation": {
						"0.0": [4.6653, 16.88547, 15.69284],
						"0.125": {
							"pre": [0, 0, 47.5],
							"post": [0, 0, 47.5],
							"lerp_mode": "catmullrom"
						},
						"0.4583": {
							"post": [0, 0, 47.5],
							"lerp_mode": "catmullrom"
						},
						"1.0417": [4.6653, 16.88547, 15.69284]
					}
				},
				"finger_left5": {
					"rotation": {
						"0.0": [0, 0, 25],
						"0.125": {
							"pre": [0, 0, 40],
							"post": [0, 0, 40],
							"lerp_mode": "catmullrom"
						},
						"0.4583": {
							"post": [0, 0, 40],
							"lerp_mode": "catmullrom"
						},
						"1.0417": [0, 0, 25]
					}
				},
				"finger_left6": {
					"rotation": [0, 0, 22.5]
				},
				"finger_left7": {
					"rotation": {
						"0.0": [-3.61644, -19.6835, 10.62758],
						"0.125": {
							"pre": [0, 0, 40],
							"post": [0, 0, 40],
							"lerp_mode": "catmullrom"
						},
						"0.4583": {
							"post": [0, 0, 40],
							"lerp_mode": "catmullrom"
						},
						"1.0417": [-3.61644, -19.6835, 10.62758]
					}
				},
				"finger_left8": {
					"rotation": {
						"0.0": [0, 0, 15],
						"0.125": {
							"pre": [0, 0, 57.5],
							"post": [0, 0, 57.5],
							"lerp_mode": "catmullrom"
						},
						"0.4583": {
							"post": [0, 0, 57.5],
							"lerp_mode": "catmullrom"
						},
						"1.0417": [0, 0, 15]
					}
				},
				"finger_left9": {
					"rotation": [0, 0, 7.5]
				},
				"leg_left": {
					"rotation": {
						"0.0": [-19.06869, -28.463, -7.85573],
						"0.2083": {
							"pre": [-19.56399, -28.463, -7.85573],
							"post": [-19.56399, -28.463, -7.85573],
							"lerp_mode": "catmullrom"
						},
						"0.375": {
							"post": [9.65574, -6.31477, -3.66872],
							"lerp_mode": "catmullrom"
						},
						"1.0": {
							"post": [4.66, -6.31, -3.67],
							"lerp_mode": "catmullrom"
						},
						"1.1667": [-0.34, -6.31, -3.67],
						"1.2917": {
							"pre": [-5.34, -6.31, -3.67],
							"post": [-5.34, -6.31, -3.67],
							"lerp_mode": "catmullrom"
						},
						"1.5417": [-5.34, -6.31, -3.67],
						"3.0": [-5.34, -6.31, -3.67]
					},
					"position": {
						"0.0": [1, 0, -1],
						"0.2083": {
							"pre": [0.44, 0.5, 0.67],
							"post": [0.44, 0.5, 0.67],
							"lerp_mode": "catmullrom"
						},
						"0.375": [0, 0, 2],
						"1.0": {
							"pre": [0, 0, 2],
							"post": [0, 0, 2],
							"lerp_mode": "catmullrom"
						},
						"3.0": {
							"post": [0, 0, 2],
							"lerp_mode": "catmullrom"
						}
					}
				},
				"leg_left2": {
					"rotation": {
						"0.0": [19.68079, -2.14405, 7.18205],
						"0.2083": {
							"pre": [75.7694, -2.14405, 7.18205],
							"post": [75.7694, -2.14405, 7.18205],
							"lerp_mode": "catmullrom"
						},
						"0.375": {
							"post": [39.68079, -2.14405, 7.18205],
							"lerp_mode": "catmullrom"
						},
						"1.0": {
							"post": [49.67641, -2.25299, 6.74373],
							"lerp_mode": "catmullrom"
						},
						"1.1667": [74.68, -2.14, 7.18],
						"1.2917": {
							"pre": [79.67637, -2.41326, 6.94873],
							"post": [79.67637, -2.41326, 6.94873],
							"lerp_mode": "catmullrom"
						},
						"1.5417": [74.68, -2.14, 7.18],
						"3.0": [74.68, -2.14, 7.18]
					}
				},
				"neck": {
					"rotation": {
						"0.0": [-1.93185, 0, 0],
						"0.0833": {
							"pre": [5.57, 0, 0],
							"post": [5.57, 0, 0],
							"lerp_mode": "catmullrom"
						},
						"0.375": [-21.93185, 0, 0],
						"0.8333": {
							"pre": [-9.43185, 0, 0],
							"post": [-9.43185, 0, 0],
							"lerp_mode": "catmullrom"
						},
						"1.0": {
							"post": [-9.43185, 0, 0],
							"lerp_mode": "catmullrom"
						},
						"1.3333": {
							"post": [-16.93185, 0, 0],
							"lerp_mode": "catmullrom"
						},
						"1.6667": {
							"post": [8.06815, 0, 0],
							"lerp_mode": "catmullrom"
						},
						"2.0417": {
							"post": [3.06815, 0, 0],
							"lerp_mode": "catmullrom"
						},
						"3.0": {
							"post": [3.07, 0, 0],
							"lerp_mode": "catmullrom"
						}
					}
				},
				"hand_fire_right1": {
					"rotation": {
						"0.0": ["0+math.sin(q.anim_time*90*4)*4", 0, 0],
						"1.0833": ["0+math.sin(q.anim_time*90*4)*4", 0, 0],
						"1.125": {
							"pre": [0, 0, 0],
							"post": [0, 0, 0],
							"lerp_mode": "catmullrom"
						},
						"1.7083": {
							"post": [0, 0, 0],
							"lerp_mode": "catmullrom"
						},
						"2.1667": [0, 0, 0]
					},
					"scale": {
						"0.0": ["2+math.sin(q.anim_time*90*5*6-90)*0.02-1", "2-math.sin(q.anim_time*90*5*6-90)*0.1-1", "2-math.sin(q.anim_time*90*5*6-90)*0.03-1"],
						"1.0833": ["2+math.sin(q.anim_time*90*5*6-90)*0.02-1", "2-math.sin(q.anim_time*90*5*6-90)*0.1-1", "2-math.sin(q.anim_time*90*5*6-90)*0.03-1"],
						"1.125": {
							"pre": [1.15, 1.45, 1.15],
							"post": [1.15, 1.45, 1.15],
							"lerp_mode": "catmullrom"
						},
						"1.7083": {
							"post": [1, 0, 0.7],
							"lerp_mode": "catmullrom"
						},
						"2.1667": [1, 0, 0.7]
					}
				},
				"hand_fire_right2": {
					"rotation": {
						"0.0": ["0+math.sin(q.anim_time*90*4)*4", 0, 0],
						"1.0833": ["0+math.sin(q.anim_time*90*4)*4", 0, 0],
						"1.125": {
							"pre": [0, 0, 0],
							"post": [0, 0, 0],
							"lerp_mode": "catmullrom"
						},
						"1.7083": {
							"post": [0, 0, 0],
							"lerp_mode": "catmullrom"
						},
						"2.1667": [0, 0, 0]
					},
					"scale": {
						"0.0": ["2+math.sin(q.anim_time*90*5*6-90)*0.02-1", "2-math.sin(q.anim_time*90*5*6-90)*0.1-1", "2-math.sin(q.anim_time*90*5*6-90)*0.03-1"],
						"1.0833": ["2+math.sin(q.anim_time*90*5*6-90)*0.02-1", "2-math.sin(q.anim_time*90*5*6-90)*0.1-1", "2-math.sin(q.anim_time*90*5*6-90)*0.03-1"],
						"1.125": {
							"pre": [1.15, 1.15, 1.45],
							"post": [1.15, 1.15, 1.45],
							"lerp_mode": "catmullrom"
						},
						"1.7083": {
							"post": [1, 0.7, 0],
							"lerp_mode": "catmullrom"
						},
						"2.1667": [1, 0.7, 0]
					}
				},
				"hand_fire_right3": {
					"rotation": {
						"0.0": ["0+math.sin(q.anim_time*90*4)*4", 0, 0],
						"1.0833": ["0+math.sin(q.anim_time*90*4)*4", 0, 0],
						"1.125": {
							"pre": [0, 0, 0],
							"post": [0, 0, 0],
							"lerp_mode": "catmullrom"
						},
						"1.7083": {
							"post": [0, 0, 0],
							"lerp_mode": "catmullrom"
						},
						"2.1667": [0, 0, 0]
					},
					"scale": {
						"0.0": ["2+math.sin(q.anim_time*90*5*6-90)*0.02-1", "2-math.sin(q.anim_time*90*5*6-90)*0.1-1", "2-math.sin(q.anim_time*90*5*6-90)*0.03-1"],
						"1.0833": ["2+math.sin(q.anim_time*90*5*6-90)*0.02-1", "2-math.sin(q.anim_time*90*5*6-90)*0.1-1", "2-math.sin(q.anim_time*90*5*6-90)*0.03-1"],
						"1.125": {
							"pre": [1.15, 1.15, 1.45],
							"post": [1.15, 1.15, 1.45],
							"lerp_mode": "catmullrom"
						},
						"1.7083": {
							"post": [1, 0.7, 0],
							"lerp_mode": "catmullrom"
						},
						"2.1667": [1, 0.7, 0]
					}
				},
				"hand_fire_left1": {
					"rotation": {
						"0.0": ["0+math.sin(q.anim_time*90*4)*4", 0, 0],
						"1.0833": ["0+math.sin(q.anim_time*90*4)*4", 0, 0],
						"1.125": {
							"pre": [0, 0, 0],
							"post": [0, 0, 0],
							"lerp_mode": "catmullrom"
						},
						"1.7083": {
							"post": [0, 0, 0],
							"lerp_mode": "catmullrom"
						},
						"2.1667": [0, 0, 0]
					},
					"scale": {
						"0.0": ["2+math.sin(q.anim_time*90*5*6-90)*0.02-1", "2-math.sin(q.anim_time*90*5*6-90)*0.1-1", "2-math.sin(q.anim_time*90*5*6-90)*0.03-1"],
						"1.0833": ["2+math.sin(q.anim_time*90*5*6-90)*0.02-1", "2-math.sin(q.anim_time*90*5*6-90)*0.1-1", "2-math.sin(q.anim_time*90*5*6-90)*0.03-1"],
						"1.125": {
							"pre": [1.15, 1.45, "1.1 5"],
							"post": [1.15, 1.45, "1.1 5"],
							"lerp_mode": "catmullrom"
						},
						"1.7083": {
							"post": [1, 0, 0.7],
							"lerp_mode": "catmullrom"
						},
						"2.1667": [1, 0, 0.7]
					}
				},
				"hand_fire_left2": {
					"rotation": {
						"0.0": ["0+math.sin(q.anim_time*90*4)*4", 0, 0],
						"1.0833": ["0+math.sin(q.anim_time*90*4)*4", 0, 0],
						"1.125": {
							"pre": [0, 0, 0],
							"post": [0, 0, 0],
							"lerp_mode": "catmullrom"
						},
						"1.7083": {
							"post": [0, 0, 0],
							"lerp_mode": "catmullrom"
						},
						"2.1667": [0, 0, 0]
					},
					"scale": {
						"0.0": ["2+math.sin(q.anim_time*90*5*6-90)*0.02-1", "2-math.sin(q.anim_time*90*5*6-90)*0.1-1", "2-math.sin(q.anim_time*90*5*6-90)*0.03-1"],
						"1.0833": ["2+math.sin(q.anim_time*90*5*6-90)*0.02-1", "2-math.sin(q.anim_time*90*5*6-90)*0.1-1", "2-math.sin(q.anim_time*90*5*6-90)*0.03-1"],
						"1.125": {
							"pre": [1.15, 1.15, 1.45],
							"post": [1.15, 1.15, 1.45],
							"lerp_mode": "catmullrom"
						},
						"1.7083": {
							"post": [1, 0.7, 0],
							"lerp_mode": "catmullrom"
						},
						"2.1667": [1, 0.7, 0]
					}
				},
				"hand_fire_left3": {
					"rotation": {
						"0.0": ["0+math.sin(q.anim_time*90*4)*4", 0, 0],
						"1.0833": ["0+math.sin(q.anim_time*90*4)*4", 0, 0],
						"1.125": {
							"pre": [0, 0, 0],
							"post": [0, 0, 0],
							"lerp_mode": "catmullrom"
						},
						"1.7083": {
							"post": [0, 0, 0],
							"lerp_mode": "catmullrom"
						},
						"2.1667": [0, 0, 0]
					},
					"scale": {
						"0.0": ["2+math.sin(q.anim_time*90*5*6-90)*0.02-1", "2-math.sin(q.anim_time*90*5*6-90)*0.1-1", "2-math.sin(q.anim_time*90*5*6-90)*0.03-1"],
						"1.0833": ["2+math.sin(q.anim_time*90*5*6-90)*0.02-1", "2-math.sin(q.anim_time*90*5*6-90)*0.1-1", "2-math.sin(q.anim_time*90*5*6-90)*0.03-1"],
						"1.125": {
							"pre": [1.15, 1.15, 1.45],
							"post": [1.15, 1.15, 1.45],
							"lerp_mode": "catmullrom"
						},
						"1.7083": {
							"post": [1, 0.7, 0],
							"lerp_mode": "catmullrom"
						},
						"2.1667": [1, 0.7, 0]
					}
				},
				"jacket_right": {
					"rotation": [-7.5, 0, 0]
				},
				"jacket_left": {
					"rotation": [-10, 0, 0]
				},
				"eyelid_right": {
					"position": {
						"0.0": [0, 0, 0],
						"0.1667": {
							"pre": [0, 0, 0],
							"post": [-0.1, 0, 0]
						},
						"0.7083": {
							"pre": [-0.1, 0, 0],
							"post": [0, 0, 0]
						},
						"1.1667": {
							"pre": [0, 0, 0],
							"post": [-0.1, 0, 0]
						}
					}
				},
				"eyelid_left": {
					"position": {
						"0.0": [0, 0, 0],
						"0.1667": {
							"pre": [0, 0, 0],
							"post": [0.1, 0, 0]
						},
						"0.7083": {
							"pre": [0.1, 0, 0],
							"post": [0, 0, 0]
						},
						"1.1667": {
							"pre": [0, 0, 0],
							"post": [0.1, 0, 0]
						}
					}
				}
			}
		},
		"animation.blaziken.physical": {
			"loop": "hold_on_last_frame",
			"animation_length": 2.7083,
			"bones": {
				"body": {
					"rotation": {
						"0.0": [0, 25, 0],
						"0.125": [0, 25, 0],
						"0.2917": {
							"pre": [0, 37.5, 0],
							"post": [0, 37.5, 0],
							"lerp_mode": "catmullrom"
						},
						"0.5417": [0, 37.5, 0],
						"0.625": [0, 0, 0],
						"0.8333": [0, 0, 0],
						"1.8333": [0, 0, 0],
						"2.125": [0, 25, 0],
						"2.2917": {
							"pre": [0, 25, 0],
							"post": [0, 25, 0],
							"lerp_mode": "catmullrom"
						},
						"2.4167": {
							"post": [0, 25, 0],
							"lerp_mode": "catmullrom"
						},
						"2.7083": [0, 25, 0]
					},
					"position": {
						"0.0": [0, -1.95859, 0],
						"0.125": [0, -1.95859, 0],
						"0.2917": {
							"pre": [-0.6, -3.96, 1.6],
							"post": [-0.6, -3.96, 1.6],
							"lerp_mode": "catmullrom"
						},
						"0.5417": [-0.6, -4.96, 2.6],
						"0.625": {
							"pre": [-0.6, -0.96, -18.4],
							"post": [-0.6, -0.96, -18.4],
							"lerp_mode": "catmullrom"
						},
						"0.75": {
							"post": [-0.6, 3.04, -25.4],
							"lerp_mode": "catmullrom"
						},
						"1.0": {
							"post": [-0.6, -5.96, -30],
							"lerp_mode": "catmullrom"
						},
						"1.25": [-0.6, -3.96, -31],
						"1.375": [-0.6, -4.96, -31],
						"1.5833": [-0.6, -3.96, -31],
						"1.8333": [-0.6, -6.96, -29.9],
						"2.0417": {
							"pre": [-0.26, 4.93, -12.82],
							"post": [-0.26, 4.93, -12.82],
							"lerp_mode": "catmullrom"
						},
						"2.2083": [0, -5.35859, 0],
						"2.4167": [0, -4.35859, 0],
						"2.7083": [0, -1.95859, 0]
					}
				},
				"leg_right": {
					"rotation": {
						"0.0": [14.69674, 61.52781, 34.88149],
						"0.125": [14.69674, 61.52781, 34.88149],
						"0.2917": {
							"pre": [13.29527, 76.61084, 52.64912],
							"post": [13.29527, 76.61084, 52.64912],
							"lerp_mode": "catmullrom"
						},
						"0.5833": [5.79527, 76.61084, 52.64912],
						"0.625": {
							"pre": [-85, 0, 0],
							"post": [-85, 0, 0],
							"lerp_mode": "catmullrom"
						},
						"0.7917": {
							"post": [-107.5, 0, 0],
							"lerp_mode": "catmullrom"
						},
						"0.9583": {
							"post": [-50, 0, 0],
							"lerp_mode": "catmullrom"
						},
						"1.0417": {
							"post": [-50.28, 0, 0],
							"lerp_mode": "catmullrom"
						},
						"1.25": [-37.5, 0, 0],
						"1.375": [-42.5, 0, 0],
						"1.5833": [-37.5, 0, 0],
						"1.8333": [-57.5, 0, 0],
						"1.9583": [-47.5, 0, 0],
						"2.125": [-7.55256, 38.98793, 21.23029],
						"2.2917": {
							"pre": [-2.80326, 61.52781, 34.88149],
							"post": [-2.80326, 61.52781, 34.88149],
							"lerp_mode": "catmullrom"
						},
						"2.4167": {
							"post": [-2.80326, 61.52781, 34.88149],
							"lerp_mode": "catmullrom"
						},
						"2.7083": [14.69674, 61.52781, 34.88149]
					},
					"position": {
						"0.0": [-1, 0, 0],
						"0.125": [-1, 0, 0],
						"0.2917": {
							"pre": [-1.8, 0, 0.6],
							"post": [-1.8, 0, 0.6],
							"lerp_mode": "catmullrom"
						},
						"0.5833": [-1.8, 0, 0.6],
						"0.625": [-1.8, 0, -1.4],
						"0.7917": [-1.8, 0, -1.4],
						"1.5833": [-1.8, 0, -1.4],
						"1.8333": [-1.8, 0, -1.4],
						"2.125": [-1, 0, 0],
						"2.2917": {
							"pre": [-1, 0, 0],
							"post": [-1, 0, 0],
							"lerp_mode": "catmullrom"
						},
						"2.4167": {
							"post": [-1, 0, 0],
							"lerp_mode": "catmullrom"
						},
						"2.7083": [-1, 0, 0]
					},
					"scale": {
						"0.5833": [1, 1, 1],
						"0.625": [1, 1.8, 0.9],
						"0.7083": [1, 1, 1]
					}
				},
				"leg_right2": {
					"rotation": {
						"0.0": [19.51859, 2.68507, -12.01859],
						"0.125": [19.51859, 2.68507, -12.01859],
						"0.2917": {
							"pre": [37.01859, 2.68507, -12.01859],
							"post": [37.01859, 2.68507, -12.01859],
							"lerp_mode": "catmullrom"
						},
						"0.5833": [44.51859, 2.68507, -12.01859],
						"0.625": {
							"pre": [107.5, 0, 0],
							"post": [107.5, 0, 0],
							"lerp_mode": "catmullrom"
						},
						"0.7917": {
							"post": [107.5, 0, 0],
							"lerp_mode": "catmullrom"
						},
						"0.9583": {
							"post": [50, 0, 0],
							"lerp_mode": "catmullrom"
						},
						"1.0417": {
							"post": [52.78, 0, 0],
							"lerp_mode": "catmullrom"
						},
						"1.25": [37.5, 0, 0],
						"1.375": [45, 0, 0],
						"1.5833": [37.5, 0, 0],
						"1.8333": [57.5, 0, 0],
						"1.9583": [17.5, 0, 0],
						"2.125": [42.21604, -1.89016, -6.3753],
						"2.2917": {
							"pre": [37.01859, 2.68507, -12.01859],
							"post": [37.01859, 2.68507, -12.01859],
							"lerp_mode": "catmullrom"
						},
						"2.4167": {
							"post": [37.01859, 2.68507, -12.01859],
							"lerp_mode": "catmullrom"
						},
						"2.7083": [19.51859, 2.68507, -12.01859]
					},
					"position": {
						"0.125": [0, 0, 0],
						"0.2917": {
							"pre": [0, 0, 0],
							"post": [0, 0, 0],
							"lerp_mode": "catmullrom"
						},
						"0.5833": [0, 0, 0],
						"0.625": [0, -1.8, 2],
						"0.7917": [0, -1.8, 2],
						"0.9583": [0, 0, 0],
						"2.125": [0, 0, 0],
						"2.2917": {
							"pre": [0, 0, 0],
							"post": [0, 0, 0],
							"lerp_mode": "catmullrom"
						},
						"2.4167": {
							"post": [0, 0, 0],
							"lerp_mode": "catmullrom"
						},
						"2.7083": [0, 0, 0]
					},
					"scale": {
						"0.5833": [1, 1, 1],
						"0.625": [1, 1.4, 0.8],
						"0.7083": [1, 1, 1]
					}
				},
				"torso2": {
					"rotation": {
						"0.0": [11.92642, -7.5, 0],
						"0.125": [0, 0, 0],
						"0.2917": {
							"pre": [10.63, 0, 0],
							"post": [10.63, 0, 0],
							"lerp_mode": "catmullrom"
						},
						"0.5417": {
							"post": [10.63, 0, 0],
							"lerp_mode": "catmullrom"
						},
						"0.625": {
							"post": [5, 0, 0],
							"lerp_mode": "catmullrom"
						},
						"0.8333": {
							"post": [25, 0, 0],
							"lerp_mode": "catmullrom"
						},
						"1.0": {
							"post": [17.5, 0, 0],
							"lerp_mode": "catmullrom"
						},
						"1.2083": {
							"post": [-10, 0, 0],
							"lerp_mode": "catmullrom"
						},
						"1.4583": {
							"post": [-5, 0, 0],
							"lerp_mode": "catmullrom"
						},
						"1.5833": {
							"post": [-5, 0, 0],
							"lerp_mode": "catmullrom"
						},
						"2.125": [0, 0, 0],
						"2.2917": {
							"pre": [10, 0, 0],
							"post": [10, 0, 0],
							"lerp_mode": "catmullrom"
						},
						"2.4167": {
							"post": [10, 0, 0],
							"lerp_mode": "catmullrom"
						},
						"2.7083": [11.92642, -7.5, 0]
					}
				},
				"torso": {
					"rotation": {
						"0.0": [-7.29709, -14.99982, -0.08057],
						"0.125": [0.20291, -14.99982, -0.08057],
						"0.2917": {
							"pre": [5.10321, -10.02, 0.37929],
							"post": [5.10321, -10.02, 0.37929],
							"lerp_mode": "catmullrom"
						},
						"0.5417": {
							"post": [9.86271, -2.68944, 2.11905],
							"lerp_mode": "catmullrom"
						},
						"0.6667": {
							"post": [-22.29709, -14.99982, -0.08057],
							"lerp_mode": "catmullrom"
						},
						"0.7917": {
							"post": [-34.79709, -14.99982, -0.08057],
							"lerp_mode": "catmullrom"
						},
						"0.9167": {
							"post": [-27.04718, -0.11583, -1.96444],
							"lerp_mode": "catmullrom"
						},
						"1.0417": {
							"post": [-2.04718, -0.11583, -1.96444],
							"lerp_mode": "catmullrom"
						},
						"1.125": {
							"post": [11.27229, 14.99611, 0.7669],
							"lerp_mode": "catmullrom"
						},
						"1.2917": {
							"post": [-7.39018, -17.47932, 0.25223],
							"lerp_mode": "catmullrom"
						},
						"1.4167": {
							"post": [-3, 17.3272, -2.88955],
							"lerp_mode": "catmullrom"
						},
						"1.5833": [-3.0443, 19.82372, -3.02859],
						"1.8333": [7.5, 0, 0],
						"2.125": [0.20291, -14.99982, -0.08057],
						"2.2917": {
							"pre": [5.20291, -14.99982, -0.08057],
							"post": [5.20291, -14.99982, -0.08057],
							"lerp_mode": "catmullrom"
						},
						"2.4167": {
							"post": [5.20291, -14.99982, -0.08057],
							"lerp_mode": "catmullrom"
						},
						"2.7083": [-7.29709, -14.99982, -0.08057]
					},
					"position": {
						"0.0": [0, 0.05176, 0],
						"0.125": [0, 0.05176, 0],
						"1.5833": [0, 0.05, 0],
						"2.125": [0, 0.05176, 0],
						"2.2917": {
							"pre": [0, 0.05176, 0],
							"post": [0, 0.05176, 0],
							"lerp_mode": "catmullrom"
						},
						"2.4167": {
							"post": [0, 0.05176, 0],
							"lerp_mode": "catmullrom"
						},
						"2.7083": [0, 0.05176, 0]
					}
				},
				"tail1": {
					"rotation": {
						"0.0": [-10, 0, 0],
						"2.7083": [-10, 0, 0]
					}
				},
				"tail2": {
					"rotation": {
						"0.0": [10, 0, 0],
						"2.7083": [10, 0, 0]
					}
				},
				"tail3": {
					"rotation": {
						"0.0": [15, 0, 0],
						"2.7083": [15, 0, 0]
					}
				},
				"arm_right": {
					"rotation": {
						"0.0": [-15, 37.5, -45.64705],
						"0.125": [-15, 37.5, -45.64705],
						"0.2917": {
							"pre": [-26.36928, 13.27115, -54.32609],
							"post": [-26.36928, 13.27115, -54.32609],
							"lerp_mode": "catmullrom"
						},
						"0.625": {
							"post": [-35.48997, -41.87404, -22.38189],
							"lerp_mode": "catmullrom"
						},
						"0.75": {
							"post": [-51.64665, 85.99973, -98.35812],
							"lerp_mode": "catmullrom"
						},
						"0.9167": {
							"post": [-33.49782, 64.28834, -68.72306],
							"lerp_mode": "catmullrom"
						},
						"1.2083": {
							"post": [-44.80368, 70.1362, -80.96326],
							"lerp_mode": "catmullrom"
						},
						"1.25": {
							"post": [0, -60, 0],
							"lerp_mode": "catmullrom"
						},
						"1.4167": {
							"post": [1.44261, 29.96852, -52.11386],
							"lerp_mode": "catmullrom"
						},
						"1.6667": {
							"post": [1.57457, 37.46593, -51.87665],
							"lerp_mode": "catmullrom"
						},
						"1.7917": {
							"post": [1.48127, 32.46771, -52.03928],
							"lerp_mode": "catmullrom"
						},
						"1.9583": {
							"post": [-5.93805, -24.77902, -44.43856],
							"lerp_mode": "catmullrom"
						},
						"2.125": {
							"post": [-19.00899, -61.91592, -36.7506],
							"lerp_mode": "catmullrom"
						},
						"2.4583": {
							"post": [-14.72557, 54.39369, -52.22679],
							"lerp_mode": "catmullrom"
						},
						"2.7083": [-15, 37.5, -45.64705]
					}
				},
				"arm_right3": {
					"rotation": {
						"0.0": [0, -29.91481, 0],
						"0.125": [0, -29.91481, 0],
						"0.2917": {
							"pre": [0, -47.41481, 0],
							"post": [0, -47.41481, 0],
							"lerp_mode": "catmullrom"
						},
						"0.5833": {
							"post": [0, -72.41481, 0],
							"lerp_mode": "catmullrom"
						},
						"0.7083": {
							"post": [0, -99.91481, 0],
							"lerp_mode": "catmullrom"
						},
						"0.9167": {
							"post": [0, -49.91, 0],
							"lerp_mode": "catmullrom"
						},
						"1.2083": {
							"post": [0, -94.91, 0],
							"lerp_mode": "catmullrom"
						},
						"1.25": [0, -14.91, 0],
						"1.4167": {
							"pre": [0, -92.41, 0],
							"post": [0, -92.41, 0],
							"lerp_mode": "catmullrom"
						},
						"1.6667": {
							"post": [0, -94.91, 0],
							"lerp_mode": "catmullrom"
						},
						"1.7917": {
							"post": [0, -54.91, 0],
							"lerp_mode": "catmullrom"
						},
						"1.9583": {
							"post": [0, -51.3, 0],
							"lerp_mode": "catmullrom"
						},
						"2.125": {
							"post": [0, -51.3, 0],
							"lerp_mode": "catmullrom"
						},
						"2.375": {
							"post": [0, -49.91481, 0],
							"lerp_mode": "catmullrom"
						},
						"2.7083": [0, -29.91481, 0]
					}
				},
				"hand_right": {
					"rotation": {
						"0.0": [0, -15, -20],
						"2.7083": [0, -15, -20]
					},
					"scale": {
						"1.2083": [1, 1, 1],
						"1.25": [2, 1, 1],
						"1.3333": [1, 1, 1]
					}
				},
				"finger_right1": {
					"rotation": {
						"0.0": [0, 0, 7.5],
						"0.125": [0, 0, 7.5],
						"1.0833": [0, 0, 7.5],
						"1.1667": [0, 0, -47.5],
						"1.7917": [0, 0, -47.5],
						"2.0": [0, 0, 7.5],
						"2.7083": [0, 0, 7.5]
					}
				},
				"finger_right2": {
					"rotation": {
						"0.0": [0, 0, -20],
						"0.125": [0, 0, -20],
						"1.0833": [0, 0, -20],
						"1.1667": [0, 0, -55],
						"1.7917": [0, 0, -55],
						"2.0": [0, 0, -20],
						"2.7083": [0, 0, -20]
					}
				},
				"finger_right3": {
					"rotation": {
						"0.0": [0, 0, -15],
						"2.7083": [0, 0, -15]
					}
				},
				"finger_right4": {
					"rotation": {
						"0.0": [4.6653, -16.88547, -15.69284],
						"0.125": [4.6653, -16.88547, -15.69284],
						"1.0833": [4.6653, -16.88547, -15.69284],
						"1.1667": [15.27914, -8.64735, -61.15832],
						"1.7917": [15.28, -8.65, -61.16],
						"2.0": [4.6653, -16.88547, -15.69284],
						"2.7083": [4.6653, -16.88547, -15.69284]
					}
				},
				"finger_right5": {
					"rotation": {
						"0.0": [0, 0, -25],
						"0.125": [0, 0, -25],
						"1.0833": [0, 0, -25],
						"1.1667": [0, 0, -72.5],
						"1.7917": [0, 0, -72.5],
						"2.0": [0, 0, -25],
						"2.7083": [0, 0, -25]
					}
				},
				"finger_right6": {
					"rotation": {
						"0.0": [0, 0, -22.5],
						"2.7083": [0, 0, -22.5]
					}
				},
				"finger_right7": {
					"rotation": {
						"0.0": [-3.61644, 19.6835, -10.62758],
						"0.125": [-3.61644, 19.6835, -10.62758],
						"1.0833": [-3.61644, 19.6835, -10.62758],
						"1.1667": [-19.98247, 0.85481, -87.65059],
						"1.7917": [-19.98, 0.85, -87.65],
						"2.0": [-3.61644, 19.6835, -10.62758],
						"2.7083": [-3.61644, 19.6835, -10.62758]
					}
				},
				"finger_right8": {
					"rotation": {
						"0.0": [0, 0, -15],
						"0.125": [0, 0, -15],
						"1.0833": [0, 0, -15],
						"1.1667": [0, 0, -55],
						"1.7917": [0, 0, -55],
						"2.0": [0, 0, -15],
						"2.7083": [0, 0, -15]
					}
				},
				"finger_right9": {
					"rotation": {
						"0.0": [0, 0, -7.5],
						"2.7083": [0, 0, -7.5]
					}
				},
				"arm_left": {
					"rotation": {
						"0.0": [-1.95155, 7.24305, 30.52355],
						"0.125": [-1.95155, 7.24305, 30.52355],
						"0.2917": {
							"pre": [0.65748, -7.52773, 50.51838],
							"post": [0.65748, -7.52773, 50.51838],
							"lerp_mode": "catmullrom"
						},
						"0.625": {
							"post": [3.89937, 39.78096, 42.69725],
							"lerp_mode": "catmullrom"
						},
						"0.75": {
							"post": [38.16974, -63.23772, 6.94214],
							"lerp_mode": "catmullrom"
						},
						"0.9167": {
							"post": [1.21394, -57.52239, 49.58039],
							"lerp_mode": "catmullrom"
						},
						"1.125": {
							"post": [0.65748, -7.52773, 50.51838],
							"lerp_mode": "catmullrom"
						},
						"1.375": {
							"post": [1.3, -60.02, 49.47],
							"lerp_mode": "catmullrom"
						},
						"1.4167": {
							"post": [0, 67.5, 0],
							"lerp_mode": "catmullrom"
						},
						"1.6667": {
							"post": [0, 70, 0],
							"lerp_mode": "catmullrom"
						},
						"1.7917": {
							"post": [5.35082, -43.15888, 50.7189],
							"lerp_mode": "catmullrom"
						},
						"1.9583": {
							"post": [1.54585, 26.96119, 44.00213],
							"lerp_mode": "catmullrom"
						},
						"2.125": {
							"post": [-9.97346, 56.94415, 45.41913],
							"lerp_mode": "catmullrom"
						},
						"2.4583": {
							"post": [-4.79487, -19.79135, 39.45243],
							"lerp_mode": "catmullrom"
						},
						"2.7083": [-1.95155, 7.24305, 30.52355]
					}
				},
				"arm_left3": {
					"rotation": {
						"0.0": [0, 29.91481, 0],
						"0.125": [0, 29.91481, 0],
						"0.2917": {
							"pre": [0, 37.41481, 0],
							"post": [0, 37.41481, 0],
							"lerp_mode": "catmullrom"
						},
						"0.5833": {
							"post": [0, 67.41481, 0],
							"lerp_mode": "catmullrom"
						},
						"0.7083": {
							"post": [0, 94.91481, 0],
							"lerp_mode": "catmullrom"
						},
						"0.9167": {
							"post": [0, 59.91, 0],
							"lerp_mode": "catmullrom"
						},
						"1.1667": {
							"post": [0, 87.41, 0],
							"lerp_mode": "catmullrom"
						},
						"1.375": {
							"post": [0, 87.41, 0],
							"lerp_mode": "catmullrom"
						},
						"1.4167": [0, 4.91, 0],
						"1.6667": {
							"pre": [0, 7.41, 0],
							"post": [0, 7.41, 0],
							"lerp_mode": "catmullrom"
						},
						"1.7917": {
							"post": [0, 62.41, 0],
							"lerp_mode": "catmullrom"
						},
						"1.9583": {
							"post": [0, 47.13, 0],
							"lerp_mode": "catmullrom"
						},
						"2.125": {
							"post": [0, 47.13, 0],
							"lerp_mode": "catmullrom"
						},
						"2.375": {
							"post": [0, 59.91481, 0],
							"lerp_mode": "catmullrom"
						},
						"2.7083": [0, 29.91481, 0]
					}
				},
				"hand_left": {
					"rotation": {
						"0.0": [0, 15, 20],
						"2.7083": [0, 15, 20]
					},
					"scale": {
						"1.375": [1, 1, 1],
						"1.4167": [2, 1, 1],
						"1.5": [1, 1, 1]
					}
				},
				"finger_left1": {
					"rotation": {
						"0.0": [0, 0, -7.5],
						"0.125": [0, 0, -7.5],
						"1.25": [0, 0, -7.5],
						"1.3333": [0, 0, 47.5],
						"1.8333": [0, 0, 47.5],
						"2.0417": [0, 0, -7.5],
						"2.7083": [0, 0, -7.5]
					}
				},
				"finger_left2": {
					"rotation": {
						"0.0": [0, 0, 20],
						"0.125": [0, 0, 20],
						"1.25": [0, 0, 20],
						"1.3333": [0, 0, 55],
						"1.8333": [0, 0, 55],
						"2.0417": [0, 0, 20],
						"2.7083": [0, 0, 20]
					}
				},
				"finger_left3": {
					"rotation": {
						"0.0": [0, 0, 15],
						"2.7083": [0, 0, 15]
					}
				},
				"finger_left4": {
					"rotation": {
						"0.0": [4.6653, 16.88547, 15.69284],
						"0.125": [4.6653, 16.88547, 15.69284],
						"1.25": [4.6653, 16.88547, 15.69284],
						"1.3333": [15.27914, 8.6474, 61.1583],
						"1.8333": [15.28, 8.65, 61.16],
						"2.0417": [4.6653, 16.88547, 15.69284],
						"2.7083": [4.6653, 16.88547, 15.69284]
					}
				},
				"finger_left5": {
					"rotation": {
						"0.0": [0, 0, 25],
						"0.125": [0, 0, 25],
						"1.25": [0, 0, 25],
						"1.3333": [0, 0, 72.5],
						"1.8333": [0, 0, 72.5],
						"2.0417": [0, 0, 25],
						"2.7083": [0, 0, 25]
					}
				},
				"finger_left6": {
					"rotation": {
						"0.0": [0, 0, 22.5],
						"2.7083": [0, 0, 22.5]
					}
				},
				"finger_left7": {
					"rotation": {
						"0.0": [-3.61644, -19.6835, 10.62758],
						"0.125": [-3.61644, -19.6835, 10.62758],
						"1.25": [-3.61644, -19.6835, 10.62758],
						"1.3333": [-19.98247, -0.8548, 87.6506],
						"1.8333": [-19.98, -0.85, 87.65],
						"2.0417": [-3.61644, -19.6835, 10.62758],
						"2.7083": [-3.61644, -19.6835, 10.62758]
					}
				},
				"finger_left8": {
					"rotation": {
						"0.0": [0, 0, 15],
						"0.125": [0, 0, 15],
						"1.25": [0, 0, 15],
						"1.3333": [0, 0, 55],
						"1.8333": [0, 0, 55],
						"2.0417": [0, 0, 15],
						"2.7083": [0, 0, 15]
					}
				},
				"finger_left9": {
					"rotation": {
						"0.0": [0, 0, 7.5],
						"2.7083": [0, 0, 7.5]
					}
				},
				"leg_left": {
					"rotation": {
						"0.0": [-19.06869, -28.463, -7.85573],
						"0.125": [-19.06869, -28.463, -7.85573],
						"0.2917": {
							"pre": [-30.71392, -45.54457, -11.03918],
							"post": [-30.71392, -45.54457, -11.03918],
							"lerp_mode": "catmullrom"
						},
						"0.5417": [-38.21392, -45.54457, -11.03918],
						"0.625": [27.5, 0, 0],
						"0.7917": [27.5, 0, 0],
						"0.9167": {
							"pre": [12.5, 0, 0],
							"post": [12.5, 0, 0],
							"lerp_mode": "catmullrom"
						},
						"1.0417": {
							"post": [10.31, 0, 0],
							"lerp_mode": "catmullrom"
						},
						"1.25": [20, 0, 0],
						"1.375": [17.5, 0, 0],
						"1.5833": [20, 0, 0],
						"1.8333": [10, 0, 0],
						"1.9583": [-27.16569, -4.20854, -9.07947],
						"2.125": [-38.6908, -20.94036, -9.01634],
						"2.2917": {
							"pre": [-34.06869, -28.463, -7.85573],
							"post": [-34.06869, -28.463, -7.85573],
							"lerp_mode": "catmullrom"
						},
						"2.4167": {
							"post": [-34.06869, -28.463, -7.85573],
							"lerp_mode": "catmullrom"
						},
						"2.7083": [-19.06869, -28.463, -7.85573]
					},
					"position": {
						"0.0": [1, 0, -1],
						"0.125": [1, 0, -1],
						"0.2917": {
							"pre": [1, 0, -1],
							"post": [1, 0, -1],
							"lerp_mode": "catmullrom"
						},
						"0.5417": [1, 0, -1],
						"0.625": [1, 0, 3],
						"0.7083": [1, 0, 3],
						"1.5833": [1, 0, 3],
						"2.125": [1, 0, -1],
						"2.2917": {
							"pre": [1, 0, -1],
							"post": [1, 0, -1],
							"lerp_mode": "catmullrom"
						},
						"2.4167": {
							"post": [1, 0, -1],
							"lerp_mode": "catmullrom"
						},
						"2.7083": [1, 0, -1]
					}
				},
				"leg_left2": {
					"rotation": {
						"0.0": [19.68079, -2.14405, 7.18205],
						"0.125": [19.68079, -2.14405, 7.18205],
						"0.2917": {
							"pre": [37.18079, -2.14405, 7.18205],
							"post": [37.18079, -2.14405, 7.18205],
							"lerp_mode": "catmullrom"
						},
						"0.5417": [44.68079, -2.14405, 7.18205],
						"0.625": [7.18079, -2.14405, 7.18205],
						"0.7917": [7.18079, -2.14405, 7.18205],
						"0.9167": {
							"pre": [44.68079, -2.14405, 7.18205],
							"post": [44.68079, -2.14405, 7.18205],
							"lerp_mode": "catmullrom"
						},
						"1.0417": {
							"post": [45.61829, -2.14405, 7.18205],
							"lerp_mode": "catmullrom"
						},
						"1.25": [27.18079, -2.14405, 7.18205],
						"1.375": [34.68079, -2.14405, 7.18205],
						"1.5833": [27.18079, -2.14405, 7.18205],
						"1.8333": [52.18079, -2.14405, 7.18205],
						"1.9583": [17.18079, -2.14405, 7.18205],
						"2.125": [7.18079, -2.14405, 7.18205],
						"2.2917": {
							"pre": [37.18079, -2.14405, 7.18205],
							"post": [37.18079, -2.14405, 7.18205],
							"lerp_mode": "catmullrom"
						},
						"2.4167": {
							"post": [37.18079, -2.14405, 7.18205],
							"lerp_mode": "catmullrom"
						},
						"2.7083": [19.68079, -2.14405, 7.18205]
					}
				},
				"neck": {
					"rotation": {
						"0.0": [-1.93185, 0, 0],
						"0.125": [-1.93185, 0, 0],
						"0.2917": {
							"pre": [0.57, 0, 0],
							"post": [0.57, 0, 0],
							"lerp_mode": "catmullrom"
						},
						"0.5417": {
							"post": [9.95, 0, 0],
							"lerp_mode": "catmullrom"
						},
						"0.6667": {
							"post": [0.57, 0, 0],
							"lerp_mode": "catmullrom"
						},
						"0.9167": {
							"post": [13.07, 0, 0],
							"lerp_mode": "catmullrom"
						},
						"1.0833": {
							"post": [23.07, 0, 0],
							"lerp_mode": "catmullrom"
						},
						"1.2917": {
							"post": [13.07, 0, 0],
							"lerp_mode": "catmullrom"
						},
						"1.4583": {
							"post": [13.07, 0, 0],
							"lerp_mode": "catmullrom"
						},
						"1.5833": {
							"post": [13.07, 0, 0],
							"lerp_mode": "catmullrom"
						},
						"1.8333": {
							"post": [18.07, 0, 0],
							"lerp_mode": "catmullrom"
						},
						"2.125": [-1.93185, 0, 0],
						"2.2917": {
							"pre": [3.06815, 0, 0],
							"post": [3.06815, 0, 0],
							"lerp_mode": "catmullrom"
						},
						"2.4167": {
							"post": [3.06815, 0, 0],
							"lerp_mode": "catmullrom"
						},
						"2.7083": [-1.93185, 0, 0]
					}
				},
				"hand_fire_right1": {
					"rotation": {
						"0.0": ["0+math.sin(q.anim_time*90*4)*4", 0, 0],
						"2.7083": ["0+math.sin(q.anim_time*90*4)*4", 0, 0]
					},
					"scale": {
						"0.0": ["2+math.sin(q.anim_time*90*5*6-90)*0.02-1", "2-math.sin(q.anim_time*90*5*6-90)*0.1-1", "2-math.sin(q.anim_time*90*5*6-90)*0.03-1"],
						"2.7083": ["2+math.sin(q.anim_time*90*5*6-90)*0.02-1", "2-math.sin(q.anim_time*90*5*6-90)*0.1-1", "2-math.sin(q.anim_time*90*5*6-90)*0.03-1"]
					}
				},
				"hand_fire_right2": {
					"rotation": {
						"0.0": ["0+math.sin(q.anim_time*90*4)*4", 0, 0],
						"2.7083": ["0+math.sin(q.anim_time*90*4)*4", 0, 0]
					},
					"scale": {
						"0.0": ["2+math.sin(q.anim_time*90*5*6-90)*0.02-1", "2-math.sin(q.anim_time*90*5*6-90)*0.1-1", "2-math.sin(q.anim_time*90*5*6-90)*0.03-1"],
						"2.7083": ["2+math.sin(q.anim_time*90*5*6-90)*0.02-1", "2-math.sin(q.anim_time*90*5*6-90)*0.1-1", "2-math.sin(q.anim_time*90*5*6-90)*0.03-1"]
					}
				},
				"hand_fire_right3": {
					"rotation": {
						"0.0": ["0+math.sin(q.anim_time*90*4)*4", 0, 0],
						"2.7083": ["0+math.sin(q.anim_time*90*4)*4", 0, 0]
					},
					"scale": {
						"0.0": ["2+math.sin(q.anim_time*90*5*6-90)*0.02-1", "2-math.sin(q.anim_time*90*5*6-90)*0.1-1", "2-math.sin(q.anim_time*90*5*6-90)*0.03-1"],
						"2.7083": ["2+math.sin(q.anim_time*90*5*6-90)*0.02-1", "2-math.sin(q.anim_time*90*5*6-90)*0.1-1", "2-math.sin(q.anim_time*90*5*6-90)*0.03-1"]
					}
				},
				"hand_fire_left1": {
					"rotation": {
						"0.0": ["0+math.sin(q.anim_time*90*4)*4", 0, 0],
						"2.7083": ["0+math.sin(q.anim_time*90*4)*4", 0, 0]
					},
					"scale": {
						"0.0": ["2+math.sin(q.anim_time*90*5*6-90)*0.02-1", "2-math.sin(q.anim_time*90*5*6-90)*0.1-1", "2-math.sin(q.anim_time*90*5*6-90)*0.03-1"],
						"2.7083": ["2+math.sin(q.anim_time*90*5*6-90)*0.02-1", "2-math.sin(q.anim_time*90*5*6-90)*0.1-1", "2-math.sin(q.anim_time*90*5*6-90)*0.03-1"]
					}
				},
				"hand_fire_left2": {
					"rotation": {
						"0.0": ["0+math.sin(q.anim_time*90*4)*4", 0, 0],
						"2.7083": ["0+math.sin(q.anim_time*90*4)*4", 0, 0]
					},
					"scale": {
						"0.0": ["2+math.sin(q.anim_time*90*5*6-90)*0.02-1", "2-math.sin(q.anim_time*90*5*6-90)*0.1-1", "2-math.sin(q.anim_time*90*5*6-90)*0.03-1"],
						"2.7083": ["2+math.sin(q.anim_time*90*5*6-90)*0.02-1", "2-math.sin(q.anim_time*90*5*6-90)*0.1-1", "2-math.sin(q.anim_time*90*5*6-90)*0.03-1"]
					}
				},
				"hand_fire_left3": {
					"rotation": {
						"0.0": ["0+math.sin(q.anim_time*90*4)*4", 0, 0],
						"2.7083": ["0+math.sin(q.anim_time*90*4)*4", 0, 0]
					},
					"scale": {
						"0.0": ["2+math.sin(q.anim_time*90*5*6-90)*0.02-1", "2-math.sin(q.anim_time*90*5*6-90)*0.1-1", "2-math.sin(q.anim_time*90*5*6-90)*0.03-1"],
						"2.7083": ["2+math.sin(q.anim_time*90*5*6-90)*0.02-1", "2-math.sin(q.anim_time*90*5*6-90)*0.1-1", "2-math.sin(q.anim_time*90*5*6-90)*0.03-1"]
					}
				},
				"jacket_right": {
					"rotation": {
						"0.0": [-7.5, 0, 0],
						"2.7083": [-7.5, 0, 0]
					}
				},
				"jacket_left": {
					"rotation": {
						"0.0": [-10, 0, 0],
						"2.7083": [-10, 0, 0]
					}
				},
				"arm_right2": {
					"rotation": {
						"0.0": [0, -10, 0],
						"2.7083": [0, -10, 0]
					}
				},
				"arm_left2": {
					"rotation": {
						"0.0": [0, 10, 0],
						"2.7083": [0, 10, 0]
					}
				}
			}
		},
		"animation.blaziken.blazekick": {
			"loop": "hold_on_last_frame",
			"animation_length": 2.4583,
			"bones": {
				"body": {
					"rotation": {
						"0.2083": [0, 25, 0],
						"0.625": [0, 25, 0],
						"0.75": [13.46492, 18.54864, 0],
						"1.0": {
							"pre": [270, 0, 12.5],
							"post": [270, 0, 12.5],
							"lerp_mode": "catmullrom"
						},
						"1.2083": [335, -30.64494, 17.83765],
						"1.3333": [335, -30.64494, 17.83765],
						"1.375": {"pre": [335, -30.64494, 17.83765], "post": [-25, -30.64494, 17.83765]},
						"1.6667": [-10.3852, 0.4435, 0.19004],
						"1.7917": [0, 25, 0],
						"2.2083": [0, 25, 0]
					},
					"position": {
						"0.2083": [0, -1.95859, 0],
						"0.4583": {
							"pre": [0, -7.16, 2.5],
							"post": [0, -7.16, 2.5],
							"lerp_mode": "catmullrom"
						},
						"0.625": [0, -7.76, 2.5],
						"0.75": {
							"pre": [0, 12.84, -10],
							"post": [0, 12.84, -10],
							"lerp_mode": "catmullrom"
						},
						"1.0": {
							"post": [0, 15.84, -13],
							"lerp_mode": "catmullrom"
						},
						"1.1667": [0, 19.84, -20],
						"1.2083": {
							"pre": [0, 9.84, -44],
							"post": [0, 9.84, -44],
							"lerp_mode": "catmullrom"
						},
						"1.375": {
							"post": [0, 3.84, -45],
							"lerp_mode": "catmullrom"
						},
						"1.5": [0, 0.84, -47],
						"1.625": {
							"pre": [0, 6.11, -15.85],
							"post": [0, 6.11, -15.85],
							"lerp_mode": "catmullrom"
						},
						"1.7917": {
							"post": [0, -5.95859, 0],
							"lerp_mode": "catmullrom"
						},
						"2.2083": [0, -1.95859, 0]
					},
					"scale": {
						"0.6667": [1, 1, 1],
						"0.7083": {
							"pre": [1, 1.25, 1],
							"post": [1, 1.25, 1],
							"lerp_mode": "catmullrom"
						},
						"0.7917": [1, 1, 1],
						"1.5417": [1, 1, 1],
						"1.5833": [1, 1.1, 1],
						"1.6667": [1, 1, 1]
					}
				},
				"leg_right": {
					"rotation": {
						"0.2083": [14.69674, 61.52781, 34.88149],
						"0.4583": {
							"pre": [-5.40353, -3.63776, 23.52777],
							"post": [-5.40353, -3.63776, 23.52777],
							"lerp_mode": "catmullrom"
						},
						"0.625": [-5.40353, -3.63776, 23.52777],
						"0.7083": {
							"pre": [4.259, 10.86279, 11.53377],
							"post": [4.259, 10.86279, 11.53377],
							"lerp_mode": "catmullrom"
						},
						"0.8333": {
							"post": [4.259, 10.86279, 11.53377],
							"lerp_mode": "catmullrom"
						},
						"0.9167": {
							"post": [-43.241, 10.86279, 11.53377],
							"lerp_mode": "catmullrom"
						},
						"1.125": {
							"post": [-23.24, 10.86, 11.53],
							"lerp_mode": "catmullrom"
						},
						"1.2917": {
							"post": [-23.24, 10.86, 11.53],
							"lerp_mode": "catmullrom"
						},
						"1.5": [-71.71125, 12.67524, 6.77085],
						"1.5833": [-40.74, 10.86, 11.53],
						"1.7083": {
							"pre": [-61.09, 33.42, 18.31],
							"post": [-61.09, 33.42, 18.31],
							"lerp_mode": "catmullrom"
						},
						"1.8333": {
							"post": [-38.59, 33.42, 18.31],
							"lerp_mode": "catmullrom"
						},
						"2.3333": [14.69674, 61.52781, 34.88149]
					},
					"position": {
						"0.2083": [-1, 0, 0],
						"0.7083": {
							"pre": [0, 0, 0],
							"post": [0, 0, 0],
							"lerp_mode": "catmullrom"
						},
						"0.8333": {
							"post": [0, 0, 0],
							"lerp_mode": "catmullrom"
						},
						"1.7083": [-0.73, 0, 0],
						"1.8333": [-0.73, 0, 0],
						"2.3333": [-1, 0, 0]
					},
					"scale": {
						"1.2083": [1, 1, 1],
						"1.25": [1, 1.3, 1],
						"1.3333": [1, 1, 1],
						"1.5417": [1, 1, 1],
						"1.5833": [1, 1.3, 1],
						"1.6667": [1, 1, 1]
					}
				},
				"leg_right2": {
					"rotation": {
						"0.2083": [19.51859, 2.68507, -12.01859],
						"0.4583": {
							"pre": [57.01859, 2.68507, -12.01859],
							"post": [57.01859, 2.68507, -12.01859],
							"lerp_mode": "catmullrom"
						},
						"0.625": [57.01859, 2.68507, -12.01859],
						"0.7083": {
							"pre": [7.5, 0, 0],
							"post": [7.5, 0, 0],
							"lerp_mode": "catmullrom"
						},
						"0.8333": {
							"post": [7.5, 0, 0],
							"lerp_mode": "catmullrom"
						},
						"0.9167": {
							"post": [82.5, 0, 0],
							"lerp_mode": "catmullrom"
						},
						"1.125": {
							"post": [0, 0, 0],
							"lerp_mode": "catmullrom"
						},
						"1.2917": {
							"post": [10, 0, 0],
							"lerp_mode": "catmullrom"
						},
						"1.5": [67.5, 0, 0],
						"1.5833": [0, 0, 0],
						"1.7083": {
							"pre": [51.92, 1.13, -5.07],
							"post": [51.92, 1.13, -5.07],
							"lerp_mode": "catmullrom"
						},
						"1.8333": {
							"post": [51.92, 1.13, -5.07],
							"lerp_mode": "catmullrom"
						},
						"2.3333": [19.51859, 2.68507, -12.01859]
					}
				},
				"torso2": {
					"rotation": {
						"0.2083": [11.92642, -7.5, 0],
						"0.7083": [0, 0, 0],
						"0.9583": {
							"pre": [22.5, 0, 0],
							"post": [22.5, 0, 0],
							"lerp_mode": "catmullrom"
						},
						"1.1667": {
							"post": [15.28021, 11.95482, -3.59831],
							"lerp_mode": "catmullrom"
						},
						"1.2917": {
							"post": [15.28021, 11.95482, -3.59831],
							"lerp_mode": "catmullrom"
						},
						"1.7917": {
							"post": [19.71, -3.75, 0],
							"lerp_mode": "catmullrom"
						},
						"2.0": {
							"post": [25.24467, -4.65535, 0],
							"lerp_mode": "catmullrom"
						},
						"2.3333": [11.92642, -7.5, 0]
					}
				},
				"torso": {
					"rotation": {
						"0.2083": [-7.29709, -14.99982, -0.08057],
						"0.4167": {
							"pre": [35.77276, -22.30857, -1.85841],
							"post": [35.77276, -22.30857, -1.85841],
							"lerp_mode": "catmullrom"
						},
						"0.5417": [35.77276, -22.30857, -1.85841],
						"0.7083": {
							"pre": [-9.79709, -14.99982, -0.08057],
							"post": [-9.79709, -14.99982, -0.08057],
							"lerp_mode": "catmullrom"
						},
						"0.9583": {
							"post": [32.5, 0, 0],
							"lerp_mode": "catmullrom"
						},
						"1.1667": {
							"post": [0, 0, 0],
							"lerp_mode": "catmullrom"
						},
						"1.2917": {
							"post": [0, 0, 0],
							"lerp_mode": "catmullrom"
						},
						"1.6667": {
							"post": [16.35, -7.5, -0.04],
							"lerp_mode": "catmullrom"
						},
						"1.7917": {
							"post": [16.35, -7.5, -0.04],
							"lerp_mode": "catmullrom"
						},
						"1.9583": {
							"post": [7.9693, -9.31067, -0.04976],
							"lerp_mode": "catmullrom"
						},
						"2.25": [-7.29709, -14.99982, -0.08057]
					},
					"position": {
						"0.2083": [0, 0.05176, 0],
						"1.1667": {
							"pre": [0, 0.05, 0],
							"post": [0, 0.05, 0],
							"lerp_mode": "catmullrom"
						},
						"1.2917": {
							"post": [0, 0.05, 0],
							"lerp_mode": "catmullrom"
						},
						"1.6667": {
							"post": [0, 0.05, 0],
							"lerp_mode": "catmullrom"
						},
						"1.7917": {
							"post": [0, 0.05, 0],
							"lerp_mode": "catmullrom"
						},
						"2.1667": [0, 0.05176, 0]
					}
				},
				"tail1": {
					"rotation": {
						"0.2083": [-10, 0, 0],
						"1.2917": [-10, 0, 0],
						"1.375": [-10, 0, 0]
					}
				},
				"tail2": {
					"rotation": {
						"0.2083": [10, 0, 0],
						"1.2917": [10, 0, 0],
						"1.375": [10, 0, 0]
					}
				},
				"tail3": {
					"rotation": {
						"0.2083": [15, 0, 0],
						"1.2917": [15, 0, 0],
						"1.375": [15, 0, 0]
					}
				},
				"arm_right": {
					"rotation": {
						"0.2083": [-15, 37.5, -45.64705],
						"0.375": {
							"pre": [0.28551, 70.39551, -51.65352],
							"post": [0.28551, 70.39551, -51.65352],
							"lerp_mode": "catmullrom"
						},
						"0.5": {
							"post": [0.28551, 70.39551, -51.65352],
							"lerp_mode": "catmullrom"
						},
						"0.8333": [-66.28841, -50.10601, -17.48854],
						"1.1667": {
							"pre": [-35.90471, 52.66687, -64.65742],
							"post": [-35.90471, 52.66687, -64.65742],
							"lerp_mode": "catmullrom"
						},
						"1.6667": [-70.63783, -56.07506, 11.34603],
						"2.0417": {
							"pre": [-35.59041, 25.2131, -72.65575],
							"post": [-35.59041, 25.2131, -72.65575],
							"lerp_mode": "catmullrom"
						},
						"2.4583": [-15, 37.5, -45.64705]
					}
				},
				"arm_right3": {
					"rotation": {
						"0.2083": [0, -29.91481, 0],
						"0.375": {
							"pre": [0, 0, 0],
							"post": [0, 0, 0],
							"lerp_mode": "catmullrom"
						},
						"0.75": [0, -85, 0],
						"1.1667": {
							"pre": [0, -32.5, 0],
							"post": [0, -32.5, 0],
							"lerp_mode": "catmullrom"
						},
						"1.6667": [0, -28.98, 0],
						"1.9583": {
							"pre": [0, -28.98, 0],
							"post": [0, -28.98, 0],
							"lerp_mode": "catmullrom"
						},
						"2.4167": [0, -29.91481, 0]
					}
				},
				"hand_right": {
					"rotation": {
						"0.2083": [0, -15, -20],
						"1.2917": [0, -15, -20],
						"1.375": [0, -15, -20]
					}
				},
				"finger_right1": {
					"rotation": {
						"0.2083": [0, 0, 7.5],
						"1.2917": [0, 0, 7.5],
						"1.375": [0, 0, 7.5]
					}
				},
				"finger_right2": {
					"rotation": {
						"0.2083": [0, 0, -20],
						"1.2917": [0, 0, -20],
						"1.375": [0, 0, -20]
					}
				},
				"finger_right3": {
					"rotation": {
						"0.2083": [0, 0, -15],
						"1.2917": [0, 0, -15],
						"1.375": [0, 0, -15]
					}
				},
				"finger_right4": {
					"rotation": {
						"0.2083": [4.6653, -16.88547, -15.69284],
						"1.2917": [4.67, -16.89, -15.69],
						"1.375": [4.67, -16.89, -15.69]
					}
				},
				"finger_right5": {
					"rotation": {
						"0.2083": [0, 0, -25],
						"1.2917": [0, 0, -25],
						"1.375": [0, 0, -25]
					}
				},
				"finger_right6": {
					"rotation": {
						"0.2083": [0, 0, -22.5],
						"1.2917": [0, 0, -22.5],
						"1.375": [0, 0, -22.5]
					}
				},
				"finger_right7": {
					"rotation": {
						"0.2083": [-3.61644, 19.6835, -10.62758],
						"1.2917": [-3.62, 19.68, -10.63],
						"1.375": [-3.62, 19.68, -10.63]
					}
				},
				"finger_right8": {
					"rotation": {
						"0.2083": [0, 0, -15],
						"1.2917": [0, 0, -15],
						"1.375": [0, 0, -15]
					}
				},
				"finger_right9": {
					"rotation": {
						"0.2083": [0, 0, -7.5],
						"1.2917": [0, 0, -7.5],
						"1.375": [0, 0, -7.5]
					}
				},
				"arm_left": {
					"rotation": {
						"0.2083": [-1.95155, 7.24305, 30.52355],
						"0.375": {
							"pre": [29.08099, -62.5923, 24.29111],
							"post": [29.08099, -62.5923, 24.29111],
							"lerp_mode": "catmullrom"
						},
						"0.5": {
							"post": [29.08099, -62.5923, 24.29111],
							"lerp_mode": "catmullrom"
						},
						"0.8333": [-73.71843, 70.35833, 3.10815],
						"1.1667": {
							"pre": [-34.86792, 34.93228, -33.5353],
							"post": [-34.86792, 34.93228, -33.5353],
							"lerp_mode": "catmullrom"
						},
						"1.6667": [-67.22644, 55.17586, -7.21354],
						"2.0417": {
							"pre": [-38.00468, -31.22319, 77.75212],
							"post": [-38.00468, -31.22319, 77.75212],
							"lerp_mode": "catmullrom"
						},
						"2.4583": [-1.95155, 7.24305, 30.52355]
					}
				},
				"arm_left3": {
					"rotation": {
						"0.2083": [0, 29.91481, 0],
						"0.375": {
							"pre": [0, 0, 0],
							"post": [0, 0, 0],
							"lerp_mode": "catmullrom"
						},
						"0.75": [0, 85, 0],
						"1.1667": {
							"pre": [0, 100, 0],
							"post": [0, 100, 0],
							"lerp_mode": "catmullrom"
						},
						"1.6667": [0, 28.98, 0],
						"1.9583": {
							"pre": [0, 28.98, 0],
							"post": [0, 28.98, 0],
							"lerp_mode": "catmullrom"
						},
						"2.4167": [0, 29.91481, 0]
					}
				},
				"hand_left": {
					"rotation": {
						"0.2083": [0, 15, 20],
						"1.2917": [0, 15, 20],
						"1.375": [0, 15, 20]
					}
				},
				"finger_left1": {
					"rotation": {
						"0.2083": [0, 0, -7.5],
						"1.2917": [0, 0, -7.5],
						"1.375": [0, 0, -7.5]
					}
				},
				"finger_left2": {
					"rotation": {
						"0.2083": [0, 0, 20],
						"1.2917": [0, 0, 20],
						"1.375": [0, 0, 20]
					}
				},
				"finger_left3": {
					"rotation": {
						"0.2083": [0, 0, 15],
						"1.2917": [0, 0, 15],
						"1.375": [0, 0, 15]
					}
				},
				"finger_left4": {
					"rotation": {
						"0.2083": [4.6653, 16.88547, 15.69284],
						"1.2917": [4.67, 16.89, 15.69],
						"1.375": [4.67, 16.89, 15.69]
					}
				},
				"finger_left5": {
					"rotation": {
						"0.2083": [0, 0, 25],
						"1.2917": [0, 0, 25],
						"1.375": [0, 0, 25]
					}
				},
				"finger_left6": {
					"rotation": {
						"0.2083": [0, 0, 22.5],
						"1.2917": [0, 0, 22.5],
						"1.375": [0, 0, 22.5]
					}
				},
				"finger_left7": {
					"rotation": {
						"0.2083": [-3.61644, -19.6835, 10.62758],
						"1.2917": [-3.62, -19.68, 10.63],
						"1.375": [-3.62, -19.68, 10.63]
					}
				},
				"finger_left8": {
					"rotation": {
						"0.2083": [0, 0, 15],
						"1.2917": [0, 0, 15],
						"1.375": [0, 0, 15]
					}
				},
				"finger_left9": {
					"rotation": {
						"0.2083": [0, 0, 7.5],
						"1.2917": [0, 0, 7.5],
						"1.375": [0, 0, 7.5]
					}
				},
				"leg_left": {
					"rotation": {
						"0.2083": [-19.06869, -28.463, -7.85573],
						"0.4583": {
							"pre": [-54.06869, -28.463, -7.85573],
							"post": [-54.06869, -28.463, -7.85573],
							"lerp_mode": "catmullrom"
						},
						"0.625": [-54.06869, -28.463, -7.85573],
						"0.7083": {
							"pre": [-2.5, -7.5, 0],
							"post": [-2.5, -7.5, 0],
							"lerp_mode": "catmullrom"
						},
						"0.8333": {
							"post": [-2.5, -7.5, 0],
							"lerp_mode": "catmullrom"
						},
						"0.9167": {
							"post": [-77.5, -7.5, 0],
							"lerp_mode": "catmullrom"
						},
						"1.1667": {
							"post": [-90.3707, -31.82776, -6.1804],
							"lerp_mode": "catmullrom"
						},
						"1.2917": {
							"post": [-90.3707, -31.82776, -6.1804],
							"lerp_mode": "catmullrom"
						},
						"1.375": {
							"post": [-95.33377, -19.328, -6.26543],
							"lerp_mode": "catmullrom"
						},
						"1.5833": {
							"post": [-77.45566, -9.90747, -4.25549],
							"lerp_mode": "catmullrom"
						},
						"1.7917": {
							"post": [-53.48, -22.32, -6.94],
							"lerp_mode": "catmullrom"
						},
						"2.3333": [-19.06869, -28.463, -7.85573]
					},
					"position": {
						"0.2083": [1, 0, -1],
						"0.4583": {
							"pre": [1, 0, -1],
							"post": [1, 0, -1],
							"lerp_mode": "catmullrom"
						},
						"0.625": [1, 0, -1],
						"0.7083": {
							"pre": [0, 0, 0],
							"post": [0, 0, 0],
							"lerp_mode": "catmullrom"
						},
						"0.8333": {
							"post": [0, 0, 0],
							"lerp_mode": "catmullrom"
						},
						"1.1667": {
							"post": [0, 0, 0],
							"lerp_mode": "catmullrom"
						},
						"1.2917": {
							"post": [0, 0, 0],
							"lerp_mode": "catmullrom"
						},
						"1.7917": {
							"post": [0.5, 0, -0.5],
							"lerp_mode": "catmullrom"
						},
						"2.3333": [1, 0, -1]
					}
				},
				"leg_left2": {
					"rotation": {
						"0.2083": [19.68079, -2.14405, 7.18205],
						"0.4583": {
							"pre": [57.18079, -2.14405, 7.18205],
							"post": [57.18079, -2.14405, 7.18205],
							"lerp_mode": "catmullrom"
						},
						"0.625": [57.18079, -2.14405, 7.18205],
						"0.7083": {
							"pre": [0, 0, 0],
							"post": [0, 0, 0],
							"lerp_mode": "catmullrom"
						},
						"0.8333": {
							"post": [0, 0, 0],
							"lerp_mode": "catmullrom"
						},
						"0.9167": {
							"post": [100, 0, 0],
							"lerp_mode": "catmullrom"
						},
						"1.125": [103.7, 0, 0],
						"1.2083": [107.5, 0, 0],
						"1.375": [95, 0, 0],
						"1.5833": {
							"pre": [57.15889, -0.71254, 2.38017],
							"post": [57.15889, -0.71254, 2.38017],
							"lerp_mode": "catmullrom"
						},
						"1.6667": {
							"post": [62.05, -0.94, 3.14],
							"lerp_mode": "catmullrom"
						},
						"1.7917": {
							"post": [62.05, -0.94, 3.14],
							"lerp_mode": "catmullrom"
						},
						"2.3333": [19.68079, -2.14405, 7.18205]
					},
					"position": {
						"0.8333": [0, 0, 0],
						"0.9167": [0, -1.5, 1.6],
						"1.125": [0, -1.5, 1.6],
						"1.2083": [0, -1.5, 1.6],
						"1.375": [0, -1.5, 1.6],
						"1.6667": {
							"pre": [0, -0.84, 0.9],
							"post": [0, -0.84, 0.9],
							"lerp_mode": "catmullrom"
						},
						"1.7917": {
							"post": [0, -0.84, 0.9],
							"lerp_mode": "catmullrom"
						},
						"2.3333": [0, 0, 0]
					}
				},
				"neck": {
					"rotation": {
						"0.2083": [-1.93185, 0, 0],
						"0.3333": {
							"pre": [-16.27, 0, 0],
							"post": [-16.27, 0, 0],
							"lerp_mode": "catmullrom"
						},
						"0.625": {
							"post": [30.57, 0, 0],
							"lerp_mode": "catmullrom"
						},
						"0.9167": [-26.93185, 0, 0],
						"1.125": [4.4159, 15.37148, -3.6699],
						"1.2083": [4.4159, 15.37148, -3.6699],
						"1.7917": [-20.68, 0, 0],
						"2.0417": {
							"pre": [-0.68, 0, 0],
							"post": [-0.68, 0, 0],
							"lerp_mode": "catmullrom"
						},
						"2.4167": [-1.93185, 0, 0]
					}
				},
				"hand_fire_right1": {
					"rotation": {
						"0.2083": ["0+math.sin(q.anim_time*90*4)*4", 0, 0],
						"1.125": ["0+math.sin(q.anim_time*90*4)*4", 0, 0],
						"1.2083": ["0+math.sin(q.anim_time*90*4)*4", 0, 0],
						"1.7917": ["0+math.sin(q.anim_time*90*4)*4", 0, 0],
						"2.3333": ["0+math.sin(q.anim_time*90*4)*4", 0, 0]
					},
					"scale": {
						"0.2083": ["2+math.sin(q.anim_time*90*5*6-90)*0.02-1", "2-math.sin(q.anim_time*90*5*6-90)*0.1-1", "2-math.sin(q.anim_time*90*5*6-90)*0.03-1"],
						"1.125": ["2+math.sin(q.anim_time*90*5*6-90)*0.02-1", "2-math.sin(q.anim_time*90*5*6-90)*0.1-1", "2-math.sin(q.anim_time*90*5*6-90)*0.03-1"],
						"1.2083": ["2+math.sin(q.anim_time*90*5*6-90)*0.02-1", "2-math.sin(q.anim_time*90*5*6-90)*0.1-1", "2-math.sin(q.anim_time*90*5*6-90)*0.03-1"],
						"1.7917": ["2+math.sin(q.anim_time*90*5*6-90)*0.02-1", "2-math.sin(q.anim_time*90*5*6-90)*0.1-1", "2-math.sin(q.anim_time*90*5*6-90)*0.03-1"],
						"2.3333": ["2+math.sin(q.anim_time*90*5*6-90)*0.02-1", "2-math.sin(q.anim_time*90*5*6-90)*0.1-1", "2-math.sin(q.anim_time*90*5*6-90)*0.03-1"]
					}
				},
				"hand_fire_right2": {
					"rotation": {
						"0.2083": ["0+math.sin(q.anim_time*90*4)*4", 0, 0],
						"1.125": ["0+math.sin(q.anim_time*90*4)*4", 0, 0],
						"1.2083": ["0+math.sin(q.anim_time*90*4)*4", 0, 0],
						"1.7917": ["0+math.sin(q.anim_time*90*4)*4", 0, 0],
						"2.3333": ["0+math.sin(q.anim_time*90*4)*4", 0, 0]
					},
					"scale": {
						"0.2083": ["2+math.sin(q.anim_time*90*5*6-90)*0.02-1", "2-math.sin(q.anim_time*90*5*6-90)*0.1-1", "2-math.sin(q.anim_time*90*5*6-90)*0.03-1"],
						"1.125": ["2+math.sin(q.anim_time*90*5*6-90)*0.02-1", "2-math.sin(q.anim_time*90*5*6-90)*0.1-1", "2-math.sin(q.anim_time*90*5*6-90)*0.03-1"],
						"1.2083": ["2+math.sin(q.anim_time*90*5*6-90)*0.02-1", "2-math.sin(q.anim_time*90*5*6-90)*0.1-1", "2-math.sin(q.anim_time*90*5*6-90)*0.03-1"],
						"1.7917": ["2+math.sin(q.anim_time*90*5*6-90)*0.02-1", "2-math.sin(q.anim_time*90*5*6-90)*0.1-1", "2-math.sin(q.anim_time*90*5*6-90)*0.03-1"],
						"2.3333": ["2+math.sin(q.anim_time*90*5*6-90)*0.02-1", "2-math.sin(q.anim_time*90*5*6-90)*0.1-1", "2-math.sin(q.anim_time*90*5*6-90)*0.03-1"]
					}
				},
				"hand_fire_right3": {
					"rotation": {
						"0.2083": ["0+math.sin(q.anim_time*90*4)*4", 0, 0],
						"1.125": ["0+math.sin(q.anim_time*90*4)*4", 0, 0],
						"1.2083": ["0+math.sin(q.anim_time*90*4)*4", 0, 0],
						"1.7917": ["0+math.sin(q.anim_time*90*4)*4", 0, 0],
						"2.3333": ["0+math.sin(q.anim_time*90*4)*4", 0, 0]
					},
					"scale": {
						"0.2083": ["2+math.sin(q.anim_time*90*5*6-90)*0.02-1", "2-math.sin(q.anim_time*90*5*6-90)*0.1-1", "2-math.sin(q.anim_time*90*5*6-90)*0.03-1"],
						"1.125": ["2+math.sin(q.anim_time*90*5*6-90)*0.02-1", "2-math.sin(q.anim_time*90*5*6-90)*0.1-1", "2-math.sin(q.anim_time*90*5*6-90)*0.03-1"],
						"1.2083": ["2+math.sin(q.anim_time*90*5*6-90)*0.02-1", "2-math.sin(q.anim_time*90*5*6-90)*0.1-1", "2-math.sin(q.anim_time*90*5*6-90)*0.03-1"],
						"1.7917": ["2+math.sin(q.anim_time*90*5*6-90)*0.02-1", "2-math.sin(q.anim_time*90*5*6-90)*0.1-1", "2-math.sin(q.anim_time*90*5*6-90)*0.03-1"],
						"2.3333": ["2+math.sin(q.anim_time*90*5*6-90)*0.02-1", "2-math.sin(q.anim_time*90*5*6-90)*0.1-1", "2-math.sin(q.anim_time*90*5*6-90)*0.03-1"]
					}
				},
				"hand_fire_left1": {
					"rotation": {
						"0.2083": ["0+math.sin(q.anim_time*90*4)*4", 0, 0],
						"1.125": ["0+math.sin(q.anim_time*90*4)*4", 0, 0],
						"1.2083": ["0+math.sin(q.anim_time*90*4)*4", 0, 0],
						"1.7917": ["0+math.sin(q.anim_time*90*4)*4", 0, 0],
						"2.3333": ["0+math.sin(q.anim_time*90*4)*4", 0, 0]
					},
					"scale": {
						"0.2083": ["2+math.sin(q.anim_time*90*5*6-90)*0.02-1", "2-math.sin(q.anim_time*90*5*6-90)*0.1-1", "2-math.sin(q.anim_time*90*5*6-90)*0.03-1"],
						"1.125": ["2+math.sin(q.anim_time*90*5*6-90)*0.02-1", "2-math.sin(q.anim_time*90*5*6-90)*0.1-1", "2-math.sin(q.anim_time*90*5*6-90)*0.03-1"],
						"1.2083": ["2+math.sin(q.anim_time*90*5*6-90)*0.02-1", "2-math.sin(q.anim_time*90*5*6-90)*0.1-1", "2-math.sin(q.anim_time*90*5*6-90)*0.03-1"],
						"1.7917": ["2+math.sin(q.anim_time*90*5*6-90)*0.02-1", "2-math.sin(q.anim_time*90*5*6-90)*0.1-1", "2-math.sin(q.anim_time*90*5*6-90)*0.03-1"],
						"2.3333": ["2+math.sin(q.anim_time*90*5*6-90)*0.02-1", "2-math.sin(q.anim_time*90*5*6-90)*0.1-1", "2-math.sin(q.anim_time*90*5*6-90)*0.03-1"]
					}
				},
				"hand_fire_left2": {
					"rotation": {
						"0.2083": ["0+math.sin(q.anim_time*90*4)*4", 0, 0],
						"1.125": ["0+math.sin(q.anim_time*90*4)*4", 0, 0],
						"1.2083": ["0+math.sin(q.anim_time*90*4)*4", 0, 0],
						"1.7917": ["0+math.sin(q.anim_time*90*4)*4", 0, 0],
						"2.3333": ["0+math.sin(q.anim_time*90*4)*4", 0, 0]
					},
					"scale": {
						"0.2083": ["2+math.sin(q.anim_time*90*5*6-90)*0.02-1", "2-math.sin(q.anim_time*90*5*6-90)*0.1-1", "2-math.sin(q.anim_time*90*5*6-90)*0.03-1"],
						"1.125": ["2+math.sin(q.anim_time*90*5*6-90)*0.02-1", "2-math.sin(q.anim_time*90*5*6-90)*0.1-1", "2-math.sin(q.anim_time*90*5*6-90)*0.03-1"],
						"1.2083": ["2+math.sin(q.anim_time*90*5*6-90)*0.02-1", "2-math.sin(q.anim_time*90*5*6-90)*0.1-1", "2-math.sin(q.anim_time*90*5*6-90)*0.03-1"],
						"1.7917": ["2+math.sin(q.anim_time*90*5*6-90)*0.02-1", "2-math.sin(q.anim_time*90*5*6-90)*0.1-1", "2-math.sin(q.anim_time*90*5*6-90)*0.03-1"],
						"2.3333": ["2+math.sin(q.anim_time*90*5*6-90)*0.02-1", "2-math.sin(q.anim_time*90*5*6-90)*0.1-1", "2-math.sin(q.anim_time*90*5*6-90)*0.03-1"]
					}
				},
				"hand_fire_left3": {
					"rotation": {
						"0.2083": ["0+math.sin(q.anim_time*90*4)*4", 0, 0],
						"1.125": ["0+math.sin(q.anim_time*90*4)*4", 0, 0],
						"1.2083": ["0+math.sin(q.anim_time*90*4)*4", 0, 0],
						"1.7917": ["0+math.sin(q.anim_time*90*4)*4", 0, 0],
						"2.3333": ["0+math.sin(q.anim_time*90*4)*4", 0, 0]
					},
					"scale": {
						"0.2083": ["2+math.sin(q.anim_time*90*5*6-90)*0.02-1", "2-math.sin(q.anim_time*90*5*6-90)*0.1-1", "2-math.sin(q.anim_time*90*5*6-90)*0.03-1"],
						"1.125": ["2+math.sin(q.anim_time*90*5*6-90)*0.02-1", "2-math.sin(q.anim_time*90*5*6-90)*0.1-1", "2-math.sin(q.anim_time*90*5*6-90)*0.03-1"],
						"1.2083": ["2+math.sin(q.anim_time*90*5*6-90)*0.02-1", "2-math.sin(q.anim_time*90*5*6-90)*0.1-1", "2-math.sin(q.anim_time*90*5*6-90)*0.03-1"],
						"1.7917": ["2+math.sin(q.anim_time*90*5*6-90)*0.02-1", "2-math.sin(q.anim_time*90*5*6-90)*0.1-1", "2-math.sin(q.anim_time*90*5*6-90)*0.03-1"],
						"2.3333": ["2+math.sin(q.anim_time*90*5*6-90)*0.02-1", "2-math.sin(q.anim_time*90*5*6-90)*0.1-1", "2-math.sin(q.anim_time*90*5*6-90)*0.03-1"]
					}
				},
				"jacket_right": {
					"rotation": {
						"0.2083": [-7.5, 0, 0],
						"1.125": [-7.5, 0, 0],
						"1.2083": [-7.5, 0, 0],
						"1.7917": [-7.5, 0, 0],
						"2.3333": [-7.5, 0, 0]
					}
				},
				"jacket_left": {
					"rotation": {
						"0.2083": [-10, 0, 0],
						"1.125": [-10, 0, 0],
						"1.2083": [-10, 0, 0],
						"1.7917": [-10, 0, 0],
						"2.3333": [-10, 0, 0]
					}
				},
				"arm_right2": {
					"rotation": {
						"0.2083": [0, -10, 0],
						"1.125": [0, -10, 0],
						"1.2083": [0, -10, 0],
						"1.7917": [0, -10, 0],
						"2.3333": [0, -10, 0]
					}
				},
				"arm_left2": {
					"rotation": {
						"0.2083": [0, 10, 0],
						"1.125": [0, 10, 0],
						"1.2083": [0, 10, 0],
						"1.7917": [0, 10, 0],
						"2.3333": [0, 10, 0]
					}
				},
				"jaw": {
					"rotation": {
						"0.3333": [0, 0, 0],
						"0.625": {
							"pre": [30, 0, 0],
							"post": [30, 0, 0],
							"lerp_mode": "catmullrom"
						},
						"1.4583": {
							"post": [45, 0, 0],
							"lerp_mode": "catmullrom"
						},
						"2.25": [0, 0, 0]
					}
				}
			},
			"sound_effects": {
				"0.4583": {
					"effect": "pokemon.blaziken.cry"
				},
				"0.625": {
					"effect": "move.ember.actor"
				}
			},
			"particle_effects": {
				"0.625": [
					{
						"effect": "blaze_kick",
						"locator": "blazekickright2"
					},
					{
						"effect": "blaze_kick",
						"locator": "blazekickright"
					}
				]
			}
		},
		"animation.blaziken.ground_idle": {
			"loop": true,
			"bones": {
				"body": {
					"rotation": [0, 25, 0],
					"position": [0, -1, 0]
				},
				"leg_right": {
					"rotation": [0, 0, 7.5],
					"position": [-0.7, 0.5, 0]
				},
				"leg_right2": {
					"rotation": [0, 0, -7.5]
				},
				"torso2": {
					"rotation": ["math.sin(q.anim_time*90*2-35)*1", -7.5, 0]
				},
				"torso": {
					"rotation": ["0.0088+math.sin(q.anim_time*90*2+15)*1", -14.99982, -0.08057],
					"position": [0, "0-math.sin(q.anim_time*90*2-15)*0.25", 0]
				},
				"tail1": {
					"rotation": [-10, 0, 0]
				},
				"tail2": {
					"rotation": [10, 0, 0]
				},
				"tail3": {
					"rotation": [15, 0, 0]
				},
				"arm_right": {
					"rotation": [8.58781, 22.6936, "-47.7922+math.sin(q.anim_time*90*2-15)*2.5"]
				},
				"arm_right2": {
					"rotation": [0, -10, 0]
				},
				"arm_right3": {
					"rotation": [0, "-15+math.sin(q.anim_time*90*2-75)*2.5", 0]
				},
				"hand_right": {
					"rotation": [0, -15, -20]
				},
				"finger_right1": {
					"rotation": [0, 0, 7.5]
				},
				"finger_right2": {
					"rotation": [0, 0, -20]
				},
				"finger_right3": {
					"rotation": [0, 0, -15]
				},
				"finger_right4": {
					"rotation": [4.6653, -16.88547, -15.69284]
				},
				"finger_right5": {
					"rotation": [0, 0, -25]
				},
				"finger_right6": {
					"rotation": [0, 0, -22.5]
				},
				"finger_right7": {
					"rotation": [-3.61644, 19.6835, -10.62758]
				},
				"finger_right8": {
					"rotation": [0, 0, -15]
				},
				"finger_right9": {
					"rotation": [0, 0, -7.5]
				},
				"arm_left": {
					"rotation": [0.97718, -2.56307, "52.3928-math.sin(q.anim_time*90*2-15)*2.5"]
				},
				"arm_left2": {
					"rotation": [0, 10, 0]
				},
				"arm_left3": {
					"rotation": [0, "20-math.sin(q.anim_time*90*2-75)*2.5", 0]
				},
				"hand_left": {
					"rotation": [0, 15, 20]
				},
				"finger_left1": {
					"rotation": [0, 0, -7.5]
				},
				"finger_left2": {
					"rotation": [0, 0, 20]
				},
				"finger_left3": {
					"rotation": [0, 0, 15]
				},
				"finger_left4": {
					"rotation": [4.6653, 16.88547, 15.69284]
				},
				"finger_left5": {
					"rotation": [0, 0, 25]
				},
				"finger_left6": {
					"rotation": [0, 0, 22.5]
				},
				"finger_left7": {
					"rotation": [-3.61644, -19.6835, 10.62758]
				},
				"finger_left8": {
					"rotation": [0, 0, 15]
				},
				"finger_left9": {
					"rotation": [0, 0, 7.5]
				},
				"leg_left": {
					"rotation": [-0.7044, -28.6693, -9.10256],
					"position": [2, 0.3, -1]
				},
				"leg_left2": {
					"rotation": [4.96292, -0.60859, 6.97363]
				},
				"neck": {
					"rotation": ["0+math.sin(q.anim_time*90*2-75)*2", 0, 0]
				},
				"hand_fire_right1": {
					"rotation": ["0+math.sin(q.anim_time*90*4)*4", 0, 0],
					"scale": ["2+math.sin(q.anim_time*90*5*4-90)*0.02-1", "2-math.sin(q.anim_time*90*5*4-90)*0.1-1", "2-math.sin(q.anim_time*90*5*4-90)*0.03-1"]
				},
				"hand_fire_right2": {
					"rotation": ["0+math.sin(q.anim_time*90*4)*4", 0, 0],
					"scale": ["2+math.sin(q.anim_time*90*5*4-90)*0.02-1", "2-math.sin(q.anim_time*90*5*4-90)*0.1-1", "2-math.sin(q.anim_time*90*5*4-90)*0.03-1"]
				},
				"hand_fire_right3": {
					"rotation": ["0+math.sin(q.anim_time*90*4)*4", 0, 0],
					"scale": ["2+math.sin(q.anim_time*90*5*4-90)*0.02-1", "2-math.sin(q.anim_time*90*5*4-90)*0.1-1", "2-math.sin(q.anim_time*90*5*4-90)*0.03-1"]
				},
				"hand_fire_left1": {
					"rotation": ["0+math.sin(q.anim_time*90*4)*4", 0, 0],
					"scale": ["2+math.sin(q.anim_time*90*5*4-90)*0.02-1", "2-math.sin(q.anim_time*90*5*4-90)*0.1-1", "2-math.sin(q.anim_time*90*5*4-90)*0.03-1"]
				},
				"hand_fire_left2": {
					"rotation": ["0+math.sin(q.anim_time*90*4)*4", 0, 0],
					"scale": ["2+math.sin(q.anim_time*90*5*4-90)*0.02-1", "2-math.sin(q.anim_time*90*5*4-90)*0.1-1", "2-math.sin(q.anim_time*90*5*4-90)*0.03-1"]
				},
				"hand_fire_left3": {
					"rotation": ["0+math.sin(q.anim_time*90*4)*4", 0, 0],
					"scale": ["2+math.sin(q.anim_time*90*5*4-90)*0.02-1", "2-math.sin(q.anim_time*90*5*4-90)*0.1-1", "2-math.sin(q.anim_time*90*5*4-90)*0.03-1"]
				}
			}
		},
		"animation.blaziken.ground_walk": {
			"loop": true,
			"bones": {
				"body": {
					"position": [0, "-0.9+math.abs(math.sin(q.anim_time*90*3)*0.7)", 0]
				},
				"torso": {
					"rotation": ["0+math.sin(q.anim_time*90*6)*1", 0, 0],
					"position": [0, "0+math.abs(math.sin(q.anim_time*90*3-25)*1)", 0]
				},
				"head": {
					"rotation": ["0+math.sin(q.anim_time*90*6-35)*2", 0, 0]
				},
				"arm_right": {
					"rotation": [0, "10+math.sin(q.anim_time*90*3+45)*12", -55]
				},
				"arm_right3": {
					"rotation": [7.12679, "-24.0607+math.sin(q.anim_time*90*3-5)*9", -16.57179]
				},
				"hand_right": {
					"rotation": [0, -10, -15]
				},
				"hand_fire_right1": {
					"rotation": ["0+math.sin(q.anim_time*90*4)*4", 0, 0],
					"scale": ["2+math.sin(q.anim_time*90*5*4-90)*0.02-1", "2-math.sin(q.anim_time*90*5*4-90)*0.1-1", "2-math.sin(q.anim_time*90*5*4-90)*0.03-1"]
				},
				"hand_fire_right2": {
					"rotation": ["0+math.sin(q.anim_time*90*4)*4", 0, 0],
					"scale": ["2+math.sin(q.anim_time*90*5*4-90)*0.02-1", "2-math.sin(q.anim_time*90*5*4-90)*0.1-1", "2-math.sin(q.anim_time*90*5*4-90)*0.03-1"]
				},
				"hand_fire_right3": {
					"rotation": ["0+math.sin(q.anim_time*90*4)*4", 0, 0],
					"scale": ["2+math.sin(q.anim_time*90*5*4-90)*0.02-1", "2-math.sin(q.anim_time*90*5*4-90)*0.1-1", "2-math.sin(q.anim_time*90*5*4-90)*0.03-1"]
				},
				"finger_right1": {
					"rotation": [0, 0, -5]
				},
				"finger_right2": {
					"rotation": [0, 0, -15]
				},
				"finger_right4": {
					"rotation": [0, -15, -15]
				},
				"finger_right5": {
					"rotation": [0, 0, -15]
				},
				"finger_right7": {
					"rotation": [0, 15, -15]
				},
				"finger_right8": {
					"rotation": [0, 0, -15]
				},
				"arm_left": {
					"rotation": [0, "-10+math.sin(q.anim_time*90*3+45)*12", 55]
				},
				"arm_left3": {
					"rotation": [4.48369, "24.6076+math.sin(q.anim_time*90*3-5)*8", 10.94983]
				},
				"hand_left": {
					"rotation": [0, 10, 15]
				},
				"hand_fire_left1": {
					"rotation": ["0+math.sin(q.anim_time*90*4)*4", 0, 0],
					"scale": ["2+math.sin(q.anim_time*90*5*4-90)*0.02-1", "2-math.sin(q.anim_time*90*5*4-90)*0.1-1", "2-math.sin(q.anim_time*90*5*4-90)*0.03-1"]
				},
				"hand_fire_left2": {
					"rotation": ["0+math.sin(q.anim_time*90*4)*4", 0, 0],
					"scale": ["2+math.sin(q.anim_time*90*5*4-90)*0.02-1", "2-math.sin(q.anim_time*90*5*4-90)*0.1-1", "2-math.sin(q.anim_time*90*5*4-90)*0.03-1"]
				},
				"hand_fire_left3": {
					"rotation": ["0+math.sin(q.anim_time*90*4)*4", 0, 0],
					"scale": ["2+math.sin(q.anim_time*90*5*4-90)*0.02-1", "2-math.sin(q.anim_time*90*5*4-90)*0.1-1", "2-math.sin(q.anim_time*90*5*4-90)*0.03-1"]
				},
				"finger_left1": {
					"rotation": [0, 0, 5]
				},
				"finger_left2": {
					"rotation": [0, 0, 15]
				},
				"finger_left4": {
					"rotation": [0, 15, 15]
				},
				"finger_left5": {
					"rotation": [0, 0, 15]
				},
				"finger_left7": {
					"rotation": [0, -15, 15]
				},
				"finger_left8": {
					"rotation": [0, 0, 15]
				},
				"tail1": {
					"rotation": ["0+math.sin(q.anim_time*90*6-35)*1", "0+math.sin(q.anim_time*90*3-35)*1", 0]
				},
				"tail2": {
					"rotation": ["0+math.sin(q.anim_time*90*6-95)*2", "0+math.sin(q.anim_time*90*3-95)*2", 0]
				},
				"tail3": {
					"rotation": ["0+math.sin(q.anim_time*90*6-135)*2", "0+math.sin(q.anim_time*90*3-135)*2", 0]
				},
				"leg_right": {
					"rotation": ["math.sin(q.anim_time*90*3-90)*15", 0, 0],
					"position": [-0.5, "math.clamp(-math.sin(q.anim_time*90*3+90*0)*1,0,180)", 0]
				},
				"leg_right2": {
					"rotation": ["15+math.sin(q.anim_time*90*3-180)*15", 0, 0]
				},
				"leg_left": {
					"rotation": ["-math.sin(q.anim_time*90*3-90)*15", 0, 0],
					"position": [0.5, "math.clamp(math.sin(q.anim_time*90*3+90*0)*1,0,180)", 0]
				},
				"leg_left2": {
					"rotation": ["15-math.sin(q.anim_time*90*3-180)*15", 0, 0]
				}
			}
		},
		"animation.blaziken.recoil": {
			"loop": "hold_on_last_frame",
			"animation_length": 0.7917,
			"bones": {
				"torso": {
					"rotation": {
						"0.0": [0, 0, 0],
						"0.125": {
							"pre": [-14.72449, 4.8455, -1.26408],
							"post": [-14.72449, 4.8455, -1.26408],
							"lerp_mode": "catmullrom"
						},
						"0.625": [0, 0, 0]
					}
				},
				"torso2": {
					"rotation": {
						"0.0": [0, 0, 0],
						"0.125": {
							"pre": [-4.83414, 10.92726, 5.30645],
							"post": [-4.83414, 10.92726, 5.30645],
							"lerp_mode": "catmullrom"
						},
						"0.6667": [0, 0, 0]
					}
				},
				"neck": {
					"rotation": {
						"0.0": [0, 0, 0],
						"0.0833": {
							"pre": [10, 0, 0],
							"post": [10, 0, 0],
							"lerp_mode": "catmullrom"
						},
						"0.2917": {
							"post": [-15, 0, 0],
							"lerp_mode": "catmullrom"
						},
						"0.7083": [0, 0, 0]
					}
				},
				"eyelid_right": {
					"position": {
						"0.0": [0, 0, 0],
						"0.0833": {
							"pre": [0, 0, 0],
							"post": [-0.1, 0, 0]
						},
						"0.4583": {
							"pre": [-0.1, 0, 0],
							"post": [0, 0, 0]
						}
					}
				},
				"eyelid_left": {
					"position": {
						"0.0": [0, 0, 0],
						"0.0833": {
							"pre": [0, 0, 0],
							"post": [0.1, 0, 0]
						},
						"0.4583": {
							"pre": [0.1, 0, 0],
							"post": [0, 0, 0]
						}
					}
				},
				"arm_right": {
					"rotation": {
						"0.0": [0, 0, 0],
						"0.25": {
							"pre": [8.36945, -13.22574, 0.60666],
							"post": [8.36945, -13.22574, 0.60666],
							"lerp_mode": "catmullrom"
						},
						"0.7083": [0, 0, 0]
					}
				},
				"arm_left": {
					"rotation": {
						"0.0": [0, 0, 0],
						"0.2083": {
							"pre": [-2.58128, 6.93285, -10.31142],
							"post": [-2.58128, 6.93285, -10.31142],
							"lerp_mode": "catmullrom"
						},
						"0.6667": [0, 0, 0]
					}
				},
				"arm_right3": {
					"rotation": {
						"0.0": [0, 0, 0],
						"0.1667": {
							"pre": [0, -52.5, 0],
							"post": [0, -52.5, 0],
							"lerp_mode": "catmullrom"
						},
						"0.75": [0, 0, 0]
					}
				},
				"arm_left3": {
					"rotation": {
						"0.0": [0, 0, 0],
						"0.1667": {
							"pre": [0, 30, 0],
							"post": [0, 30, 0],
							"lerp_mode": "catmullrom"
						},
						"0.7083": [0, 0, 0]
					}
				}
			}
		}
	}
}