{
  "portraitScale": 1.96,
  "portraitTranslation": [-0.31, 2.82, 0],
  "profileScale": 0.51,
  "profileTranslation": [0.02, 1, 0],
  "rootBone": "mewtwo2",
  "animations": {},
  "poses": {
    "standing": {
      "poseName": "standing",
      "poseTypes": [
        "PORTRAIT",
        "PROFILE",
        "STAND",
        "NONE"
      ],
      "animations": [
        "q.look('head', 1, 1, 20, -90, 60, -37)",
        "q.bedrock('mewtwo2', 'ground_idle')"
      ],
      "quirks": [
        "q.bedrock_quirk('mewtwo2', 'blink')"
      ]
    },
    "walk": {
      "poseName": "walk",
      "poseTypes": [
        "WALK"
      ],
      "animations": [
        "q.look('head', 1, 1, 20, -90, 60, -37)",
        "q.bedrock('mewtwo2', 'ground_walk')"
      ],
      "quirks": [
        "q.bedrock_quirk('mewtwo2', 'blink')"
      ]
    },
    "hover": {
      "poseName": "hover",
      "poseTypes": [
        "HOVER",
        "FLOAT"
      ],
      "animations": [
        "q.pitch_tilt('body')",
        "q.look('head', 1, 1, 20, -90, 60, -37)",
        "q.bedrock('mewtwo2', 'air_idle')"
      ],
      "quirks": [
        "q.bedrock_quirk('mewtwo2', 'blink')"
      ]
    },
    "fly": {
      "poseName": "fly",
      "poseTypes": [
        "FLY",
        "SWIM"
      ],
      "animations": [
        "q.pitch_tilt('body')",
        "q.look('head', 1, 1, 20, -90, 60, -37)",
        "q.bedrock('mewtwo2', 'air_fly')"
      ],
      "quirks": [
        "q.bedrock_quirk('mewtwo2', 'blink')"
      ]
    }
  }
}