{
	"format_version": "1.12.0",
	"minecraft:geometry": [
		{
			"description": {
				"identifier": "geometry.mewtwo",
				"texture_width": 128,
				"texture_height": 128,
				"visible_bounds_width": 11,
				"visible_bounds_height": 4.5,
				"visible_bounds_offset": [0, 1.75, 0]
			},
			"bones": [
				{
					"name": "mewtwo",
					"pivot": [0, 0, 0]
				},
				{
					"name": "locator_root",
					"parent": "mewtwo",
					"pivot": [0, 0, 0],
					"locators": {
						"root": [0, 0, 0]
					}
				},
				{
					"name": "locator_top",
					"parent": "mewtwo",
					"pivot": [0, 38, 0],
					"locators": {
						"top": [0, 38, 0]
					}
				},
				{
					"name": "locator_item",
					"parent": "mewtwo",
					"pivot": [-12, 28, -11],
					"rotation": [55, 30, 0],
					"locators": {
						"item": [-12, 28, -11]
					}
				},
				{
					"name": "body",
					"parent": "mewtwo",
					"pivot": [0, 26, 0]
				},
				{
					"name": "locator_middle",
					"parent": "body",
					"pivot": [0, 26, 0],
					"locators": {
						"middle": [0, 26, 0]
					}
				},
				{
					"name": "torso",
					"parent": "body",
					"pivot": [0, 19.75, 0.6],
					"cubes": [
						{"origin": [-4, 13.3, -4], "size": [8, 11, 8], "inflate": 0.15, "pivot": [0, 19.8, 0.5], "rotation": [-7.5, 0, 0], "uv": [0, 17]}
					]
				},
				{
					"name": "locator_target",
					"parent": "torso",
					"pivot": [0, 24, -5],
					"locators": {
						"target": [0, 24, -5]
					}
				},
				{
					"name": "torso2",
					"parent": "torso",
					"pivot": [0, 23.55, 0.5],
					"rotation": [2.5, 0, 0],
					"cubes": [
						{"origin": [-2.5, 22.85, -2.4], "size": [5, 6, 5], "inflate": 0.15, "uv": [32, 23]}
					]
				},
				{
					"name": "torso3",
					"parent": "torso2",
					"pivot": [0, 28.2, -0.2],
					"cubes": [
						{"origin": [-3.5, 29.05, -0.1], "size": [7, 6, 5], "inflate": 0.2, "pivot": [0, 34.05, -1.1], "rotation": [-25, 0, 0], "uv": [29, 12]},
						{"origin": [-4.5, 30.1, -0.7], "size": [9, 5, 6], "inflate": 0.2, "pivot": [0, 34.05, -1.1], "rotation": [-25, 0, 0], "uv": [53, 18]},
						{"origin": [4.5, 35.1, 5.2], "size": [-9, -5, -6], "pivot": [0, 34.05, -1.2], "rotation": [-25, 0, 0], "uv": [83, 41]},
						{"origin": [-0.5, 32.65, -3.4], "size": [1, 1, 3], "pivot": [0, 33.4, -0.65], "rotation": [45, 0, 0], "uv": [89, 13]}
					]
				},
				{
					"name": "neck",
					"parent": "torso3",
					"pivot": [0, 33.4, 1.2],
					"rotation": [-2.5, 0, 0],
					"cubes": [
						{"origin": [-1, 32.8, 0.2], "size": [2, 4, 2], "uv": [104, 4]}
					]
				},
				{
					"name": "head",
					"parent": "neck",
					"pivot": [0, 37.15, 1.2]
				},
				{
					"name": "head_ai",
					"parent": "head",
					"pivot": [0, 37.15, 1.2]
				},
				{
                    "name": "locator_seat_1",
                    "parent": "body",
                    "pivot": [0, 33, 5],
                    "locators": {
                        "seat_1": [0, 33, 5]
                    }
                },
				{
					"name": "head_angle",
					"parent": "head_ai",
					"pivot": [0, 37.15, 1.2],
					"cubes": [
						{"origin": [-4, 36.15, -3.95], "size": [8, 8, 9], "uv": [0, 0]},
						{"origin": [-1.5, 38.15, -3.96], "size": [3, 4, 0], "uv": [20, 38]}
					]
				},
				{
					"name": "brow_layer",
					"parent": "head_angle",
					"pivot": [0, 40, -0.6],
					"cubes": [
						{"origin": [-4, 35.65, -3.95], "size": [8, 8, 9], "inflate": 0.25, "uv": [1, 92]},
						{"origin": [-3.5, 35.65, -4.05], "size": [8, 8, 9], "inflate": 0.25, "uv": [1, 110]}
					]
				},
				{
					"name": "locator_item_hat",
					"parent": "head_angle",
					"pivot": [0, 44.15, 0.35],
					"locators": {
						"item_hat": [0, 44.15, 0.35]
					}
				},
				{
					"name": "locator_head",
					"parent": "head_angle",
					"pivot": [0, 44.15, -2.4],
					"locators": {
						"head": [0, 44.15, -2.4]
					}
				},
				{
					"name": "locator_mouth",
					"parent": "head_angle",
					"pivot": [0, 36.65, -3.95],
					"locators": {
						"mouth": [0, 36.65, -3.95]
					}
				},
				{
					"name": "locator_item_face",
					"parent": "head_angle",
					"pivot": [0, 39.7, -4],
					"locators": {
						"item_face": [0, 39.7, -4]
					}
				},
				{
					"name": "locator_face",
					"parent": "head_angle",
					"pivot": [0, 39.65, -4],
					"locators": {
						"face": [0, 39.65, -4]
					}
				},
				{
					"name": "snout",
					"parent": "head_angle",
					"pivot": [0, 38.6, -3.95],
					"rotation": [8, 0, 0],
					"cubes": [
						{"origin": [-1.5, 36.7, -5.95], "size": [3, 2, 3], "uv": [76, 12]},
						{"origin": [-1, 36.78, -5.1], "size": [2, 1, 1], "inflate": -0.01, "uv": [46, 40]}
					]
				},
				{
					"name": "locator_jaw_upper",
					"parent": "snout",
					"pivot": [0, 36.8, -5.05],
					"locators": {
						"jaw": [0, 36.8, -5.05]
					}
				},
				{
					"name": "jaw",
					"parent": "head_angle",
					"pivot": [0, 37.15, -2.9],
					"cubes": [
						{"origin": [-1, 36.16, -4.9], "size": [2, 1, 2], "inflate": 0.02, "uv": [98, 14]}
					]
				},
				{
					"name": "locator_jaw_lower",
					"parent": "jaw",
					"pivot": [0, 37.15, -4.9],
					"locators": {
						"jaw2": [0, 37.15, -4.9]
					}
				},
				{
					"name": "eyes",
					"parent": "head_angle",
					"pivot": [0, 39.65, -3.45]
				},
				{
					"name": "eye_right",
					"parent": "eyes",
					"pivot": [-3, 39.65, -3.95],
					"cubes": [
						{"origin": [-4.01, 38.65, -3.96], "size": [2, 1, 1], "uv": [1, 80], "mirror": true},
						{"origin": [-2.51, 38.65, -3.96], "size": [1, 1, 1], "uv": [15, 80], "mirror": true}
					]
				},
				{
					"name": "eye_emote_right",
					"parent": "eye_right",
					"pivot": [-3.01, 39.65, -3.96],
					"cubes": [
						{"origin": [-4.01, 39.65, -3.96], "size": [2, 1, 1], "uv": [8, 80], "mirror": true}
					]
				},
				{
					"name": "eye_emote_right2",
					"parent": "eye_right",
					"pivot": [-4.02, 40.15, -2.95],
					"cubes": [
						{"origin": [-4.02, 39.15, -3.95], "size": [0, 2, 2], "uv": [20, 84], "mirror": true}
					]
				},
				{
					"name": "iris_right",
					"parent": "eye_right",
					"pivot": [-2.51, 39.65, -3.47],
					"cubes": [
						{"origin": [-3.51, 38.65, -3.97], "size": [2, 1, 1], "uv": [8, 86], "mirror": true}
					]
				},
				{
					"name": "iris_emote_right",
					"parent": "iris_right",
					"pivot": [-2.51, 39.65, -3.47],
					"cubes": [
						{"origin": [-3.51, 39.65, -3.97], "size": [2, 1, 1], "uv": [1, 86], "mirror": true}
					]
				},
				{
					"name": "pupil_right",
					"parent": "iris_right",
					"pivot": [-2.5, 39.65, -3.98]
				},
				{
					"name": "pupil_top_right",
					"parent": "pupil_right",
					"pivot": [-2.5, 39.65, -3.98],
					"cubes": [
						{"origin": [-3, 39.65, -3.98], "size": [1, 1, 0], "uv": [20, 80], "mirror": true}
					]
				},
				{
					"name": "pupil_bottom_right",
					"parent": "pupil_right",
					"pivot": [-2.5, 39.65, -3.97],
					"cubes": [
						{"origin": [-3, 38.65, -3.98], "size": [1, 1, 0], "uv": [20, 81], "mirror": true}
					]
				},
				{
					"name": "locator_eye_right",
					"parent": "pupil_right",
					"pivot": [-2.5, 39.65, -3.95],
					"locators": {
						"eye1": [-2.5, 39.65, -3.95]
					}
				},
				{
					"name": "brow_right",
					"parent": "eye_right",
					"pivot": [-2.5, 40.15, -3.95],
					"cubes": [
						{"origin": [-2.525, 39.65, -3.95], "size": [1, 1, 1], "inflate": 0.04, "uv": [15, 86], "mirror": true}
					]
				},
				{
					"name": "eye_left",
					"parent": "eyes",
					"pivot": [3, 39.65, -3.95],
					"cubes": [
						{"origin": [2.01, 38.65, -3.96], "size": [2, 1, 1], "uv": [1, 83]},
						{"origin": [1.51, 38.65, -3.96], "size": [1, 1, 1], "uv": [15, 83]}
					]
				},
				{
					"name": "eye_emote_left",
					"parent": "eye_left",
					"pivot": [3.01, 39.65, -3.96],
					"cubes": [
						{"origin": [2.01, 39.65, -3.96], "size": [2, 1, 1], "uv": [8, 83]}
					]
				},
				{
					"name": "eye_emote_left2",
					"parent": "eye_left",
					"pivot": [4.02, 40.15, -2.95],
					"cubes": [
						{"origin": [4.02, 39.15, -3.95], "size": [0, 2, 2], "uv": [20, 87]}
					]
				},
				{
					"name": "iris_left",
					"parent": "eye_left",
					"pivot": [2.51, 39.65, -3.47],
					"cubes": [
						{"origin": [1.51, 38.65, -3.97], "size": [2, 1, 1], "uv": [8, 89]}
					]
				},
				{
					"name": "iris_emote_left",
					"parent": "iris_left",
					"pivot": [2.51, 39.65, -3.47],
					"cubes": [
						{"origin": [1.51, 39.65, -3.97], "size": [2, 1, 1], "uv": [1, 89]}
					]
				},
				{
					"name": "pupil_left",
					"parent": "iris_left",
					"pivot": [2.5, 39.65, -3.98]
				},
				{
					"name": "pupil_top_left",
					"parent": "pupil_left",
					"pivot": [2.5, 39.65, -3.98],
					"cubes": [
						{"origin": [2, 39.65, -3.98], "size": [1, 1, 0], "uv": [20, 83]}
					]
				},
				{
					"name": "pupil_bottom_left",
					"parent": "pupil_left",
					"pivot": [2.5, 39.65, -3.97],
					"cubes": [
						{"origin": [2, 38.65, -3.98], "size": [1, 1, 0], "uv": [20, 84]}
					]
				},
				{
					"name": "locator_eye_left",
					"parent": "pupil_left",
					"pivot": [2.5, 39.65, -3.95],
					"locators": {
						"eye2": [2.5, 39.65, -3.95]
					}
				},
				{
					"name": "brow_left",
					"parent": "eye_left",
					"pivot": [2.5, 40.15, -3.95],
					"cubes": [
						{"origin": [1.525, 39.65, -3.95], "size": [1, 1, 1], "inflate": 0.04, "uv": [15, 89]}
					]
				},
				{
					"name": "eyelid_right",
					"parent": "eyes",
					"pivot": [-2.91, 39.65, -2.86],
					"cubes": [
						{"origin": [-3.91, 38.65, -3.87], "size": [2, 2, 2], "uv": [25, 80], "mirror": true},
						{"origin": [-2.41, 38.65, -3.86], "size": [1, 2, 0], "uv": [34, 82], "mirror": true}
					]
				},
				{
					"name": "eyelid_left",
					"parent": "eyes",
					"pivot": [2.91, 39.65, -2.86],
					"cubes": [
						{"origin": [1.91, 38.65, -3.87], "size": [2, 2, 2], "uv": [25, 85]},
						{"origin": [1.41, 38.65, -3.86], "size": [1, 2, 0], "uv": [34, 87]}
					]
				},
				{
					"name": "eyelid_hurt_right",
					"parent": "eyes",
					"pivot": [-2.91, 39.65, -2.86],
					"cubes": [
						{"origin": [-3.91, 38.65, -3.86], "size": [1, 2, 2], "uv": [46, 80], "mirror": true},
						{"origin": [-3.41, 38.65, -3.87], "size": [2, 2, 2], "uv": [37, 80], "mirror": true}
					]
				},
				{
					"name": "eyelid_hurt_left",
					"parent": "eyes",
					"pivot": [2.91, 39.65, -2.86],
					"cubes": [
						{"origin": [2.91, 38.65, -3.86], "size": [1, 2, 2], "uv": [46, 85]},
						{"origin": [1.41, 38.65, -3.87], "size": [2, 2, 2], "uv": [37, 85]}
					]
				},
				{
					"name": "ear_right",
					"parent": "head_angle",
					"pivot": [-2.85, 44.05, 0.35],
					"rotation": [-10, 0, -25],
					"cubes": [
						{"origin": [-3.85, 43.8, -0.65], "size": [1, 4, 4], "uv": [84, 4], "mirror": true}
					]
				},
				{
					"name": "ear_left",
					"parent": "head_angle",
					"pivot": [2.85, 44.05, 0.35],
					"rotation": [-10, 0, 25],
					"cubes": [
						{"origin": [2.85, 43.8, -0.65], "size": [1, 4, 4], "uv": [94, 4]}
					]
				},
				{
					"name": "arms",
					"parent": "torso3",
					"pivot": [0, 31.75, 1.15]
				},
				{
					"name": "arm_left",
					"parent": "arms",
					"pivot": [4, 32.25, 1.15],
					"cubes": [
						{"origin": [6.5, 30.75, 0.1], "size": [6, 2, 2], "inflate": 0.1, "uv": [64, 0]},
						{"origin": [3.5, 30.25, -0.4], "size": [3, 3, 3], "uv": [36, 6]}
					]
				},
				{
					"name": "arm_left2",
					"parent": "arm_left",
					"pivot": [12.6, 32.85, 2.2],
					"cubes": [
						{"origin": [12.7, 30.75, 0.1], "size": [6, 2, 2], "inflate": 0.11, "uv": [96, 0]}
					]
				},
				{
					"name": "hand_left",
					"parent": "arm_left2",
					"pivot": [18.9, 31.75, 1.15],
					"cubes": [
						{"origin": [18.9, 30.75, -0.35], "size": [4, 2, 3], "inflate": 0.12, "uv": [62, 12]}
					]
				},
				{
					"name": "locator_hand_secondary",
					"parent": "hand_left",
					"pivot": [21.3, 31.75, 1.15],
					"rotation": [0, -90, 0],
					"locators": {
						"hand_secondary": [21.3, 31.75, 1.15]
					}
				},
				{
					"name": "finger_thumb_left",
					"parent": "hand_left",
					"pivot": [21.4, 32.25, -0.35],
					"cubes": [
						{"origin": [20.9, 31.25, -1.35], "size": [1, 1, 1], "uv": [80, 10]}
					]
				},
				{
					"name": "finger_thumb_left2",
					"parent": "finger_thumb_left",
					"pivot": [20.9, 32.25, -1.35],
					"cubes": [
						{"origin": [20.9, 31.25, -2.35], "size": [1, 1, 1], "inflate": 0.01, "uv": [80, 8]}
					]
				},
				{
					"name": "finger_thumb_left3",
					"parent": "finger_thumb_left2",
					"pivot": [20.9, 32.25, -2.35],
					"cubes": [
						{"origin": [20.4, 30.75, -4.35], "size": [2, 2, 2], "uv": [64, 8]}
					]
				},
				{
					"name": "finger_front_left",
					"parent": "hand_left",
					"pivot": [22.9, 32.25, 0.15],
					"cubes": [
						{"origin": [22.9, 31.25, -0.35], "size": [1, 1, 1], "uv": [76, 10]}
					]
				},
				{
					"name": "finger_front_left2",
					"parent": "finger_front_left",
					"pivot": [23.9, 32.25, 0.15],
					"cubes": [
						{"origin": [23.9, 31.25, -0.35], "size": [1, 1, 1], "inflate": 0.01, "uv": [76, 8]}
					]
				},
				{
					"name": "finger_front_left3",
					"parent": "finger_front_left2",
					"pivot": [24.9, 32.25, 0.15],
					"cubes": [
						{"origin": [24.9, 30.75, -0.85], "size": [2, 2, 2], "uv": [56, 8]}
					]
				},
				{
					"name": "finger_back_left",
					"parent": "hand_left",
					"pivot": [22.9, 32.25, 2.15],
					"cubes": [
						{"origin": [22.9, 31.25, 1.65], "size": [1, 1, 1], "uv": [72, 10]}
					]
				},
				{
					"name": "finger_back_left2",
					"parent": "finger_back_left",
					"pivot": [23.9, 32.25, 2.15],
					"cubes": [
						{"origin": [23.9, 31.25, 1.65], "size": [1, 1, 1], "inflate": 0.01, "uv": [72, 8]}
					]
				},
				{
					"name": "finger_back_left3",
					"parent": "finger_back_left2",
					"pivot": [24.9, 32.25, 2.15],
					"cubes": [
						{"origin": [24.9, 30.75, 1.15], "size": [2, 2, 2], "uv": [48, 8]}
					]
				},
				{
					"name": "arm_right",
					"parent": "arms",
					"pivot": [-4, 32.25, 1.15],
					"cubes": [
						{"origin": [-12.5, 30.75, 0.1], "size": [6, 2, 2], "inflate": 0.1, "uv": [48, 0]},
						{"origin": [-6.5, 30.25, -0.4], "size": [3, 3, 3], "uv": [36, 0]}
					]
				},
				{
					"name": "arm_right2",
					"parent": "arm_right",
					"pivot": [-12.6, 32.85, 2.2],
					"cubes": [
						{"origin": [-18.7, 30.75, 0.1], "size": [6, 2, 2], "inflate": 0.11, "uv": [80, 0]}
					]
				},
				{
					"name": "hand_right",
					"parent": "arm_right2",
					"pivot": [-18.9, 31.75, 1.15],
					"cubes": [
						{"origin": [-22.9, 30.75, -0.35], "size": [4, 2, 3], "inflate": 0.12, "uv": [48, 12]}
					]
				},
				{
					"name": "locator_hand_primary",
					"parent": "hand_right",
					"pivot": [-21.3, 31.75, 1.15],
					"rotation": [0, 90, 0],
					"locators": {
						"hand_primary": [-21.3, 31.75, 1.15],
						"special": [-21.3, 31.75, 1.15]
					}
				},
				{
					"name": "finger_thumb_right",
					"parent": "hand_right",
					"pivot": [-21.4, 32.25, -0.35],
					"cubes": [
						{"origin": [-21.9, 31.25, -1.35], "size": [1, 1, 1], "uv": [80, 6]}
					]
				},
				{
					"name": "finger_thumb_right2",
					"parent": "finger_thumb_right",
					"pivot": [-20.9, 32.25, -1.35],
					"cubes": [
						{"origin": [-21.9, 31.25, -2.35], "size": [1, 1, 1], "inflate": 0.01, "uv": [80, 4]}
					]
				},
				{
					"name": "finger_thumb_right3",
					"parent": "finger_thumb_right2",
					"pivot": [-20.9, 32.25, -2.35],
					"cubes": [
						{"origin": [-22.4, 30.75, -4.35], "size": [2, 2, 2], "uv": [64, 4]}
					]
				},
				{
					"name": "finger_front_right",
					"parent": "hand_right",
					"pivot": [-22.9, 32.25, 0.15],
					"cubes": [
						{"origin": [-23.9, 31.25, -0.35], "size": [1, 1, 1], "uv": [76, 6]}
					]
				},
				{
					"name": "finger_front_right2",
					"parent": "finger_front_right",
					"pivot": [-23.9, 32.25, 0.15],
					"cubes": [
						{"origin": [-24.9, 31.25, -0.35], "size": [1, 1, 1], "inflate": 0.01, "uv": [76, 4]}
					]
				},
				{
					"name": "finger_front_right3",
					"parent": "finger_front_right2",
					"pivot": [-24.9, 32.25, 0.15],
					"cubes": [
						{"origin": [-26.9, 30.75, -0.85], "size": [2, 2, 2], "uv": [56, 4]}
					]
				},
				{
					"name": "finger_back_right",
					"parent": "hand_right",
					"pivot": [-22.9, 32.25, 2.15],
					"cubes": [
						{"origin": [-23.9, 31.25, 1.65], "size": [1, 1, 1], "uv": [72, 6]}
					]
				},
				{
					"name": "finger_back_right2",
					"parent": "finger_back_right",
					"pivot": [-23.9, 32.25, 2.15],
					"cubes": [
						{"origin": [-24.9, 31.25, 1.65], "size": [1, 1, 1], "inflate": 0.01, "uv": [72, 4]}
					]
				},
				{
					"name": "finger_back_right3",
					"parent": "finger_back_right2",
					"pivot": [-24.9, 32.25, 2.15],
					"cubes": [
						{"origin": [-26.9, 30.75, 1.15], "size": [2, 2, 2], "uv": [48, 4]}
					]
				},
				{
					"name": "neck_tube",
					"parent": "torso3",
					"pivot": [0, 31.6, 4.1],
					"rotation": [-50, 0, 0],
					"cubes": [
						{"origin": [-0.5, 31.2, 3.6], "size": [1, 4, 1], "inflate": 0.25, "uv": [112, 0]}
					]
				},
				{
					"name": "neck_tube2",
					"parent": "neck_tube",
					"pivot": [0, 35.45, 4.88302],
					"rotation": [47.5, 0, 0],
					"cubes": [
						{"origin": [-0.5, 35.7, 3.6], "size": [1, 3, 1], "inflate": 0.26, "uv": [120, 0]}
					]
				},
				{
					"name": "neck_tube3",
					"parent": "neck_tube2",
					"pivot": [0, 38.95, 4.88302],
					"rotation": [50, 0, 0],
					"cubes": [
						{"origin": [-0.5, 39.2, 3.6], "size": [1, 4, 1], "inflate": 0.25, "uv": [116, 0]}
					]
				},
				{
					"name": "tail",
					"parent": "torso",
					"pivot": [0, 17.45, 3.7],
					"cubes": [
						{"origin": [-3, 13.95, 0.7], "size": [6, 7, 12], "inflate": 0.01, "uv": [91, 108]}
					]
				},
				{
					"name": "tail2",
					"parent": "tail",
					"pivot": [0, 17.45, 12.4],
					"cubes": [
						{"origin": [-3, 14.45, 12.2], "size": [6, 6, 9], "uv": [94, 92]}
					]
				},
				{
					"name": "tail3",
					"parent": "tail2",
					"pivot": [0, 17.2, 21],
					"cubes": [
						{"origin": [-2.5, 14.95, 20.7], "size": [5, 5, 9], "uv": [95, 77]}
					]
				},
				{
					"name": "tail4",
					"parent": "tail3",
					"pivot": [0, 17.45, 29.2],
					"cubes": [
						{"origin": [-2, 15.45, 29.2], "size": [4, 4, 8], "inflate": 0.01, "uv": [97, 64]}
					]
				},
				{
					"name": "locator_tail",
					"parent": "tail4",
					"pivot": [0, 17.45, 35.25],
					"rotation": [-180, 0, 180],
					"locators": {
						"tail": [0, 17.45, 35.25]
					}
				},
				{
					"name": "tail5",
					"parent": "tail4",
					"pivot": [0, 17.45, 36.7],
					"cubes": [
						{"origin": [-2, 15.95, 36.7], "size": [4, 3, 8], "uv": [97, 52]}
					]
				},
				{
					"name": "tail6",
					"parent": "tail5",
					"pivot": [0, 17.45, 44.2],
					"cubes": [
						{"origin": [-1.5, 15.95, 44.2], "size": [3, 3, 8], "inflate": 0.01, "uv": [67, 116]}
					]
				},
				{
					"name": "tail7",
					"parent": "tail6",
					"pivot": [0, 17.45, 51.95],
					"cubes": [
						{"origin": [-1.5, 15.95, 51.7], "size": [3, 3, 7], "uv": [68, 105]}
					]
				},
				{
					"name": "tail8",
					"parent": "tail7",
					"pivot": [0, 17.45, 58.45],
					"cubes": [
						{"origin": [-2, 15.45, 58.2], "size": [4, 4, 6], "uv": [68, 94]}
					]
				},
				{
					"name": "tail9",
					"parent": "tail8",
					"pivot": [0, 17.45, 63.95],
					"cubes": [
						{"origin": [-2.5, 14.95, 63.7], "size": [5, 5, 10], "uv": [63, 78]}
					]
				},
				{
					"name": "locator_tail_tip",
					"parent": "tail9",
					"pivot": [0, 17.45, 71.7],
					"rotation": [-180, 0, 180],
					"locators": {
						"tail_tip": [0, 17.45, 71.7]
					}
				},
				{
					"name": "locator_physical",
					"parent": "tail9",
					"pivot": [0, 17.45, 71.7],
					"rotation": [-180, 0, 180],
					"locators": {
						"physical": [0, 17.45, 71.7]
					}
				},
				{
					"name": "legs",
					"parent": "body",
					"pivot": [0, 19.75, 0.6]
				},
				{
					"name": "leg_right",
					"parent": "legs",
					"pivot": [-4.2, 19.75, 0.6],
					"cubes": [
						{"origin": [-8.7, 12.25, -2.9], "size": [6, 11, 7], "inflate": 0.1, "uv": [0, 36]}
					]
				},
				{
					"name": "leg_right2",
					"parent": "leg_right",
					"pivot": [-5.7, 12.25, -0.9],
					"rotation": [15, 0, 0],
					"cubes": [
						{"origin": [-7.2, 4.5, -0.9], "size": [3, 8, 3], "uv": [0, 54]}
					]
				},
				{
					"name": "foot_right",
					"parent": "leg_right2",
					"pivot": [-5.7, 4.5, 0.6],
					"rotation": [10, 0, 0],
					"cubes": [
						{"origin": [-4.45, 2.5, -0.4], "size": [2, 2, 2], "inflate": 0.05, "uv": [11, 66]},
						{"origin": [-7.7, 1.5, -1.4], "size": [4, 4, 4], "inflate": 0.05, "uv": [24, 54]}
					]
				},
				{
					"name": "foot_right2",
					"parent": "foot_right",
					"pivot": [-5.7, 3.5, -1.4],
					"cubes": [
						{"origin": [-7.2, 2, -6.4], "size": [3, 3, 5], "inflate": 0.1, "uv": [0, 65]}
					]
				},
				{
					"name": "locator_foot_primary",
					"parent": "foot_right2",
					"pivot": [-5.7, 2.5, -3.4],
					"rotation": [90, 0, 0],
					"locators": {
						"foot_primary": [-5.7, 2.5, -3.4]
					}
				},
				{
					"name": "toes_right",
					"parent": "foot_right2",
					"pivot": [-5.7, 3.3, -5.9],
					"rotation": [-25, 0, 0]
				},
				{
					"name": "toe_outer_right",
					"parent": "toes_right",
					"pivot": [-6.95, 4.8, -6.9],
					"cubes": [
						{"origin": [-7.95, 1.8, -8.9], "size": [2, 3, 3], "inflate": 0.02, "uv": [10, 73]}
					]
				},
				{
					"name": "toe_inner_right",
					"parent": "toes_right",
					"pivot": [-4.45, 4.8, -6.9],
					"cubes": [
						{"origin": [-5.45, 1.8, -8.9], "size": [2, 3, 3], "inflate": 0.02, "uv": [0, 73]}
					]
				},
				{
					"name": "leg_left",
					"parent": "legs",
					"pivot": [4.2, 19.75, 0.6],
					"cubes": [
						{"origin": [2.7, 12.25, -2.9], "size": [6, 11, 7], "inflate": 0.1, "uv": [26, 36], "mirror": true}
					]
				},
				{
					"name": "leg_left2",
					"parent": "leg_left",
					"pivot": [5.7, 12.25, -0.9],
					"rotation": [15, 0, 0],
					"cubes": [
						{"origin": [4.2, 4.5, -0.9], "size": [3, 8, 3], "uv": [12, 54], "mirror": true}
					]
				},
				{
					"name": "foot_left",
					"parent": "leg_left2",
					"pivot": [5.7, 4.5, 0.6],
					"rotation": [10, 0, 0],
					"cubes": [
						{"origin": [2.45, 2.5, -0.4], "size": [2, 2, 2], "inflate": 0.05, "uv": [27, 66], "mirror": true},
						{"origin": [3.7, 1.5, -1.4], "size": [4, 4, 4], "inflate": 0.05, "uv": [40, 54], "mirror": true}
					]
				},
				{
					"name": "foot_left2",
					"parent": "foot_left",
					"pivot": [5.7, 3.5, -1.4],
					"cubes": [
						{"origin": [4.2, 2, -6.4], "size": [3, 3, 5], "inflate": 0.1, "uv": [16, 65], "mirror": true}
					]
				},
				{
					"name": "locator_foot_primary2",
					"parent": "foot_left2",
					"pivot": [5.7, 2.5, -3.4],
					"rotation": [90, 0, 0],
					"locators": {
						"foot_primary2": [5.7, 2.5, -3.4]
					}
				},
				{
					"name": "toes_left",
					"parent": "foot_left2",
					"pivot": [5.7, 3.3, -5.9],
					"rotation": [-25, 0, 0]
				},
				{
					"name": "toe_outer_left",
					"parent": "toes_left",
					"pivot": [6.95, 4.8, -6.9],
					"cubes": [
						{"origin": [5.95, 1.8, -8.9], "size": [2, 3, 3], "inflate": 0.02, "uv": [30, 73], "mirror": true}
					]
				},
				{
					"name": "toe_inner_left",
					"parent": "toes_left",
					"pivot": [4.45, 4.8, -6.9],
					"cubes": [
						{"origin": [3.45, 1.8, -8.9], "size": [2, 3, 3], "inflate": 0.02, "uv": [20, 73], "mirror": true}
					]
				}
			]
		}
	]
}