{
  "format_version": "1.12.0",
  "minecraft:geometry": [
    {
      "description": {
        "identifier": "geometry.mewtwo_mega_x",
        "texture_width": 128,
        "texture_height": 128,
        "visible_bounds_width": 5,
        "visible_bounds_height": 4.5,
        "visible_bounds_offset": [
          0,
          1.75,
          0
        ]
      },
      "bones": [
        {
          "name": "mewtwo_mega_x",
          "pivot": [
            0,
            0,
            0
          ]
        },
        {
          "name": "body",
          "parent": "mewtwo_mega_x",
          "pivot": [
            0,
            17,
            0
          ]
        },
        {
                    "name": "locator_seat_1",
                    "parent": "body",
                    "pivot": [0, 29.5, 5],
                    "locators": {
                        "seat_1": [0, 29.5, 5]
                    }
                },
        {
          "name": "torso",
          "parent": "body",
          "pivot": [
            0,
            19.85,
            0
          ],
          "cubes": [
            {
              "origin": [
                -3,
                16.85,
                -2.25
              ],
              "size": [
                6,
                7,
                5
              ],
              "uv": [
                22,
                25
              ]
            },
            {
              "origin": [
                -2.5,
                15.85,
                -4.5
              ],
              "size": [
                5,
                6,
                5
              ],
              "uv": [
                46,
                11
              ]
            },
            {
              "origin": [
                -0.5,
                22.85,
                -2.275
              ],
              "size": [
                1,
                1,
                0
              ],
              "uv": [
                22,
                24
              ]
            },
            {
              "origin": [
                -0.5,
                23.85,
                -2.275
              ],
              "size": [
                1,
                0,
                3
              ],
              "uv": [
                46,
                22
              ]
            }
          ]
        },
        {
          "name": "tail",
          "parent": "torso",
          "pivot": [
            0,
            15.85,
            0.5
          ],
          "cubes": [
            {
              "origin": [
                -2.5,
                14.85,
                0.5
              ],
              "size": [
                5,
                5,
                7
              ],
              "uv": [
                0,
                12
              ]
            }
          ]
        },
        {
          "name": "tail2",
          "parent": "tail",
          "pivot": [
            0,
            15.1,
            7.25
          ],
          "cubes": [
            {
              "origin": [
                -2,
                15.1,
                7.25
              ],
              "size": [
                4,
                4,
                6
              ],
              "uv": [
                18,
                47
              ]
            }
          ]
        },
        {
          "name": "tail3",
          "parent": "tail2",
          "pivot": [
            0,
            15.6,
            13.25
          ],
          "cubes": [
            {
              "origin": [
                -1.5,
                15.6,
                13.25
              ],
              "size": [
                3,
                3,
                6
              ],
              "uv": [
                40,
                59
              ]
            }
          ]
        },
        {
          "name": "tail4",
          "parent": "tail3",
          "pivot": [
            0,
            16.1,
            19.25
          ],
          "cubes": [
            {
              "origin": [
                -1,
                16.1,
                19.25
              ],
              "size": [
                2,
                2,
                1
              ],
              "uv": [
                56,
                8
              ]
            }
          ]
        },
        {
          "name": "tail5",
          "parent": "tail4",
          "pivot": [
            0,
            16.1,
            20.25
          ],
          "cubes": [
            {
              "origin": [
                -2,
                16.1,
                20.25
              ],
              "size": [
                4,
                5,
                5
              ],
              "uv": [
                58,
                35
              ]
            }
          ]
        },
        {
          "name": "waist",
          "parent": "torso",
          "pivot": [
            0,
            22.85,
            2
          ],
          "cubes": [
            {
              "origin": [
                -2,
                22.85,
                -1
              ],
              "size": [
                4,
                4,
                3
              ],
              "uv": [
                58,
                66
              ]
            },
            {
              "origin": [
                -0.5,
                22.85,
                -1.025
              ],
              "size": [
                1,
                4,
                0
              ],
              "uv": [
                38,
                47
              ]
            }
          ]
        },
        {
          "name": "chest",
          "parent": "waist",
          "pivot": [
            0,
            25.85,
            1
          ],
          "cubes": [
            {
              "origin": [
                -3,
                25.85,
                -2
              ],
              "size": [
                6,
                6,
                5
              ],
              "uv": [
                26,
                0
              ]
            },
            {
              "origin": [
                -0.5,
                25.85,
                -2.025
              ],
              "size": [
                1,
                5,
                0
              ],
              "uv": [
                58,
                45
              ]
            },
            {
              "origin": [
                -0.5,
                25.825,
                -2.025
              ],
              "size": [
                1,
                0,
                2
              ],
              "uv": [
                22,
                57
              ]
            }
          ]
        },
        {
          "name": "neck",
          "parent": "chest",
          "pivot": [
            0,
            31.85,
            1.5
          ],
          "cubes": [
            {
              "origin": [
                -1,
                31.85,
                -0.5
              ],
              "size": [
                2,
                3,
                2
              ],
              "uv": [
                80,
                7
              ]
            }
          ]
        },
        {
          "name": "head",
          "parent": "neck",
          "pivot": [
            0,
            33.35,
            0.75
          ],
          "cubes": [
            {
              "origin": [
                -3,
                33.35,
                -3
              ],
              "size": [
                6,
                5,
                7
              ],
              "uv": [
                0,
                0
              ]
            },
            {
              "origin": [
                -2.5,
                38.35,
                -2
              ],
              "size": [
                5,
                1,
                6
              ],
              "uv": [
                0,
                57
              ]
            }
          ]
        },
        {
          "name": "bone24",
          "parent": "head",
          "pivot": [
            3.87,
            38.82423,
            -0.575
          ],
          "rotation": [
            13.6824,
            4.33422,
            3.85219
          ],
          "cubes": [
            {
              "origin": [
                3.375,
                36.2,
                -3.475
              ],
              "size": [
                1,
                3,
                6
              ],
              "pivot": [
                2.875,
                40.2,
                0.525
              ],
              "rotation": [
                0,
                0,
                25
              ],
              "uv": [
                66,
                8
              ]
            },
            {
              "origin": [
                3.38292,
                36.17608,
                1.275
              ],
              "size": [
                0,
                5,
                2
              ],
              "pivot": [
                3.38292,
                38.17608,
                2.275
              ],
              "rotation": [
                -19.9299,
                -1.70818,
                20.30014
              ],
              "uv": [
                34,
                84
              ]
            }
          ]
        },
        {
          "name": "bone35",
          "parent": "head",
          "pivot": [
            -3.87,
            38.82423,
            -0.575
          ],
          "rotation": [
            13.6824,
            -4.33422,
            -3.85219
          ],
          "cubes": [
            {
              "origin": [
                -4.375,
                36.2,
                -3.475
              ],
              "size": [
                1,
                3,
                6
              ],
              "pivot": [
                -2.875,
                40.2,
                0.525
              ],
              "rotation": [
                0,
                0,
                -25
              ],
              "uv": [
                66,
                24
              ]
            },
            {
              "origin": [
                -3.38292,
                36.17608,
                1.275
              ],
              "size": [
                0,
                5,
                2
              ],
              "pivot": [
                -3.38292,
                38.17608,
                2.275
              ],
              "rotation": [
                -19.9299,
                1.70818,
                -20.30014
              ],
              "uv": [
                38,
                84
              ]
            }
          ]
        },
        {
          "name": "bone25",
          "parent": "head",
          "pivot": [
            1.61588,
            36.71314,
            -2.5956
          ],
          "rotation": [
            2.5,
            0,
            32.5
          ],
          "cubes": [
            {
              "origin": [
                1.20958,
                36.13575,
                -3.0956
              ],
              "size": [
                1,
                2,
                1
              ],
              "pivot": [
                0.70958,
                37.13575,
                -4.0956
              ],
              "rotation": [
                0,
                0,
                25
              ],
              "uv": [
                62,
                8
              ]
            }
          ]
        },
        {
          "name": "bone36",
          "parent": "head",
          "pivot": [
            -1.195,
            36.44923,
            -3.45
          ],
          "rotation": [
            5,
            0,
            -32.5
          ],
          "cubes": [
            {
              "origin": [
                -1.975,
                36.325,
                -3.1
              ],
              "size": [
                1,
                2,
                1
              ],
              "pivot": [
                -0.475,
                37.325,
                -4.1
              ],
              "rotation": [
                0,
                0,
                -25
              ],
              "uv": [
                42,
                75
              ]
            }
          ]
        },
        {
          "name": "bone12",
          "parent": "head",
          "pivot": [
            0,
            34.35,
            -2.25
          ],
          "rotation": [
            7.5,
            0,
            0
          ],
          "cubes": [
            {
              "origin": [
                -1,
                33.35,
                -4.25
              ],
              "size": [
                2,
                2,
                2
              ],
              "uv": [
                54,
                80
              ]
            }
          ]
        },
        {
          "name": "mouth_open",
          "parent": "bone12",
          "pivot": [
            0,
            35.325,
            -3.25
          ],
          "cubes": [
            {
              "origin": [
                -1,
                34.325,
                -3.25
              ],
              "size": [
                2,
                0,
                1
              ],
              "uv": [
                1,
                1
              ]
            },
            {
              "origin": [
                -0.475,
                34.3,
                -3.025
              ],
              "size": [
                1,
                0,
                1
              ],
              "uv": [
                2,
                0
              ]
            }
          ]
        },
        {
          "name": "eye_left",
          "parent": "head",
          "pivot": [
            2,
            35.85,
            -2.7375
          ],
          "cubes": [
            {
              "origin": [
                1,
                34.85,
                -3
              ],
              "size": [
                2,
                2,
                1
              ],
              "inflate": 0.01,
              "uv": [
                54,
                22
              ]
            }
          ]
        },
        {
          "name": "bone",
          "parent": "eye_left",
          "pivot": [
            1,
            35.85,
            -1.525
          ],
          "cubes": [
            {
              "origin": [
                0,
                34.85,
                -2.025
              ],
              "size": [
                2,
                2,
                1
              ],
              "inflate": 0.02,
              "uv": [
                38,
                56
              ]
            }
          ]
        },
        {
          "name": "iris_left",
          "parent": "eye_left",
          "pivot": [
            2,
            35.85,
            -3
          ],
          "cubes": [
            {
              "origin": [
                1.5,
                34.85,
                -3.025
              ],
              "size": [
                1,
                2,
                0
              ],
              "uv": [
                16,
                51
              ]
            }
          ]
        },
        {
          "name": "eye_right",
          "parent": "head",
          "pivot": [
            -2,
            35.85,
            -2.7375
          ],
          "cubes": [
            {
              "origin": [
                -3,
                34.85,
                -3
              ],
              "size": [
                2,
                2,
                1
              ],
              "inflate": 0.01,
              "uv": [
                54,
                22
              ],
              "mirror": true
            }
          ]
        },
        {
          "name": "bone33",
          "parent": "eye_right",
          "pivot": [
            -1,
            35.85,
            -1.525
          ],
          "cubes": [
            {
              "origin": [
                -2,
                34.85,
                -2.025
              ],
              "size": [
                2,
                2,
                1
              ],
              "inflate": 0.02,
              "uv": [
                38,
                56
              ],
              "mirror": true
            }
          ]
        },
        {
          "name": "iris_right",
          "parent": "eye_right",
          "pivot": [
            -2,
            35.85,
            -3
          ],
          "cubes": [
            {
              "origin": [
                -2.5,
                34.85,
                -3.025
              ],
              "size": [
                1,
                2,
                0
              ],
              "uv": [
                16,
                51
              ],
              "mirror": true
            }
          ]
        },
        {
          "name": "bone38",
          "parent": "head",
          "pivot": [
            1,
            34.1,
            3
          ],
          "rotation": [
            12.5,
            0,
            0
          ],
          "cubes": [
            {
              "origin": [
                0.5,
                31.1,
                2
              ],
              "size": [
                1,
                3,
                1
              ],
              "uv": [
                18,
                64
              ]
            }
          ]
        },
        {
          "name": "bone39",
          "parent": "head",
          "pivot": [
            -1,
            34.1,
            3
          ],
          "rotation": [
            12.5,
            0,
            0
          ],
          "cubes": [
            {
              "origin": [
                -1.5,
                31.1,
                2
              ],
              "size": [
                1,
                3,
                1
              ],
              "uv": [
                14,
                71
              ]
            }
          ]
        },
        {
          "name": "jacket",
          "parent": "chest",
          "pivot": [
            0,
            26.6,
            2.5
          ],
          "rotation": [
            -5,
            0,
            0
          ],
          "cubes": [
            {
              "origin": [
                -3.5,
                26.6,
                3.5
              ],
              "size": [
                7,
                7,
                2
              ],
              "uv": [
                22,
                59
              ]
            },
            {
              "origin": [
                -3.5,
                26.6,
                2.5
              ],
              "size": [
                7,
                6,
                1
              ],
              "uv": [
                66,
                17
              ]
            }
          ]
        },
        {
          "name": "bone20",
          "parent": "jacket",
          "pivot": [
            3.25,
            33.6,
            2.5
          ],
          "rotation": [
            7.5,
            0,
            0
          ],
          "cubes": [
            {
              "origin": [
                2.5,
                31.35,
                -1.5
              ],
              "size": [
                2,
                2,
                5
              ],
              "uv": [
                0,
                71
              ]
            }
          ]
        },
        {
          "name": "bone27",
          "parent": "bone20",
          "pivot": [
            4.15,
            33.225,
            -1.675
          ],
          "rotation": [
            38.93598,
            10.5011,
            10.73659
          ],
          "cubes": [
            {
              "origin": [
                2.4,
                30.975,
                -4.675
              ],
              "size": [
                2,
                2,
                3
              ],
              "uv": [
                46,
                68
              ]
            }
          ]
        },
        {
          "name": "bone28",
          "parent": "bone27",
          "pivot": [
            4.15,
            32.85,
            -4.675
          ],
          "rotation": [
            33.93598,
            10.5011,
            10.73659
          ],
          "cubes": [
            {
              "origin": [
                2.4,
                30.6,
                -7.675
              ],
              "size": [
                2,
                2,
                3
              ],
              "uv": [
                78,
                53
              ]
            }
          ]
        },
        {
          "name": "bone29",
          "parent": "bone28",
          "pivot": [
            4.15,
            32.675,
            -7.675
          ],
          "rotation": [
            33.93598,
            10.5011,
            10.73659
          ],
          "cubes": [
            {
              "origin": [
                3.4,
                30.425,
                -9.675
              ],
              "size": [
                1,
                2,
                2
              ],
              "uv": [
                42,
                84
              ]
            }
          ]
        },
        {
          "name": "bone18",
          "parent": "jacket",
          "pivot": [
            -3.25,
            33.6,
            2.5
          ],
          "rotation": [
            7.5,
            0,
            0
          ],
          "cubes": [
            {
              "origin": [
                -4.5,
                31.35,
                -1.5
              ],
              "size": [
                2,
                2,
                5
              ],
              "uv": [
                0,
                71
              ],
              "mirror": true
            }
          ]
        },
        {
          "name": "bone26",
          "parent": "bone18",
          "pivot": [
            -4.15,
            33.225,
            -1.675
          ],
          "rotation": [
            38.93598,
            -10.5011,
            -10.73659
          ],
          "cubes": [
            {
              "origin": [
                -4.4,
                30.975,
                -4.675
              ],
              "size": [
                2,
                2,
                3
              ],
              "uv": [
                46,
                68
              ],
              "mirror": true
            }
          ]
        },
        {
          "name": "bone30",
          "parent": "bone26",
          "pivot": [
            -4.15,
            32.85,
            -4.675
          ],
          "rotation": [
            33.93598,
            -10.5011,
            -10.73659
          ],
          "cubes": [
            {
              "origin": [
                -4.4,
                30.6,
                -7.675
              ],
              "size": [
                2,
                2,
                3
              ],
              "uv": [
                78,
                53
              ],
              "mirror": true
            }
          ]
        },
        {
          "name": "bone31",
          "parent": "bone30",
          "pivot": [
            -4.15,
            32.675,
            -7.675
          ],
          "rotation": [
            33.93598,
            -10.5011,
            -10.73659
          ],
          "cubes": [
            {
              "origin": [
                -4.4,
                30.425,
                -9.675
              ],
              "size": [
                1,
                2,
                2
              ],
              "uv": [
                42,
                84
              ],
              "mirror": true
            }
          ]
        },
        {
          "name": "arm_left",
          "parent": "chest",
          "pivot": [
            3,
            30.85,
            0.25
          ],
          "rotation": [
            0,
            0,
            30
          ],
          "cubes": [
            {
              "origin": [
                3,
                28.85,
                -0.75
              ],
              "size": [
                6,
                2,
                2
              ],
              "uv": [
                0,
                51
              ]
            }
          ]
        },
        {
          "name": "forearm_left",
          "parent": "arm_left",
          "pivot": [
            9,
            30.85,
            1.25
          ],
          "cubes": [
            {
              "origin": [
                9,
                28.1,
                -1.75
              ],
              "size": [
                7,
                4,
                4
              ],
              "uv": [
                48,
                0
              ]
            },
            {
              "origin": [
                11.75,
                30.1,
                -1.75
              ],
              "size": [
                1,
                2,
                4
              ],
              "inflate": 0.25,
              "uv": [
                76,
                59
              ]
            },
            {
              "origin": [
                14.5,
                30.1,
                -1.75
              ],
              "size": [
                1,
                2,
                4
              ],
              "inflate": 0.25,
              "uv": [
                0,
                78
              ]
            }
          ]
        },
        {
          "name": "hand_left",
          "parent": "forearm_left",
          "pivot": [
            16,
            32.1,
            0.25
          ],
          "cubes": [
            {
              "origin": [
                16,
                28.1,
                -1.75
              ],
              "size": [
                2,
                4,
                4
              ],
              "inflate": 0.01,
              "uv": [
                14,
                75
              ]
            }
          ]
        },
        {
          "name": "finger_left2",
          "parent": "hand_left",
          "pivot": [
            18,
            30.35,
            1.5
          ],
          "cubes": [
            {
              "origin": [
                18,
                29.35,
                1
              ],
              "size": [
                2,
                1,
                1
              ],
              "uv": [
                52,
                35
              ]
            }
          ]
        },
        {
          "name": "finger_left4",
          "parent": "finger_left2",
          "pivot": [
            19.75,
            30.35,
            1.5
          ],
          "cubes": [
            {
              "origin": [
                20,
                29.35,
                1
              ],
              "size": [
                1,
                1,
                1
              ],
              "inflate": 0.25,
              "uv": [
                64,
                81
              ]
            }
          ]
        },
        {
          "name": "finger_left",
          "parent": "hand_left",
          "pivot": [
            18,
            30.35,
            -1
          ],
          "cubes": [
            {
              "origin": [
                18,
                29.35,
                -1.5
              ],
              "size": [
                2,
                1,
                1
              ],
              "uv": [
                0,
                55
              ]
            }
          ]
        },
        {
          "name": "finger_left3",
          "parent": "finger_left",
          "pivot": [
            19.75,
            30.35,
            -1
          ],
          "cubes": [
            {
              "origin": [
                20,
                29.35,
                -1.5
              ],
              "size": [
                1,
                1,
                1
              ],
              "inflate": 0.25,
              "uv": [
                72,
                81
              ]
            }
          ]
        },
        {
          "name": "thumb_left",
          "parent": "hand_left",
          "pivot": [
            16.4,
            30.35,
            -1
          ],
          "rotation": [
            44.95744,
            52.66079,
            54.78605
          ],
          "cubes": [
            {
              "origin": [
                16.36027,
                29.35,
                -1.48056
              ],
              "size": [
                3,
                1,
                1
              ],
              "uv": [
                44,
                35
              ]
            }
          ]
        },
        {
          "name": "thumb_left2",
          "parent": "thumb_left",
          "pivot": [
            19.11027,
            30.35,
            -0.98056
          ],
          "cubes": [
            {
              "origin": [
                19.36027,
                29.35,
                -1.48056
              ],
              "size": [
                1,
                1,
                1
              ],
              "inflate": 0.25,
              "uv": [
                80,
                81
              ]
            }
          ]
        },
        {
          "name": "arm_right",
          "parent": "chest",
          "pivot": [
            -3,
            30.85,
            0.25
          ],
          "rotation": [
            0,
            0,
            -30
          ],
          "cubes": [
            {
              "origin": [
                -9,
                28.85,
                -0.75
              ],
              "size": [
                6,
                2,
                2
              ],
              "uv": [
                0,
                51
              ],
              "mirror": true
            }
          ]
        },
        {
          "name": "forearm_right",
          "parent": "arm_right",
          "pivot": [
            -9,
            30.85,
            1.25
          ],
          "cubes": [
            {
              "origin": [
                -16,
                28.1,
                -1.75
              ],
              "size": [
                7,
                4,
                4
              ],
              "uv": [
                48,
                0
              ],
              "mirror": true
            },
            {
              "origin": [
                -12.75,
                30.1,
                -1.75
              ],
              "size": [
                1,
                2,
                4
              ],
              "inflate": 0.25,
              "uv": [
                76,
                59
              ],
              "mirror": true
            },
            {
              "origin": [
                -15.5,
                30.1,
                -1.75
              ],
              "size": [
                1,
                2,
                4
              ],
              "inflate": 0.25,
              "uv": [
                0,
                78
              ],
              "mirror": true
            }
          ]
        },
        {
          "name": "hand_right",
          "parent": "forearm_right",
          "pivot": [
            -16,
            32.1,
            0.25
          ],
          "cubes": [
            {
              "origin": [
                -18,
                28.1,
                -1.75
              ],
              "size": [
                2,
                4,
                4
              ],
              "inflate": 0.01,
              "uv": [
                14,
                75
              ],
              "mirror": true
            }
          ]
        },
        {
          "name": "finger_right2",
          "parent": "hand_right",
          "pivot": [
            -18,
            30.35,
            1.5
          ],
          "cubes": [
            {
              "origin": [
                -20,
                29.35,
                1
              ],
              "size": [
                2,
                1,
                1
              ],
              "uv": [
                52,
                35
              ],
              "mirror": true
            }
          ]
        },
        {
          "name": "finger_right4",
          "parent": "finger_right2",
          "pivot": [
            -19.75,
            30.35,
            1.5
          ],
          "cubes": [
            {
              "origin": [
                -21,
                29.35,
                1
              ],
              "size": [
                1,
                1,
                1
              ],
              "inflate": 0.25,
              "uv": [
                63,
                81
              ],
              "mirror": true
            }
          ]
        },
        {
          "name": "finger_right",
          "parent": "hand_right",
          "pivot": [
            -18,
            30.35,
            -1
          ],
          "cubes": [
            {
              "origin": [
                -20,
                29.35,
                -1.5
              ],
              "size": [
                2,
                1,
                1
              ],
              "uv": [
                0,
                55
              ],
              "mirror": true
            }
          ]
        },
        {
          "name": "finger_right3",
          "parent": "finger_right",
          "pivot": [
            -19.75,
            30.35,
            -1
          ],
          "cubes": [
            {
              "origin": [
                -21,
                29.35,
                -1.5
              ],
              "size": [
                1,
                1,
                1
              ],
              "inflate": 0.25,
              "uv": [
                71,
                81
              ],
              "mirror": true
            }
          ]
        },
        {
          "name": "thumb_right",
          "parent": "hand_right",
          "pivot": [
            -16.4,
            30.35,
            -1
          ],
          "rotation": [
            44.95744,
            -52.66079,
            -54.78605
          ],
          "cubes": [
            {
              "origin": [
                -19.36027,
                29.35,
                -1.48056
              ],
              "size": [
                3,
                1,
                1
              ],
              "uv": [
                44,
                35
              ],
              "mirror": true
            }
          ]
        },
        {
          "name": "thumb_right2",
          "parent": "thumb_right",
          "pivot": [
            -19.11027,
            30.35,
            -0.98056
          ],
          "cubes": [
            {
              "origin": [
                -20.36027,
                29.35,
                -1.48056
              ],
              "size": [
                1,
                1,
                1
              ],
              "inflate": 0.25,
              "uv": [
                79,
                81
              ],
              "mirror": true
            }
          ]
        },
        {
          "name": "leg_left",
          "parent": "body",
          "pivot": [
            3.25,
            21.6,
            -0.25
          ],
          "rotation": [
            2.5,
            0,
            -12.5
          ],
          "cubes": [
            {
              "origin": [
                2,
                15.85,
                -2.75
              ],
              "size": [
                5,
                7,
                6
              ],
              "uv": [
                0,
                24
              ]
            },
            {
              "origin": [
                4,
                19.6,
                -2.75
              ],
              "size": [
                3,
                1,
                6
              ],
              "inflate": 0.25,
              "uv": [
                58,
                59
              ]
            },
            {
              "origin": [
                4,
                17.1,
                -2.75
              ],
              "size": [
                3,
                1,
                6
              ],
              "inflate": 0.25,
              "uv": [
                60,
                45
              ]
            }
          ]
        },
        {
          "name": "leg_left2",
          "parent": "leg_left",
          "pivot": [
            4.05,
            15.85,
            -2.65
          ],
          "rotation": [
            15,
            0,
            0
          ],
          "cubes": [
            {
              "origin": [
                2.5,
                12.85,
                -2.65
              ],
              "size": [
                3,
                3,
                4
              ],
              "uv": [
                18,
                68
              ]
            }
          ]
        },
        {
          "name": "leg_left3",
          "parent": "leg_left2",
          "pivot": [
            3.75,
            12.85,
            1.35
          ],
          "rotation": [
            -17.5,
            0,
            0
          ],
          "cubes": [
            {
              "origin": [
                2,
                3.85,
                -2.65
              ],
              "size": [
                4,
                9,
                5
              ],
              "uv": [
                0,
                37
              ]
            }
          ]
        },
        {
          "name": "foot_left",
          "parent": "leg_left3",
          "pivot": [
            4,
            3.8,
            -0.15
          ],
          "cubes": [
            {
              "origin": [
                1.5,
                -0.15,
                -2.9
              ],
              "size": [
                5,
                4,
                6
              ],
              "inflate": 0.02,
              "uv": [
                18,
                37
              ]
            }
          ]
        },
        {
          "name": "bone7",
          "parent": "foot_left",
          "pivot": [
            2.5,
            0.85,
            1.325
          ],
          "rotation": [
            0,
            0,
            -17.5
          ],
          "cubes": [
            {
              "origin": [
                0.5,
                -0.15,
                0.325
              ],
              "size": [
                2,
                2,
                2
              ],
              "uv": [
                80,
                28
              ]
            }
          ]
        },
        {
          "name": "bone8",
          "parent": "bone7",
          "pivot": [
            0.5,
            -0.15,
            1.325
          ],
          "cubes": [
            {
              "origin": [
                -1.5,
                -0.15,
                0.325
              ],
              "size": [
                2,
                2,
                2
              ],
              "inflate": 0.01,
              "uv": [
                46,
                80
              ]
            }
          ]
        },
        {
          "name": "bone9",
          "parent": "foot_left",
          "pivot": [
            5.4,
            1.1,
            -1.65
          ],
          "rotation": [
            20.01754,
            -2.34914,
            -0.85553
          ],
          "cubes": [
            {
              "origin": [
                4.4,
                0.1,
                -6.65
              ],
              "size": [
                2,
                2,
                5
              ],
              "uv": [
                32,
                68
              ]
            }
          ]
        },
        {
          "name": "bone10",
          "parent": "bone9",
          "pivot": [
            5.4,
            0.1,
            -6.65
          ],
          "cubes": [
            {
              "origin": [
                4.4,
                0.1,
                -8.65
              ],
              "size": [
                2,
                2,
                2
              ],
              "inflate": 0.02,
              "uv": [
                80,
                12
              ]
            }
          ]
        },
        {
          "name": "bone5",
          "parent": "foot_left",
          "pivot": [
            2.4,
            1.1,
            -1.65
          ],
          "rotation": [
            20.28356,
            9.39129,
            3.45118
          ],
          "cubes": [
            {
              "origin": [
                1.4,
                0.1,
                -6.65
              ],
              "size": [
                2,
                2,
                5
              ],
              "uv": [
                70,
                0
              ]
            }
          ]
        },
        {
          "name": "bone6",
          "parent": "bone5",
          "pivot": [
            2.4,
            0.1,
            -6.65
          ],
          "cubes": [
            {
              "origin": [
                1.4,
                0.1,
                -8.65
              ],
              "size": [
                2,
                2,
                2
              ],
              "inflate": 0.02,
              "uv": [
                80,
                24
              ]
            }
          ]
        },
        {
          "name": "leg_right",
          "parent": "body",
          "pivot": [
            -3.25,
            21.6,
            -0.25
          ],
          "rotation": [
            2.5,
            0,
            12.5
          ],
          "cubes": [
            {
              "origin": [
                -7,
                15.85,
                -2.75
              ],
              "size": [
                5,
                7,
                6
              ],
              "uv": [
                0,
                24
              ],
              "mirror": true
            },
            {
              "origin": [
                -7,
                19.6,
                -2.75
              ],
              "size": [
                3,
                1,
                6
              ],
              "inflate": 0.25,
              "uv": [
                58,
                59
              ],
              "mirror": true
            },
            {
              "origin": [
                -7,
                17.1,
                -2.75
              ],
              "size": [
                3,
                1,
                6
              ],
              "inflate": 0.25,
              "uv": [
                60,
                45
              ],
              "mirror": true
            }
          ]
        },
        {
          "name": "leg_right2",
          "parent": "leg_right",
          "pivot": [
            -4,
            15.85,
            -2.65
          ],
          "rotation": [
            15,
            0,
            0
          ],
          "cubes": [
            {
              "origin": [
                -5.5,
                12.85,
                -2.65
              ],
              "size": [
                3,
                3,
                4
              ],
              "uv": [
                18,
                68
              ],
              "mirror": true
            }
          ]
        },
        {
          "name": "leg_right3",
          "parent": "leg_right2",
          "pivot": [
            -3.75,
            12.85,
            1.35
          ],
          "rotation": [
            -17.5,
            0,
            0
          ],
          "cubes": [
            {
              "origin": [
                -6,
                3.85,
                -2.65
              ],
              "size": [
                4,
                9,
                5
              ],
              "uv": [
                0,
                37
              ],
              "mirror": true
            }
          ]
        },
        {
          "name": "foot_right",
          "parent": "leg_right3",
          "pivot": [
            -4,
            3.8,
            -0.15
          ],
          "cubes": [
            {
              "origin": [
                -6.5,
                -0.15,
                -2.9
              ],
              "size": [
                5,
                4,
                6
              ],
              "inflate": 0.02,
              "uv": [
                18,
                37
              ],
              "mirror": true
            }
          ]
        },
        {
          "name": "bone2",
          "parent": "foot_right",
          "pivot": [
            -2.5,
            0.85,
            1.325
          ],
          "rotation": [
            0,
            0,
            17.5
          ],
          "cubes": [
            {
              "origin": [
                -2.5,
                -0.15,
                0.325
              ],
              "size": [
                2,
                2,
                2
              ],
              "uv": [
                80,
                28
              ],
              "mirror": true
            }
          ]
        },
        {
          "name": "bone13",
          "parent": "bone2",
          "pivot": [
            -0.5,
            -0.15,
            1.325
          ],
          "cubes": [
            {
              "origin": [
                -0.5,
                -0.15,
                0.325
              ],
              "size": [
                2,
                2,
                2
              ],
              "inflate": 0.01,
              "uv": [
                46,
                80
              ],
              "mirror": true
            }
          ]
        },
        {
          "name": "bone14",
          "parent": "foot_right",
          "pivot": [
            -5.4,
            1.1,
            -1.65
          ],
          "rotation": [
            20.01754,
            2.34914,
            0.85553
          ],
          "cubes": [
            {
              "origin": [
                -6.4,
                0.1,
                -6.65
              ],
              "size": [
                2,
                2,
                5
              ],
              "uv": [
                32,
                68
              ],
              "mirror": true
            }
          ]
        },
        {
          "name": "bone15",
          "parent": "bone14",
          "pivot": [
            -5.4,
            0.1,
            -6.65
          ],
          "cubes": [
            {
              "origin": [
                -6.4,
                0.1,
                -8.65
              ],
              "size": [
                2,
                2,
                2
              ],
              "inflate": 0.02,
              "uv": [
                80,
                12
              ],
              "mirror": true
            }
          ]
        },
        {
          "name": "bone16",
          "parent": "foot_right",
          "pivot": [
            -2.4,
            1.1,
            -1.65
          ],
          "rotation": [
            20.28356,
            -9.39129,
            -3.45118
          ],
          "cubes": [
            {
              "origin": [
                -3.4,
                0.1,
                -6.65
              ],
              "size": [
                2,
                2,
                5
              ],
              "uv": [
                70,
                0
              ],
              "mirror": true
            }
          ]
        },
        {
          "name": "bone17",
          "parent": "bone16",
          "pivot": [
            -2.4,
            0.1,
            -6.65
          ],
          "cubes": [
            {
              "origin": [
                -3.4,
                0.1,
                -8.65
              ],
              "size": [
                2,
                2,
                2
              ],
              "inflate": 0.02,
              "uv": [
                80,
                24
              ],
              "mirror": true
            }
          ]
        }
      ]
    }
  ]
}