{
    "pokemon.glaceon_kazeran.cry": {
        "sounds": ["cobblemon:pokemon/glaceon/glaceon_kazeran_cry"]
    },
    "pokemon.leafeon_kazeran.cry": {
        "sounds": ["cobblemon:pokemon/leafeon/leafeon_kazeran_cry"]
    },
    "pokemon.sylveon_kazeran.cry": {
        "sounds": ["cobblemon:pokemon/sylveon/sylveon_kazeran_cry"]
    },
    "pokemon.umbreon_kazeran.cry": {
        "sounds": ["cobblemon:pokemon/umbreon/umbreon_kazeran_cry"]
    },
    "pokemon.espeon_kazeran.cry": {
        "sounds": ["cobblemon:pokemon/espeon/espeon_kazeran_cry"]
    },
    "pokemon.vaporeon_kazeran.cry": {
        "sounds": ["cobblemon:pokemon/vaporeon/vaporeon_kazeran_cry"]
    },
    "pokemon.flareon_kazeran.cry": {
        "sounds": ["cobblemon:pokemon/flareon/flareon_kazeran_cry"]
    },
    "pokemon.jolteon_kazeran.cry": {
        "sounds": ["cobblemon:pokemon/jolteon/jolteon_kazeran_cry"]
    }
}