{
	"format_version": "1.12.0",
	"minecraft:geometry": [
		{
			"description": {
				"identifier": "geometry.basculin_bluestripe",
				"texture_width": 64,
				"texture_height": 64,
				"visible_bounds_width": 4,
				"visible_bounds_height": 3.5,
				"visible_bounds_offset": [0, 1.25, 0]
			},
			"bones": [
				{
					"name": "basculin",
					"pivot": [0, 0, 0]
				},
				{
					"name": "locator_root",
					"parent": "basculin",
					"pivot": [0, 0, 0],
					"locators": {
						"root": [0, 0, 0]
					}
				},
				{
					"name": "locator_top",
					"parent": "basculin",
					"pivot": [0, 18, 0],
					"locators": {
						"top": [0, 18, 0]
					}
				},
				{
					"name": "body",
					"parent": "basculin",
					"pivot": [0, 7, 0]
				},
				{
                    "name": "locator_seat_1",
                    "parent": "body",
                    "pivot": [0, 13, 3],
                    "locators": {
                        "seat_1": [0, 13, 3]
                    }
                },
				{
					"name": "locator_target",
					"parent": "body",
					"pivot": [0, 7.5, -14],
					"locators": {
						"target": [0, 7.5, -14]
					}
				},
				{
					"name": "locator_middle",
					"parent": "body",
					"pivot": [0, 8, 0],
					"locators": {
						"middle": [0, 8, 0]
					}
				},
				{
					"name": "torso",
					"parent": "body",
					"pivot": [0, 6.5, -3.5],
					"cubes": [
						{"origin": [-4, 0, -4.5], "size": [8, 14, 10], "uv": [0, 0]},
						{"origin": [-4, 4.5, 3.5], "size": [8, 3, 2], "inflate": 0.01, "uv": [44, 18]},
						{"origin": [0, 13, -4.9], "size": [0, 6, 10], "pivot": [0, 17.25, 1.25], "rotation": [-2.5, 0, 0], "uv": [40, 38]}
					]
				},
				{
					"name": "locator_mouth",
					"parent": "torso",
					"pivot": [0, 6, -8.75],
					"locators": {
						"mouth": [0, 6, -8.75],
						"special": [0, 6, -8.75],
						"physical": [0, 6, -8.75]
					}
				},
				{
					"name": "head",
					"parent": "torso",
					"pivot": [0, 6.5, -3.25],
					"cubes": [
						{"origin": [-3.5, 0.5, -5.25], "size": [7, 13, 4], "uv": [0, 38]}
					]
				},
				{
					"name": "locator_item_face",
					"parent": "head",
					"pivot": [0, 8.5, -12],
					"locators": {
						"item_face": [0, 8.5, -12]
					}
				},
				{
					"name": "head_rot",
					"parent": "head",
					"pivot": [0, 13.5, -5.5],
					"rotation": [5, 0, 0],
					"cubes": [
						{"origin": [-3.5, 6.5, -12.25], "size": [7, 7, 8], "inflate": 0.01, "uv": [34, 23]},
						{"origin": [-3.515, 5.5, -8.35], "size": [0, 2, 2], "inflate": 0.01, "pivot": [-3.5, 6.5, -7.35], "rotation": [45, 0, 0], "uv": [0, 26]},
						{"origin": [3.515, 5.5, -8.35], "size": [0, 2, 2], "inflate": 0.01, "pivot": [3.5, 6.5, -7.35], "rotation": [45, 0, 0], "uv": [0, 24]}
					]
				},
				{
					"name": "locator_jaw_upper",
					"parent": "head_rot",
					"pivot": [0, 6.5, -11.25],
					"rotation": [-90, 0, 0],
					"locators": {
						"jaw1": [0, 6.5, -11.25]
					}
				},
				{
					"name": "eyes",
					"parent": "head_rot",
					"pivot": [0, 10, -8.25],
					"cubes": [
						{"origin": [-3.51, 10.25, -11.25], "size": [7, 2, 5], "inflate": 0.05, "uv": [35, 54]}
					]
				},
				{
					"name": "right_eye",
					"parent": "eyes",
					"pivot": [0, 6.5, -11],
					"cubes": [
						{"origin": [-3.515, 8.5, -11.25], "size": [0, 3, 5], "uv": [32, 56]}
					]
				},
				{
					"name": "locator_eye_right",
					"parent": "right_eye",
					"pivot": [-3.5, 9.5, -9.5],
					"locators": {
						"eye": [-3.5, 9.5, -9.5]
					}
				},
				{
					"name": "right_pupil",
					"parent": "right_eye",
					"pivot": [-3.5125, 9.5, -9.5],
					"cubes": [
						{"origin": [-3.51, 8.5, -10.5], "size": [0, 2, 2], "inflate": 0.01, "uv": [0, 6]},
						{"origin": [-3.515, 9, -10], "size": [0, 1, 1], "inflate": 0.01, "uv": [30, 57]}
					]
				},
				{
					"name": "right_eyelid",
					"parent": "right_eye",
					"pivot": [-2.91, 10, -8.75],
					"cubes": [
						{"origin": [-3.41, 8.5, -11.25], "size": [1, 3, 5], "inflate": 0.02, "uv": [0, 56]}
					]
				},
				{
					"name": "right_step_eyelid1",
					"parent": "right_eyelid",
					"pivot": [-3.31, 9.5, -10.25],
					"cubes": [
						{"origin": [-3.31, 8.5, -11.25], "size": [0, 2, 2], "inflate": 0.025, "uv": [1, 57]}
					]
				},
				{
					"name": "right_step_eyelid2",
					"parent": "right_eyelid",
					"pivot": [-3.31, 10, -10.25],
					"cubes": [
						{"origin": [-3.31, 8.5, -11.25], "size": [0, 2, 3], "inflate": 0.025, "uv": [7, 52]}
					]
				},
				{
					"name": "right_angry_eyelid",
					"parent": "right_eye",
					"pivot": [-3.51, 11, -7.25],
					"cubes": [
						{"origin": [-3.41, 10.5, -8.25], "size": [0, 1, 2], "inflate": 0.02, "uv": [7, 57]}
					]
				},
				{
					"name": "right_sad_eyelid",
					"parent": "right_eye",
					"pivot": [-3.41, 10.5, -7.25],
					"cubes": [
						{"origin": [-3.41, 9.5, -8.25], "size": [0, 2, 2], "inflate": 0.02, "uv": [7, 55]}
					]
				},
				{
					"name": "left_eye",
					"parent": "eyes",
					"pivot": [3.51, 10, -8.75],
					"cubes": [
						{"origin": [3.515, 8.5, -11.25], "size": [0, 3, 5], "uv": [42, 56]}
					]
				},
				{
					"name": "locator_eye_left",
					"parent": "left_eye",
					"pivot": [3.5, 9.5, -9.5],
					"locators": {
						"eye2": [3.5, 9.5, -9.5]
					}
				},
				{
					"name": "left_pupil",
					"parent": "left_eye",
					"pivot": [3.5125, 9.5, -9.5],
					"cubes": [
						{"origin": [3.51, 8.5, -10.5], "size": [0, 2, 2], "inflate": 0.01, "uv": [4, 6]},
						{"origin": [3.515, 9, -10], "size": [0, 1, 1], "inflate": 0.01, "uv": [32, 57]}
					]
				},
				{
					"name": "left_eyelid",
					"parent": "left_eye",
					"pivot": [2.91, 10, -8.75],
					"cubes": [
						{"origin": [2.41, 8.5, -11.25], "size": [1, 3, 5], "inflate": 0.02, "uv": [26, 2]}
					]
				},
				{
					"name": "left_step_eyelid1",
					"parent": "left_eyelid",
					"pivot": [3.31, 9.5, -10.25],
					"cubes": [
						{"origin": [3.31, 8.5, -11.25], "size": [0, 2, 2], "inflate": 0.025, "uv": [1, 55]}
					]
				},
				{
					"name": "left_step_eyelid2",
					"parent": "left_eyelid",
					"pivot": [3.31, 10, -10.25],
					"cubes": [
						{"origin": [3.31, 8.5, -11.25], "size": [0, 2, 3], "inflate": 0.025, "uv": [12, 58]}
					]
				},
				{
					"name": "left_angry_eyelid",
					"parent": "left_eye",
					"pivot": [3.41, 10.5, -8.75],
					"cubes": [
						{"origin": [3.41, 10.5, -8.25], "size": [0, 1, 2], "inflate": 0.02, "uv": [11, 57]}
					]
				},
				{
					"name": "left_sad_eyelid",
					"parent": "left_eye",
					"pivot": [3.41, 10.5, -7.25],
					"cubes": [
						{"origin": [3.41, 9.5, -8.25], "size": [0, 2, 2], "inflate": 0.02, "uv": [11, 55]}
					]
				},
				{
					"name": "top_teeth",
					"parent": "head_rot",
					"pivot": [1.2, 6.5, -11.75],
					"cubes": [
						{"origin": [-3.15, 6, -10.25], "size": [0, 1, 1], "pivot": [-3.15, 6.5, -9.75], "rotation": [45, -10, 0], "uv": [16, 54]},
						{"origin": [-2.55, 6, -11.65], "size": [0, 1, 1], "pivot": [-2.55, 6.5, -11.15], "rotation": [45, -37.5, 0], "uv": [18, 54]},
						{"origin": [-1.2, 6, -12.25], "size": [0, 1, 1], "pivot": [-1.2, 6.5, -11.75], "rotation": [0, -85, 45], "uv": [16, 55]},
						{"origin": [3.15, 6, -10.25], "size": [0, 1, 1], "pivot": [3.15, 6.5, -9.75], "rotation": [45, 10, 0], "uv": [30, 56]},
						{"origin": [2.55, 6, -11.65], "size": [0, 1, 1], "pivot": [2.55, 6.5, -11.15], "rotation": [45, 37.5, 0], "uv": [26, 56]},
						{"origin": [1.2, 6, -12.25], "size": [0, 1, 1], "pivot": [1.2, 6.5, -11.75], "rotation": [0, 85, -45], "uv": [32, 56]}
					]
				},
				{
					"name": "jaw",
					"parent": "head",
					"pivot": [0, 5.5, -4.7],
					"rotation": [-12.5, 0, 0],
					"cubes": [
						{"origin": [-3.5, 0.5, -12.7], "size": [7, 5, 9], "inflate": 0.02, "uv": [0, 24]},
						{"origin": [-3.5, 3.9, -7], "size": [0, 2, 2], "pivot": [-3.5, 6.4, -6.25], "rotation": [45, 0, 0], "uv": [0, 28]},
						{"origin": [3.51, 3.9, -7], "size": [0, 2, 2], "pivot": [3.5, 6.4, -6.25], "rotation": [45, 0, 0], "uv": [0, 22]},
						{"origin": [-1.95, 5, -12.15], "size": [0, 1, 1], "pivot": [-1.95, 5.5, -11.65], "rotation": [-45, -75, 0], "uv": [20, 54]},
						{"origin": [-3.1, 5, -11], "size": [0, 1, 1], "pivot": [-3.1, 5.5, -10.5], "rotation": [-45, -17.5, 0], "uv": [20, 55]},
						{"origin": [-3.3, 5, -8.95], "size": [0, 1, 1], "pivot": [-3.3, 5.5, -8.45], "rotation": [-45, 0, 0], "uv": [18, 55]},
						{"origin": [1.95, 5, -12.15], "size": [0, 1, 1], "pivot": [1.95, 5.5, -11.65], "rotation": [-45, 75, 0], "uv": [28, 57]},
						{"origin": [3.1, 5, -11], "size": [0, 1, 1], "pivot": [3.1, 5.5, -10.5], "rotation": [-45, 17.5, 0], "uv": [26, 57]},
						{"origin": [3.3, 5, -8.95], "size": [0, 1, 1], "pivot": [3.3, 5.5, -8.45], "rotation": [-45, 0, 0], "uv": [28, 56]}
					]
				},
				{
					"name": "locator_jaw_lower",
					"parent": "jaw",
					"pivot": [0, 5.5, -11.75],
					"rotation": [-90, 0, 0],
					"locators": {
						"jaw2": [0, 5.5, -11.75]
					}
				},
				{
					"name": "tongue",
					"parent": "jaw",
					"pivot": [0, 5.75, -4.95],
					"cubes": [
						{"origin": [-2, 5.25, -10.95], "size": [4, 1, 6], "inflate": 0.02, "uv": [12, 57]}
					]
				},
				{
					"name": "fins",
					"parent": "torso",
					"pivot": [0, 5, -2.75]
				},
				{
					"name": "fin_right",
					"parent": "fins",
					"pivot": [-4, 6, -2.75],
					"cubes": [
						{"origin": [-10, 3, -2.75], "size": [6, 6, 0], "uv": [23, 24]}
					]
				},
				{
					"name": "fin_right2",
					"parent": "fin_right",
					"pivot": [-10, 6, -2.75],
					"cubes": [
						{"origin": [-17, 2, -2.75], "size": [7, 8, 0], "uv": [36, 38]}
					]
				},
				{
					"name": "fin_left",
					"parent": "fins",
					"pivot": [4, 6, -2.75],
					"cubes": [
						{"origin": [4, 3, -2.75], "size": [6, 6, 0], "uv": [35, 0]}
					]
				},
				{
					"name": "fin_left2",
					"parent": "fin_left",
					"pivot": [10, 6, -2.75],
					"cubes": [
						{"origin": [10, 2, -2.75], "size": [7, 8, 0], "uv": [22, 38]}
					]
				},
				{
					"name": "tail",
					"parent": "torso",
					"pivot": [0, 6.25, 4.5],
					"cubes": [
						{"origin": [0, -5.5, 5.75], "size": [0, 7, 5], "pivot": [0, -1.5, 6.25], "rotation": [32.5, 0, 0], "uv": [0, -5]},
						{"origin": [-2.5, 1.25, 2.5], "size": [5, 11, 7], "uv": [40, 0]},
						{"origin": [0, 9, 8], "size": [0, 9, 5], "pivot": [0, 14, 9], "rotation": [-45, 0, 0], "uv": [50, 33]}
					]
				},
				{
					"name": "tail_fin",
					"parent": "tail",
					"pivot": [0, 5.25, 9.5],
					"cubes": [
						{"origin": [0, 0.75, 8.5], "size": [0, 9, 9], "uv": [22, 39]}
					]
				},
				{
					"name": "locator_tail_tip",
					"parent": "tail_fin",
					"pivot": [0, 5.75, 14.5],
					"rotation": [-180, 0, 180],
					"locators": {
						"tail_tip": [0, 5.75, 14.5]
					}
				}
			]
		}
	]
}