{
	"format_version": "1.12.0",
	"minecraft:geometry": [
		{
			"description": {
				"identifier": "geometry.palafin_hero",
				"texture_width": 128,
				"texture_height": 128,
				"visible_bounds_width": 6,
				"visible_bounds_height": 4.5,
				"visible_bounds_offset": [0, 1.75, 0]
			},
			"bones": [
				{
					"name": "palafin_hero",
					"pivot": [0, 0, 0]
				},
				{
					"name": "body",
					"parent": "palafin_hero",
					"pivot": [0, 3, 0]
				},
				{
                    "name": "locator_seat_1",
                    "parent": "body",
                    "pivot": [0, 39, 4],
                    "locators": {
                        "seat_1": [0, 39, 4]
                    }
                },
				{
					"name": "torso",
					"parent": "body",
					"pivot": [0, 3, 0],
					"cubes": [
						{"origin": [-1.5, 2, -1.5], "size": [3, 10, 3], "inflate": 0.01, "uv": [84, 8]},
						{"origin": [-2, 3.5, -2], "size": [4, 5, 4], "inflate": 0.1, "uv": [29, 39]}
					]
				},
				{
					"name": "torso2",
					"parent": "torso",
					"pivot": [0, 11, 0],
					"cubes": [
						{"origin": [-2.5, 11, -2.5], "size": [5, 6, 5], "uv": [73, 30]}
					]
				},
				{
					"name": "waist1",
					"parent": "torso2",
					"pivot": [0, 16, 0],
					"cubes": [
						{"origin": [-4, 16, -4], "size": [8, 5, 8], "uv": [41, 30]}
					]
				},
				{
					"name": "waist2",
					"parent": "waist1",
					"pivot": [0, 20, 0],
					"cubes": [
						{"origin": [-6, 20, -5], "size": [12, 5, 10], "uv": [5, 21]},
						{"origin": [-0.5, 22, -5.01], "size": [1, 2, 0], "uv": [13, 29]}
					]
				},
				{
					"name": "chest",
					"parent": "waist2",
					"pivot": [0, 24, 0],
					"rotation": [-2.5, 0, 0],
					"cubes": [
						{"origin": [-8, 24, -6.5], "size": [16, 9, 13], "inflate": 0.01, "uv": [39, 8]}
					]
				},
				{
					"name": "arms",
					"parent": "chest",
					"pivot": [0, 32, 0],
					"rotation": [2.5, 0, 0]
				},
				{
					"name": "arm_left",
					"parent": "arms",
					"pivot": [8, 29.5, 0]
				},
				{
					"name": "arm_left_rotation",
					"parent": "arm_left",
					"pivot": [8, 32, 0],
					"cubes": [
						{"origin": [8, 27, -2.5], "size": [9, 5, 5], "uv": [1, 36]}
					]
				},
				{
					"name": "shoulder_left",
					"parent": "arm_left_rotation",
					"pivot": [10.5, 29, 0],
					"rotation": [0, 0, 7.5],
					"cubes": [
						{"origin": [9.5, 28, -3], "size": [3, 5, 6], "inflate": 0.01, "uv": [28, 50]},
						{"origin": [9.5, 28.5, -3], "size": [2, 4, 6], "pivot": [9.5, 28.5, 0], "rotation": [0, 0, -32.5], "uv": [30, 61]}
					]
				},
				{
					"name": "arm_left2",
					"parent": "arm_left_rotation",
					"pivot": [17, 32, 2.5],
					"cubes": [
						{"origin": [17, 27, -2.5], "size": [3, 5, 5], "inflate": 0.01, "uv": [40, 43]}
					]
				},
				{
					"name": "arm_left3",
					"parent": "arm_left2",
					"pivot": [20, 32, 0],
					"cubes": [
						{"origin": [20, 27, -2.5], "size": [7, 5, 5], "inflate": 0.02, "uv": [72, 41]},
						{"origin": [20, 26.5, -3], "size": [2, 6, 6], "inflate": 0.01, "uv": [2, 56]}
					]
				},
				{
					"name": "hand_left",
					"parent": "arm_left3",
					"pivot": [27, 29.5, 0]
				},
				{
					"name": "hand_left_rotation",
					"parent": "hand_left",
					"pivot": [27, 31.5, 2.5],
					"cubes": [
						{"origin": [27, 27.5, -2.5], "size": [3, 4, 5], "inflate": 0.01, "uv": [4, 68]}
					]
				},
				{
					"name": "fingers_left",
					"parent": "hand_left_rotation",
					"pivot": [30, 30.5, 0]
				},
				{
					"name": "finger_back_left",
					"parent": "fingers_left",
					"pivot": [30, 30.5, 0.75],
					"cubes": [
						{"origin": [29.5, 28.5, 0.75], "size": [3, 2, 1], "uv": [58, 63]}
					]
				},
				{
					"name": "finger_back_left2",
					"parent": "finger_back_left",
					"pivot": [32.5, 30.5, 1.25],
					"cubes": [
						{"origin": [32.5, 28.5, 0.75], "size": [2, 2, 1], "uv": [66, 63]}
					]
				},
				{
					"name": "finger_middle_left",
					"parent": "fingers_left",
					"pivot": [30, 30.5, 0],
					"cubes": [
						{"origin": [29.5, 28.5, -0.5], "size": [3, 2, 1], "uv": [82, 57]}
					]
				},
				{
					"name": "finger_middle_left2",
					"parent": "finger_middle_left",
					"pivot": [32.5, 30.5, 0],
					"cubes": [
						{"origin": [32.5, 28.5, -0.5], "size": [2, 2, 1], "uv": [72, 63]}
					]
				},
				{
					"name": "finger_front_left",
					"parent": "fingers_left",
					"pivot": [30, 30.5, -0.75],
					"cubes": [
						{"origin": [29.5, 28.5, -1.75], "size": [3, 2, 1], "uv": [77, 51]}
					]
				},
				{
					"name": "finger_front_left2",
					"parent": "finger_front_left",
					"pivot": [32.5, 30.5, -1.25],
					"cubes": [
						{"origin": [32.5, 28.5, -1.75], "size": [2, 2, 1], "uv": [85, 51]}
					]
				},
				{
					"name": "arm_right",
					"parent": "arms",
					"pivot": [-8, 29.5, 0]
				},
				{
					"name": "arm_right_rotation",
					"parent": "arm_right",
					"pivot": [-8, 32, 0],
					"cubes": [
						{"origin": [-17, 27, -2.5], "size": [9, 5, 5], "uv": [6, 46], "mirror": true}
					]
				},
				{
					"name": "shoulder_right",
					"parent": "arm_right_rotation",
					"pivot": [-10.5, 29, 0],
					"rotation": [0, 0, -7.5],
					"cubes": [
						{"origin": [-12.5, 28, -3], "size": [3, 5, 6], "inflate": 0.01, "uv": [40, 55], "mirror": true},
						{"origin": [-11.5, 28.5, -3], "size": [2, 4, 6], "pivot": [-9.5, 28.5, 0], "rotation": [0, 0, 32.5], "uv": [18, 56], "mirror": true}
					]
				},
				{
					"name": "arm_right2",
					"parent": "arm_right_rotation",
					"pivot": [-17, 32, 2.5],
					"cubes": [
						{"origin": [-20, 27, -2.5], "size": [3, 5, 5], "inflate": 0.01, "uv": [56, 43], "mirror": true}
					]
				},
				{
					"name": "arm_right3",
					"parent": "arm_right2",
					"pivot": [-20, 32, 0],
					"cubes": [
						{"origin": [-27, 27, -2.5], "size": [7, 5, 5], "inflate": 0.02, "uv": [58, 53], "mirror": true},
						{"origin": [-22, 26.5, -3], "size": [2, 6, 6], "inflate": 0.01, "uv": [20, 66], "mirror": true}
					]
				},
				{
					"name": "hand_right",
					"parent": "arm_right3",
					"pivot": [-27, 29.5, 0]
				},
				{
					"name": "hand_right_rotation",
					"parent": "hand_right",
					"pivot": [-27, 31.5, 2.5],
					"cubes": [
						{"origin": [-30, 27.5, -2.5], "size": [3, 4, 5], "inflate": 0.01, "uv": [41, 66], "mirror": true}
					]
				},
				{
					"name": "fingers_right",
					"parent": "hand_right_rotation",
					"pivot": [-30, 30.5, 0]
				},
				{
					"name": "finger_back_right",
					"parent": "fingers_right",
					"pivot": [-30, 30.5, 1.75],
					"cubes": [
						{"origin": [-32.5, 28.5, 0.75], "size": [3, 2, 1], "uv": [58, 66], "mirror": true}
					]
				},
				{
					"name": "finger_back_right2",
					"parent": "finger_back_right",
					"pivot": [-32.5, 30.5, 1.25],
					"cubes": [
						{"origin": [-34.5, 28.5, 0.75], "size": [2, 2, 1], "uv": [66, 66], "mirror": true}
					]
				},
				{
					"name": "finger_middle_right",
					"parent": "fingers_right",
					"pivot": [-30, 30.5, 0],
					"cubes": [
						{"origin": [-32.5, 28.5, -0.5], "size": [3, 2, 1], "uv": [82, 60], "mirror": true}
					]
				},
				{
					"name": "finger_middle_right2",
					"parent": "finger_middle_right",
					"pivot": [-32.5, 30.5, 0],
					"cubes": [
						{"origin": [-34.5, 28.5, -0.5], "size": [2, 2, 1], "uv": [72, 66], "mirror": true}
					]
				},
				{
					"name": "finger_front_right",
					"parent": "fingers_right",
					"pivot": [-30, 30.5, -0.75],
					"cubes": [
						{"origin": [-32.5, 28.5, -1.75], "size": [3, 2, 1], "uv": [77, 54], "mirror": true}
					]
				},
				{
					"name": "finger_front_right2",
					"parent": "finger_front_right",
					"pivot": [-32.5, 30.5, -1.25],
					"cubes": [
						{"origin": [-34.5, 28.5, -1.75], "size": [2, 2, 1], "uv": [85, 54], "mirror": true}
					]
				},
				{
					"name": "cape",
					"parent": "chest",
					"pivot": [0, 33, 6.5]
				},
				{
					"name": "cape_left",
					"parent": "cape",
					"pivot": [7.5, 33, 0],
					"rotation": [0, 0, 20],
					"cubes": [
						{"origin": [7.5, 33, -6], "size": [0, 7, 14], "uv": [93, 16]}
					]
				},
				{
					"name": "cape_left2",
					"parent": "cape_left",
					"pivot": [7.5, 37, -6],
					"rotation": [0, 67.5, 0],
					"cubes": [
						{"origin": [7.5, 37, -11], "size": [0, 4, 5], "uv": [98, 39]}
					]
				},
				{
					"name": "cape_left3",
					"parent": "cape_left2",
					"pivot": [7.5, 41, -11],
					"cubes": [
						{"origin": [7.5, 41, -11], "size": [0, 4, 5], "inflate": 0.01, "uv": [96, 43]}
					]
				},
				{
					"name": "cape_left4",
					"parent": "cape_left3",
					"pivot": [7.5, 45, -10],
					"cubes": [
						{"origin": [7.5, 45, -10], "size": [0, 4, 5], "uv": [118, 39]}
					]
				},
				{
					"name": "cape_left_bottom",
					"parent": "cape_left",
					"pivot": [7.5, 34, -6],
					"rotation": [0, 85, 0],
					"cubes": [
						{"origin": [7.5, 31, -9], "size": [0, 3, 3], "uv": [65, 29]}
					]
				},
				{
					"name": "cape_right",
					"parent": "cape",
					"pivot": [-7.5, 33, 0],
					"rotation": [0, 0, -20],
					"cubes": [
						{"origin": [-7.5, 33, -6], "size": [0, 7, 14], "uv": [93, 23], "mirror": true}
					]
				},
				{
					"name": "cape_right2",
					"parent": "cape_right",
					"pivot": [-7.5, 37, -6],
					"rotation": [0, -67.5, 0],
					"cubes": [
						{"origin": [-7.5, 37, -11], "size": [0, 4, 5], "uv": [108, 39], "mirror": true}
					]
				},
				{
					"name": "cape_right3",
					"parent": "cape_right2",
					"pivot": [-7.5, 41, -11],
					"cubes": [
						{"origin": [-7.5, 41, -11], "size": [0, 4, 5], "inflate": 0.01, "uv": [106, 43], "mirror": true}
					]
				},
				{
					"name": "cape_right4",
					"parent": "cape_right3",
					"pivot": [-7.5, 45, -10],
					"cubes": [
						{"origin": [-7.5, 45, -10], "size": [0, 4, 5], "uv": [116, 43], "mirror": true}
					]
				},
				{
					"name": "cape_right_bottom",
					"parent": "cape_right",
					"pivot": [-7.5, 34, -6],
					"rotation": [0, -85, 0],
					"cubes": [
						{"origin": [-7.5, 31, -9], "size": [0, 3, 3], "uv": [65, 32], "mirror": true}
					]
				},
				{
					"name": "cape_back",
					"parent": "cape",
					"pivot": [0, 33, 6.5],
					"rotation": [-15, 0, 0],
					"cubes": [
						{"origin": [-9, 33, 6.5], "size": [18, 7, 0], "uv": [91, 52]}
					]
				},
				{
					"name": "fin",
					"parent": "chest",
					"pivot": [0, 28, 6.5],
					"rotation": [-10, 0, 0],
					"cubes": [
						{"origin": [0, 19, 5.5], "size": [0, 9, 9], "uv": [90, 50]}
					]
				},
				{
					"name": "head",
					"parent": "chest",
					"pivot": [0, 33, 0.25],
					"rotation": [2.5, 0, 0],
					"cubes": [
						{"origin": [-7, 31.5, -5.75], "size": [14, 9, 12], "uv": [0, 0]}
					]
				},
				{
					"name": "eyes",
					"parent": "head",
					"pivot": [0, 38.75, -5.76]
				},
				{
					"name": "eye_base_left",
					"parent": "eyes",
					"pivot": [4.5, 38.25, -5.76],
					"rotation": [0, 0, -5],
					"cubes": [
						{"origin": [3, 36.75, -5.76], "size": [6, 3, 0], "uv": [0, 21]},
						{"origin": [2.5, 36.75, -5.76], "size": [1, 1, 0], "inflate": 0.01, "uv": [6, 0]}
					]
				},
				{
					"name": "eye_left",
					"parent": "eye_base_left",
					"pivot": [5.5, 38.25, -5.77],
					"cubes": [
						{"origin": [3.5, 37.25, -5.77], "size": [3, 2, 0], "uv": [0, 0]}
					]
				},
				{
					"name": "eyelid_left",
					"parent": "eye_left",
					"pivot": [5, 38.25, -5.17],
					"cubes": [
						{"origin": [3.5, 37.25, -5.67], "size": [3, 2, 1], "inflate": 0.01, "uv": [0, 4]}
					]
				},
				{
					"name": "eye_base_right",
					"parent": "eyes",
					"pivot": [-4.25, 38.25, -5.76],
					"rotation": [0, 0, 5],
					"cubes": [
						{"origin": [-8.75, 36.75, -5.76], "size": [6, 3, 0], "uv": [0, 24], "mirror": true},
						{"origin": [-3.25, 36.75, -5.76], "size": [1, 1, 0], "inflate": 0.01, "uv": [6, 1], "mirror": true}
					]
				},
				{
					"name": "eye_right",
					"parent": "eye_base_right",
					"pivot": [-5.25, 38.25, -5.77],
					"cubes": [
						{"origin": [-6.25, 37.25, -5.77], "size": [3, 2, 0], "uv": [0, 2], "mirror": true}
					]
				},
				{
					"name": "eyelid_right",
					"parent": "eye_base_right",
					"pivot": [-4.75, 38.25, -5.17],
					"cubes": [
						{"origin": [-6.25, 37.25, -5.67], "size": [3, 2, 1], "inflate": 0.01, "uv": [0, 7], "mirror": true}
					]
				},
				{
					"name": "muzzle",
					"parent": "head",
					"pivot": [0, 37, -5.75],
					"cubes": [
						{"origin": [-2.5, 35, -9.1], "size": [5, 2, 4], "inflate": 0.01, "uv": [108, 16]},
						{"origin": [-1.5, 35, -11.1], "size": [3, 2, 2], "uv": [100, 20]},
						{"origin": [-1.5, 36, -12.1], "size": [3, 1, 1], "uv": [102, 24]}
					]
				},
				{
					"name": "jaw",
					"parent": "head",
					"pivot": [0, 34, -5.75],
					"rotation": [-9, 0, 0]
				},
				{
					"name": "jaw_rotation",
					"parent": "jaw",
					"pivot": [0, 35, -5.75],
					"cubes": [
						{"origin": [-2.5, 34, -9.5], "size": [5, 1, 4], "inflate": 0.03, "uv": [106, 22]}
					]
				},
				{
					"name": "jaw2",
					"parent": "jaw_rotation",
					"pivot": [0, 34, -9.5],
					"rotation": [-6, 0, 0],
					"cubes": [
						{"origin": [-1.5, 34, -12.5], "size": [3, 1, 3], "inflate": 0.02, "uv": [97, 26]}
					]
				},
				{
					"name": "legs",
					"parent": "body",
					"pivot": [0, 3, 0]
				},
				{
					"name": "leg_left",
					"parent": "legs",
					"pivot": [0, 2, 0],
					"rotation": [0, 0, -47.5]
				},
				{
					"name": "leg_left_rotation",
					"parent": "leg_left",
					"pivot": [0, 2, -1.5],
					"cubes": [
						{"origin": [0, -1, -1.5], "size": [2, 4, 3], "uv": [40, 0]}
					]
				},
				{
					"name": "leg_left2",
					"parent": "leg_left_rotation",
					"pivot": [0, -1, 0],
					"rotation": [0, 0, -42.5],
					"cubes": [
						{"origin": [0, -4, -2], "size": [2, 3, 4], "inflate": 0.01, "uv": [60, 1]}
					]
				},
				{
					"name": "leg_left3",
					"parent": "leg_left2",
					"pivot": [0, -4, 0],
					"rotation": [0, 0, -10],
					"cubes": [
						{"origin": [0, -6, -3], "size": [2, 2, 6], "inflate": 0.02, "uv": [84, 0]}
					]
				},
				{
					"name": "leg_left4",
					"parent": "leg_left3",
					"pivot": [0, -6, 0],
					"rotation": [0, 0, -25],
					"cubes": [
						{"origin": [0, -10, -3], "size": [2, 4, 6], "inflate": 0.03, "uv": [96, 10]}
					]
				},
				{
					"name": "leg_right",
					"parent": "legs",
					"pivot": [0, 2, 0],
					"rotation": [0, 0, 47.5]
				},
				{
					"name": "leg_right_rotation",
					"parent": "leg_right",
					"pivot": [0, 2, -1.5],
					"cubes": [
						{"origin": [-2, -1, -1.5], "size": [2, 4, 3], "uv": [50, 1], "mirror": true}
					]
				},
				{
					"name": "leg_right2",
					"parent": "leg_right_rotation",
					"pivot": [0, -1, 0],
					"rotation": [0, 0, 42.5],
					"cubes": [
						{"origin": [-2, -4, -2], "size": [2, 3, 4], "inflate": 0.01, "uv": [72, 1], "mirror": true}
					]
				},
				{
					"name": "leg_right3",
					"parent": "leg_right2",
					"pivot": [0, -4, 0],
					"rotation": [0, 0, 10],
					"cubes": [
						{"origin": [-2, -6, -3], "size": [2, 2, 6], "inflate": 0.02, "uv": [94, 2], "mirror": true}
					]
				},
				{
					"name": "leg_right4",
					"parent": "leg_right3",
					"pivot": [0, -6, 0],
					"rotation": [0, 0, 25],
					"cubes": [
						{"origin": [-2, -10, -3], "size": [2, 4, 6], "inflate": 0.03, "uv": [106, 4], "mirror": true}
					]
				}
			]
		}
	]
}