{
	"format_version": "1.12.0",
	"minecraft:geometry": [
		{
			"description": {
				"identifier": "geometry.stonjourner",
				"texture_width": 128,
				"texture_height": 128,
				"visible_bounds_width": 6,
				"visible_bounds_height": 4.5,
				"visible_bounds_offset": [0, 1.75, 0]
			},
			"bones": [
				{
					"name": "stonjourner",
					"pivot": [0, 0, 0]
				},
				{
					"name": "body",
					"parent": "stonjourner",
					"pivot": [0, 0, 0]
				},
				{
                    "name": "locator_seat_1",
                    "parent": "body",
                    "pivot": [0, 49, 5],
                    "locators": {
                        "seat_1": [0, 49, 5]
                    }
                },
				{
					"name": "body2",
					"parent": "body",
					"pivot": [0, 0, 0]
				},
				{
					"name": "head",
					"parent": "body2",
					"pivot": [0, 40, -1.5],
					"cubes": [
						{"origin": [-13, 39.8, -6], "size": [26, 8, 10], "uv": [0, 0]}
					]
				},
				{
					"name": "eyelids",
					"parent": "head",
					"pivot": [-0.5, 44.3, -6]
				},
				{
					"name": "eyelid_left",
					"parent": "eyelids",
					"pivot": [2.5, 43.8, -5.4],
					"cubes": [
						{"origin": [2, 42.8, -5.9], "size": [1, 2, 1], "inflate": 0.01, "uv": [0, 5]}
					]
				},
				{
					"name": "eyelid_right",
					"parent": "eyelids",
					"pivot": [-3.5, 44.3, -5.4],
					"cubes": [
						{"origin": [-4, 42.8, -5.9], "size": [1, 3, 1], "inflate": 0.01, "uv": [0, 1]}
					]
				},
				{
					"name": "mouth",
					"parent": "head",
					"pivot": [-0.5, 43.3, -5.9]
				},
				{
					"name": "mouth_closed",
					"parent": "mouth",
					"pivot": [-0.5, 43.3, -6.01],
					"cubes": [
						{"origin": [-2, 42.8, -6.01], "size": [3, 1, 0], "uv": [3, 1]}
					]
				},
				{
					"name": "mouth_open",
					"parent": "mouth",
					"pivot": [-0.5, 43.3, -5.9],
					"cubes": [
						{"origin": [-2, 42.8, -5.91], "size": [3, 1, 0], "inflate": 0.01, "uv": [0, 0]}
					]
				},
				{
					"name": "hat",
					"parent": "head",
					"pivot": [0, 47.7, -1],
					"rotation": [0, 0, 2.5],
					"cubes": [
						{"origin": [-4, 47.7, -5], "size": [8, 3, 8], "uv": [0, 18]}
					]
				},
				{
					"name": "hat2",
					"parent": "hat",
					"pivot": [0, 50.7, -1],
					"cubes": [
						{"origin": [-2, 50, -3], "size": [4, 3, 4], "uv": [24, 19]}
					]
				},
				{
					"name": "arms",
					"parent": "head",
					"pivot": [-1, 45.5, 0]
				},
				{
					"name": "arm_left",
					"parent": "arms",
					"pivot": [13, 45.5, 0],
					"cubes": [
						{"origin": [13.5, 44, -2], "size": [3, 3, 3], "uv": [94, 0]}
					]
				},
				{
					"name": "arm_left2",
					"parent": "arm_left",
					"pivot": [17, 45.6, 0],
					"cubes": [
						{"origin": [17, 43, -2.5], "size": [5, 5, 4], "uv": [64, 20]}
					]
				},
				{
					"name": "arm_left3",
					"parent": "arm_left2",
					"pivot": [22.5, 45.6, 0],
					"cubes": [
						{"origin": [22.5, 41.5, -3.5], "size": [8, 8, 6], "uv": [100, 0]}
					]
				},
				{
					"name": "arm_right",
					"parent": "arms",
					"pivot": [-13, 45.5, 0],
					"cubes": [
						{"origin": [-16.5, 44, -2], "size": [3, 3, 3], "uv": [62, 4], "mirror": true}
					]
				},
				{
					"name": "arm_right2",
					"parent": "arm_right",
					"pivot": [-17, 45.6, 0],
					"cubes": [
						{"origin": [-22, 43, -2.5], "size": [5, 5, 4], "uv": [110, 14], "mirror": true}
					]
				},
				{
					"name": "arm_right3",
					"parent": "arm_right2",
					"pivot": [-22.5, 45.6, 0],
					"cubes": [
						{"origin": [-30.5, 41.5, -3.5], "size": [8, 8, 6], "uv": [72, 4], "mirror": true}
					]
				},
				{
					"name": "legs",
					"parent": "body2",
					"pivot": [-0.1, 39.65, 0]
				},
				{
					"name": "leg_left",
					"parent": "legs",
					"pivot": [12.93, 39.85, 0.02],
					"cubes": [
						{"origin": [6, 24.83, -4.8], "size": [12, 15, 10], "pivot": [12, 32.3, 0], "rotation": [0, -2.49, 0], "uv": [84, 23]},
						{"origin": [5.9, 0, -5], "size": [14, 25, 10], "inflate": 0.01, "pivot": [9.4, 20.4, 0], "rotation": [0, -2.5, 0], "uv": [80, 48]},
						{"origin": [3.3, 0.1, -5.175], "size": [3, 22, 10], "pivot": [5.4, 9, -0.175], "rotation": [-0.075, -2.5, 2], "uv": [64, 73]}
					]
				},
				{
					"name": "sygil_left",
					"parent": "leg_left",
					"pivot": [11.31802, 10.68198, -5],
					"cubes": [
						{"origin": [12.43934, 7.8033, -6], "size": [2, 9, 2], "pivot": [11.31802, 10.18198, -5], "rotation": [1.76833, -1.76749, -45], "uv": [76, 40]},
						{"origin": [8.1967, 7.8033, -6], "size": [2, 9, 2], "inflate": 0.01, "pivot": [11.31802, 10.18198, -5], "rotation": [-1.76833, -1.76749, 45], "uv": [82, 18]},
						{"origin": [8.1967, 4.56066, -6], "size": [2, 9, 2], "pivot": [11.31802, 11.18198, -5], "rotation": [1.76833, -1.76749, -45], "uv": [68, 44]},
						{"origin": [12.43934, 4.56066, -6], "size": [2, 9, 2], "inflate": 0.01, "pivot": [11.31802, 11.18198, -5], "rotation": [-1.76833, -1.76749, 45], "uv": [76, 29]}
					]
				},
				{
					"name": "leg_right",
					"parent": "legs",
					"pivot": [-12.93095, 39.85315, 0.02129],
					"cubes": [
						{"origin": [-18, 24.825, -4.9], "size": [12, 15, 10], "pivot": [-12, 31.3, 0], "rotation": [0, 2.49, 0], "uv": [30, 19], "mirror": true},
						{"origin": [-19.9, 0, -5], "size": [14, 25, 10], "inflate": 0.01, "pivot": [-9.4, 20.4, 0], "rotation": [0, 2.5, 0], "uv": [0, 44], "mirror": true},
						{"origin": [-6.3, 0.1, -5.175], "size": [3, 22, 10], "pivot": [-5.4, 9, -0.175], "rotation": [-0.075, 2.5, -2], "uv": [48, 45], "mirror": true}
					]
				},
				{
					"name": "sygil_right",
					"parent": "leg_right",
					"pivot": [-11.33553, 10.58198, -5],
					"cubes": [
						{"origin": [-10.36421, 9.5533, -6], "size": [2, 7, 2], "pivot": [-11.73553, 10.18198, -5], "rotation": [-1.76833, 1.76749, -45.02728], "uv": [0, 40]},
						{"origin": [-10.36421, 4.81066, -6], "size": [2, 7, 2], "inflate": 0.01, "pivot": [-11.73553, 11.18198, -5], "rotation": [1.76833, 1.76749, 45.02728], "uv": [16, 29]},
						{"origin": [-14.60685, 8.0533, -6], "size": [2, 9, 2], "inflate": 0.01, "pivot": [-11.73553, 10.18198, -5], "rotation": [1.76833, 1.76749, 45.02728], "uv": [0, 29]},
						{"origin": [-14.60685, 4.31066, -6], "size": [2, 9, 2], "pivot": [-11.73553, 11.18198, -5], "rotation": [-1.76833, 1.76749, -45.02728], "uv": [8, 29]}
					]
				}
			]
		}
	]
}