{
	"format_version": "1.12.0",
	"minecraft:geometry": [
		{
			"description": {
				"identifier": "geometry.archeops",
				"texture_width": 128,
				"texture_height": 128,
				"visible_bounds_width": 9,
				"visible_bounds_height": 3.5,
				"visible_bounds_offset": [0, 1.25, 0]
			},
			"bones": [
				{
					"name": "archeops",
					"pivot": [0, 0, 0]
				},
				{
					"name": "body",
					"parent": "archeops",
					"pivot": [0, 20.2, 5]
				},
				{
					"name": "torso",
					"parent": "body",
					"pivot": [0, 18.2, 4],
					"cubes": [
						{"origin": [-5.5, 12.2, -3.5], "size": [11, 12, 13], "inflate": 0.01, "uv": [34, 35]}
					],
					"locators": {
						"seat_1": [0, 25, -4]
					}
				},
				{
					"name": "chest",
					"parent": "torso",
					"pivot": [0, 24.2, -3.5],
					"cubes": [
						{"origin": [-5, 13.2, -10], "size": [10, 11, 7], "uv": [0, 47]}
					]
				},
				{
					"name": "arms",
					"parent": "chest",
					"pivot": [0, 21.2, -9.5]
				},
				{
					"name": "arm_left",
					"parent": "arms",
					"pivot": [5.5, 21.2, -9.5],
					"cubes": [
						{"origin": [4.5, 19.7, -11.5], "size": [10, 3, 4], "inflate": 0.01, "uv": [67, 0]}
					]
				},
				{
					"name": "arm_wing_left",
					"parent": "arm_left",
					"pivot": [8, 21.7, -7.5],
					"cubes": [
						{"origin": [6.5, 21.7, -7.5], "size": [3, 0, 5], "inflate": 0.02, "uv": [84, 42]}
					]
				},
				{
					"name": "arm_wing_left2",
					"parent": "arm_left",
					"pivot": [11, 21.7, -7.5],
					"cubes": [
						{"origin": [9.5, 21.7, -7.5], "size": [3, 0, 7], "inflate": 0.01, "uv": [115, 64]}
					]
				},
				{
					"name": "arm_wing_left3",
					"parent": "arm_left",
					"pivot": [14, 21.7, -7.5],
					"cubes": [
						{"origin": [12.5, 21.7, -7.5], "size": [3, 0, 9], "uv": [92, 38]}
					]
				},
				{
					"name": "arm_left2",
					"parent": "arm_left",
					"pivot": [14.5, 21.2, -9.5],
					"cubes": [
						{"origin": [13.5, 19.7, -11.5], "size": [10, 3, 5], "uv": [70, 13]}
					]
				},
				{
					"name": "arm_fur_left_top",
					"parent": "arm_left2",
					"pivot": [22.5, 22.2, -6.5],
					"rotation": [-2.5, -2.5, 0],
					"cubes": [
						{"origin": [14.5, 22.2, -6.5], "size": [9, 0, 3], "uv": [72, 7]}
					]
				},
				{
					"name": "arm_fur_left_bottom",
					"parent": "arm_left2",
					"pivot": [22.5, 20.7, -6.5],
					"rotation": [2.5, -2.5, 0],
					"cubes": [
						{"origin": [14.5, 20.7, -6.5], "size": [9, 0, 3], "uv": [88, 24]}
					]
				},
				{
					"name": "arm_wing_left4",
					"parent": "arm_left2",
					"pivot": [16.7, 21.7, -6.5],
					"cubes": [
						{"origin": [14.2, 21.7, -6.5], "size": [5, 0, 7], "inflate": 0.01, "uv": [110, 46]}
					]
				},
				{
					"name": "arm_wing_left_bend4",
					"parent": "arm_wing_left4",
					"pivot": [16.7, 21.7, 0.5],
					"cubes": [
						{"origin": [14.2, 21.7, 0.5], "size": [5, 0, 4], "inflate": 0.01, "uv": [113, 42]}
					]
				},
				{
					"name": "arm_wing_left5",
					"parent": "arm_left2",
					"pivot": [20.5, 21.7, -6.5],
					"cubes": [
						{"origin": [18.6, 21.7, -6.5], "size": [5, 0, 8], "inflate": 0.02, "uv": [74, 52]}
					]
				},
				{
					"name": "arm_wing_left_bend5",
					"parent": "arm_wing_left5",
					"pivot": [21.1, 21.7, 1.5],
					"cubes": [
						{"origin": [18.6, 21.7, 1.5], "size": [5, 0, 5], "inflate": 0.02, "uv": [77, 47]}
					]
				},
				{
					"name": "arm_left3",
					"parent": "arm_left2",
					"pivot": [23.5, 21.2, -9.5],
					"cubes": [
						{"origin": [22.5, 19.7, -12], "size": [10, 3, 6], "inflate": 0.01, "uv": [59, 21]}
					]
				},
				{
					"name": "arm_fur_left_front",
					"parent": "arm_left3",
					"pivot": [26, 21.2, -12],
					"rotation": [2.5, -2.5, -5],
					"cubes": [
						{"origin": [26, 21.2, -15.5], "size": [7, 0, 4], "inflate": 0.01, "uv": [73, 38]}
					]
				},
				{
					"name": "arm_fur_left_top2",
					"parent": "arm_left3",
					"pivot": [32.5, 22.2, -6],
					"rotation": [-2.5, 0, 0],
					"cubes": [
						{"origin": [23, 22.2, -6.5], "size": [10, 0, 4], "uv": [65, 30]}
					]
				},
				{
					"name": "arm_fur_left_top3",
					"parent": "arm_left3",
					"pivot": [32.5, 22.2, -6],
					"rotation": [0, 0, 2.5],
					"cubes": [
						{"origin": [32.5, 22.2, -12.5], "size": [3, 0, 7], "inflate": 0.01, "uv": [46, 18]}
					]
				},
				{
					"name": "arm_fur_left_bottom2",
					"parent": "arm_left3",
					"pivot": [32.5, 20.7, -6],
					"rotation": [2.5, 0, 0],
					"cubes": [
						{"origin": [23, 20.7, -6.5], "size": [10, 0, 4], "uv": [85, 30]}
					]
				},
				{
					"name": "arm_fur_left_bottom3",
					"parent": "arm_left3",
					"pivot": [29.5, 19.7, -9],
					"rotation": [0, 0, 15],
					"cubes": [
						{"origin": [29.5, 19.7, -11.5], "size": [4, 0, 5], "inflate": 0.01, "uv": [56, 30]}
					]
				},
				{
					"name": "arm_wing_left6",
					"parent": "arm_left3",
					"pivot": [24.5, 21.7, -6.5],
					"rotation": [0, 2.5, 0],
					"cubes": [
						{"origin": [22.50095, 21.7, -6.54362], "size": [4, 0, 9], "uv": [49, 67]}
					]
				},
				{
					"name": "arm_wing_left_bend6",
					"parent": "arm_wing_left6",
					"pivot": [24.50095, 21.7, 2.45638],
					"cubes": [
						{"origin": [22.50095, 21.7, 2.45638], "size": [4, 0, 6], "uv": [52, 61]}
					]
				},
				{
					"name": "arm_wing_left7",
					"parent": "arm_left3",
					"pivot": [27.5, 21.7, -6.5],
					"rotation": [0, 5, 0],
					"cubes": [
						{"origin": [25.50761, 21.7, -6.67431], "size": [4, 0, 9], "inflate": 0.01, "uv": [57, 67]}
					]
				},
				{
					"name": "arm_wing_left_bend7",
					"parent": "arm_wing_left7",
					"pivot": [27.50761, 21.7, 2.32569],
					"cubes": [
						{"origin": [25.50761, 21.7, 2.32569], "size": [4, 0, 7], "inflate": 0.01, "uv": [59, 60]}
					]
				},
				{
					"name": "arm_wing_left8",
					"parent": "arm_left3",
					"pivot": [31, 20.7, -6.5],
					"rotation": [0, 8, 0],
					"cubes": [
						{"origin": [29.0146, 21.7, -6.70876], "size": [4, 0, 9], "inflate": 0.02, "uv": [65, 67]}
					]
				},
				{
					"name": "arm_wing_left_bend8",
					"parent": "arm_wing_left8",
					"pivot": [31.0146, 21.7, 2.29124],
					"cubes": [
						{"origin": [29.0146, 21.7, 2.29124], "size": [4, 0, 7], "inflate": 0.02, "uv": [67, 60]}
					]
				},
				{
					"name": "arm_wing_left9",
					"parent": "arm_left3",
					"pivot": [32, 21.7, -8],
					"rotation": [0, 40, 0],
					"cubes": [
						{"origin": [29.50373, 21.7, -8.13651], "size": [4, 0, 8], "uv": [98, 70]}
					]
				},
				{
					"name": "arm_wing_left_bend9",
					"parent": "arm_wing_left9",
					"pivot": [31.50373, 21.7, -0.13651],
					"cubes": [
						{"origin": [29.50373, 21.7, -0.13651], "size": [4, 0, 6], "uv": [100, 64]}
					]
				},
				{
					"name": "hand_left",
					"parent": "arm_left3",
					"pivot": [30.5, 20.7, -9],
					"rotation": [0, 0, 5],
					"cubes": [
						{"origin": [30.5, 19.7, -11], "size": [4, 2, 4], "inflate": 0.02, "uv": [109, 24]}
					]
				},
				{
					"name": "finger_front_left",
					"parent": "hand_left",
					"pivot": [34.5, 21.7, -10.5],
					"cubes": [
						{"origin": [34.5, 19.7, -11], "size": [3, 2, 1], "inflate": 0.01, "uv": [117, 36]}
					]
				},
				{
					"name": "finger_front_left2",
					"parent": "finger_front_left",
					"pivot": [37.5, 21.7, -10.5],
					"cubes": [
						{"origin": [37.5, 19.7, -10.5], "size": [2, 2, 0], "uv": [109, 30]}
					]
				},
				{
					"name": "finger_middle_left",
					"parent": "hand_left",
					"pivot": [34.5, 21.7, -9],
					"cubes": [
						{"origin": [34.5, 19.7, -9.5], "size": [3, 2, 1], "inflate": 0.01, "uv": [109, 36]}
					]
				},
				{
					"name": "finger_middle_left2",
					"parent": "finger_middle_left",
					"pivot": [37.5, 21.7, -9],
					"cubes": [
						{"origin": [37.5, 19.7, -9], "size": [2, 2, 0], "uv": [121, 24]}
					]
				},
				{
					"name": "finger_back_left",
					"parent": "hand_left",
					"pivot": [34.5, 21.7, -7.5],
					"cubes": [
						{"origin": [34.5, 19.7, -8], "size": [3, 2, 1], "inflate": 0.01, "uv": [120, 15]}
					]
				},
				{
					"name": "finger_back_left2",
					"parent": "finger_back_left",
					"pivot": [37.5, 21.7, -7.5],
					"cubes": [
						{"origin": [37.5, 19.7, -7.5], "size": [2, 2, 0], "uv": [109, 24]}
					]
				},
				{
					"name": "arm_right",
					"parent": "arms",
					"pivot": [-5.5, 21.2, -9.5],
					"cubes": [
						{"origin": [-14.5, 19.7, -11.5], "size": [10, 3, 4], "inflate": 0.01, "uv": [95, 0], "mirror": true}
					]
				},
				{
					"name": "arm_wing_right",
					"parent": "arm_right",
					"pivot": [-8, 21.7, -7.5],
					"cubes": [
						{"origin": [-9.5, 21.7, -7.5], "size": [3, 0, 5], "inflate": 0.02, "uv": [78, 42], "mirror": true}
					]
				},
				{
					"name": "arm_wing_right2",
					"parent": "arm_right",
					"pivot": [-11, 21.7, -7.5],
					"cubes": [
						{"origin": [-12.5, 21.7, -7.5], "size": [3, 0, 7], "inflate": 0.01, "uv": [115, 71], "mirror": true}
					]
				},
				{
					"name": "arm_wing_right3",
					"parent": "arm_right",
					"pivot": [-14, 21.7, -7.5],
					"cubes": [
						{"origin": [-15.5, 21.7, -7.5], "size": [3, 0, 9], "uv": [86, 38], "mirror": true}
					]
				},
				{
					"name": "arm_right2",
					"parent": "arm_right",
					"pivot": [-14.5, 21.2, -9.5],
					"cubes": [
						{"origin": [-23.5, 19.7, -11.5], "size": [10, 3, 5], "uv": [95, 7], "mirror": true}
					]
				},
				{
					"name": "arm_fur_right_top",
					"parent": "arm_right2",
					"pivot": [-22.5, 22.2, -6.5],
					"rotation": [-2.5, 2.5, 0],
					"cubes": [
						{"origin": [-23.5, 22.2, -6.5], "size": [9, 0, 3], "uv": [72, 10], "mirror": true}
					]
				},
				{
					"name": "arm_fur_right_bottom",
					"parent": "arm_right2",
					"pivot": [-22.5, 20.7, -6.5],
					"rotation": [2.5, 2.5, 0],
					"cubes": [
						{"origin": [-23.5, 20.7, -6.5], "size": [9, 0, 3], "uv": [88, 27], "mirror": true}
					]
				},
				{
					"name": "arm_wing_right4",
					"parent": "arm_right2",
					"pivot": [-16.7, 21.7, -6.5],
					"cubes": [
						{"origin": [-19.2, 21.7, -6.5], "size": [5, 0, 7], "inflate": 0.01, "uv": [100, 46], "mirror": true}
					]
				},
				{
					"name": "arm_wing_right_bend4",
					"parent": "arm_wing_right4",
					"pivot": [-16.7, 21.7, 0.5],
					"cubes": [
						{"origin": [-19.2, 21.7, 0.5], "size": [5, 0, 4], "inflate": 0.01, "uv": [103, 42], "mirror": true}
					]
				},
				{
					"name": "arm_wing_right5",
					"parent": "arm_right2",
					"pivot": [-20.5, 21.7, -6.5],
					"cubes": [
						{"origin": [-23.6, 21.7, -6.5], "size": [5, 0, 8], "inflate": 0.02, "uv": [84, 52], "mirror": true}
					]
				},
				{
					"name": "arm_wing_right_bend5",
					"parent": "arm_wing_right5",
					"pivot": [-21.1, 21.7, 1.5],
					"cubes": [
						{"origin": [-23.6, 21.7, 1.5], "size": [5, 0, 5], "inflate": 0.02, "uv": [87, 47], "mirror": true}
					]
				},
				{
					"name": "arm_right3",
					"parent": "arm_right2",
					"pivot": [-23.5, 21.2, -9.5],
					"cubes": [
						{"origin": [-32.5, 19.7, -12], "size": [10, 3, 6], "inflate": 0.01, "uv": [94, 15], "mirror": true}
					]
				},
				{
					"name": "arm_fur_right_front",
					"parent": "arm_right3",
					"pivot": [-26, 21.2, -12],
					"rotation": [2.5, 2.5, 5],
					"cubes": [
						{"origin": [-33, 21.2, -15.5], "size": [7, 0, 4], "inflate": 0.01, "uv": [65, 43], "mirror": true}
					]
				},
				{
					"name": "arm_fur_right_top2",
					"parent": "arm_right3",
					"pivot": [-32.5, 22.2, -6],
					"rotation": [-2.5, 0, 0],
					"cubes": [
						{"origin": [-33, 22.2, -6.5], "size": [10, 0, 4], "uv": [65, 34], "mirror": true}
					]
				},
				{
					"name": "arm_fur_right_top3",
					"parent": "arm_right3",
					"pivot": [-32.5, 22.2, -6],
					"rotation": [0, 0, -2.5],
					"cubes": [
						{"origin": [-35.5, 22.2, -12.5], "size": [3, 0, 7], "inflate": 0.01, "uv": [52, 18], "mirror": true}
					]
				},
				{
					"name": "arm_fur_right_bottom2",
					"parent": "arm_right3",
					"pivot": [-32.5, 20.7, -6],
					"rotation": [2.5, 0, 0],
					"cubes": [
						{"origin": [-33, 20.7, -6.5], "size": [10, 0, 4], "uv": [85, 34], "mirror": true}
					]
				},
				{
					"name": "arm_fur_right_bottom3",
					"parent": "arm_right3",
					"pivot": [-29.5, 19.7, -9],
					"rotation": [0, 0, -15],
					"cubes": [
						{"origin": [-33.5, 19.7, -11.5], "size": [4, 0, 5], "inflate": 0.01, "uv": [64, 38], "mirror": true}
					]
				},
				{
					"name": "arm_wing_right6",
					"parent": "arm_right3",
					"pivot": [-24.25, 21.7, -6.5],
					"rotation": [0, -2.5, 0],
					"cubes": [
						{"origin": [-26.50071, 21.7, -6.53271], "size": [4, 0, 9], "uv": [73, 71], "mirror": true}
					]
				},
				{
					"name": "arm_wing_right_bend6",
					"parent": "arm_wing_right6",
					"pivot": [-24.50071, 21.7, 2.46729],
					"cubes": [
						{"origin": [-26.50071, 21.7, 2.46729], "size": [4, 0, 6], "uv": [76, 65], "mirror": true}
					]
				},
				{
					"name": "arm_wing_right7",
					"parent": "arm_right3",
					"pivot": [-27.5, 21.7, -6.5],
					"rotation": [0, -5, 0],
					"cubes": [
						{"origin": [-29.50761, 21.7, -6.67431], "size": [4, 0, 9], "inflate": 0.01, "uv": [81, 70], "mirror": true}
					]
				},
				{
					"name": "arm_wing_right_bend7",
					"parent": "arm_wing_right7",
					"pivot": [-27.50761, 21.7, 2.32569],
					"cubes": [
						{"origin": [-29.50761, 21.7, 2.32569], "size": [4, 0, 7], "inflate": 0.01, "uv": [83, 63], "mirror": true}
					]
				},
				{
					"name": "arm_wing_right8",
					"parent": "arm_right3",
					"pivot": [-31.5, 20.7, -6.5],
					"rotation": [0, -8, 0],
					"cubes": [
						{"origin": [-33.01946, 21.7, -6.77835], "size": [4, 0, 9], "inflate": 0.02, "uv": [89, 70], "mirror": true}
					]
				},
				{
					"name": "arm_wing_right_bend8",
					"parent": "arm_wing_right8",
					"pivot": [-31.01946, 21.7, 2.22165],
					"cubes": [
						{"origin": [-33.01946, 21.7, 2.22165], "size": [4, 0, 7], "inflate": 0.02, "uv": [91, 63], "mirror": true}
					]
				},
				{
					"name": "arm_wing_right9",
					"parent": "arm_right3",
					"pivot": [-32.5, 21.7, -6.5],
					"rotation": [0, -40, 0],
					"cubes": [
						{"origin": [-34.58489, 21.7, -8.10697], "size": [4, 0, 8], "uv": [106, 70], "mirror": true}
					]
				},
				{
					"name": "arm_wing_right_bend9",
					"parent": "arm_wing_right9",
					"pivot": [-32.58489, 21.7, -0.10697],
					"cubes": [
						{"origin": [-34.58489, 21.7, -0.10697], "size": [4, 0, 6], "uv": [108, 64], "mirror": true}
					]
				},
				{
					"name": "hand_right",
					"parent": "arm_right3",
					"pivot": [-30.5, 20.7, -9],
					"rotation": [0, 0, -5],
					"cubes": [
						{"origin": [-34.5, 19.7, -11], "size": [4, 2, 4], "inflate": 0.02, "uv": [109, 30], "mirror": true}
					]
				},
				{
					"name": "finger_front_right",
					"parent": "hand_right",
					"pivot": [-34.5, 21.7, -10.5],
					"cubes": [
						{"origin": [-37.5, 19.7, -11], "size": [3, 2, 1], "inflate": 0.01, "uv": [117, 39], "mirror": true}
					]
				},
				{
					"name": "finger_front_right2",
					"parent": "finger_front_right",
					"pivot": [-37.5, 21.7, -10.5],
					"cubes": [
						{"origin": [-39.5, 19.7, -10.5], "size": [2, 2, 0], "uv": [109, 32], "mirror": true}
					]
				},
				{
					"name": "finger_middle_right",
					"parent": "hand_right",
					"pivot": [-34.5, 21.7, -9],
					"cubes": [
						{"origin": [-37.5, 19.7, -9.5], "size": [3, 2, 1], "inflate": 0.01, "uv": [109, 39], "mirror": true}
					]
				},
				{
					"name": "finger_middle_right2",
					"parent": "finger_middle_right",
					"pivot": [-37.5, 21.7, -9],
					"cubes": [
						{"origin": [-39.5, 19.7, -9], "size": [2, 2, 0], "uv": [121, 26], "mirror": true}
					]
				},
				{
					"name": "finger_back_right",
					"parent": "hand_right",
					"pivot": [-34.5, 21.7, -7.5],
					"cubes": [
						{"origin": [-37.5, 19.7, -8], "size": [3, 2, 1], "inflate": 0.01, "uv": [120, 18], "mirror": true}
					]
				},
				{
					"name": "finger_back_right2",
					"parent": "finger_back_right",
					"pivot": [-37.5, 21.7, -7.5],
					"cubes": [
						{"origin": [-39.5, 19.7, -7.5], "size": [2, 2, 0], "uv": [109, 26], "mirror": true}
					]
				},
				{
					"name": "chest_fur",
					"parent": "chest",
					"pivot": [0, 20.2, -9.5],
					"rotation": [-5, 0, 0],
					"cubes": [
						{"origin": [-5.5, 15.7, -12.5], "size": [11, 9, 6], "inflate": 0.01, "uv": [1, 19]},
						{"origin": [-5.5, 20.2, -12.51], "size": [11, 5, 0], "pivot": [0, 20.2, -12.5], "rotation": [6, 0, 0], "uv": [0, 34]},
						{"origin": [-5.5, 15.2, -12.51], "size": [11, 5, 0], "pivot": [0, 20.2, -12.5], "rotation": [-6, 0, 0], "uv": [0, 39]},
						{"origin": [-5.5, 24.71, -13], "size": [11, 0, 4], "pivot": [0, 24.7, -9.5], "rotation": [-15, 0, 0], "uv": [18, 35]},
						{"origin": [-5.5, 24.71, -10], "size": [11, 0, 4], "pivot": [0, 24.7, -9.5], "rotation": [15, 0, 0], "uv": [18, 39]},
						{"origin": [-5.5, 15.7, -13], "size": [11, 0, 4], "pivot": [0, 15.7, -9.5], "rotation": [15, 0, 0], "uv": [18, 43]},
						{"origin": [5.51, 20.2, -12.5], "size": [0, 5, 6], "pivot": [5.5, 20.2, -9.5], "rotation": [0, 0, 15], "uv": [35, 19]},
						{"origin": [5.51, 15.2, -12.5], "size": [0, 5, 6], "pivot": [5.5, 20.2, -9.5], "rotation": [0, 0, -15], "uv": [35, 24]},
						{"origin": [-5.51, 20.2, -12.5], "size": [0, 5, 6], "pivot": [-5.5, 20.2, -9.5], "rotation": [0, 0, -15], "uv": [47, 19], "mirror": true},
						{"origin": [-5.51, 15.2, -12.5], "size": [0, 5, 6], "pivot": [-5.5, 20.2, -9.5], "rotation": [0, 0, 15], "uv": [47, 24], "mirror": true}
					]
				},
				{
					"name": "neck",
					"parent": "chest_fur",
					"pivot": [0, 21, -12.5],
					"rotation": [5, 0, 0],
					"cubes": [
						{"origin": [-3, 18, -17], "size": [6, 6, 6], "uv": [29, 13]}
					]
				},
				{
					"name": "neck2",
					"parent": "neck",
					"pivot": [0, 21, -17],
					"cubes": [
						{"origin": [-3, 18, -24], "size": [6, 6, 8], "inflate": 0.01, "uv": [47, 4]}
					]
				},
				{
					"name": "head",
					"parent": "neck2",
					"pivot": [0, 21, -22],
					"cubes": [
						{"origin": [-4, 17.5, -26], "size": [8, 7, 4], "inflate": 0.01, "uv": [0, 0]}
					]
				},
				{
					"name": "eyes",
					"parent": "head",
					"pivot": [0, 22, -27.5]
				},
				{
					"name": "eye_left",
					"parent": "eyes",
					"pivot": [4, 22, -27.5],
					"cubes": [
						{"origin": [4.03, 20.5, -28.5], "size": [0, 3, 3], "uv": [0, 44]},
						{"origin": [4.03, 21, -29.5], "size": [0, 2, 1], "uv": [4, 49]},
						{"origin": [4.02, 20.5, -30], "size": [0, 1, 2], "pivot": [4.03, 21, -28.5], "rotation": [30, 0, 0], "uv": [0, 49]},
						{"origin": [4.02, 20.5, -26], "size": [0, 1, 2], "pivot": [4.03, 21, -25.5], "rotation": [-35, 0, 0], "uv": [0, 48]}
					]
				},
				{
					"name": "pupil_left",
					"parent": "eye_left",
					"pivot": [4.02, 22, -27.5],
					"cubes": [
						{"origin": [4.04, 21, -28], "size": [0, 2, 1], "uv": [0, 51]}
					]
				},
				{
					"name": "pupil_closed_left",
					"parent": "eye_left",
					"pivot": [3.92, 22, -27.5],
					"cubes": [
						{"origin": [3.94, 21.5, -28.5], "size": [0, 1, 2], "uv": [2, 50]}
					]
				},
				{
					"name": "eyelid_left",
					"parent": "eye_left",
					"pivot": [3.44, 22, -27.5],
					"cubes": [
						{"origin": [2.94, 20.5, -29.5], "size": [1, 3, 4], "inflate": 0.01, "uv": [45, 85]}
					]
				},
				{
					"name": "eye_right",
					"parent": "eyes",
					"pivot": [-4, 22, -27.5],
					"cubes": [
						{"origin": [-4.03, 20.5, -28.5], "size": [0, 3, 3], "uv": [27, 44], "mirror": true},
						{"origin": [-4.03, 21, -29.5], "size": [0, 2, 1], "uv": [31, 49], "mirror": true},
						{"origin": [-4.02, 20.5, -30], "size": [0, 1, 2], "pivot": [-4.03, 21, -28.5], "rotation": [30, 0, 0], "uv": [27, 49], "mirror": true},
						{"origin": [-4.02, 20.5, -26], "size": [0, 1, 2], "pivot": [-4.03, 21, -25.5], "rotation": [-35, 0, 0], "uv": [27, 48], "mirror": true}
					]
				},
				{
					"name": "pupil_right",
					"parent": "eye_right",
					"pivot": [-4.02, 22, -27.5],
					"cubes": [
						{"origin": [-4.04, 21, -28], "size": [0, 2, 1], "uv": [27, 51], "mirror": true}
					]
				},
				{
					"name": "pupil_closed_right",
					"parent": "eye_right",
					"pivot": [-3.92, 22, -27.5],
					"cubes": [
						{"origin": [-3.94, 21.5, -28.5], "size": [0, 1, 2], "uv": [29, 50], "mirror": true}
					]
				},
				{
					"name": "eyelid_right",
					"parent": "eye_right",
					"pivot": [-3.44, 22, -27.5],
					"cubes": [
						{"origin": [-3.94, 20.5, -29.5], "size": [1, 3, 4], "inflate": 0.01, "uv": [101, 108], "mirror": true}
					]
				},
				{
					"name": "muzzle",
					"parent": "head",
					"pivot": [0, 24.5, -26],
					"cubes": [
						{"origin": [-4, 19.5, -33], "size": [8, 5, 7], "inflate": 0.01, "uv": [24, 0]},
						{"origin": [-3, 19, -33], "size": [6, 1, 0], "uv": [33, 12]},
						{"origin": [3.75, 34.5, -19.25], "size": [0, 1, 1], "pivot": [3.01, 12.9, -6], "rotation": [45, 0, 0], "uv": [0, 1]},
						{"origin": [-3.75, 34.5, -19.25], "size": [0, 1, 1], "pivot": [-3.01, 12.9, -6], "rotation": [45, 0, 0], "uv": [0, 2]}
					]
				},
				{
					"name": "jaw",
					"parent": "head",
					"pivot": [0, 19.5, -26],
					"cubes": [
						{"origin": [-3, 17.5, -32.5], "size": [6, 2, 2], "uv": [19, 12]},
						{"origin": [-3.5, 17.5, -30.5], "size": [7, 2, 5], "uv": [0, 11]},
						{"origin": [3.25, 33.5, -18.25], "size": [0, 1, 1], "pivot": [3.01, 12.9, -6], "rotation": [45, 0, 0], "uv": [2, 1]},
						{"origin": [-3.25, 33.5, -18.25], "size": [0, 1, 1], "pivot": [-3.01, 12.9, -6], "rotation": [45, 0, 0], "uv": [2, 2], "mirror": true}
					]
				},
				{
					"name": "tongue",
					"parent": "jaw",
					"pivot": [0, 19.5, -26.25],
					"cubes": [
						{"origin": [-2.5, 18.75, -31.25], "size": [5, 1, 5], "uv": [107, 119]}
					]
				},
				{
					"name": "tail_fur",
					"parent": "torso",
					"pivot": [0, 20.7, 11],
					"rotation": [5, 0, 0],
					"cubes": [
						{"origin": [-4, 16.7, 8.5], "size": [8, 8, 4], "inflate": 0.01, "uv": [34, 60]},
						{"origin": [-4, 20.7, 12.51], "size": [8, 5, 0], "pivot": [0, 20.7, 12.5], "rotation": [-8, 0, 0], "uv": [0, 65]},
						{"origin": [-4, 15.7, 12.51], "size": [8, 5, 0], "pivot": [0, 20.7, 12.5], "rotation": [8, 0, 0], "uv": [0, 70]},
						{"origin": [-4, 24.71, 8], "size": [8, 0, 3], "pivot": [0, 24.7, 10.5], "rotation": [-30, 0, 0], "uv": [13, 65]},
						{"origin": [-4, 24.71, 10], "size": [8, 0, 3], "pivot": [0, 24.7, 10.5], "rotation": [30, 0, 0], "uv": [13, 68]},
						{"origin": [-4, 16.69, 8], "size": [8, 0, 3], "pivot": [0, 16.7, 10.5], "rotation": [30, 0, 0], "uv": [13, 71]},
						{"origin": [-4, 16.69, 10], "size": [8, 0, 3], "pivot": [0, 16.7, 10.5], "rotation": [-30, 0, 0], "uv": [13, 74]},
						{"origin": [4.01, 16.7, 8.25], "size": [0, 8, 3], "pivot": [4, 20.7, 10.5], "rotation": [0, -30, 0], "uv": [0, 72]},
						{"origin": [4.01, 16.7, 10], "size": [0, 8, 3], "pivot": [4, 20.7, 10.5], "rotation": [0, 30, 0], "uv": [6, 72]},
						{"origin": [-4.01, 16.7, 8.25], "size": [0, 8, 3], "pivot": [-4, 20.7, 10.5], "rotation": [0, 30, 0], "uv": [0, 80], "mirror": true},
						{"origin": [-4.01, 16.7, 10], "size": [0, 8, 3], "pivot": [-4, 20.7, 10.5], "rotation": [0, -30, 0], "uv": [6, 80], "mirror": true}
					]
				},
				{
					"name": "tail",
					"parent": "tail_fur",
					"pivot": [0, 21.2, 12.5],
					"rotation": [-5, 0, 0],
					"cubes": [
						{"origin": [-2.5, 18.7, 11], "size": [5, 5, 10], "inflate": 0.02, "uv": [12, 77]}
					]
				},
				{
					"name": "tail2",
					"parent": "tail",
					"pivot": [0, 21.2, 21],
					"cubes": [
						{"origin": [-2.5, 19.2, 20], "size": [5, 4, 9], "inflate": 0.01, "uv": [32, 72]}
					]
				},
				{
					"name": "tail3",
					"parent": "tail2",
					"pivot": [0, 21.2, 29],
					"cubes": [
						{"origin": [-2, 19.2, 28], "size": [4, 4, 9], "uv": [51, 76]}
					]
				},
				{
					"name": "tail4",
					"parent": "tail3",
					"pivot": [0, 21.2, 37],
					"cubes": [
						{"origin": [-1.5, 19.7, 36], "size": [3, 3, 9], "inflate": 0.01, "uv": [68, 80]}
					]
				},
				{
					"name": "tail5",
					"parent": "tail4",
					"pivot": [0, 21.2, 45],
					"cubes": [
						{"origin": [-1, 20.2, 44], "size": [2, 2, 8], "inflate": 0.01, "uv": [83, 79]}
					]
				},
				{
					"name": "tail_end",
					"parent": "tail5",
					"pivot": [0, 21.2, 49]
				},
				{
					"name": "tail_end_back",
					"parent": "tail_end",
					"pivot": [0, 21.2, 50.5],
					"cubes": [
						{"origin": [-2, 21.2, 52], "size": [4, 0, 9], "uv": [111, 89]}
					]
				},
				{
					"name": "tail_end_left",
					"parent": "tail_end",
					"pivot": [1, 21.2, 49.5],
					"rotation": [0, 15, 0],
					"cubes": [
						{"origin": [0.4353, 21.2, 46.74148], "size": [5, 0, 3], "uv": [89, 89]}
					]
				},
				{
					"name": "tail_end_left2",
					"parent": "tail_end",
					"pivot": [1, 21.2, 48],
					"rotation": [0, -22.5, 0],
					"cubes": [
						{"origin": [0.5, 21.2, 48], "size": [8, 0, 4], "inflate": 0.01, "uv": [91, 79]}
					]
				},
				{
					"name": "tail_end_right",
					"parent": "tail_end",
					"pivot": [-1, 21.2, 49.5],
					"rotation": [0, -15, 0],
					"cubes": [
						{"origin": [-5.4353, 21.2, 46.74148], "size": [5, 0, 3], "uv": [99, 89], "mirror": true}
					]
				},
				{
					"name": "tail_end_right2",
					"parent": "tail_end",
					"pivot": [-1, 21.2, 48],
					"rotation": [0, 22.5, 0],
					"cubes": [
						{"origin": [-8.5, 21.2, 48], "size": [8, 0, 4], "inflate": 0.01, "uv": [91, 83], "mirror": true}
					]
				},
				{
					"name": "legs",
					"parent": "body",
					"pivot": [0, 20.2, 5]
				},
				{
					"name": "leg_left",
					"parent": "legs",
					"pivot": [4.75, 20.2, 4.5],
					"rotation": [-25, 0, 0],
					"cubes": [
						{"origin": [2.75, 7.2, 1], "size": [4, 14, 8], "inflate": 0.02, "uv": [0, 92]}
					]
				},
				{
					"name": "leg_left2",
					"parent": "leg_left",
					"pivot": [4.85, 7.2, 1.5],
					"rotation": [-10, 0, 0],
					"cubes": [
						{"origin": [3.35, 7.2, 1.5], "size": [3, 4, 11], "inflate": 0.01, "uv": [51, 89]}
					]
				},
				{
					"name": "leg_left3",
					"parent": "leg_left2",
					"pivot": [4.85, 11.2, 12.5],
					"rotation": [25, 0, 0],
					"cubes": [
						{"origin": [3.35, 4.2, 8.5], "size": [3, 7, 4], "uv": [0, 114]}
					]
				},
				{
					"name": "leg_fur_left",
					"parent": "leg_left3",
					"pivot": [4.85, 6.7, 10.5],
					"rotation": [-2.5, 0, 0],
					"cubes": [
						{"origin": [1.85, 4.7, 6.5], "size": [6, 4, 8], "inflate": 0.01, "uv": [54, 112]},
						{"origin": [1.85, 6.7, 6.51], "size": [6, 2, 0], "pivot": [4.85, 6.7, 6.5], "rotation": [25, 0, 0], "uv": [91, 98]},
						{"origin": [1.85, 4.7, 6.51], "size": [6, 2, 0], "pivot": [4.85, 6.7, 6.5], "rotation": [-25, 0, 0], "uv": [91, 100]},
						{"origin": [1.85, 6.7, 14.51], "size": [6, 3, 0], "pivot": [4.85, 6.7, 14.5], "rotation": [-22.5, 0, 0], "uv": [74, 110]},
						{"origin": [1.85, 3.7, 14.51], "size": [6, 3, 0], "pivot": [4.85, 6.7, 14.5], "rotation": [22.5, 0, 0], "uv": [74, 113]},
						{"origin": [1.85, 8.71, 6.5], "size": [6, 0, 4], "pivot": [4.85, 8.7, 10.5], "rotation": [-5, 0, 0], "uv": [78, 116]},
						{"origin": [1.85, 8.71, 10.5], "size": [6, 0, 5], "pivot": [4.85, 8.7, 10.5], "rotation": [12.5, 0, 0], "uv": [77, 120]},
						{"origin": [1.85, 4.7, 10], "size": [6, 0, 5], "pivot": [4.85, 4.7, 10.5], "rotation": [-10, 0, 0], "uv": [98, 98]},
						{"origin": [7.86, 4.7, 6.5], "size": [0, 4, 4], "pivot": [7.85, 6.7, 10.5], "rotation": [0, -17.5, 0], "uv": [107, 111]},
						{"origin": [7.86, 4.7, 10.5], "size": [0, 4, 5], "pivot": [7.85, 6.7, 10.5], "rotation": [0, 17.5, 0], "uv": [116, 110]},
						{"origin": [1.74, 4.7, 6.5], "size": [0, 4, 4], "pivot": [1.75, 6.7, 10.5], "rotation": [0, 17.5, 0], "uv": [115, 98], "mirror": true},
						{"origin": [1.74, 4.7, 10.5], "size": [0, 4, 5], "pivot": [1.75, 6.7, 10.5], "rotation": [0, -17.5, 0], "uv": [115, 101], "mirror": true}
					]
				},
				{
					"name": "leg_fur_end_left",
					"parent": "leg_fur_left",
					"pivot": [4.85, 4.7, 14.5],
					"rotation": [12.5, 0, 0],
					"cubes": [
						{"origin": [4.85, 4.7, 14.5], "size": [0, 3, 10], "uv": [68, 82]}
					]
				},
				{
					"name": "leg_fur_end_left2",
					"parent": "leg_fur_left",
					"pivot": [4.85, 6.2, 14.5],
					"rotation": [30, 0, 0],
					"cubes": [
						{"origin": [4.85, 6.2, 14.5], "size": [0, 3, 11], "inflate": 0.01, "uv": [40, 81]}
					]
				},
				{
					"name": "leg_fur_end_left3",
					"parent": "leg_fur_left",
					"pivot": [4.85, 6.7, 14],
					"rotation": [55, 0, 0],
					"cubes": [
						{"origin": [4.85, 6.7, 14.5], "size": [0, 3, 10], "uv": [92, 82]}
					]
				},
				{
					"name": "foot_left",
					"parent": "leg_left3",
					"pivot": [4.85, 4.2, 12.5],
					"rotation": [10, 0, 0],
					"cubes": [
						{"origin": [2.85, 4.2, 6.5], "size": [4, 2, 6], "uv": [28, 116]}
					]
				},
				{
					"name": "toes_left",
					"parent": "foot_left",
					"pivot": [4.85, 6.2, 6.5]
				},
				{
					"name": "toe_inner_left",
					"parent": "toes_left",
					"pivot": [3.35, 6.2, 6.5],
					"cubes": [
						{"origin": [2.85, 4.2, 4.5], "size": [1, 2, 2], "uv": [16, 92]}
					]
				},
				{
					"name": "toe_inner_left2",
					"parent": "toe_inner_left",
					"pivot": [3.35, 6.2, 4.5],
					"cubes": [
						{"origin": [3.35, 4.2, 2.5], "size": [0, 2, 2], "uv": [28, 90]}
					]
				},
				{
					"name": "toe_middle_left",
					"parent": "toes_left",
					"pivot": [4.85, 6.2, 6.5],
					"cubes": [
						{"origin": [4.35, 4.2, 3.5], "size": [1, 2, 3], "uv": [12, 82]}
					]
				},
				{
					"name": "toe_middle_left2",
					"parent": "toe_middle_left",
					"pivot": [4.85, 6.2, 3.5],
					"cubes": [
						{"origin": [4.85, 4.2, 1.5], "size": [0, 2, 2], "uv": [0, 94]}
					]
				},
				{
					"name": "toe_outer_left",
					"parent": "toes_left",
					"pivot": [6.35, 6.2, 6.5],
					"cubes": [
						{"origin": [5.85, 4.2, 4.5], "size": [1, 2, 2], "uv": [22, 92]}
					]
				},
				{
					"name": "toe_outer_left2",
					"parent": "toe_outer_left",
					"pivot": [6.35, 6.2, 4.5],
					"cubes": [
						{"origin": [6.35, 4.2, 2.5], "size": [0, 2, 2], "uv": [28, 94]}
					]
				},
				{
					"name": "leg_right",
					"parent": "legs",
					"pivot": [-4.75, 20.2, 4.5],
					"rotation": [-25, 0, 0],
					"cubes": [
						{"origin": [-6.75, 7.2, 1], "size": [4, 14, 8], "inflate": 0.02, "uv": [24, 92], "mirror": true}
					]
				},
				{
					"name": "leg_right2",
					"parent": "leg_right",
					"pivot": [-4.75, 7.2, 1.5],
					"rotation": [-10, 0, 0],
					"cubes": [
						{"origin": [-6.25, 7.2, 1.5], "size": [3, 4, 11], "inflate": 0.01, "uv": [37, 113], "mirror": true}
					]
				},
				{
					"name": "leg_right3",
					"parent": "leg_right2",
					"pivot": [-4.75, 11.2, 12.5],
					"rotation": [25, 0, 0],
					"cubes": [
						{"origin": [-6.25, 4.2, 8.5], "size": [3, 7, 4], "uv": [14, 114], "mirror": true}
					]
				},
				{
					"name": "leg_fur_right",
					"parent": "leg_right3",
					"pivot": [-4.75, 6.7, 10.5],
					"rotation": [-2.5, 0, 0],
					"cubes": [
						{"origin": [-7.75, 4.7, 6.5], "size": [6, 4, 8], "inflate": 0.01, "uv": [71, 98], "mirror": true},
						{"origin": [-7.75, 6.7, 6.51], "size": [6, 2, 0], "pivot": [-4.75, 6.7, 6.5], "rotation": [25, 0, 0], "uv": [91, 102], "mirror": true},
						{"origin": [-7.75, 4.7, 6.51], "size": [6, 2, 0], "pivot": [-4.75, 6.7, 6.5], "rotation": [-25, 0, 0], "uv": [91, 104], "mirror": true},
						{"origin": [-7.75, 6.7, 14.51], "size": [6, 3, 0], "pivot": [-4.75, 6.7, 14.5], "rotation": [-22.5, 0, 0], "uv": [86, 110], "mirror": true},
						{"origin": [-7.75, 3.7, 14.51], "size": [6, 3, 0], "pivot": [-4.75, 6.7, 14.5], "rotation": [22.5, 0, 0], "uv": [86, 113], "mirror": true},
						{"origin": [-7.75, 8.71, 6.5], "size": [6, 0, 4], "pivot": [-4.75, 8.7, 10.5], "rotation": [-5, 0, 0], "uv": [90, 116], "mirror": true},
						{"origin": [-7.75, 8.71, 10.5], "size": [6, 0, 5], "pivot": [-4.75, 8.7, 10.5], "rotation": [12.5, 0, 0], "uv": [89, 120], "mirror": true},
						{"origin": [-7.75, 4.7, 10], "size": [6, 0, 5], "pivot": [-4.75, 4.7, 10.5], "rotation": [-10, 0, 0], "uv": [98, 103], "mirror": true},
						{"origin": [-7.76, 4.7, 6.5], "size": [0, 4, 4], "pivot": [-7.75, 6.7, 10.5], "rotation": [0, 17.5, 0], "uv": [112, 90], "mirror": true},
						{"origin": [-7.76, 4.7, 10.5], "size": [0, 4, 5], "pivot": [-7.75, 6.7, 10.5], "rotation": [0, -17.5, 0], "uv": [115, 93], "mirror": true},
						{"origin": [-1.64, 4.7, 6.5], "size": [0, 4, 4], "pivot": [-1.65, 6.7, 10.5], "rotation": [0, -17.5, 0], "uv": [107, 104]},
						{"origin": [-1.64, 4.7, 10.5], "size": [0, 4, 5], "pivot": [-1.65, 6.7, 10.5], "rotation": [0, 17.5, 0], "uv": [115, 105]}
					]
				},
				{
					"name": "leg_fur_end_right",
					"parent": "leg_fur_right",
					"pivot": [-4.75, 6.45, 14.5],
					"rotation": [12.5, 0, 0],
					"cubes": [
						{"origin": [-4.75, 4.74148, 14.12123], "size": [0, 3, 10], "uv": [68, 85], "mirror": true}
					]
				},
				{
					"name": "leg_fur_end_right2",
					"parent": "leg_fur_right",
					"pivot": [-4.75, 7.7, 14],
					"rotation": [30, 0, 0],
					"cubes": [
						{"origin": [-4.75, 6.15096, 13.68301], "size": [0, 3, 11], "inflate": 0.01, "uv": [40, 84], "mirror": true}
					]
				},
				{
					"name": "leg_fur_end_right3",
					"parent": "leg_fur_right",
					"pivot": [-4.75, 8.2, 13.25],
					"rotation": [55, 0, 0],
					"cubes": [
						{"origin": [-4.75, 6.72527, 12.95145], "size": [0, 3, 10], "uv": [92, 85], "mirror": true}
					]
				},
				{
					"name": "foot_right",
					"parent": "leg_right3",
					"pivot": [-4.75, 4.2, 12.5],
					"rotation": [10, 0, 0],
					"cubes": [
						{"origin": [-6.75, 4.2, 6.5], "size": [4, 2, 6], "uv": [48, 104], "mirror": true}
					]
				},
				{
					"name": "toes_right",
					"parent": "foot_right",
					"pivot": [-4.75, 6.2, 6.5]
				},
				{
					"name": "toe_inner_right",
					"parent": "toes_right",
					"pivot": [-3.25, 6.2, 6.5],
					"cubes": [
						{"origin": [-3.75, 4.2, 4.5], "size": [1, 2, 2], "uv": [16, 96], "mirror": true}
					]
				},
				{
					"name": "toe_inner_right2",
					"parent": "toe_inner_right",
					"pivot": [-3.25, 6.2, 4.5],
					"cubes": [
						{"origin": [-3.25, 4.2, 2.5], "size": [0, 2, 2], "uv": [28, 92], "mirror": true}
					]
				},
				{
					"name": "toe_middle_right",
					"parent": "toes_right",
					"pivot": [-4.75, 6.2, 6.5],
					"cubes": [
						{"origin": [-5.25, 4.2, 3.5], "size": [1, 2, 3], "uv": [0, 91], "mirror": true}
					]
				},
				{
					"name": "toe_middle_right2",
					"parent": "toe_middle_right",
					"pivot": [-4.75, 6.2, 3.5],
					"cubes": [
						{"origin": [-4.75, 4.2, 1.5], "size": [0, 2, 2], "uv": [0, 96], "mirror": true}
					]
				},
				{
					"name": "toe_outer_right",
					"parent": "toes_right",
					"pivot": [-6.25, 6.2, 6.5],
					"cubes": [
						{"origin": [-6.75, 4.2, 4.5], "size": [1, 2, 2], "uv": [22, 96], "mirror": true}
					]
				},
				{
					"name": "toe_outer_right2",
					"parent": "toe_outer_right",
					"pivot": [-6.25, 6.2, 4.5],
					"cubes": [
						{"origin": [-6.25, 4.2, 2.5], "size": [0, 2, 2], "uv": [28, 96], "mirror": true}
					]
				}
			]
		}
	]
}
