{
  "target": "cobblemon:crawdaunt",
  "riding": {
    "behaviours": {
      "LAND": {
        "key": "cobblemon:land/horse",
        "rideSounds": [],
        "stats": {
          "SPEED": "10-25",
          "ACCELERATION": "15-35",
          "SKILL": "25-45",
          "JUMP": "15-30",
          "STAMINA": "25-50"
        }
      },
      "LIQUID": {
        "key": "cobblemon:liquid/dolphin",
        "rideSounds": [
          {
            "muffleEnabled": true,
            "pitchExpr": "math.max(1.0 ,0.2 + math.pow(math.min(q.ride_velocity() / 1.5, 1.0),2))",
            "playForNonPassengers": true,
            "soundLocation": "cobblemon:ride.loop.water_surface",
            "volumeExpr": "math.pow(math.min(q.ride_velocity() / 1.5, 1.0),2)"
          }
        ],
        "stats": {
          "SPEED": "30-55",
          "ACCELERATION": "30-50",
          "SKILL": "40-70",
          "JUMP": "25-45",
          "STAMINA": "40-75"
        }
      }
    },
    "seats": [
      {
        "offset": {
          "x": 0.0,
          "y": 0.1,
          "z": 0.0
        },
        "poseOffsets": [
          {
            "offset": {
              "x": 0.0,
              "y": -1.2,
              "z": 0.0
            },
            "poseTypes": [
              "STAND",
              "WALK"
            ]
          },
          {
            "offset": {
              "x": 0.0,
              "y": -1.25,
              "z": 0.1
            },
            "poseTypes": [
              "FLOAT",
              "SWIM"
            ]
          }
        ]
      }
    ]
  }
}
