{
  "target": "cobblemon:gardevoir",
  "riding": {
    "behaviours": {
      "LAND": {
        "key": "cobblemon:land/horse",
        "rideSounds": [],
        "stats": {
          "SPEED": "20-45",
          "ACCELERATION": "25-50",
          "SKILL": "35-65",
          "JUMP": "15-30",
          "STAMINA": "25-50"
        }
      }
    },
    "seats": [
      {
        "offset": {
          "x": 0.0,
          "y": 0.15,
          "z": 0.0
        },
        "poseOffsets": [
          {
            "offset": {
              "x": 0.0,
              "y": -1.5,
              "z": 0.0
            },
            "poseTypes": [
              "STAND"
            ]
          },
          {
            "offset": {
              "x": 0.0,
              "y": -1.55,
              "z": -0.05
            },
            "poseTypes": [
              "WALK"
            ]
          }
        ]
      }
    ]
  }
}
