{
  "target": "cobblemon:manectric",
  "riding": {
    "behaviours": {
      "LAND": {
        "key": "cobblemon:land/horse",
        "rideSounds": [],
        "stats": {
          "ACCELERATION": "35-65",
          "JUMP": "20-40",
          "SKILL": "30-55",
          "SPEED": "35-65",
          "STAMINA": "25-45"
        }
      }
    },
    "seats": [
      {
        "offset": {
          "x": 0.0,
          "y": 0.15,
          "z": 0.0
        },
        "poseOffsets": [
          {
            "offset": {
              "x": 0.0,
              "y": -1.3,
              "z": 0.0
            },
            "poseTypes": [
              "STAND",
              "WALK"
            ]
          }
        ]
      }
    ]
  }
}
