{
  "target": "cobblemon:sceptile",
  "riding": {
    "behaviours": {
      "LAND": {
        "key": "cobblemon:land/horse",
        "rideSounds": [],
        "stats": {
          "ACCELERATION": "40-70",
          "JUMP": "35-60",
          "SKILL": "45-75",
          "SPEED": "40-70",
          "STAMINA": "30-55"
        }
      }
    },
    "seats": [
      {
        "offset": {
          "x": 0.0,
          "y": 0.2,
          "z": 0.0
        },
        "poseOffsets": [
          {
            "offset": {
              "x": 0.0,
              "y": -1.6,
              "z": 0.0
            },
            "poseTypes": [
              "STAND",
              "WALK"
            ]
          },
          {
            "offset": {
              "x": 0.0,
              "y": -1.4,
              "z": -0.15
            },
            "poseTypes": [
              "HOVER",
              "GLIDE",
              "FLOAT",
              "SWIM"
            ]
          }
        ]
      }
    ]
  }
}
