{
  "target": "cobblemon:swampert",
  "riding": {
    "behaviours": {
      "LAND": {
        "key": "cobblemon:land/horse",
        "rideSounds": [],
        "stats": {
          "ACCELERATION": "35-65",
          "JUMP": "30-55",
          "SKILL": "40-70",
          "SPEED": "35-65",
          "STAMINA": "40-75"
        }
      },
      "LIQUID": {
        "key": "cobblemon:liquid/dolphin",
        "rideSounds": [
          {
            "muffleEnabled": true,
            "pitchExpr": "math.max(1.0 ,0.2 + math.pow(math.min(q.ride_velocity() / 1.5, 1.0),2))",
            "playForNonPassengers": true,
            "soundLocation": "cobblemon:ride.loop.water_surface",
            "volumeExpr": "math.pow(math.min(q.ride_velocity() / 1.5, 1.0),2)"
          }
        ],
        "stats": {
          "ACCELERATION": "35-65",
          "JUMP": "25-45",
          "SKILL": "45-75",
          "SPEED": "35-65",
          "STAMINA": "45-80"
        }
      }
    },
    "seats": [
      {
        "offset": {
          "x": 0.0,
          "y": 0.2,
          "z": 0.0
        },
        "poseOffsets": [
          {
            "offset": {
              "x": 0.0,
              "y": -1.5,
              "z": 0.0
            },
            "poseTypes": [
              "STAND",
              "WALK"
            ]
          },
          {
            "offset": {
              "x": 0.0,
              "y": -1.55,
              "z": -0.1
            },
            "poseTypes": [
              "FLOAT"
            ]
          },
          {
            "offset": {
              "x": 0.0,
              "y": -1.45,
              "z": -0.2
            },
            "poseTypes": [
              "SWIM"
            ]
          }
        ]
      }
    ]
  }
}
