{
  "implemented": true,
  "nationalPokedexNumber": 150,
  "name": "Mewtwo",
  "primaryType": "psychic",
  "maleRatio": -1,
  "height": 20,
  "weight": 1220,
  "pokedex": [
    "cobblemon.species.mewtwo.desc"
  ],
  "labels": [
    "gen1",
    "legendary",
    "restricted"
  ],
  "aspects": [],
  "abilities": [
    "pressure",
    "h:unnerve"
  ],
  "eggGroups": [
    "undiscovered"
  ],
  "baseStats": {
    "hp": 106,
    "attack": 110,
    "defence": 90,
    "special_attack": 154,
    "special_defence": 90,
    "speed": 130
  },
  "evYield": {
    "hp": 0,
    "attack": 0,
    "defence": 0,
    "special_attack": 3,
    "special_defence": 0,
    "speed": 0
  },
  "baseExperienceYield": 340,
  "experienceGroup": "slow",
  "catchRate": 3,
  "eggCycles": 120,
  "baseFriendship": 0,
  "baseScale": 1,
  "hitbox": {
    "width": 1.25,
    "height": 2.75,
    "fixed": false
  },
  "riding": {
  "behaviours": {
    "AIR": {
      "speed": "Math.clamp(q.entity.velocity.horizontal_magnitude + 0.33, 0, 1)",
      "key": "cobblemon:air/jet",
      "rideSounds": [
        {
          "muffleEnabled": true,
          "pitchExpr": "math.max(1.0 ,0.2 + math.pow(math.min(q.ride_velocity() / 1.5, 1.0),2))",
          "playForNonPassengers": true,
          "soundLocation": "cobblemon:ride.loop.wind",
          "volumeExpr": "math.pow(math.min(q.ride_velocity() / 1.5, 1.0),2)"
        }
      ],
      "gravity": "q.gravity * (0.1 + (q.passenger_count - 1) * 0.1)",
      "jumpVector": [
        0,
        "0.35*q.jump_strength/50",
        0
      ],
      "stats": {
        "ACCELERATION": "70-90",
        "JUMP": "60-85",
        "SKILL": "80-100",
        "SPEED": "75-95",
        "STAMINA": "70-95"
      }
    },
    "LAND": {
      "speed": "Math.clamp(q.entity.velocity.horizontal_magnitude + 0.33, 0, 1)",
      "key": "cobblemon:land/horse",
      "rideSounds": [],
      "gravity": "q.gravity * (0.1 + (q.passenger_count - 1) * 0.1)",
      "jumpVector": [
        0,
        "0.3*q.jump_strength/50",
        "-1 * 0.35*q.jump_strength/50"
      ],
      "stats": {
        "ACCELERATION": "50-75",
        "JUMP": "25-45",
        "SKILL": "60-85",
        "SPEED": "55-75",
        "STAMINA": "50-70"
      }
    }
  },
  "seats": [
    {
      "offset": {
        "x": 0.0,
        "y": 0.0,
        "z": 0.0
      },
      "poseOffsets": [
        {
          "offset": {
            "x": 0.0,
            "y": -1.9,
            "z": 0.0
          },
          "poseTypes": [
            "STAND"
          ]
        },
        {
          "offset": {
            "x": 0.02,
            "y": -1.95,
            "z": -0.2
          },
          "poseTypes": [
            "WALK"
          ]
        },
        {
          "offset": {
            "x": 0.0,
            "y": -1.5,
            "z": -0.25
          },
          "poseTypes": [
            "HOVER",
            "FLY"
          ]
        },
        {
          "offset": {
            "x": 0.0,
            "y": -1.6,
            "z": -0.15
          },
          "poseTypes": [
            "FLOAT",
            "SWIM",
            "GLIDE"
          ]
        }
      ]
    }
  ]
},

  "behaviour": {
    "moving": {
      "fly": {
        "canFly": true
      },
      "swim": {
        "avoidsWater": true,
        "canWalkOnWater": true
      }
    },
    "combat": {
      "willDefendSelf": true,
      "willDefendOwner": true,
      "willFlee": false
    },
    "resting": {
      "drowsyChance": 0.0333,
      "rouseChance": 0.0042
    }
  },
  "drops": {
    "amount": 1,
    "entries": [
      {
        "item": "cobblemon:twisted_spoon"
      }
    ]
  },
  "moves": [
    "1:confusion",
    "1:disable",
    "1:barrier",
    "1:swift",
    "1:miracleeye",
    "1:mefirst",
    "1:laserfocus",
    "1:psywave",
    "1:lifedew",
    "8:ancientpower",
    "16:psychocut",
    "24:safeguard",
    "32:amnesia",
    "40:aurasphere",
    "48:psychic",
    "56:powerswap",
    "56:guardswap",
    "64:mist",
    "72:psystrike",
    "80:recover",
    "88:futuresight",
    "tm:agility",
    "tm:allyswitch",
    "tm:amnesia",
    "tm:ancientpower",
    "tm:aquatail",
    "tm:aurasphere",
    "tm:avalanche",
    "tm:blizzard",
    "tm:bodyslam",
    "tm:brickbreak",
    "tm:brutalswing",
    "tm:bulkup",
    "tm:bulldoze",
    "tm:calmmind",
    "tm:chillingwater",
    "tm:confuseray",
    "tm:curse",
    "tm:darkpulse",
    "tm:dive",
    "tm:doubleedge",
    "tm:drainpunch",
    "tm:dreameater",
    "tm:earthpower",
    "tm:earthquake",
    "tm:electroball",
    "tm:embargo",
    "tm:endure",
    "tm:energyball",
    "tm:expandingforce",
    "tm:facade",
    "tm:fireblast",
    "tm:firepunch",
    "tm:flamethrower",
    "tm:flash",
    "tm:fling",
    "tm:focusblast",
    "tm:focuspunch",
    "tm:foulplay",
    "tm:futuresight",
    "tm:gigaimpact",
    "tm:grassknot",
    "tm:gravity",
    "tm:guardswap",
    "tm:hail",
    "tm:headbutt",
    "tm:helpinghand",
    "tm:hex",
    "tm:hurricane",
    "tm:hyperbeam",
    "tm:icebeam",
    "tm:icepunch",
    "tm:icywind",
    "tm:imprison",
    "tm:incinerate",
    "tm:irontail",
    "tm:knockoff",
    "tm:laserfocus",
    "tm:lashout",
    "tm:lightscreen",
    "tm:lowkick",
    "tm:lowsweep",
    "tm:magiccoat",
    "tm:magicroom",
    "tm:megakick",
    "tm:megapunch",
    "tm:metronome",
    "tm:nastyplot",
    "tm:nightshade",
    "tm:payday",
    "tm:poisonjab",
    "tm:powergem",
    "tm:powerswap",
    "tm:poweruppunch",
    "tm:protect",
    "tm:psybeam",
    "tm:psychic",
    "tm:psychicnoise",
    "tm:psychicterrain",
    "tm:psychocut",
    "tm:psychup",
    "tm:psyshock",
    "tm:raindance",
    "tm:recycle",
    "tm:reflect",
    "tm:rest",
    "tm:reversal",
    "tm:rockclimb",
    "tm:rockslide",
    "tm:rocksmash",
    "tm:rocktomb",
    "tm:roleplay",
    "tm:safeguard",
    "tm:sandstorm",
    "tm:scaryface",
    "tm:selfdestruct",
    "tm:shadowball",
    "tm:shockwave",
    "tm:signalbeam",
    "tm:skillswap",
    "tm:sleeptalk",
    "tm:snatch",
    "tm:solarbeam",
    "tm:speedswap",
    "tm:spite",
    "tm:stompingtantrum",
    "tm:stoneedge",
    "tm:storedpower",
    "tm:strength",
    "tm:substitute",
    "tm:sunnyday",
    "tm:swift",
    "tm:takedown",
    "tm:taunt",
    "tm:telekinesis",
    "tm:terablast",
    "tm:thunder",
    "tm:thunderbolt",
    "tm:thunderpunch",
    "tm:thunderwave",
    "tm:torment",
    "tm:trailblaze",
    "tm:triattack",
    "tm:trick",
    "tm:trickroom",
    "tm:weatherball",
    "tm:willowisp",
    "tm:wonderroom",
    "tm:zenheadbutt",
    "tutor:allyswitch",
    "tutor:ancientpower",
    "tutor:aquatail",
    "tutor:bulkup",
    "tutor:bulldoze",
    "tutor:calmmind",
    "tutor:darkpulse",
    "tutor:dive",
    "tutor:drainpunch",
    "tutor:earthpower",
    "tutor:energyball",
    "tutor:expandingforce",
    "tutor:firepunch",
    "tutor:flamethrower",
    "tutor:focuspunch",
    "tutor:foulplay",
    "tutor:gigaimpact",
    "tutor:gravity",
    "tutor:helpinghand",
    "tutor:hyperbeam",
    "tutor:icebeam",
    "tutor:icepunch",
    "tutor:icywind",
    "tutor:irontail",
    "tutor:knockoff",
    "tutor:laserfocus",
    "tutor:lashout",
    "tutor:lowkick",
    "tutor:magiccoat",
    "tutor:magicroom",
    "tutor:poisonjab",
    "tutor:psychic",
    "tutor:psychocut",
    "tutor:recycle",
    "tutor:rest",
    "tutor:rockslide",
    "tutor:rocksmash",
    "tutor:roleplay",
    "tutor:shadowball",
    "tutor:shockwave",
    "tutor:signalbeam",
    "tutor:skillswap",
    "tutor:sleeptalk",
    "tutor:snatch",
    "tutor:spite",
    "tutor:stompingtantrum",
    "tutor:stoneedge",
    "tutor:swift",
    "tutor:telekinesis",
    "tutor:thunderbolt",
    "tutor:thunderpunch",
    "tutor:trick",
    "tutor:wonderroom",
    "tutor:zenheadbutt",
    "legacy:aerialace",
    "legacy:bide",
    "legacy:bubblebeam",
    "legacy:chargebeam",
    "legacy:confide",
    "legacy:counter",
    "legacy:detect",
    "legacy:doubleteam",
    "legacy:dynamicpunch",
    "legacy:frustration",
    "legacy:hiddenpower",
    "legacy:mimic",
    "legacy:mudslap",
    "legacy:naturalgift",
    "legacy:nightmare",
    "legacy:rage",
    "legacy:return",
    "legacy:round",
    "legacy:secretpower",
    "legacy:seismictoss",
    "legacy:skullbash",
    "legacy:snore",
    "legacy:submission",
    "legacy:swagger",
    "legacy:teleport",
    "legacy:toxic",
    "legacy:watergun",
    "legacy:waterpulse",
    "legacy:zapcannon",
    "special:healpulse"
  ],
  "evolutions": [],
  "forms": [
    {
      "name": "Mega-X",
      "primaryType": "psychic",
      "secondaryType": "fighting",
      "maleRatio": -1,
      "height": 23,
      "weight": 1270,
      "pokedex": [
        "cobblemon.species.mewtwo-megax.desc"
      ],
      "labels": [
        "gen6",
        "legendary",
        "restricted",
        "mega"
      ],
      "aspects": [
        "mega_x"
      ],
      "abilities": [
        "steadfast",
        "h:steadfast"
      ],
      "baseStats": {
        "hp": 106,
        "attack": 190,
        "defence": 100,
        "special_attack": 154,
        "special_defence": 100,
        "speed": 130
      },
      "baseExperienceYield": 390,
      "dynamaxBlocked": true,
      "evolutions": [],
      "battleOnly": true
    },
    {
      "name": "Mega-Y",
      "primaryType": "psychic",
      "maleRatio": -1,
      "height": 15,
      "weight": 330,
      "pokedex": [
        "cobblemon.species.mewtwo-megay.desc"
      ],
      "labels": [
        "gen6",
        "legendary",
        "restricted",
        "mega"
      ],
      "aspects": [
        "mega_y"
      ],
      "abilities": [
        "insomnia",
        "h:insomnia"
      ],
      "baseStats": {
        "hp": 106,
        "attack": 150,
        "defence": 70,
        "special_attack": 194,
        "special_defence": 120,
        "speed": 140
      },
      "baseExperienceYield": 390,
      "dynamaxBlocked": true,
      "evolutions": [],
      "battleOnly": true
    }
  ]
}