{
  "implemented": true,
  "nationalPokedexNumber": 78,
  "name": "Rapidash",
  "primaryType": "fire",
  "maleRatio": 0.5,
  "height": 17,
  "weight": 950,
  "pokedex": [
    "cobblemon.species.rapidash.desc"
  ],
  "labels": [
    "gen1",
    "kantonian_form"
  ],
  "aspects": [],
  "abilities": [
    "runaway",
    "flashfire",
    "h:flamebody"
  ],
  "eggGroups": [
    "field"
  ],
  "baseStats": {
    "hp": 65,
    "attack": 100,
    "defence": 70,
    "special_attack": 80,
    "special_defence": 80,
    "speed": 105
  },
  "evYield": {
    "hp": 0,
    "attack": 0,
    "defence": 0,
    "special_attack": 0,
    "special_defence": 0,
    "speed": 2
  },
  "baseExperienceYield": 175,
  "experienceGroup": "medium_fast",
  "catchRate": 60,
  "eggCycles": 20,
  "baseFriendship": 50,
  "features": [
    "galarian"
  ],
  "riding": {
  "behaviours": {
    "LAND": {
      "key": "cobblemon:land/horse",
      "rideSounds": [],
      "stats": {
        "ACCELERATION": "55-80",
        "JUMP": "30-50",
        "SKILL": "35-55",
        "SPEED": "60-85",
        "STAMINA": "35-55"
      }
    }
  },
  "seats": [
    {
      "offset": {
        "x": 0.0,
        "y": 0.0,
        "z": 0.0
      },
      "poseOffsets": [
        {
          "offset": {
            "x": 0.0,
            "y": -1.35,
            "z": -0.1
          },
          "poseTypes": [
            "STAND"
          ]
        },
        {
          "offset": {
            "x": 0.05,
            "y": -1.45,
            "z": -0.2
          },
          "poseTypes": [
            "WALK"
          ]
        },
        {
          "offset": {
            "x": 0.03,
            "y": -1.15,
            "z": -0.25
          },
          "poseTypes": [
            "HOVER"
          ]
        },
        {
          "offset": {
            "x": 0.03,
            "y": -1.15,
            "z": -0.25
          },
          "poseTypes": [
            "FLOAT"
          ]
        },
        {
          "offset": {
            "x": -0.04,
            "y": -1.25,
            "z": -0.3
          },
          "poseTypes": [
            "SWIM"
          ]
        },
        {
          "offset": {
            "x": 0.0,
            "y": -1.5,
            "z": -0.15
          },
          "poseTypes": [
            "GLIDE"
          ]
        }
      ]
    }
  ]
},

  "baseScale": 1.2,
  "hitbox": {
    "width": 0.9,
    "height": 2,
    "fixed": false
  },
  "behaviour": {
    "resting": {
      "canSleep": true,
      "light": "0-4",
      "drowsyChance": 0.0333,
      "rouseChance": 0.0042
    },
    "moving": {
      "walk": {
        "walkSpeed": 0.35
      },
      "swim": {
        "avoidsWater": true,
        "canSwimInLava": true
      }
    },
    "herd": {
      "maxSize": "9",
      "toleratedLeaders": [
        {
          "pokemon": "zebstrika",
          "tier": 1
        },
        {
          "pokemon": "mudsdale",
          "tier": 1
        },
        {
          "pokemon": "rapidash",
          "tier": 2
        },
        {
          "pokemon": "glastrier",
          "tier": 3
        },
        {
          "pokemon": "spectrier",
          "tier": 3
        }
      ]
    },
    "combat": {
      "willDefendOwner": true
    },
    "fireImmune": true
  },
  "drops": {
    "amount": 4,
    "entries": [
      {
        "item": "minecraft:leather",
        "quantityRange": "0-2"
      },
      {
        "item": "minecraft:blaze_powder",
        "percentage": 5.0
      },
      {
        "item": "cobblemon:shuca_berry",
        "percentage": 5.0
      }
    ]
  },
  "moves": [
    "1:poisonjab",
    "1:megahorn",
    "1:growl",
    "1:quickattack",
    "1:tailwhip",
    "1:ember",
    "1:furyattack",
    "1:smartstrike",
    "1:tackle",
    "15:flamecharge",
    "20:agility",
    "25:flamewheel",
    "30:stomp",
    "35:firespin",
    "43:takedown",
    "49:inferno",
    "56:fireblast",
    "63:flareblitz",
    "egg:captivate",
    "egg:doubleedge",
    "egg:doublekick",
    "egg:horndrill",
    "egg:hypnosis",
    "egg:morningsun",
    "egg:thrash",
    "tm:agility",
    "tm:allyswitch",
    "tm:batonpass",
    "tm:bodyslam",
    "tm:bounce",
    "tm:captivate",
    "tm:charm",
    "tm:doubleedge",
    "tm:drillrun",
    "tm:echoedvoice",
    "tm:endure",
    "tm:facade",
    "tm:fireblast",
    "tm:firespin",
    "tm:flamecharge",
    "tm:flamethrower",
    "tm:flareblitz",
    "tm:gigaimpact",
    "tm:headbutt",
    "tm:heatwave",
    "tm:highhorsepower",
    "tm:hyperbeam",
    "tm:incinerate",
    "tm:irontail",
    "tm:lowkick",
    "tm:megahorn",
    "tm:mysticalfire",
    "tm:overheat",
    "tm:payday",
    "tm:playrough",
    "tm:poisonjab",
    "tm:protect",
    "tm:rest",
    "tm:scorchingsands",
    "tm:sleeptalk",
    "tm:smartstrike",
    "tm:solarbeam",
    "tm:solarblade",
    "tm:strength",
    "tm:substitute",
    "tm:sunnyday",
    "tm:swift",
    "tm:swordsdance",
    "tm:takedown",
    "tm:terablast",
    "tm:throatchop",
    "tm:wildcharge",
    "tm:willowisp",
    "tutor:allyswitch",
    "tutor:bounce",
    "tutor:drillrun",
    "tutor:flamethrower",
    "tutor:gigaimpact",
    "tutor:heatwave",
    "tutor:highhorsepower",
    "tutor:hyperbeam",
    "tutor:irontail",
    "tutor:lowkick",
    "tutor:megahorn",
    "tutor:mysticalfire",
    "tutor:playrough",
    "tutor:poisonjab",
    "tutor:rest",
    "tutor:scorchingsands",
    "tutor:sleeptalk",
    "tutor:swift",
    "tutor:throatchop",
    "tutor:wildcharge",
    "legacy:attract",
    "legacy:bide",
    "legacy:confide",
    "legacy:curse",
    "legacy:doubleteam",
    "legacy:frustration",
    "legacy:hiddenpower",
    "legacy:mimic",
    "legacy:naturalgift",
    "legacy:quickattack",
    "legacy:rage",
    "legacy:reflect",
    "legacy:return",
    "legacy:round",
    "legacy:secretpower",
    "legacy:skullbash",
    "legacy:snore",
    "legacy:swagger",
    "legacy:toxic"
  ],
  "preEvolution": "ponyta",
  "evolutions": [],
  "forms": [
    {
      "name": "Galar",
      "primaryType": "psychic",
      "secondaryType": "fairy",
      "maleRatio": 0.5,
      "height": 17,
      "weight": 800,
      "pokedex": [
        "cobblemon.species.rapidash-galar.desc"
      ],
      "labels": [
        "gen8",
        "galarian_form"
      ],
      "aspects": [
        "galarian"
      ],
      "abilities": [
        "runaway",
        "pastelveil",
        "h:anticipation"
      ],
      "drops": {
        "amount": 3,
        "entries": [
          {
            "item": "minecraft:leather",
            "quantityRange": "0-2"
          },
          {
            "item": "cobblemon:razz_berry",
            "percentage": 5.0
          }
        ]
      },
      "moves": [
        "1:psychocut",
        "1:megahorn",
        "1:tackle",
        "1:quickattack",
        "1:growl",
        "1:tailwhip",
        "1:confusion",
        "15:fairywind",
        "20:agility",
        "25:psybeam",
        "30:stomp",
        "35:healpulse",
        "43:takedown",
        "49:dazzlinggleam",
        "56:psychic",
        "63:healingwish",
        "egg:doubleedge",
        "egg:doublekick",
        "egg:horndrill",
        "egg:hypnosis",
        "egg:morningsun",
        "egg:thrash",
        "tm:agility",
        "tm:allyswitch",
        "tm:batonpass",
        "tm:bodyslam",
        "tm:bounce",
        "tm:calmmind",
        "tm:charm",
        "tm:dazzlinggleam",
        "tm:doubleedge",
        "tm:drillrun",
        "tm:endure",
        "tm:expandingforce",
        "tm:facade",
        "tm:futuresight",
        "tm:gigaimpact",
        "tm:highhorsepower",
        "tm:hyperbeam",
        "tm:imprison",
        "tm:irontail",
        "tm:lowkick",
        "tm:magicroom",
        "tm:megahorn",
        "tm:mistyterrain",
        "tm:mysticalfire",
        "tm:payday",
        "tm:playrough",
        "tm:protect",
        "tm:psybeam",
        "tm:psychic",
        "tm:psychicterrain",
        "tm:psychocut",
        "tm:rest",
        "tm:sleeptalk",
        "tm:smartstrike",
        "tm:storedpower",
        "tm:substitute",
        "tm:swift",
        "tm:swordsdance",
        "tm:takedown",
        "tm:terablast",
        "tm:throatchop",
        "tm:trickroom",
        "tm:wildcharge",
        "tm:wonderroom",
        "tm:zenheadbutt",
        "tutor:allyswitch",
        "tutor:bounce",
        "tutor:calmmind",
        "tutor:dazzlinggleam",
        "tutor:drillrun",
        "tutor:expandingforce",
        "tutor:gigaimpact",
        "tutor:highhorsepower",
        "tutor:hyperbeam",
        "tutor:irontail",
        "tutor:lowkick",
        "tutor:magicroom",
        "tutor:megahorn",
        "tutor:mysticalfire",
        "tutor:playrough",
        "tutor:psychic",
        "tutor:psychocut",
        "tutor:rest",
        "tutor:sleeptalk",
        "tutor:swift",
        "tutor:throatchop",
        "tutor:wildcharge",
        "tutor:wonderroom",
        "tutor:zenheadbutt",
        "legacy:attract",
        "legacy:round",
        "legacy:snore"
      ],
      "preEvolution": "ponyta galarian",
      "evolutions": [],
      "battleOnly": false
    }
  ]
}