{
	"format_version": "1.8.0",
	"animations": {
		"animation.sylveon_kazeran.ground_idle": {
			"loop": true,
			"bones": {
				"body": {
					"position": [0, -0.45, 0]
				},
				"ear_left": {
					"rotation": ["-2-math.sin(query.anim_time*90*2-260)*2", -5, 15]
				},
				"ear_left2": {
					"rotation": ["-2+math.sin(query.anim_time*90*2-120)*3", 0, 0]
				},
				"ear_right": {
					"rotation": ["-2-math.sin(query.anim_time*90*2-240)*2", 5, -15]
				},
				"ear_right2": {
					"rotation": ["20+math.sin(query.anim_time*90*2-100)*3", 0, 0]
				},
				"tail": {
					"rotation": ["2.5-math.sin(query.anim_time*90*2-120)*4", 0, 0]
				},
				"tail2": {
					"rotation": ["20-math.sin(query.anim_time*90*2-240)*6", 0, 0]
				},
				"tail3": {
					"rotation": ["10+math.sin(query.anim_time*90*2-100)*6", 0, 0]
				},
				"front_leg_left": {
					"rotation": [2.4905, -0.21782, 2.99527],
					"position": [0, -0.25, 0]
				},
				"elbow_left": {
					"rotation": [-10, 0, 0]
				},
				"frontpaw_left": {
					"rotation": [7.43656, 0.9762, -5.43656],
					"position": [0, 0.25, 0]
				},
				"front_leg_right": {
					"rotation": [2.4905, 0.21782, -2.99527]
				},
				"elbow_right": {
					"rotation": [-10, 0, 0]
				},
				"frontpaw_right": {
					"rotation": [7.47178, -0.65182, 2.95744]
				},
				"back_leg_left": {
					"rotation": [2.9886, "-0.2614-math.sin(query.anim_time*90*2-0)*1.5", 0.99318]
				},
				"ankle_left": {
					"rotation": [-5, 0, 0]
				},
				"foot_left": {
					"rotation": [2.49768, "-0.3266275607+math.sin(query.anim_time*90*2-0)*1", "2.4833738216-math.sin(query.anim_time*90*2-0)*0.5"],
					"position": ["0+math.sin(query.anim_time*90*2-0)*0.05", 0.2, 0]
				},
				"back_leg_right": {
					"rotation": [2.9886, "0.2614-math.sin(query.anim_time*90*2-0)*1.5", -0.99318]
				},
				"ankle_right": {
					"rotation": [-5, 0, 0]
				},
				"foot_right": {
					"rotation": [2.49768, "0.3266+math.sin(query.anim_time*90*2-0)*1", "-2.4834+math.sin(query.anim_time*90*2-0)*0.5"],
					"position": ["0+math.sin(query.anim_time*90*2-0)*0.05", 0.2, 0]
				},
				"umbreon": {
					"position": [0, -0.25, 0]
				},
				"torso": {
					"rotation": ["-math.sin(query.anim_time*90*2-80)*1", 0, 0],
					"position": [0, "0-math.sin(query.anim_time*90*2)*0.3", 0]
				},
				"neck": {
					"rotation": ["0-math.sin(query.anim_time*90*2-140)*1", 0, 0]
				},
				"head_angle": {
					"rotation": ["2.1766-math.sin(query.anim_time*90*2-230)*2", 2.12289, -1.15078]
				},
				"ear_left3": {
					"rotation": ["-2+math.sin(query.anim_time*90*2-180)*5", 0, 0]
				},
				"ear_right3": {
					"rotation": ["20+math.sin(query.anim_time*90*2-160)*5", 0, 0]
				},
				"ear_scruff_left": {
					"rotation": [0, 0, "0+math.sin(query.anim_time*90*2-140)*1"]
				},
				"ear2_right": {
					"rotation": [0, "0+math.sin(query.anim_time*90*2-130)*3", 0]
				},
				"ear_scruff_right": {
					"rotation": [0, 0, "0-math.sin(query.anim_time*90*2-140)*1"]
				},
				"ear2_left": {
					"rotation": [0, "0-math.sin(query.anim_time*90*2-110)*3", 0]
				},
				"tail_left": {
					"rotation": [0, "0-math.sin(query.anim_time*90*1-260)*12", 0]
				},
				"tail_left2": {
					"rotation": [0, "0+math.sin(query.anim_time*90*1-120)*14", 0]
				},
				"tail_right": {
					"rotation": [0, "0-math.sin(query.anim_time*90*1-240)*10", 0]
				},
				"tail_right2": {
					"rotation": [0, "0+math.sin(query.anim_time*90*1-100)*10", 0]
				},
				"bow_neck": {
					"rotation": [0, 0, "0-math.sin(query.anim_time*90*1-280)*2"]
				},
				"ribbon_neck_left": {
					"rotation": [-15, -15, 0]
				},
				"ribbon_neck_left2": {
					"rotation": [-5, "-47+math.sin(query.anim_time*90*2-80)*4", 7.5]
				},
				"ribbon_neck_left3": {
					"rotation": [8.5, "-60+math.sin(query.anim_time*90*2-140)*6", -10]
				},
				"ribbon_neck_left4": {
					"rotation": [10.5, "-46.5+math.sin(query.anim_time*90*2-200)*8", -14.5]
				},
				"ribbon_neck_left5": {
					"rotation": [0, "22.5+math.sin(query.anim_time*90*2-260)*10", 19.5]
				},
				"ribbon_neck_left6": {
					"rotation": [7, "18.5-math.sin(query.anim_time*90*2-120)*12", 21]
				},
				"ribbon_neck_left7": {
					"rotation": [0, "0-math.sin(query.anim_time*90*2-180)*14", 0]
				},
				"ribbon_neck_left8": {
					"rotation": [0, "0-math.sin(query.anim_time*90*2-180)*14", 0]
				},
				"ribbon_neck_right": {
					"rotation": [-22.5, 7.5, -35]
				},
				"ribbon_neck_right2": {
					"rotation": [-56, 20, "-21.5+math.sin(query.anim_time*90*2-100)*2"]
				},
				"ribbon_neck_right3": {
					"rotation": [-35, "50+math.sin(query.anim_time*90*2-160)*2", 0]
				},
				"ribbon_neck_right4": {
					"rotation": [-13.5, "55.5+math.sin(query.anim_time*90*2-280)*2", 10]
				},
				"ribbon_neck_right5": {
					"rotation": [-20, "85-math.sin(query.anim_time*90*2-160)*3", 0]
				},
				"ribbon_neck_right6": {
					"rotation": [-18.5, "50-math.sin(query.anim_time*90*2-220)*6", -23.5]
				},
				"ribbon_neck_right7": {
					"rotation": [0, "0-math.sin(query.anim_time*90*2-280)*8", "0-math.sin(query.anim_time*90*2-280)*4"]
				},
				"ribbon_neck_right8": {
					"rotation": [0, "0-math.sin(query.anim_time*90*2-280)*8", "0-math.sin(query.anim_time*90*2-280)*4"]
				},
				"bow_ear": {
					"rotation": ["0+math.sin(query.anim_time*90*2-260)*4", 0, 0]
				},
				"ribbon_ear_right": {
					"rotation": [0, 52.5, -25]
				},
				"ribbon_ear_right2": {
					"rotation": [0, -35, "5-math.sin(query.anim_time*90*2-140)*4"]
				},
				"ribbon_ear_right3": {
					"rotation": [-135, "-37.5-math.sin(query.anim_time*90*2-200)*6", 120]
				},
				"ribbon_ear_right4": {
					"rotation": [-25, "-60+math.sin(query.anim_time*90*2-260)*8", 30]
				},
				"ribbon_ear_right5": {
					"rotation": [0, "0-math.sin(query.anim_time*90*2-120)*10", 0]
				},
				"ribbon_ear_right6": {
					"rotation": [0, "0-math.sin(query.anim_time*90*2-120)*10", 0]
				},
				"ribbon_ear_left": {
					"rotation": [0, -25, "17.5-math.sin(query.anim_time*90*2-180)*2"]
				},
				"ribbon_ear_left2": {
					"rotation": [0, "-35-math.sin(query.anim_time*90*2-160)*4", "-12.5-math.sin(query.anim_time*90*2-240)*4"]
				},
				"ribbon_ear_left3": {
					"rotation": [0, "-25-math.sin(query.anim_time*90*2-220)*8", "-10+math.sin(query.anim_time*90*2-100)*6"]
				},
				"ribbon_ear_left4": {
					"rotation": [0, "20-math.sin(query.anim_time*90*2-280)*8", "-12.5+math.sin(query.anim_time*90*2-160)*8"]
				},
				"ribbon_ear_left5": {
					"rotation": [0, "0+math.sin(query.anim_time*90*2-140)*10", "0+math.sin(query.anim_time*90*2-220)*10"]
				},
				"ribbon_ear_left6": {
					"rotation": [0, "0+math.sin(query.anim_time*90*2-140)*10", "0+math.sin(query.anim_time*90*2-220)*10"]
				},
				"tail_hair": {
					"rotation": ["0+math.sin(query.anim_time*90*2-280)*4", 0, 0]
				},
				"poisongland": {
					"scale": "1.0 + 0.05 * math.sin(query.anim_time * 160)"
				},
				"poisongland3": {
					"scale": "1.0 + 0.05 * math.sin(query.anim_time * 100)"
				},
				"poisongland2": {
					"scale": "1.0 + 0.05 * math.sin(query.anim_time * 130)"
				},
				"tail4": {
					"rotation": ["10+math.sin(query.anim_time*90*2-100)*6", 0, 0]
				},
				"tail5": {
					"rotation": ["10+ math.sin(query.anim_time*210*1-180)*10 ", 0, 0]
				}
			}
		},
		"animation.sylveon_kazeran.ground_walk": {
			"loop": true,
			"animation_length": 4,
			"bones": {
				"torso": {
					"rotation": ["0+math.sin(query.anim_time*90*6-80)*1", "0+math.sin(query.anim_time*90*3-100)*3", "0-math.sin(query.anim_time*90*3-160)*6"],
					"position": [0, "0-math.sin(query.anim_time*90*6+20)*0.3", 0]
				},
				"torso2": {
					"rotation": [0, "0-math.sin(query.anim_time*90*3-100)*3", "0+math.sin(query.anim_time*90*3-160)*2"]
				},
				"torso3": {
					"rotation": [0, "0-math.sin(query.anim_time*90*3-80)*2", "0+math.sin(query.anim_time*90*3-80)*2"]
				},
				"neck": {
					"rotation": [0, 0, "0+math.sin(query.anim_time*90*3-160)*6"]
				},
				"head_angle": {
					"rotation": ["0+math.sin(query.anim_time*90*6-140)*1", "0+math.sin(query.anim_time*90*3-80)*3", "0-math.sin(query.anim_time*90*3-80)*2"]
				},
				"ear_left": {
					"rotation": ["-2+math.sin(query.anim_time*90*6-120)*1.5", -5, 15]
				},
				"ear_left2": {
					"rotation": ["-2+math.sin(query.anim_time*90*6-180)*2", 0, 0]
				},
				"ear_left3": {
					"rotation": ["-2+math.sin(query.anim_time*90*6-240)*4", 0, 0]
				},
				"ear_right": {
					"rotation": ["-2+math.sin(query.anim_time*90*6-140)*1.5", 5, -15]
				},
				"ear_right2": {
					"rotation": ["-2+math.sin(query.anim_time*90*6-220)*2", 0, 0]
				},
				"ear_right3": {
					"rotation": ["-2+math.sin(query.anim_time*90*6-280)*4", 0, 0]
				},
				"tail": {
					"rotation": ["2.5-math.sin(query.anim_time*90*6-120)*3", "0+math.sin(query.anim_time*90*3-160)*3", 0]
				},
				"tail2": {
					"rotation": ["20-math.sin(query.anim_time*90*6-240)*4", "0+math.sin(query.anim_time*90*3-220)*5", 0]
				},
				"tail3": {
					"rotation": ["10+math.sin(query.anim_time*90*6-100)*5", "0+math.sin(query.anim_time*90*3-280)*8", 0]
				},
				"front_leg_left": {
					"rotation": ["2.5453+math.sin(q.anim_time*90*3-100)*15", 1.06149, 2.88631],
					"position": [0, "0+math.clamp(-math.sin(q.anim_time*90*3)*1.5,0,1.5)", "0+math.sin(q.anim_time*90*3-80)*0.5"]
				},
				"elbow_left": {
					"rotation": {
						"0.0": {
							"post": [-10, 0, 0],
							"lerp_mode": "catmullrom"
						},
						"0.625": {
							"post": [-10, 0, 0],
							"lerp_mode": "catmullrom"
						},
						"1.0833": {
							"post": [-12.56441, 0, 0],
							"lerp_mode": "catmullrom"
						},
						"1.3333": {
							"post": [-10, 0, 0],
							"lerp_mode": "catmullrom"
						},
						"1.9583": {
							"post": [-10, 0, 0],
							"lerp_mode": "catmullrom"
						},
						"2.4167": {
							"post": [-12.56441, 0, 0],
							"lerp_mode": "catmullrom"
						},
						"2.6667": {
							"post": [-10, 0, 0],
							"lerp_mode": "catmullrom"
						},
						"3.2917": {
							"post": [-10, 0, 0],
							"lerp_mode": "catmullrom"
						},
						"3.75": {
							"post": [-12.56441, 0, 0],
							"lerp_mode": "catmullrom"
						},
						"4.0": {
							"post": [-10, 0, 0],
							"lerp_mode": "catmullrom"
						}
					}
				},
				"frontpaw_left": {
					"rotation": {
						"0.0": {
							"post": [22.5, 0, -2],
							"lerp_mode": "catmullrom"
						},
						"0.625": {
							"post": [-7.5, 0, -2],
							"lerp_mode": "catmullrom"
						},
						"0.9167": {
							"post": [25, 0, -2],
							"lerp_mode": "catmullrom"
						},
						"1.1667": {
							"post": [-1.25, 0, -2],
							"lerp_mode": "catmullrom"
						},
						"1.3333": {
							"post": [22.5, 0, -2],
							"lerp_mode": "catmullrom"
						},
						"1.9583": {
							"post": [-7.5, 0, -2],
							"lerp_mode": "catmullrom"
						},
						"2.25": {
							"post": [25, 0, -2],
							"lerp_mode": "catmullrom"
						},
						"2.5": {
							"post": [-1.25, 0, -2],
							"lerp_mode": "catmullrom"
						},
						"2.6667": {
							"post": [22.5, 0, -2],
							"lerp_mode": "catmullrom"
						},
						"3.2917": {
							"post": [-7.5, 0, -2],
							"lerp_mode": "catmullrom"
						},
						"3.5833": {
							"post": [25, 0, -2],
							"lerp_mode": "catmullrom"
						},
						"3.8333": {
							"post": [-1.25, 0, -2],
							"lerp_mode": "catmullrom"
						},
						"4.0": {
							"post": [22.5, 0, -2],
							"lerp_mode": "catmullrom"
						}
					},
					"position": {
						"0.0": {
							"post": [0, 0, 0],
							"lerp_mode": "catmullrom"
						},
						"0.375": {
							"post": [0, 0.45, 0],
							"lerp_mode": "catmullrom"
						},
						"0.625": {
							"post": [0, 0.35, 0],
							"lerp_mode": "catmullrom"
						},
						"1.3333": {
							"post": [0, 0, 0],
							"lerp_mode": "catmullrom"
						},
						"1.7083": {
							"post": [0, 0.45, 0],
							"lerp_mode": "catmullrom"
						},
						"1.9583": {
							"post": [0, 0.35, 0],
							"lerp_mode": "catmullrom"
						},
						"2.6667": {
							"post": [0, 0, 0],
							"lerp_mode": "catmullrom"
						},
						"3.0417": {
							"post": [0, 0.45, 0],
							"lerp_mode": "catmullrom"
						},
						"3.2917": {
							"post": [0, 0.35, 0],
							"lerp_mode": "catmullrom"
						},
						"4.0": {
							"post": [0, 0, 0],
							"lerp_mode": "catmullrom"
						}
					}
				},
				"front_leg_right": {
					"rotation": ["2.4381-math.sin(q.anim_time*90*3-100)*15", 1.48283, -2.77559],
					"position": [0, "0+math.clamp(math.sin(q.anim_time*90*3)*1.5,0,1.5)", "0-math.sin(q.anim_time*90*3-80)*0.5"]
				},
				"elbow_right": {
					"rotation": {
						"0.0": {
							"post": [-10.16, 0, 0],
							"lerp_mode": "catmullrom"
						},
						"0.4167": {
							"post": [-12.56441, 0, 0],
							"lerp_mode": "catmullrom"
						},
						"0.6667": {
							"post": [-10, 0, 0],
							"lerp_mode": "catmullrom"
						},
						"1.2917": {
							"post": [-10, 0, 0],
							"lerp_mode": "catmullrom"
						},
						"1.75": {
							"post": [-12.56441, 0, 0],
							"lerp_mode": "catmullrom"
						},
						"2.0": {
							"post": [-10, 0, 0],
							"lerp_mode": "catmullrom"
						},
						"2.625": {
							"post": [-10, 0, 0],
							"lerp_mode": "catmullrom"
						},
						"3.0833": {
							"post": [-12.56441, 0, 0],
							"lerp_mode": "catmullrom"
						},
						"3.3333": {
							"post": [-10, 0, 0],
							"lerp_mode": "catmullrom"
						},
						"4.0": {
							"post": [-10.16, 0, 0],
							"lerp_mode": "catmullrom"
						}
					}
				},
				"frontpaw_right": {
					"rotation": {
						"0.0": {
							"post": [-5.62, 0, 2.2],
							"lerp_mode": "catmullrom"
						},
						"0.25": {
							"post": [25, 0, 2.2],
							"lerp_mode": "catmullrom"
						},
						"0.5": {
							"post": [-1.25, 0, 2.2],
							"lerp_mode": "catmullrom"
						},
						"0.6667": {
							"post": [22.5, 0, 2.2],
							"lerp_mode": "catmullrom"
						},
						"1.2917": {
							"post": [-7.5, 0, 2.2],
							"lerp_mode": "catmullrom"
						},
						"1.5833": {
							"post": [25, 0, 2.2],
							"lerp_mode": "catmullrom"
						},
						"1.8333": {
							"post": [-1.25, 0, 2.2],
							"lerp_mode": "catmullrom"
						},
						"2.0": {
							"post": [22.5, 0, 2.2],
							"lerp_mode": "catmullrom"
						},
						"2.625": {
							"post": [-7.5, 0, 2.2],
							"lerp_mode": "catmullrom"
						},
						"2.9167": {
							"post": [25, 0, 2.2],
							"lerp_mode": "catmullrom"
						},
						"3.1667": {
							"post": [-1.25, 0, 2.2],
							"lerp_mode": "catmullrom"
						},
						"3.3333": {
							"post": [22.5, 0, 2.2],
							"lerp_mode": "catmullrom"
						},
						"4.0": {
							"post": [-5.62, 0, 2.2],
							"lerp_mode": "catmullrom"
						}
					},
					"position": {
						"0.0": {
							"post": [0, 0.33, 0],
							"lerp_mode": "catmullrom"
						},
						"0.6667": {
							"post": [0, 0, 0],
							"lerp_mode": "catmullrom"
						},
						"1.0417": {
							"post": [0, 0.45, 0],
							"lerp_mode": "catmullrom"
						},
						"1.2917": {
							"post": [0, 0.35, 0],
							"lerp_mode": "catmullrom"
						},
						"2.0": {
							"post": [0, 0, 0],
							"lerp_mode": "catmullrom"
						},
						"2.375": {
							"post": [0, 0.45, 0],
							"lerp_mode": "catmullrom"
						},
						"2.625": {
							"post": [0, 0.35, 0],
							"lerp_mode": "catmullrom"
						},
						"3.3333": {
							"post": [0, 0, 0],
							"lerp_mode": "catmullrom"
						},
						"3.7083": {
							"post": [0, 0.45, 0],
							"lerp_mode": "catmullrom"
						},
						"4.0": {
							"post": [0, 0.33, 0],
							"lerp_mode": "catmullrom"
						}
					}
				},
				"back_leg_left": {
					"rotation": ["0.5342+math.sin(q.anim_time*90*3-40)*15", 0.79341, 0.93681],
					"position": [0, "0+math.clamp(-math.sin(q.anim_time*90*3+60)*1.5,0,1.5)", "0+math.sin(q.anim_time*90*3-20)*0.5"]
				},
				"ankle_left": {
					"rotation": {
						"0.0": {
							"post": [-5, 0, 0],
							"lerp_mode": "catmullrom"
						},
						"0.3333": {
							"post": [-5, 0, 0],
							"lerp_mode": "catmullrom"
						},
						"0.625": {
							"post": [0, 0, 0],
							"lerp_mode": "catmullrom"
						},
						"0.9583": {
							"post": [-5, 0, 0],
							"lerp_mode": "catmullrom"
						},
						"1.1667": {
							"post": [-5, 0, 0],
							"lerp_mode": "catmullrom"
						},
						"1.3333": {
							"post": [-5, 0, 0],
							"lerp_mode": "catmullrom"
						},
						"1.6667": {
							"post": [-5, 0, 0],
							"lerp_mode": "catmullrom"
						},
						"1.9583": {
							"post": [0, 0, 0],
							"lerp_mode": "catmullrom"
						},
						"2.2917": {
							"post": [-5, 0, 0],
							"lerp_mode": "catmullrom"
						},
						"2.5": {
							"post": [-5, 0, 0],
							"lerp_mode": "catmullrom"
						},
						"2.6667": {
							"post": [-5, 0, 0],
							"lerp_mode": "catmullrom"
						},
						"3.0": {
							"post": [-5, 0, 0],
							"lerp_mode": "catmullrom"
						},
						"3.2917": {
							"post": [0, 0, 0],
							"lerp_mode": "catmullrom"
						},
						"3.625": {
							"post": [-5, 0, 0],
							"lerp_mode": "catmullrom"
						},
						"3.8333": {
							"post": [-5, 0, 0],
							"lerp_mode": "catmullrom"
						},
						"4.0": {
							"post": [-5, 0, 0],
							"lerp_mode": "catmullrom"
						}
					}
				},
				"foot_left": {
					"rotation": {
						"0.0": {
							"post": [12, 0, -3],
							"lerp_mode": "catmullrom"
						},
						"0.375": {
							"post": [-13, 0, -3],
							"lerp_mode": "catmullrom"
						},
						"0.625": {
							"post": [12, 0, -3],
							"lerp_mode": "catmullrom"
						},
						"0.8333": {
							"post": [-1.75, 0, -3],
							"lerp_mode": "catmullrom"
						},
						"1.0417": {
							"post": [19.5, 0, -3],
							"lerp_mode": "catmullrom"
						},
						"1.25": {
							"post": [14.5, 0, -3],
							"lerp_mode": "catmullrom"
						},
						"1.7083": {
							"post": [-10.5, 0, -3],
							"lerp_mode": "catmullrom"
						},
						"1.9583": {
							"post": [12, 0, -3],
							"lerp_mode": "catmullrom"
						},
						"2.1667": {
							"post": [-1.75, 0, -3],
							"lerp_mode": "catmullrom"
						},
						"2.375": {
							"post": [19.5, 0, -3],
							"lerp_mode": "catmullrom"
						},
						"2.5833": {
							"post": [14.5, 0, -3],
							"lerp_mode": "catmullrom"
						},
						"3.0417": {
							"post": [-13, 0, -3],
							"lerp_mode": "catmullrom"
						},
						"3.2917": {
							"post": [12, 0, -3],
							"lerp_mode": "catmullrom"
						},
						"3.5": {
							"post": [-1.75, 0, -3],
							"lerp_mode": "catmullrom"
						},
						"3.7083": {
							"post": [19.5, 0, -3],
							"lerp_mode": "catmullrom"
						},
						"3.9167": {
							"post": [14.5, 0, -3],
							"lerp_mode": "catmullrom"
						}
					},
					"position": {
						"0.0": {
							"post": [0, 0.4, 0],
							"lerp_mode": "catmullrom"
						},
						"0.375": {
							"post": [0, 0.45, -0.25],
							"lerp_mode": "catmullrom"
						},
						"1.0417": {
							"post": [0, 0.2, 0],
							"lerp_mode": "catmullrom"
						},
						"1.25": {
							"post": [0, 0.4, 0],
							"lerp_mode": "catmullrom"
						},
						"1.7083": {
							"post": [0, 0.45, -0.25],
							"lerp_mode": "catmullrom"
						},
						"2.375": {
							"post": [0, 0.1, 0],
							"lerp_mode": "catmullrom"
						},
						"2.5833": {
							"post": [0, 0.5, 0],
							"lerp_mode": "catmullrom"
						},
						"3.0417": {
							"post": [0, 0.35, -0.25],
							"lerp_mode": "catmullrom"
						},
						"3.7083": {
							"post": [0, 0.2, 0],
							"lerp_mode": "catmullrom"
						},
						"3.9167": {
							"post": [0, 0.4, 0],
							"lerp_mode": "catmullrom"
						}
					}
				},
				"back_leg_right": {
					"rotation": ["0.4622-math.sin(q.anim_time*90*3-40)*15", 0.87934, -0.92226],
					"position": [0, "0+math.clamp(math.sin(q.anim_time*90*3+60)*1.5,0,1.5)", "0-math.sin(q.anim_time*90*3-20)*0.5"]
				},
				"ankle_right": {
					"rotation": {
						"0.0": {
							"post": [-0.18, 0, 0],
							"lerp_mode": "catmullrom"
						},
						"0.2917": {
							"post": [-5, 0, 0],
							"lerp_mode": "catmullrom"
						},
						"0.5": {
							"post": [-5, 0, 0],
							"lerp_mode": "catmullrom"
						},
						"0.6667": {
							"post": [-5, 0, 0],
							"lerp_mode": "catmullrom"
						},
						"1.0": {
							"post": [-5, 0, 0],
							"lerp_mode": "catmullrom"
						},
						"1.2917": {
							"post": [0, 0, 0],
							"lerp_mode": "catmullrom"
						},
						"1.625": {
							"post": [-5, 0, 0],
							"lerp_mode": "catmullrom"
						},
						"1.8333": {
							"post": [-5, 0, 0],
							"lerp_mode": "catmullrom"
						},
						"2.0": {
							"post": [-5, 0, 0],
							"lerp_mode": "catmullrom"
						},
						"2.3333": {
							"post": [-5, 0, 0],
							"lerp_mode": "catmullrom"
						},
						"2.625": {
							"post": [0, 0, 0],
							"lerp_mode": "catmullrom"
						},
						"2.9583": {
							"post": [-5, 0, 0],
							"lerp_mode": "catmullrom"
						},
						"3.1667": {
							"post": [-5, 0, 0],
							"lerp_mode": "catmullrom"
						},
						"3.3333": {
							"post": [-5, 0, 0],
							"lerp_mode": "catmullrom"
						},
						"3.6667": {
							"post": [-5, 0, 0],
							"lerp_mode": "catmullrom"
						},
						"3.9583": {
							"post": [0, 0, 0],
							"lerp_mode": "catmullrom"
						},
						"4.0": {
							"post": [-0.18, 0, 0],
							"lerp_mode": "catmullrom"
						}
					}
				},
				"foot_right": {
					"rotation": {
						"0.0": {
							"post": [9.8, 0, 3],
							"lerp_mode": "catmullrom"
						},
						"0.0417": {
							"post": [12, 0, 3],
							"lerp_mode": "catmullrom"
						},
						"0.25": {
							"post": [-1.75, 0, 3],
							"lerp_mode": "catmullrom"
						},
						"0.4583": {
							"post": [19.5, 0, 3],
							"lerp_mode": "catmullrom"
						},
						"0.6667": {
							"post": [14.5, 0, 3],
							"lerp_mode": "catmullrom"
						},
						"1.125": {
							"post": [-13, 0, 3],
							"lerp_mode": "catmullrom"
						},
						"1.375": {
							"post": [12, 0, 3],
							"lerp_mode": "catmullrom"
						},
						"1.5833": {
							"post": [-1.75, 0, 3],
							"lerp_mode": "catmullrom"
						},
						"1.7917": {
							"post": [19.5, 0, 3],
							"lerp_mode": "catmullrom"
						},
						"2.0": {
							"post": [12, 0, 3],
							"lerp_mode": "catmullrom"
						},
						"2.4583": {
							"post": [-13, 0, 3],
							"lerp_mode": "catmullrom"
						},
						"2.7083": {
							"post": [12, 0, 3],
							"lerp_mode": "catmullrom"
						},
						"2.9167": {
							"post": [-1.75, 0, 3],
							"lerp_mode": "catmullrom"
						},
						"3.125": {
							"post": [19.5, 0, 3],
							"lerp_mode": "catmullrom"
						},
						"3.3333": {
							"post": [14.5, 0, 3],
							"lerp_mode": "catmullrom"
						},
						"3.7917": {
							"post": [-10.5, 0, 3],
							"lerp_mode": "catmullrom"
						},
						"4.0": {
							"post": [9.8, 0, 3],
							"lerp_mode": "catmullrom"
						}
					},
					"position": {
						"0.0": {
							"post": [0, 0.34, -0.2],
							"lerp_mode": "catmullrom"
						},
						"0.4583": {
							"post": [0, 0.1, 0],
							"lerp_mode": "catmullrom"
						},
						"0.6667": {
							"post": [0, 0.5, 0],
							"lerp_mode": "catmullrom"
						},
						"1.125": {
							"post": [0, 0.35, -0.25],
							"lerp_mode": "catmullrom"
						},
						"1.7917": {
							"post": [0, 0.2, 0],
							"lerp_mode": "catmullrom"
						},
						"2.0": {
							"post": [0, 0.4, 0],
							"lerp_mode": "catmullrom"
						},
						"2.4583": {
							"post": [0, 0.45, -0.25],
							"lerp_mode": "catmullrom"
						},
						"3.125": {
							"post": [0, 0.2, 0],
							"lerp_mode": "catmullrom"
						},
						"3.3333": {
							"post": [0, 0.4, 0],
							"lerp_mode": "catmullrom"
						},
						"3.7917": {
							"post": [0, 0.45, -0.25],
							"lerp_mode": "catmullrom"
						},
						"4.0": {
							"post": [0, 0.34, -0.2],
							"lerp_mode": "catmullrom"
						}
					}
				},
				"espeon": {
					"position": [0, -0.5, 0]
				},
				"ear_scruff_left": {
					"rotation": [0, 0, "0+math.sin(query.anim_time*90*2-140)*1"]
				},
				"ear2_right": {
					"rotation": [0, "0+math.sin(query.anim_time*90*3-130)*3", 0]
				},
				"ear_scruff_right": {
					"rotation": [0, 0, "0-math.sin(query.anim_time*90*2-140)*1"]
				},
				"ear2_left": {
					"rotation": [0, "0-math.sin(query.anim_time*90*3-110)*5", 0]
				},
				"tail_left": {
					"rotation": [0, "0-math.sin(query.anim_time*90*2-260)*12", 0]
				},
				"tail_left2": {
					"rotation": [0, "0+math.sin(query.anim_time*90*2-120)*14", 0]
				},
				"tail_right": {
					"rotation": [0, "0-math.sin(query.anim_time*90*2-240)*10", 0]
				},
				"tail_right2": {
					"rotation": [0, "0+math.sin(query.anim_time*90*2-100)*10", 0]
				},
				"body": {
					"position": [0, -1, 0]
				},
				"bow_neck": {
					"rotation": [0, 0, "0-math.sin(query.anim_time*90*1-280)*2"]
				},
				"ribbon_neck_left": {
					"rotation": [-15, -15, 0]
				},
				"ribbon_neck_left2": {
					"rotation": [-5, "-47+math.sin(query.anim_time*90*3-80)*4", 7.5]
				},
				"ribbon_neck_left3": {
					"rotation": [8.5, "-60+math.sin(query.anim_time*90*3-140)*6", -10]
				},
				"ribbon_neck_left4": {
					"rotation": [10.5, "-46.5+math.sin(query.anim_time*90*3-200)*8", -14.5]
				},
				"ribbon_neck_left5": {
					"rotation": [0, "22.5+math.sin(query.anim_time*90*3-260)*10", 19.5]
				},
				"ribbon_neck_left6": {
					"rotation": [7, "18.5-math.sin(query.anim_time*90*3-120)*12", 21]
				},
				"ribbon_neck_left7": {
					"rotation": [0, "0-math.sin(query.anim_time*90*3-180)*14", 0]
				},
				"ribbon_neck_left8": {
					"rotation": [0, "0-math.sin(query.anim_time*90*3-180)*14", 0]
				},
				"ribbon_neck_right": {
					"rotation": [-22.5, 7.5, -35]
				},
				"ribbon_neck_right2": {
					"rotation": [-56, 20, "-21.5-math.sin(query.anim_time*90*3-100)*4"]
				},
				"ribbon_neck_right3": {
					"rotation": [-47.47533, "47.1362-math.sin(query.anim_time*90*3-160)*4", -16.81727]
				},
				"ribbon_neck_right4": {
					"rotation": [-13.5, "55.5-math.sin(query.anim_time*90*3-280)*2", 10]
				},
				"ribbon_neck_right5": {
					"rotation": [-7.57938, "75.2298+math.sin(query.anim_time*90*3-160)*3", 12.60189]
				},
				"ribbon_neck_right6": {
					"rotation": [-39.12188, "61.1415-math.sin(query.anim_time*90*3-150)*18", "-44.8805953411+math.sin(query.anim_time*90*3-150)*18"]
				},
				"ribbon_neck_right7": {
					"rotation": [0, "0-math.sin(query.anim_time*90*3-280)*8", "0-math.sin(query.anim_time*90*3-280)*4"]
				},
				"ribbon_neck_right8": {
					"rotation": [0, "0-math.sin(query.anim_time*90*3-280)*8", "0-math.sin(query.anim_time*90*3-280)*4"]
				},
				"bow_ear": {
					"rotation": ["0+math.sin(query.anim_time*90*2-260)*4", 0, 0]
				},
				"ribbon_ear_right": {
					"rotation": [0, 52.5, -25]
				},
				"ribbon_ear_right2": {
					"rotation": [0, -35, "5-math.sin(query.anim_time*90*2-140)*4"]
				},
				"ribbon_ear_right3": {
					"rotation": [-135, "-37.5-math.sin(query.anim_time*90*2-200)*6", 120]
				},
				"ribbon_ear_right4": {
					"rotation": [-25, "-60+math.sin(query.anim_time*90*2-260)*8", 30]
				},
				"ribbon_ear_right5": {
					"rotation": [0, "0-math.sin(query.anim_time*90*2-120)*10", 0]
				},
				"ribbon_ear_right6": {
					"rotation": [0, "0-math.sin(query.anim_time*90*2-120)*10", 0]
				},
				"ribbon_ear_left": {
					"rotation": [0, -25, "17.5-math.sin(query.anim_time*90*2-180)*2"]
				},
				"ribbon_ear_left2": {
					"rotation": [0, "-35-math.sin(query.anim_time*90*2-160)*4", "-12.5-math.sin(query.anim_time*90*2-240)*4"]
				},
				"ribbon_ear_left3": {
					"rotation": [0, "-25-math.sin(query.anim_time*90*2-220)*8", "-10+math.sin(query.anim_time*90*2-100)*6"]
				},
				"ribbon_ear_left4": {
					"rotation": [0, "20-math.sin(query.anim_time*90*2-280)*8", "-12.5+math.sin(query.anim_time*90*2-160)*8"]
				},
				"ribbon_ear_left5": {
					"rotation": [0, "0+math.sin(query.anim_time*90*2-140)*10", "0+math.sin(query.anim_time*90*2-220)*10"]
				},
				"ribbon_ear_left6": {
					"rotation": [0, "0+math.sin(query.anim_time*90*2-140)*10", "0+math.sin(query.anim_time*90*2-220)*10"]
				},
				"tail_hair": {
					"rotation": ["0-math.sin(query.anim_time*90*6-290)*4", 0, 0]
				},
				"tail4": {
					"rotation": [7.5, "0+math.sin(query.anim_time*90*2-140)*8", 0]
				},
				"tail5": {
					"rotation": [0, "0+math.sin(query.anim_time*90*2-180)*10", 0]
				}
			}
		},
		"animation.sylveon_kazeran.battle_idle": {
			"loop": true,
			"animation_length": 42.9583,
			"bones": {
				"body": {
					"position": [0, -0.45, 0]
				},
				"ear_left": {
					"rotation": ["-2-math.sin(query.anim_time*90*2-260)*2", -5, 15]
				},
				"ear_left2": {
					"rotation": ["-2+math.sin(query.anim_time*90*2-120)*3", 0, 0]
				},
				"ear_right": {
					"rotation": ["-2-math.sin(query.anim_time*90*2-240)*2", 5, -15]
				},
				"ear_right2": {
					"rotation": ["20+math.sin(query.anim_time*90*2-100)*3", 0, 0]
				},
				"tail": {
					"rotation": ["2.5-math.sin(query.anim_time*90*2-120)*4", 0, 0]
				},
				"tail2": {
					"rotation": ["40-math.sin(query.anim_time*90*2-240)*6", 0, 0]
				},
				"tail3": {
					"rotation": ["20+math.sin(query.anim_time*90*2-100)*6", 0, 0]
				},
				"front_leg_left": {
					"rotation": [2.4905, -0.21782, 2.99527],
					"position": [0, -0.25, 0]
				},
				"elbow_left": {
					"rotation": [-10, 0, 0]
				},
				"frontpaw_left": {
					"rotation": [7.43656, 0.9762, -5.43656],
					"position": [0, 0.25, 0]
				},
				"front_leg_right": {
					"rotation": [2.4905, 0.21782, -2.99527]
				},
				"elbow_right": {
					"rotation": [-10, 0, 0]
				},
				"frontpaw_right": {
					"rotation": [7.47178, -0.65182, 2.95744]
				},
				"back_leg_left": {
					"rotation": [2.9886, "-0.2614-math.sin(query.anim_time*90*2-0)*1.5", 0.99318]
				},
				"ankle_left": {
					"rotation": [-5, 0, 0]
				},
				"foot_left": {
					"rotation": [2.49768, "-0.3266275607+math.sin(query.anim_time*90*2-0)*1", "2.4833738216-math.sin(query.anim_time*90*2-0)*0.5"],
					"position": ["0+math.sin(query.anim_time*90*2-0)*0.05", 0.2, 0]
				},
				"back_leg_right": {
					"rotation": [2.9886, "0.2614-math.sin(query.anim_time*90*2-0)*1.5", -0.99318]
				},
				"ankle_right": {
					"rotation": [-5, 0, 0]
				},
				"foot_right": {
					"rotation": [2.49768, "0.3266+math.sin(query.anim_time*90*2-0)*1", "-2.4834+math.sin(query.anim_time*90*2-0)*0.5"],
					"position": ["0+math.sin(query.anim_time*90*2-0)*0.05", 0.2, 0]
				},
				"umbreon": {
					"position": [0, -0.25, 0]
				},
				"torso": {
					"rotation": ["-math.sin(query.anim_time*90*2-80)*1", 0, 0],
					"position": [0, "0-math.sin(query.anim_time*90*2)*0.3", 0]
				},
				"neck": {
					"rotation": ["0-math.sin(query.anim_time*90*2-140)*1", 0, 0]
				},
				"head_angle": {
					"rotation": ["2.1766-math.sin(query.anim_time*90*2-230)*2", 2.12289, -1.15078]
				},
				"ear_left3": {
					"rotation": {
						"0.0": ["-2+math.sin(query.anim_time*90*2-180)*5", 0, 0],
						"42.9583": ["3+math.sin(query.anim_time*90*2-180)*5", 0, 0]
					}
				},
				"ear_right3": {
					"rotation": ["30+math.sin(query.anim_time*90*2-160)*5", 0, 0]
				},
				"ear_scruff_left": {
					"rotation": [0, 0, "0+math.sin(query.anim_time*90*2-140)*1"]
				},
				"ear2_right": {
					"rotation": [0, "0+math.sin(query.anim_time*90*2-130)*3", 0]
				},
				"ear_scruff_right": {
					"rotation": [0, 0, "0-math.sin(query.anim_time*90*2-140)*1"]
				},
				"ear2_left": {
					"rotation": [0, "0-math.sin(query.anim_time*90*2-110)*3", 0]
				},
				"tail_left": {
					"rotation": [0, "0-math.sin(query.anim_time*90*1-260)*12", 0]
				},
				"tail_left2": {
					"rotation": [0, "0+math.sin(query.anim_time*90*1-120)*14", 0]
				},
				"tail_right": {
					"rotation": [0, "0-math.sin(query.anim_time*90*1-240)*10", 0]
				},
				"tail_right2": {
					"rotation": [0, "0+math.sin(query.anim_time*90*1-100)*10", 0]
				},
				"bow_neck": {
					"rotation": [0, 0, "0-math.sin(query.anim_time*90*1-280)*2"]
				},
				"ribbon_neck_left": {
					"rotation": [-15, -15, 0]
				},
				"ribbon_neck_left2": {
					"rotation": [-5.28888, "-49.4899+math.sin(query.anim_time*90*2-80)*4", 7.86559]
				},
				"ribbon_neck_left3": {
					"rotation": [0.60737, "-3.7035+math.sin(query.anim_time*90*2-140)*6", 22.38554]
				},
				"ribbon_neck_left4": {
					"rotation": [-48.03237, "68.6162+math.sin(query.anim_time*90*2-200)*8", -71.19035]
				},
				"ribbon_neck_left5": {
					"rotation": [0, "60+math.sin(query.anim_time*90*2-260)*10", 19.5]
				},
				"ribbon_neck_left6": {
					"rotation": [-21.94717, "10.0703-math.sin(query.anim_time*90*2-120)*12", -42.31421]
				},
				"ribbon_neck_left7": {
					"rotation": [0, "0-math.sin(query.anim_time*90*2-180)*14", 0]
				},
				"ribbon_neck_left8": {
					"rotation": [0, "0-math.sin(query.anim_time*90*2-180)*14", 0]
				},
				"ribbon_neck_right": {
					"rotation": [0.83872, "40.0843+math.sin(query.anim_time*90*2-100)*1", -14.47482]
				},
				"ribbon_neck_right2": {
					"rotation": [-0.89989, "24.9804+math.sin(query.anim_time*90*2-120)*2", -2.65693]
				},
				"ribbon_neck_right3": {
					"rotation": [-9.01329, "-28.4562+math.sin(query.anim_time*90*2-180)*3", 23.90462]
				},
				"ribbon_neck_right4": {
					"rotation": [-18.92241, "-57.93+math.sin(query.anim_time*90*2-240)*5", 38.22902]
				},
				"ribbon_neck_right5": {
					"rotation": [-18.95659, "-41.2697-math.sin(query.anim_time*90*2-100)*6", 25.16601]
				},
				"ribbon_neck_right6": {
					"rotation": [-5.67931, "-28.9978-math.sin(query.anim_time*90*2-160)*8", 20.75892]
				},
				"ribbon_neck_right7": {
					"rotation": [0, "0-math.sin(query.anim_time*90*2-220)*10", 0]
				},
				"ribbon_neck_right8": {
					"rotation": [0, "0-math.sin(query.anim_time*90*2-220)*10", 0]
				},
				"mouth_open_wide": {
					"position": [0, 0, 0]
				},
				"eye_top_right": {
					"scale": [0.78, 1.2, 1]
				},
				"eye_emote_right": {
					"position": [0, -0.3, 0]
				},
				"eye_emote_right2": {
					"position": [0, 0, 0]
				},
				"eyeshine_right": {
					"position": [0, -0.1, 0]
				},
				"eye_top_left": {
					"scale": [0.78, 1.2, 1]
				},
				"eye_emote_left": {
					"position": [0, -0.3, 0]
				},
				"eye_emote_left2": {
					"position": [0, 0, 0]
				},
				"eyeshine_left": {
					"position": [0, -0.1, 0]
				},
				"bow_ear": {
					"rotation": ["0+math.sin(query.anim_time*90*2-260)*4", 0, 0]
				},
				"ribbon_ear_right": {
					"rotation": [0, 52.5, -25]
				},
				"ribbon_ear_right2": {
					"rotation": [0, -35, "5-math.sin(query.anim_time*90*2-140)*4"]
				},
				"ribbon_ear_right3": {
					"rotation": [2.07092, "-44.8447-math.sin(query.anim_time*90*2-200)*6", 16.50971]
				},
				"ribbon_ear_right4": {
					"rotation": [-3.02662, "-36.4921-math.sin(query.anim_time*90*2-260)*8", 2.65778]
				},
				"ribbon_ear_right5": {
					"rotation": [0, "0+math.sin(query.anim_time*90*2-120)*10", 0]
				},
				"ribbon_ear_right6": {
					"rotation": [0, "0+math.sin(query.anim_time*90*2-120)*10", 0]
				},
				"ribbon_ear_left": {
					"rotation": [0, -25, "17.5-math.sin(query.anim_time*90*2-180)*2"]
				},
				"ribbon_ear_left2": {
					"rotation": [0, "-35-math.sin(query.anim_time*90*2-160)*4", "-12.5-math.sin(query.anim_time*90*2-240)*4"]
				},
				"ribbon_ear_left3": {
					"rotation": [0, "-25-math.sin(query.anim_time*90*2-220)*8", "-10+math.sin(query.anim_time*90*2-100)*6"]
				},
				"ribbon_ear_left4": {
					"rotation": [0, "52.5-math.sin(query.anim_time*90*2-280)*8", "-12.5+math.sin(query.anim_time*90*2-160)*8"]
				},
				"ribbon_ear_left5": {
					"rotation": [0, "0+math.sin(query.anim_time*90*2-140)*10", "0+math.sin(query.anim_time*90*2-220)*10"]
				},
				"ribbon_ear_left6": {
					"rotation": [0, "0+math.sin(query.anim_time*90*2-140)*10", "0+math.sin(query.anim_time*90*2-220)*10"]
				},
				"tail_hair": {
					"rotation": ["0+math.sin(query.anim_time*90*2-280)*4", 0, 0]
				},
				"poisongland": {
					"scale": "1.0 + 0.05 * math.sin(query.anim_time * 160)"
				},
				"poisongland3": {
					"scale": "1.0 + 0.05 * math.sin(query.anim_time * 100)"
				},
				"poisongland2": {
					"scale": "1.0 + 0.05 * math.sin(query.anim_time * 130)"
				},
				"tail4": {
					"rotation": [50, "-10+math.sin(query.anim_time*90*1-140)*8", 0]
				},
				"tail5": {
					"rotation": [30, "10+math.sin(query.anim_time*90*1-180)*10", 0]
				}
			}
		},
		"animation.sylveon_kazeran.cry": {
			"animation_length": 1.5,
			"bones": {
				"neck": {
					"rotation": {
						"0.0": {
							"post": [0, 0, 0],
							"lerp_mode": "catmullrom"
						},
						"0.0833": {
							"post": [2.5, 0, 0],
							"lerp_mode": "catmullrom"
						},
						"0.25": {
							"post": [-2.5, 0, 0],
							"lerp_mode": "catmullrom"
						},
						"0.5417": {
							"post": [-3.5, 0, 0],
							"lerp_mode": "catmullrom"
						},
						"0.8333": {
							"post": [0, 0, 0],
							"lerp_mode": "catmullrom"
						},
						"1.2917": {
							"post": [0, 0, 0],
							"lerp_mode": "catmullrom"
						}
					}
				},
				"head_angle": {
					"rotation": {
						"0.0": {
							"post": [0, 0, 0],
							"lerp_mode": "catmullrom"
						},
						"0.125": {
							"post": [2.5, 0, 0],
							"lerp_mode": "catmullrom"
						},
						"0.2917": {
							"post": [-2.5, 0, 0],
							"lerp_mode": "catmullrom"
						},
						"0.625": {
							"post": [-3.5, 0, 0],
							"lerp_mode": "catmullrom"
						},
						"0.8333": {
							"post": [0, 0, 0],
							"lerp_mode": "catmullrom"
						},
						"1.375": {
							"post": [0, 0, 0],
							"lerp_mode": "catmullrom"
						}
					}
				},
				"mouth": {
					"position": {
						"0.0": [0, 0, 0],
						"0.125": [0, 0, 0],
						"0.1667": [0, 0, -0.1],
						"0.7083": [0, 0, -0.1],
						"0.75": [0, 0, 0]
					}
				},
				"eye_emote_right2": {
					"rotation": [0, 0, 12.5]
				},
				"eye_emote_left2": {
					"rotation": [0, 0, -12.5]
				}
			},
			"sound_effects": {
				"0.1667": {
					"effect": "pokemon.sylveon_kazeran.cry"
				}
			}
		},
		"animation.sylveon_kazeran.blink": {
			"animation_length": 0.1667,
			"bones": {
				"eye_right": {
					"position": {
						"0.0": [0.1, 0, 0.1],
						"0.1667": {
							"pre": [0.1, 0, 0.1],
							"post": [0, 0, 0]
						}
					}
				},
				"eyelid_right": {
					"position": {
						"0.0": [-0.1, 0, -0.1],
						"0.1667": {
							"pre": [-0.1, 0, -0.1],
							"post": [0, 0, 0]
						}
					}
				},
				"eyelid_left": {
					"position": {
						"0.0": [0.1, 0, -0.1],
						"0.1667": {
							"pre": [0.1, 0, -0.1],
							"post": [0, 0, 0]
						}
					}
				},
				"eye_left": {
					"position": {
						"0.0": [-0.1, 0, 0.1],
						"0.1667": {
							"pre": [-0.1, 0, 0.1],
							"post": [0, 0, 0]
						}
					}
				}
			}
		},
		"animation.sylveon_kazeran.pose": {
			"loop": true,
			"bones": {
				"ribbon_ear_right": {
					"rotation": [-8.16447, 59.46579, -11.54138]
				},
				"ribbon_ear_right2": {
					"rotation": [3.36603, -27.20977, -11.0864]
				},
				"ribbon_ear_right3": {
					"rotation": [-151.47661, -45.48137, 148.46033]
				},
				"ribbon_ear_right4": {
					"rotation": [-47, -40.5, 37.5]
				},
				"ribbon_ear_left": {
					"rotation": [-2.87277, 4.09405, 9.8973]
				},
				"ribbon_ear_left2": {
					"rotation": [7.49332, -1.34767, -36.19577]
				},
				"ribbon_ear_left3": {
					"rotation": [-1.50701, 4.76804, -47.56274]
				},
				"ribbon_ear_left4": {
					"rotation": [-19.62313, -26.80494, 43.62387]
				},
				"body": {
					"rotation": [0, 42.5, 0]
				},
				"head_angle": {
					"rotation": [-13, -36, 23]
				},
				"ear_left": {
					"rotation": [-5, -10, 20]
				},
				"bow_ear": {
					"rotation": [0, 0, -15]
				},
				"tail": {
					"rotation": [7.5, 32.5, 0]
				},
				"tail2": {
					"rotation": [17.5, 0, 0]
				},
				"tail3": {
					"rotation": [17.5, 0, 0]
				},
				"front_leg_left": {
					"rotation": [-20, 0, 0]
				},
				"frontpaw_left": {
					"rotation": [22.5, 0, 0]
				},
				"front_leg_right": {
					"rotation": [17.5, 0, 0]
				},
				"elbow_right": {
					"rotation": [-5, 0, 0]
				},
				"frontpaw_right": {
					"rotation": [-12.5, 0, 0]
				},
				"back_leg_left": {
					"rotation": [15, 0, 0]
				},
				"foot_left": {
					"rotation": [-15, 0, 0]
				},
				"ankle_right": {
					"rotation": [-10, 0, 0]
				},
				"foot_right": {
					"rotation": [12.5, 0, 0]
				},
				"bow_neck": {
					"rotation": [-17.5, 0, 0]
				},
				"ribbon_neck_left": {
					"rotation": [8.5, -22, 15],
					"position": [0, 0, -0.2]
				},
				"ribbon_neck_left2": {
					"rotation": [-39.80911, -60.39937, 25.5634]
				},
				"ribbon_neck_left3": {
					"rotation": [-0.93737, -31.7447, -23.743]
				},
				"ribbon_neck_left4": {
					"rotation": [-29.07442, -21.64613, 10.26355]
				},
				"ribbon_neck_left5": {
					"rotation": [-0.57587, 20.05826, 34.79096]
				},
				"ribbon_neck_left6": {
					"rotation": [-31.01357, -8.21219, 67.36018]
				},
				"ribbon_neck_right": {
					"rotation": [20, 0, -50]
				},
				"ribbon_neck_right2": {
					"rotation": [-30, 32.5, 0]
				},
				"ribbon_neck_right3": {
					"rotation": [-76.71018, 46.03805, -71.83277]
				},
				"ribbon_neck_right4": {
					"rotation": [-47.10792, 58.70409, -27.40784]
				},
				"ribbon_neck_right5": {
					"rotation": [-78.30408, 64.53645, -79.41322]
				},
				"ribbon_neck_right6": {
					"rotation": [0, 60, 0]
				},
				"ear_right": {
					"rotation": [-5, 10, -7.5]
				}
			}
		},
		"animation.sylveon_kazeran.sleep": {
			"loop": true,
			"bones": {
				"hair_left2": {
					"rotation": [-17.39638, -1.61888, "-7.3241734575+math.sin(q.anim_time*90*1-210)*3  "]
				},
				"hair_left3": {
					"rotation": [-7.43656, -0.9762, "-7.4366+math.sin(q.anim_time*-90*1-210)*3  "],
					"position": [0, 0.25, 0]
				},
				"hair_left4": {
					"rotation": [0, 0, "-15+math.sin(q.anim_time*90*1-210)*4"]
				},
				"hair_right2": {
					"rotation": [-28.50045, 13.81269, "27.2374+math.sin(q.anim_time*-90*1-100)*3  "],
					"position": [0, 0.25, 0]
				},
				"hair_right3": {
					"rotation": [-6.31812, 16.45034, "16.8647+math.sin(q.anim_time*-90*1-210)*3  "],
					"position": [0, 0.5, 0]
				},
				"hair_right4": {
					"rotation": [-0.21803, 2.49048, "17.4953+math.sin(q.anim_time*-90*1-100)*9 "]
				},
				"ear2_right": {
					"rotation": [0, "22.5+math.sin(q.anim_time*-90*1-210)*2 ", 0]
				},
				"ear2_left": {
					"rotation": [0, "-17.5+math.sin(q.anim_time*-90*1-210)*2 ", 0]
				},
				"forehead_leaf": {
					"rotation": ["5+math.sin(q.anim_time*-90*1-210)*2", 0, 0]
				},
				"forehead_leaf2": {
					"rotation": ["7.5+math.sin(q.anim_time*-90*1-210)*2", 0, 0]
				},
				"hair_left": {
					"rotation": [-15, 0, 0]
				},
				"hair_right": {
					"rotation": [25.19622, 3.45254, 29.2006]
				},
				"body": {
					"position": [0, -7, 0]
				},
				"torso": {
					"rotation": ["math.sin(q.anim_time*90*1)*1", 0, 0],
					"position": [0, -0.5, 0]
				},
				"torso3": {
					"rotation": ["-5+math.sin(q.anim_time*90*1-90)*1", 0, 0]
				},
				"neck": {
					"rotation": [54.50642, -35.89968, -37.40599]
				},
				"ribbon_neck_left": {
					"rotation": [72.54733, 35.3292, 31.87521]
				},
				"ribbon_neck_left2": {
					"rotation": [10, 0, -40]
				},
				"ribbon_neck_left3": {
					"rotation": [0, "-20+math.sin(q.anim_time*90*1-210)*1", -37.5],
					"position": [-0.25, 0, 0]
				},
				"ribbon_neck_left4": {
					"rotation": [0, "15+math.sin(q.anim_time*90*1-210)*4", -35],
					"position": [-0.5, 0, 0]
				},
				"ribbon_neck_left5": {
					"rotation": [0.393, "-4.9828+math.sin(q.anim_time*90*1-210)*1", -40.01538],
					"position": [-0.5, 0, 0]
				},
				"ribbon_neck_left6": {
					"rotation": [0, "5+math.sin(q.anim_time*90*1-210)*1", -20],
					"position": [-0.25, 0, 0]
				},
				"ribbon_neck_left8": {
					"rotation": [0, "0+math.sin(q.anim_time*90*1-210)*4", 0]
				},
				"ribbon_neck_right": {
					"rotation": [47.5, 0, 0]
				},
				"ribbon_neck_right2": {
					"rotation": [0, 32.5, 0]
				},
				"ribbon_neck_right3": {
					"rotation": [-15.6758, "-35.1512+math.sin(q.anim_time*90*1-210)*1", 44.9292],
					"position": [0.5, 0, 0]
				},
				"ribbon_neck_right4": {
					"rotation": [17.5, "22.5+math.sin(q.anim_time*90*1-210)*1", 45],
					"position": [0.75, 0, 0]
				},
				"ribbon_neck_right5": {
					"rotation": [0, "math.sin(q.anim_time*90*1-210)*1", 35],
					"position": [0.5, 0, 0]
				},
				"ribbon_neck_right6": {
					"rotation": [0, "-7.5+math.sin(q.anim_time*90*1-210)*8", 22.5],
					"position": [0.5, 0, 0]
				},
				"ribbon_neck_right8": {
					"rotation": [0, "0+math.sin(q.anim_time*90*1-210)*4", 0]
				},
				"head": {
					"rotation": ["5+math.sin(q.anim_time*-90*1-210)*2  ", 0, 0]
				},
				"head_angle": {
					"position": [0, -1, 0]
				},
				"eye_right": {
					"position": [0.1, 0, 0.1]
				},
				"eye_left": {
					"position": [-0.1, 0, 0.1]
				},
				"eyelid_right": {
					"position": [-0.1, 0, -0.1]
				},
				"eyelid_left": {
					"position": [0.1, 0, -0.1]
				},
				"ear_left": {
					"rotation": [17.39639, "34.8324+math.sin(q.anim_time*-90*1-210)*3", 37.29892]
				},
				"ribbon_ear_right": {
					"rotation": [0, -45, 0]
				},
				"ribbon_ear_right2": {
					"rotation": [0, "-22.5+math.sin(q.anim_time*90*1-210)*4", 0]
				},
				"ribbon_ear_right3": {
					"rotation": [3.17534, "-47.2720592491+math.sin(q.anim_time*90*1-210)*4", -12.10123]
				},
				"ribbon_ear_right4": {
					"rotation": [0, "-47.5+math.sin(q.anim_time*90*1-210)*4", 0]
				},
				"ribbon_ear_right6": {
					"rotation": [0, "-17.5+math.sin(q.anim_time*90*1-210)*4", 0]
				},
				"ribbon_ear_left": {
					"rotation": [0, 2.5, 0]
				},
				"ribbon_ear_left2": {
					"rotation": [-12.4228, "27.5238328752+math.sin(q.anim_time*-90*1-210)*4", -25.48566],
					"position": [-0.25, 0, 0]
				},
				"ribbon_ear_left3": {
					"rotation": [0, "35+math.sin(q.anim_time*-90*1-210)*4", 0]
				},
				"ribbon_ear_left4": {
					"rotation": [0, "27.5+math.sin(q.anim_time*-90*1-210)*4", 0]
				},
				"ribbon_ear_left6": {
					"rotation": [0, "0+math.sin(q.anim_time*-90*1-210)*4", 0]
				},
				"ear_right": {
					"rotation": [0, "-12.5+math.sin(q.anim_time*-90*1-210)*2 ", "0+math.sin(q.anim_time*-90*1-210)*4"]
				},
				"tail": {
					"rotation": ["-30.3693+math.sin(q.anim_time*90*1-210)*4", 8.77792, -4.80931]
				},
				"tail2": {
					"rotation": ["10.0526-math.sin(q.anim_time*90*1-210)*4 ", 0.0021, 0.25384]
				},
				"tail3": {
					"rotation": ["-5.5224 +math.sin(q.anim_time*90*1-210)*4", -0.07732, 4.63411],
					"position": [0, 0, -0.25]
				},
				"tail4": {
					"rotation": ["27.5+math.sin(q.anim_time*-90*1-210)*4", 0, 0]
				},
				"tail5": {
					"rotation": [2.5, 0, 0]
				},
				"front_leg_left": {
					"rotation": [-82.51553, -4.90099, -1.30044]
				},
				"elbow_left": {
					"rotation": [0, 0, "25+math.sin(q.anim_time*90*1-210)*2"],
					"position": [0, 0.5, 0]
				},
				"frontpaw_left": {
					"rotation": ["52.5+math.sin(q.anim_time*90*1-210)*1 ", 0, 0],
					"position": [0, -0.5, 0.5]
				},
				"front_leg_right": {
					"rotation": [-85.00245, -4.96431, "-0.1062+math.sin(q.anim_time*90*1-210)*4"]
				},
				"elbow_right": {
					"rotation": [-14.65993, -3.21132, -22.08681],
					"position": [-0.25, 0.25, 0]
				},
				"frontpaw_right": {
					"rotation": ["97.5+math.sin(q.anim_time*90*1-210)*1 ", 0, 0]
				},
				"back_leg_left": {
					"rotation": [-75.14399, -12.48791, "-0.554+math.sin(q.anim_time*90*1-210)*1 "],
					"position": [0, -0.5, 0]
				},
				"knee_left": {
					"rotation": [4.56754, "7.6442700563+math.sin(q.anim_time*90*1-210)*3 ", -6.46635],
					"position": [0, 0, 0]
				},
				"foot_left": {
					"rotation": [70, 0, 0],
					"position": [0, -0.5, 0.5]
				},
				"back_leg_right": {
					"rotation": [-72.44007, 19.98015, "0.9096+math.sin(q.anim_time*90*1-210)*1  "]
				},
				"knee_right": {
					"rotation": [4.8924, "3.8282102958-math.sin(q.anim_time*90*1-210)*3 ", -3.21873],
					"position": [0, 0, 0]
				},
				"ankle_right": {
					"rotation": [0, 0, 0]
				},
				"foot_right": {
					"rotation": [62.5, 0, 0],
					"position": [0, -0.5, 0.5]
				}
			}
		}
	}
}