{
	"format_version": "1.12.0",
	"minecraft:geometry": [
		{
			"description": {
				"identifier": "geometry.garbodor",
				"texture_width": 256,
				"texture_height": 128,
				"visible_bounds_width": 9,
				"visible_bounds_height": 4.5,
				"visible_bounds_offset": [0, 1.75, 0]
			},
			"bones": [
				{
					"name": "garbodor",
					"pivot": [0, 0, 0]
				},
				{
					"name": "body",
					"parent": "garbodor",
					"pivot": [0, 2, 0]
				},
				{
					"name": "torso",
					"parent": "body",
					"pivot": [0, 3, 0],
					"cubes": [
						{"origin": [-16.5, 2, -13.5], "size": [33, 11, 27], "inflate": 0.01, "uv": [0, 31]}
					]
				},
				{
                    "name": "locator_seat_1",
                    "parent": "body",
                    "pivot": [0, 37, 7],
                    "locators": {
                        "seat_1": [0, 37, 7]
                    }
                },
				{
					"name": "cape_left",
					"parent": "torso",
					"pivot": [5.5, 7, 13.5],
					"rotation": [35, 0, 0],
					"cubes": [
						{"origin": [5.5, 2, 13.5], "size": [9, 5, 0], "uv": [0, 41]}
					]
				},
				{
					"name": "cape_left2",
					"parent": "cape_left",
					"pivot": [14.5, 2, 13.5],
					"rotation": [32.5, 0, 0],
					"cubes": [
						{"origin": [5.5, -4, 13.5], "size": [9, 6, 0], "uv": [93, 35]}
					]
				},
				{
					"name": "cape_left3",
					"parent": "cape_left2",
					"pivot": [13.5, -4, 13.5],
					"rotation": [22.5, 0, 0],
					"cubes": [
						{"origin": [7.5, -15, 13.5], "size": [6, 11, 0], "uv": [93, 47]}
					]
				},
				{
					"name": "cape_right",
					"parent": "torso",
					"pivot": [-5.5, 7, 13.5],
					"rotation": [35, 0, 0],
					"cubes": [
						{"origin": [-14.5, 2, 13.5], "size": [9, 5, 0], "uv": [0, 46], "mirror": true}
					]
				},
				{
					"name": "cape_right2",
					"parent": "cape_right",
					"pivot": [-14.5, 2, 13.5],
					"rotation": [32.5, 0, 0],
					"cubes": [
						{"origin": [-14.5, -4, 13.5], "size": [9, 6, 0], "uv": [93, 41], "mirror": true}
					]
				},
				{
					"name": "cape_right3",
					"parent": "cape_right2",
					"pivot": [-13.5, -4, 13.5],
					"rotation": [22.5, 0, 0],
					"cubes": [
						{"origin": [-13.5, -15, 13.5], "size": [6, 11, 0], "uv": [105, 47], "mirror": true}
					]
				},
				{
					"name": "arm_right",
					"parent": "torso",
					"pivot": [-16.5, 8.5, 0.5],
					"cubes": [
						{"origin": [-20.5, 7, -0.5], "size": [5, 3, 2], "uv": [40, 112]}
					]
				},
				{
					"name": "arm_right2",
					"parent": "arm_right",
					"pivot": [-19.5, 8.5, 0.5],
					"cubes": [
						{"origin": [-25.5, 7, -1], "size": [6, 3, 3], "inflate": 0.05, "uv": [40, 106]}
					]
				},
				{
					"name": "arm_right3",
					"parent": "arm_right2",
					"pivot": [-25.5, 7.25, 0.5],
					"cubes": [
						{"origin": [-31.5, 6.2, -2], "size": [6, 4, 5], "uv": [54, 107]}
					]
				},
				{
					"name": "arm_right4",
					"parent": "arm_right3",
					"pivot": [-31.5, 10.25, 0.5],
					"cubes": [
						{"origin": [-37.5, 6.2, -1.5], "size": [6, 4, 4], "inflate": 0.01, "uv": [56, 116]}
					]
				},
				{
					"name": "arm_right5",
					"parent": "arm_right4",
					"pivot": [-37.5, 8.75, 0.5],
					"cubes": [
						{"origin": [-41.5, 7.7, -0.5], "size": [5, 2, 2], "inflate": 0.01, "uv": [54, 124]}
					]
				},
				{
					"name": "hand_right",
					"parent": "arm_right5",
					"pivot": [-40.5, 8.75, 0.5],
					"cubes": [
						{"origin": [-50.5, 4.2, -3.5], "size": [10, 9, 8], "inflate": 0.01, "uv": [76, 105]}
					]
				},
				{
					"name": "finger_back_right",
					"parent": "hand_right",
					"pivot": [-50.5, 8.7, 2.5],
					"cubes": [
						{"origin": [-56.5, 7.7, 1.5], "size": [7, 2, 2], "uv": [74, 122]},
						{"origin": [-56.51, 8.2, 2], "size": [0, 1, 1], "uv": [72, 123]}
					]
				},
				{
					"name": "finger_front_right",
					"parent": "hand_right",
					"pivot": [-50.5, 8.7, -1.5],
					"cubes": [
						{"origin": [-56.5, 7.7, -2.5], "size": [7, 2, 2], "uv": [92, 122]},
						{"origin": [-56.51, 8.2, -2], "size": [0, 1, 1], "uv": [72, 124]}
					]
				},
				{
					"name": "thumb_right",
					"parent": "hand_right",
					"pivot": [-44, 4.2, 0.5],
					"cubes": [
						{"origin": [-45, -0.8, -0.5], "size": [2, 6, 2], "uv": [76, 105]},
						{"origin": [-44.5, -0.81, 0], "size": [1, 0, 1], "uv": [75, 105]}
					]
				},
				{
					"name": "torso2",
					"parent": "torso",
					"pivot": [0, 13, 0],
					"rotation": [-2.5, 0, 0],
					"cubes": [
						{"origin": [-14, 11.5, -13.25], "size": [28, 10, 26], "uv": [0, 69]}
					]
				},
				{
					"name": "chest",
					"parent": "torso2",
					"pivot": [-0.5, 21.5, 1],
					"rotation": [2.5, 0, 0],
					"cubes": [
						{"origin": [-12, 20.5, -10.25], "size": [24, 9, 22], "inflate": 0.01, "uv": [76, 0]},
						{"origin": [-9, 29.5, -7.25], "size": [18, 3, 16], "inflate": 0.01, "uv": [146, 1]}
					]
				},
				{
					"name": "arm_left",
					"parent": "chest",
					"pivot": [12, 26.5, 0.25],
					"cubes": [
						{"origin": [10.5, 21.5, -2.5], "size": [7, 5, 6], "pivot": [14, 24, 0.5], "rotation": [0, -2.5, 0], "uv": [0, 105]}
					]
				},
				{
					"name": "arm_left2",
					"parent": "arm_left",
					"pivot": [17.5, 24, 0.5],
					"cubes": [
						{"origin": [16.5, 23, -0.5], "size": [7, 2, 2], "uv": [20, 105]}
					]
				},
				{
					"name": "arm_left3",
					"parent": "arm_left2",
					"pivot": [23, 24, 0.5],
					"cubes": [
						{"origin": [22.5, 22, -2.25], "size": [7, 4, 5], "pivot": [26, 24, 0.5], "rotation": [0, 5, 0], "uv": [0, 116]}
					]
				},
				{
					"name": "arm_left4",
					"parent": "arm_left3",
					"pivot": [29.5, 24, 0.5],
					"cubes": [
						{"origin": [28.5, 23, -0.5], "size": [5, 2, 2], "uv": [26, 109]}
					]
				},
				{
					"name": "arm_left5",
					"parent": "arm_left4",
					"pivot": [32.5, 24, 0.5],
					"cubes": [
						{"origin": [32.5, 22, -1.5], "size": [9, 4, 5], "pivot": [34, 24, 1], "rotation": [0, 2.5, 0], "uv": [28, 117]}
					]
				},
				{
					"name": "hand_left",
					"parent": "arm_left5",
					"pivot": [41.5, 24, 0.5],
					"cubes": [
						{"origin": [40.5, 23, -0.5], "size": [5, 2, 2], "inflate": 0.01, "uv": [19, 117]}
					]
				},
				{
					"name": "hand_left2",
					"parent": "hand_left",
					"pivot": [45.5, 24, -0.5],
					"cubes": [
						{"origin": [45.5, 23, -0.5], "size": [5, 2, 2], "uv": [26, 113]}
					]
				},
				{
					"name": "arm_break_left",
					"parent": "chest",
					"pivot": [12, 27.75, 0.5]
				},
				{
					"name": "arm_break_top_left",
					"parent": "arm_break_left",
					"pivot": [12, 29, 0.5],
					"rotation": [0, 0, -10],
					"cubes": [
						{"origin": [12, 29, -3.5], "size": [5, 0, 8], "uv": [-8, 27]}
					]
				},
				{
					"name": "arm_break_front_left",
					"parent": "arm_break_left",
					"pivot": [12, 26.5, -2.75],
					"rotation": [0, 20, 0],
					"cubes": [
						{"origin": [12, 23.5, -2.75], "size": [4, 6, 0], "uv": [16, 35]}
					]
				},
				{
					"name": "arm_break_back_left",
					"parent": "arm_break_left",
					"pivot": [12, 26.5, 3.75],
					"rotation": [0, -20, 0],
					"cubes": [
						{"origin": [12, 23.5, 3.75], "size": [4, 6, 0], "uv": [0, 35]}
					]
				},
				{
					"name": "arm_break_right",
					"parent": "chest",
					"pivot": [-12, 27.75, 0.5]
				},
				{
					"name": "arm_break_top_right",
					"parent": "arm_break_right",
					"pivot": [-12, 29, 0.5],
					"rotation": [0, 0, 10],
					"cubes": [
						{"origin": [-17, 29, -3.5], "size": [5, 0, 8], "uv": [2, 27], "mirror": true}
					]
				},
				{
					"name": "arm_break_front_right",
					"parent": "arm_break_right",
					"pivot": [-12, 26.5, -2.75],
					"rotation": [0, -20, 0],
					"cubes": [
						{"origin": [-16, 23.5, -2.75], "size": [4, 6, 0], "uv": [18, 41], "mirror": true}
					]
				},
				{
					"name": "arm_break_back_right",
					"parent": "arm_break_right",
					"pivot": [-12, 26.5, 3.75],
					"rotation": [0, 20, 0],
					"cubes": [
						{"origin": [-16, 23.5, 3.75], "size": [4, 6, 0], "uv": [8, 35], "mirror": true}
					]
				},
				{
					"name": "head",
					"parent": "chest",
					"pivot": [0, 29.5, 1],
					"rotation": [-2.5, 0, 0],
					"cubes": [
						{"origin": [-10, 28, -8], "size": [20, 9, 18], "uv": [0, 0]}
					]
				},
				{
					"name": "eyes",
					"parent": "head",
					"pivot": [0, 33.5, -8]
				},
				{
					"name": "eye_left",
					"parent": "eyes",
					"pivot": [6, 33.01, -8.01],
					"rotation": [0, 0, -5],
					"cubes": [
						{"origin": [4.5, 31.01, -8.01], "size": [3, 4, 0], "uv": [0, 0]}
					]
				},
				{
					"name": "eye_angry_left",
					"parent": "eye_left",
					"pivot": [6, 34.51, -7.92],
					"cubes": [
						{"origin": [4.5, 33.51, -7.92], "size": [3, 2, 0], "inflate": 0.01, "uv": [58, 0]}
					]
				},
				{
					"name": "eye_sad_left",
					"parent": "eye_left",
					"pivot": [6, 34.51, -7.92],
					"cubes": [
						{"origin": [4.5, 33.51, -7.92], "size": [3, 2, 0], "inflate": 0.01, "uv": [64, 0]}
					]
				},
				{
					"name": "pupil_left",
					"parent": "eye_left",
					"pivot": [6, 33.51, -8.02],
					"cubes": [
						{"origin": [5.5, 33.01, -8.02], "size": [1, 1, 0], "uv": [12, 0]}
					]
				},
				{
					"name": "eyelid_left",
					"parent": "eye_left",
					"pivot": [6, 33.01, -7.42],
					"cubes": [
						{"origin": [4.5, 31.01, -7.92], "size": [3, 4, 1], "inflate": 0.01, "uv": [0, 4]}
					]
				},
				{
					"name": "eyelid_happy_left",
					"parent": "eye_left",
					"pivot": [6, 33.01, -7.42],
					"cubes": [
						{"origin": [4.5, 31.01, -7.92], "size": [3, 4, 1], "inflate": 0.01, "uv": [111, 37]}
					]
				},
				{
					"name": "eyelid_recoil_left",
					"parent": "eye_left",
					"pivot": [6, 33.01, -7.42],
					"cubes": [
						{"origin": [4.5, 31.01, -7.92], "size": [3, 4, 1], "inflate": 0.01, "uv": [111, 42]}
					]
				},
				{
					"name": "eye_right",
					"parent": "eyes",
					"pivot": [-6, 33.01, -8.01],
					"rotation": [0, 0, 5],
					"cubes": [
						{"origin": [-7.5, 31.01, -8.01], "size": [3, 4, 0], "uv": [6, 0], "mirror": true}
					]
				},
				{
					"name": "eye_angry_right",
					"parent": "eye_right",
					"pivot": [-6, 34.51, -7.92],
					"cubes": [
						{"origin": [-7.5, 33.51, -7.92], "size": [3, 2, 0], "inflate": 0.01, "uv": [58, 2], "mirror": true}
					]
				},
				{
					"name": "eye_sad_right",
					"parent": "eye_right",
					"pivot": [-6, 34.51, -7.92],
					"cubes": [
						{"origin": [-7.5, 33.51, -7.92], "size": [3, 2, 0], "inflate": 0.01, "uv": [64, 2], "mirror": true}
					]
				},
				{
					"name": "pupil_right",
					"parent": "eye_right",
					"pivot": [-6, 33.51, -8.02],
					"cubes": [
						{"origin": [-6.5, 33.01, -8.02], "size": [1, 1, 0], "uv": [12, 1], "mirror": true}
					]
				},
				{
					"name": "eyelid_right",
					"parent": "eye_right",
					"pivot": [-6, 33.01, -7.42],
					"cubes": [
						{"origin": [-7.5, 31.01, -7.92], "size": [3, 4, 1], "inflate": 0.01, "uv": [0, 9], "mirror": true}
					]
				},
				{
					"name": "eyelid_happy_right",
					"parent": "eye_right",
					"pivot": [-6, 33.01, -7.42],
					"cubes": [
						{"origin": [-7.5, 31.01, -7.92], "size": [3, 4, 1], "inflate": 0.01, "uv": [119, 37], "mirror": true}
					]
				},
				{
					"name": "eyelid_recoil_right",
					"parent": "eye_right",
					"pivot": [-6, 33.01, -7.42],
					"cubes": [
						{"origin": [-7.5, 31.01, -7.92], "size": [3, 4, 1], "inflate": 0.01, "uv": [119, 42], "mirror": true}
					]
				},
				{
					"name": "mouth",
					"parent": "head",
					"pivot": [0, 26.5, -1.5]
				},
				{
					"name": "mouth_closed",
					"parent": "mouth",
					"pivot": [0, 33.55, -8],
					"rotation": [-30, 0, 0],
					"cubes": [
						{"origin": [1, 32.15, -8], "size": [2, 2, 0], "inflate": 0.01, "pivot": [1.3, 32.85, -8], "rotation": [0, 0, -45], "uv": [8, 6]},
						{"origin": [-0.2, 33.05, -8], "size": [2, 2, 0], "inflate": 0.02, "pivot": [1, 32.85, -8], "rotation": [0, 0, -45], "uv": [8, 8]},
						{"origin": [-3, 32.15, -8], "size": [2, 2, 0], "inflate": 0.01, "pivot": [-1.3, 32.85, -8], "rotation": [0, 0, 45], "uv": [8, 4], "mirror": true}
					]
				},
				{
					"name": "mouth_open",
					"parent": "mouth",
					"pivot": [0, 31.5, -7.01],
					"cubes": [
						{"origin": [-2.5, 29.5, -7.01], "size": [5, 4, 0], "uv": [20, 27]}
					]
				},
				{
					"name": "teeth_top",
					"parent": "mouth_open",
					"pivot": [0, 34.05, -7],
					"rotation": [-30, 0, 0],
					"cubes": [
						{"origin": [1, 32.65, -7], "size": [2, 2, 0], "inflate": 0.01, "pivot": [1.3, 33.35, -7], "rotation": [0, 0, -45], "uv": [12, 6]},
						{"origin": [-0.2, 33.55, -7], "size": [2, 2, 0], "inflate": 0.02, "pivot": [1, 33.35, -7], "rotation": [0, 0, -45], "uv": [12, 8]},
						{"origin": [-3, 32.65, -7], "size": [2, 2, 0], "inflate": 0.01, "pivot": [-1.3, 33.35, -7], "rotation": [0, 0, 45], "uv": [12, 4], "mirror": true}
					]
				},
				{
					"name": "teeth_bottom",
					"parent": "mouth_open",
					"pivot": [0, 29.05, -7],
					"rotation": [20, 0, 0],
					"cubes": [
						{"origin": [1, 27.65, -7], "size": [2, 2, 0], "inflate": 0.01, "pivot": [1.3, 28.35, -7], "rotation": [0, 0, -45], "uv": [8, 12]},
						{"origin": [-0.2, 28.55, -7], "size": [2, 2, 0], "inflate": 0.02, "pivot": [1, 28.35, -7], "rotation": [0, 0, -45], "uv": [8, 14]},
						{"origin": [-3, 27.65, -7], "size": [2, 2, 0], "inflate": 0.01, "pivot": [-1.3, 28.35, -7], "rotation": [0, 0, 45], "uv": [8, 10], "mirror": true}
					]
				},
				{
					"name": "ears",
					"parent": "head",
					"pivot": [0, 37, 1]
				},
				{
					"name": "ear_left",
					"parent": "ears",
					"pivot": [5.5, 37, 1],
					"rotation": [0, 0, 20],
					"cubes": [
						{"origin": [4.5, 36, 0], "size": [2, 4, 2], "uv": [0, 51]}
					]
				},
				{
					"name": "ear_left2",
					"parent": "ear_left",
					"pivot": [5.5, 39, 1],
					"cubes": [
						{"origin": [2.5, 39, -2], "size": [6, 6, 6], "uv": [2, 71]}
					]
				},
				{
					"name": "ear_fluff_top_left",
					"parent": "ear_left2",
					"pivot": [5.5, 45, 1],
					"rotation": [-90, 0, 0],
					"cubes": [
						{"origin": [5.5, 42, 1], "size": [3, 6, 0], "pivot": [5.5, 45, 1], "rotation": [0, 15, 0], "uv": [58, 12]},
						{"origin": [2.5, 42, 1], "size": [3, 6, 0], "pivot": [5.5, 45, 1], "rotation": [0, -15, 0], "uv": [58, 6]}
					]
				},
				{
					"name": "ear_fluff_left_left",
					"parent": "ear_left2",
					"pivot": [8.5, 42, 1],
					"rotation": [-90, 0, 0],
					"cubes": [
						{"origin": [8.5, 39, -2], "size": [0, 6, 3], "pivot": [8.5, 42, 1], "rotation": [0, -15, 0], "uv": [86, -3]},
						{"origin": [8.5, 39, 1], "size": [0, 6, 3], "pivot": [8.5, 42, 1], "rotation": [0, 15, 0], "uv": [86, 3]}
					]
				},
				{
					"name": "ear_fluff_right_left",
					"parent": "ear_left2",
					"pivot": [2.5, 42, 1],
					"rotation": [90, 0, 0],
					"cubes": [
						{"origin": [2.5, 39, -2], "size": [0, 6, 3], "pivot": [2.5, 42, 1], "rotation": [0, 15, 0], "uv": [123, 28]},
						{"origin": [2.5, 39, 1], "size": [0, 6, 3], "pivot": [2.5, 42, 1], "rotation": [0, -15, 0], "uv": [86, 9]}
					]
				},
				{
					"name": "ear_fluff_front_left",
					"parent": "ear_left2",
					"pivot": [5.5, 42, -2],
					"rotation": [0, 0, 90],
					"cubes": [
						{"origin": [5.5, 39, -2], "size": [3, 6, 0], "pivot": [5.5, 42, -2], "rotation": [0, 15, 0], "uv": [74, 6]},
						{"origin": [2.5, 39, -2], "size": [3, 6, 0], "pivot": [5.5, 42, -2], "rotation": [0, -15, 0], "uv": [74, 0]}
					]
				},
				{
					"name": "ear_fluff_back_left",
					"parent": "ear_left2",
					"pivot": [5.5, 42, 4],
					"rotation": [0, 0, -90],
					"cubes": [
						{"origin": [5.5, 39, 4], "size": [3, 6, 0], "pivot": [5.5, 42, 4], "rotation": [0, -15, 0], "uv": [74, 12]},
						{"origin": [2.5, 39, 4], "size": [3, 6, 0], "pivot": [5.5, 42, 4], "rotation": [0, 15, 0], "uv": [111, 31]}
					]
				},
				{
					"name": "ear_right",
					"parent": "ears",
					"pivot": [-5.5, 37, 1],
					"rotation": [0, 0, -20],
					"cubes": [
						{"origin": [-6.5, 36, 0], "size": [2, 4, 2], "uv": [8, 51], "mirror": true}
					]
				},
				{
					"name": "ear_right2",
					"parent": "ear_right",
					"pivot": [-5.5, 39, 1],
					"cubes": [
						{"origin": [-8.5, 39, -2], "size": [6, 6, 6], "uv": [2, 83], "mirror": true}
					]
				},
				{
					"name": "ear_fluff_top_right",
					"parent": "ear_right2",
					"pivot": [-5.5, 45, 1],
					"rotation": [-90, 0, 0],
					"cubes": [
						{"origin": [-8.5, 42, 1], "size": [3, 6, 0], "pivot": [-5.5, 45, 1], "rotation": [0, -15, 0], "uv": [64, 12], "mirror": true},
						{"origin": [-5.5, 42, 1], "size": [3, 6, 0], "pivot": [-5.5, 45, 1], "rotation": [0, 15, 0], "uv": [64, 6], "mirror": true}
					]
				},
				{
					"name": "ear_fluff_right_right",
					"parent": "ear_right2",
					"pivot": [-8.5, 42, 1],
					"rotation": [-90, 0, 0],
					"cubes": [
						{"origin": [-8.5, 39, -2], "size": [0, 6, 3], "pivot": [-8.5, 42, 1], "rotation": [0, 15, 0], "uv": [92, -3], "mirror": true},
						{"origin": [-8.5, 39, 1], "size": [0, 6, 3], "pivot": [-8.5, 42, 1], "rotation": [0, -15, 0], "uv": [92, 3], "mirror": true}
					]
				},
				{
					"name": "ear_fluff_left_right",
					"parent": "ear_right2",
					"pivot": [-2.5, 42, 1],
					"rotation": [90, 0, 0],
					"cubes": [
						{"origin": [-2.5, 39, -2], "size": [0, 6, 3], "pivot": [-2.5, 42, 1], "rotation": [0, -15, 0], "uv": [129, 28], "mirror": true},
						{"origin": [-2.5, 39, 1], "size": [0, 6, 3], "pivot": [-2.5, 42, 1], "rotation": [0, 15, 0], "uv": [92, 9], "mirror": true}
					]
				},
				{
					"name": "ear_fluff_front_right",
					"parent": "ear_right2",
					"pivot": [-5.5, 42, -2],
					"rotation": [0, 0, -90],
					"cubes": [
						{"origin": [-8.5, 39, -2], "size": [3, 6, 0], "pivot": [-5.5, 42, -2], "rotation": [0, -15, 0], "uv": [80, 6], "mirror": true},
						{"origin": [-5.5, 39, -2], "size": [3, 6, 0], "pivot": [-5.5, 42, -2], "rotation": [0, 15, 0], "uv": [80, 0], "mirror": true}
					]
				},
				{
					"name": "ear_fluff_back_right",
					"parent": "ear_right2",
					"pivot": [-5.5, 42, 4],
					"rotation": [0, 0, 90],
					"cubes": [
						{"origin": [-8.5, 39, 4], "size": [3, 6, 0], "pivot": [-5.5, 42, 4], "rotation": [0, 15, 0], "uv": [80, 12], "mirror": true},
						{"origin": [-5.5, 39, 4], "size": [3, 6, 0], "pivot": [-5.5, 42, 4], "rotation": [0, -15, 0], "uv": [117, 31], "mirror": true}
					]
				},
				{
					"name": "legs",
					"parent": "body",
					"pivot": [0, 2, 0]
				},
				{
					"name": "leg_left",
					"parent": "legs",
					"pivot": [8.5, 2, 0],
					"cubes": [
						{"origin": [3, 0, -5], "size": [11, 3, 10], "uv": [82, 69]}
					]
				},
				{
					"name": "leg_right",
					"parent": "legs",
					"pivot": [-8.5, 2, 0],
					"cubes": [
						{"origin": [-14, 0, -5], "size": [11, 3, 10], "uv": [82, 82], "mirror": true}
					]
				}
			]
		}
	]
}