{
  "target": "cobblemon:chandelure",

  "riding": {
    "behaviours": {
      "AIR": {
        "key": "cobblemon:air/bird",
        "rideSounds": [
          {
            "muffleEnabled": true,
            "pitchExpr": "math.max(1.0 ,0.2 + math.pow(math.min(q.ride_velocity() / 1.5, 1.0),2))",
            "playForNonPassengers": true,
            "soundLocation": "cobblemon:ride.loop.wind",
            "volumeExpr": "math.pow(math.min(q.ride_velocity() / 1.5, 1.0),2)"
          }
        ],
        "stats": {
          "ACCELERATION": "25-45",
          "JUMP": "20-35",
          "SKILL": "45-70",
          "SPEED": "20-40",
          "STAMINA": "35-65"
        }
      }
    },
    "seats": [
      {
        "offset": {
          "x": 0.0,
          "y": 0.1,
          "z": 0.0
        },
        "poseOffsets": [
          {
            "offset": {
              "x": 0.0,
              "y": -1.25,
              "z": 0.0
            },
            "poseTypes": [
              "HOVER",
              "FLY",
              "GLIDE",
              "FLOAT"
            ]
          }
        ]
      }
    ]
  }
}
