{
  "target": "cobblemon:heatmor",

  "riding": {
    "behaviours": {
      "LAND": {
        "key": "cobblemon:land/horse",
        "rideSounds": [],
        "stats": {
          "SPEED": "15-35",
          "ACCELERATION": "15-35",
          "SKILL": "30-55",
          "JUMP": "15-30",
          "STAMINA": "40-70"
        }
      }
    },
    "seats": [
      {
        "offset": {
          "x": 0.0,
          "y": 0.1,
          "z": 0.0
        },
        "poseOffsets": [
          {
            "offset": {
              "x": 0.0,
              "y": -1.25,
              "z": -0.05
            },
            "poseTypes": [
              "STAND",
              "WALK"
            ]
          }
        ]
      }
    ]
  }
}
